day,node_id,item_id,stock_before_production,stock_end_of_day
0,M-1430,item:038005,123.80667,123.456687
0,M-1430,item:042342,60342.0,59135.16
0,M-1430,item:333362,2775.0,2755.0
0,M-1430,item:344135,1625.0,1605.0
0,M-1430,item:708073,10.50725,10.34865
0,M-1430,item:730384,551.2,546.96
0,M-1430,item:734545,8.0,7.84
0,M-1430,item:773474,4827.359,4634.26464
0,M-1810,item:001757,6.293,6.26052
0,M-1810,item:001848,3.1668,3.14244
0,M-1810,item:001893,20.0564,19.90212
0,M-1810,item:002612,3.29875,3.25815
0,M-1810,item:007923,700.0,635.04
0,M-1810,item:016332,1.10838,1.098636
0,M-1810,item:029313,0.10556,0.104748
0,M-1810,item:039668,0.065975,0.065163
0,M-1810,item:049371,10.13985,10.109806
0,M-1810,item:055703,0.15834,0.156716
0,M-1810,item:099439,3.29875,3.25815
0,M-1810,item:338928,3225.0,3205.0
0,M-1810,item:338929,1950.0,1930.0
0,M-1810,item:426331,14.575,14.355
0,M-1810,item:693055,1309.35,1301.23
0,SDC-1450,item:021081,983400.0,983400.0
1,M-1430,item:038005,123.456687,123.054206
1,M-1430,item:042342,59135.16,57747.294
1,M-1430,item:333362,2755.0,2732.0
1,M-1430,item:344135,1605.0,1582.0
1,M-1430,item:708073,10.34865,10.16626
1,M-1430,item:730384,546.96,542.084
1,M-1430,item:734545,7.84,7.656
1,M-1430,item:773474,4634.26464,4412.206126
1,M-1810,item:001757,6.26052,6.223168
1,M-1810,item:001848,3.14244,3.114426
1,M-1810,item:001893,19.90212,19.724698
1,M-1810,item:002612,3.25815,3.21146
1,M-1810,item:007923,700.0,625.296
1,M-1810,item:016332,1.098636,1.08743
1,M-1810,item:029313,0.104748,0.103814
1,M-1810,item:039668,0.065163,0.064229
1,M-1810,item:049371,10.109806,10.075255
1,M-1810,item:055703,0.156716,0.154848
1,M-1810,item:099439,3.25815,3.21146
1,M-1810,item:338928,3205.0,3182.0
1,M-1810,item:338929,1930.0,1907.0
1,M-1810,item:426331,14.355,14.102
1,M-1810,item:693055,1301.23,1291.892
1,SDC-1450,item:021081,983400.0,983399.67816
2,M-1430,item:038005,123.054206,122.616726
2,M-1430,item:042342,57747.294,56238.744
2,M-1430,item:333362,2732.0,2707.0
2,M-1430,item:344135,1582.0,1557.0
2,M-1430,item:708073,10.16626,9.96801
2,M-1430,item:730384,542.084,536.784
2,M-1430,item:734545,7.656,7.456
2,M-1430,item:773474,4412.206126,4170.838176
2,M-1810,item:001757,6.223168,6.182568
2,M-1810,item:001848,3.114426,3.083976
2,M-1810,item:001893,19.724698,19.531848
2,M-1810,item:002612,3.21146,3.16071
2,M-1810,item:007923,625.296,544.096
2,M-1810,item:016332,1.08743,1.07525
2,M-1810,item:029313,0.103814,0.102799
2,M-1810,item:039668,0.064229,0.063214
2,M-1810,item:049371,10.075255,10.0377
2,M-1810,item:055703,0.154848,0.152818
2,M-1810,item:099439,3.21146,3.16071
2,M-1810,item:338928,3182.0,3157.0
2,M-1810,item:338929,1907.0,1882.0
2,M-1810,item:426331,14.102,13.827
2,M-1810,item:693055,1291.892,1281.742
2,SDC-1450,item:021081,983399.67816,983399.291952
3,M-1430,item:038005,122.616726,122.179247
3,M-1430,item:042342,56238.744,54730.194
3,M-1430,item:333362,2707.0,2682.0
3,M-1430,item:344135,1557.0,1532.0
3,M-1430,item:708073,9.96801,9.76976
3,M-1430,item:730384,536.784,531.484
3,M-1430,item:734545,7.456,7.256
3,M-1430,item:773474,4170.838176,3929.470226
3,M-1810,item:001757,6.182568,6.141968
3,M-1810,item:001848,3.083976,3.053526
3,M-1810,item:001893,19.531848,19.338998
3,M-1810,item:002612,3.16071,3.10996
3,M-1810,item:007923,700.0,618.8
3,M-1810,item:016332,1.07525,1.06307
3,M-1810,item:029313,0.102799,0.101784
3,M-1810,item:039668,0.063214,0.062199
3,M-1810,item:049371,10.0377,10.000145
3,M-1810,item:055703,0.152818,0.150788
3,M-1810,item:099439,3.16071,3.10996
3,M-1810,item:338928,3157.0,3132.0
3,M-1810,item:338929,1882.0,1857.0
3,M-1810,item:426331,13.827,13.552
3,M-1810,item:693055,1281.742,1271.592
3,SDC-1450,item:021081,983399.291952,983398.89287
4,M-1430,item:038005,122.179247,121.741767
4,M-1430,item:042342,54730.194,53221.644
4,M-1430,item:333362,2682.0,2657.0
4,M-1430,item:344135,1532.0,1507.0
4,M-1430,item:708073,9.76976,9.57151
4,M-1430,item:730384,531.484,526.184
4,M-1430,item:734545,7.256,7.056
4,M-1430,item:773474,3929.470226,3688.102276
4,M-1810,item:001757,6.141968,6.101368
4,M-1810,item:001848,3.053526,3.023076
4,M-1810,item:001893,19.338998,19.146148
4,M-1810,item:002612,3.10996,3.05921
4,M-1810,item:007923,700.0,618.8
4,M-1810,item:016332,1.06307,1.05089
4,M-1810,item:029313,0.101784,0.100769
4,M-1810,item:039668,0.062199,0.061184
4,M-1810,item:049371,10.000145,9.96259
4,M-1810,item:055703,0.150788,0.148758
4,M-1810,item:099439,3.10996,3.05921
4,M-1810,item:338928,3132.0,3107.0
4,M-1810,item:338929,1857.0,1832.0
4,M-1810,item:426331,13.552,13.277
4,M-1810,item:693055,1271.592,1261.442
4,SDC-1450,item:021081,983398.89287,983398.491214
5,M-1430,item:038005,121.741767,121.304288
5,M-1430,item:042342,53221.644,51713.094
5,M-1430,item:333362,2657.0,2632.0
5,M-1430,item:344135,1507.0,1482.0
5,M-1430,item:708073,9.57151,9.37326
5,M-1430,item:730384,526.184,520.884
5,M-1430,item:734545,7.056,6.856
5,M-1430,item:773474,3688.102276,3446.734326
5,M-1810,item:001757,6.101368,6.060768
5,M-1810,item:001848,3.023076,2.992626
5,M-1810,item:001893,19.146148,18.953298
5,M-1810,item:002612,3.05921,3.00846
5,M-1810,item:007923,700.0,618.8
5,M-1810,item:016332,1.05089,1.03871
5,M-1810,item:029313,0.100769,0.099754
5,M-1810,item:039668,0.061184,0.060169
5,M-1810,item:049371,9.96259,9.925035
5,M-1810,item:055703,0.148758,0.146728
5,M-1810,item:099439,3.05921,3.00846
5,M-1810,item:338928,3107.0,3082.0
5,M-1810,item:338929,1832.0,1807.0
5,M-1810,item:426331,13.277,13.002
5,M-1810,item:693055,1261.442,1251.292
5,SDC-1450,item:021081,983398.491214,983398.089043
6,M-1430,item:038005,121.304288,120.89983
6,M-1430,item:042342,51713.094,50318.411768
6,M-1430,item:333362,2632.0,2608.88704
6,M-1430,item:344135,1482.0,1458.88704
6,M-1430,item:708073,9.37326,9.189974
6,M-1430,item:730384,520.884,515.984052
6,M-1430,item:734545,6.856,6.671096
6,M-1430,item:773474,3446.734326,3223.585215
6,M-1810,item:001757,6.060768,6.023233
6,M-1810,item:001848,2.992626,2.964474
6,M-1810,item:001893,18.953298,18.775005
6,M-1810,item:002612,3.00846,2.961541
6,M-1810,item:007923,700.0,624.929106
6,M-1810,item:016332,1.03871,1.02745
6,M-1810,item:029313,0.099754,0.098816
6,M-1810,item:039668,0.060169,0.059231
6,M-1810,item:049371,9.925035,9.890315
6,M-1810,item:055703,0.146728,0.144852
6,M-1810,item:099439,3.00846,2.961541
6,M-1810,item:338928,3082.0,3058.88704
6,M-1810,item:338929,1807.0,1783.88704
6,M-1810,item:426331,13.002,12.747757
6,M-1810,item:693055,1251.292,1241.908138
6,SDC-1450,item:021081,983398.089043,983397.686769
7,M-1430,item:038005,120.89983,120.538952
7,M-1430,item:042342,50318.411768,49074.003321
7,M-1430,item:333362,2608.88704,2588.264448
7,M-1430,item:344135,1458.88704,1438.264448
7,M-1430,item:708073,9.189974,9.026437
7,M-1430,item:730384,515.984052,511.612063
7,M-1430,item:734545,6.671096,6.506116
7,M-1430,item:773474,3403.585215,3204.479905
7,M-1810,item:001757,6.023233,5.989741
7,M-1810,item:001848,2.964474,2.939356
7,M-1810,item:001893,18.775005,18.615922
7,M-1810,item:002612,2.961541,2.919677
7,M-1810,item:007923,624.929106,557.946927
7,M-1810,item:016332,1.02745,1.017402
7,M-1810,item:029313,0.098816,0.097979
7,M-1810,item:039668,0.059231,0.058394
7,M-1810,item:049371,9.890315,9.859336
7,M-1810,item:055703,0.146882,0.145207
7,M-1810,item:099439,2.961541,2.919677
7,M-1810,item:338928,3058.88704,3038.264448
7,M-1810,item:338929,1783.88704,1763.264448
7,M-1810,item:426331,12.747757,12.520909
7,M-1810,item:693055,1241.908138,1233.535366
7,SDC-1450,item:021081,983397.686769,983397.284474
8,M-1430,item:038005,120.538952,120.134292
8,M-1430,item:042342,49074.003321,47678.623632
8,M-1430,item:333362,2588.264448,2565.13993
8,M-1430,item:344135,1438.264448,1415.13993
8,M-1430,item:708073,9.026437,8.84306
8,M-1430,item:730384,511.612063,506.709665
8,M-1430,item:734545,6.506116,6.321119
8,M-1430,item:773474,3204.479905,2981.219201
8,M-1810,item:001757,5.989741,5.952187
8,M-1810,item:001848,2.939356,2.91119
8,M-1810,item:001893,18.615922,18.437539
8,M-1810,item:002612,2.919677,2.872734
8,M-1810,item:007923,700.0,624.891564
8,M-1810,item:016332,1.017402,1.006136
8,M-1810,item:029313,0.097979,0.09704
8,M-1810,item:039668,0.058394,0.057455
8,M-1810,item:049371,9.859336,9.824598
8,M-1810,item:055703,0.145207,0.143329
8,M-1810,item:099439,2.919677,2.872734
8,M-1810,item:338928,3038.264448,3015.13993
8,M-1810,item:338929,1763.264448,1740.13993
8,M-1810,item:426331,12.520909,12.266539
8,M-1810,item:693055,1233.535366,1224.146811
8,SDC-1450,item:021081,983397.284474,983396.882175
9,M-1430,item:038005,120.134292,119.696812
9,M-1430,item:042342,47678.623632,46170.073632
9,M-1430,item:333362,2565.13993,2540.13993
9,M-1430,item:344135,1415.13993,1390.13993
9,M-1430,item:708073,8.84306,8.64481
9,M-1430,item:730384,506.709665,501.409665
9,M-1430,item:734545,6.321119,6.121119
9,M-1430,item:773474,2981.219201,2739.851251
9,M-1810,item:001757,5.952187,5.911587
9,M-1810,item:001848,2.91119,2.88074
9,M-1810,item:001893,18.437539,18.244689
9,M-1810,item:002612,2.872734,2.821984
9,M-1810,item:007923,624.891564,543.691564
9,M-1810,item:016332,1.006136,0.993956
9,M-1810,item:029313,0.09704,0.096025
9,M-1810,item:039668,0.057455,0.05644
9,M-1810,item:049371,9.824598,9.787043
9,M-1810,item:055703,0.143329,0.141299
9,M-1810,item:099439,2.872734,2.821984
9,M-1810,item:338928,3015.13993,2990.13993
9,M-1810,item:338929,1765.13993,1740.13993
9,M-1810,item:426331,12.266539,11.991539
9,M-1810,item:693055,1224.146811,1213.996811
9,SDC-1450,item:021081,983396.882175,983396.479875
10,M-1430,item:038005,119.696812,119.259333
10,M-1430,item:042342,46170.073632,44661.523632
10,M-1430,item:333362,2540.13993,2515.13993
10,M-1430,item:344135,1390.13993,1365.13993
10,M-1430,item:708073,8.64481,8.44656
10,M-1430,item:730384,501.409665,496.109665
10,M-1430,item:734545,6.321119,6.121119
10,M-1430,item:773474,2739.851251,2498.483301
10,M-1810,item:001757,5.911587,5.870987
10,M-1810,item:001848,2.88074,2.85029
10,M-1810,item:001893,18.244689,18.051839
10,M-1810,item:002612,2.821984,2.771234
10,M-1810,item:007923,700.0,618.8
10,M-1810,item:016332,0.993956,0.981776
10,M-1810,item:029313,0.096025,0.09501
10,M-1810,item:039668,0.05644,0.055425
10,M-1810,item:049371,9.787043,9.749488
10,M-1810,item:055703,0.141299,0.139269
10,M-1810,item:099439,2.821984,2.771234
10,M-1810,item:338928,2990.13993,2965.13993
10,M-1810,item:338929,1740.13993,1715.13993
10,M-1810,item:426331,11.991539,11.716539
10,M-1810,item:693055,1213.996811,1203.846811
10,SDC-1450,item:021081,983396.479875,983396.077575
11,M-1430,item:038005,119.259333,118.821854
11,M-1430,item:042342,44661.523632,43152.973632
11,M-1430,item:333362,2515.13993,2490.13993
11,M-1430,item:344135,1365.13993,1340.13993
11,M-1430,item:708073,8.44656,8.24831
11,M-1430,item:730384,496.109665,490.809665
11,M-1430,item:734545,6.121119,5.921119
11,M-1430,item:773474,2543.482725,2302.114775
11,M-1810,item:001757,5.870987,5.830387
11,M-1810,item:001848,2.85029,2.81984
11,M-1810,item:001893,18.051839,17.858989
11,M-1810,item:002612,2.771234,2.720484
11,M-1810,item:007923,700.0,618.8
11,M-1810,item:016332,0.981776,0.969596
11,M-1810,item:029313,0.09501,0.093995
11,M-1810,item:039668,0.055425,0.05441
11,M-1810,item:049371,9.749488,9.711933
11,M-1810,item:055703,0.139269,0.137239
11,M-1810,item:099439,2.771234,2.720484
11,M-1810,item:338928,2965.13993,2940.13993
11,M-1810,item:338929,1715.13993,1690.13993
11,M-1810,item:426331,11.716539,11.441539
11,M-1810,item:693055,1203.846811,1193.696811
11,SDC-1450,item:021081,983396.077575,983395.675275
12,M-1430,item:038005,118.821854,118.384374
12,M-1430,item:042342,43152.973632,41644.423632
12,M-1430,item:333362,2490.13993,2465.13993
12,M-1430,item:344135,1340.13993,1315.13993
12,M-1430,item:708073,8.24831,8.05006
12,M-1430,item:730384,490.809665,485.509665
12,M-1430,item:734545,5.921119,5.721119
12,M-1430,item:773474,2346.754775,2105.386825
12,M-1810,item:001757,5.830387,5.789787
12,M-1810,item:001848,2.81984,2.78939
12,M-1810,item:001893,18.013269,17.820419
12,M-1810,item:002612,2.720484,2.669734
12,M-1810,item:007923,618.8,537.6
12,M-1810,item:016332,0.969596,0.957416
12,M-1810,item:029313,0.093995,0.09298
12,M-1810,item:039668,0.05441,0.053395
12,M-1810,item:049371,9.711933,9.674378
12,M-1810,item:055703,0.137239,0.135209
12,M-1810,item:099439,2.720484,2.669734
12,M-1810,item:338928,2940.13993,2915.13993
12,M-1810,item:338929,1690.13993,1665.13993
12,M-1810,item:426331,11.441539,11.166539
12,M-1810,item:693055,1193.696811,1183.546811
12,SDC-1450,item:021081,983395.675275,983395.272975
13,M-1430,item:038005,118.384374,117.979916
13,M-1430,item:042342,42671.263632,41276.578995
13,M-1430,item:333362,2465.13993,2442.02693
13,M-1430,item:344135,1315.13993,1292.02693
13,M-1430,item:708073,8.05006,7.866774
13,M-1430,item:730384,485.509665,480.609709
13,M-1430,item:734545,5.721119,5.536215
13,M-1430,item:773474,2150.38671,1927.237214
13,M-1810,item:001757,5.789787,5.752252
13,M-1810,item:001848,2.78939,2.761239
13,M-1810,item:001893,17.820419,17.642126
13,M-1810,item:002612,2.669734,2.622815
13,M-1810,item:007923,618.8,543.728977
13,M-1810,item:016332,0.957416,0.946156
13,M-1810,item:029313,0.09298,0.092041
13,M-1810,item:039668,0.053395,0.052456
13,M-1810,item:049371,9.674378,9.639658
13,M-1810,item:055703,0.135209,0.133333
13,M-1810,item:099439,2.669734,2.622815
13,M-1810,item:338928,2915.13993,2892.02693
13,M-1810,item:338929,1665.13993,1642.02693
13,M-1810,item:426331,11.166539,10.912296
13,M-1810,item:693055,1183.546811,1174.162933
13,SDC-1450,item:021081,983395.272975,983394.870675
14,M-1430,item:038005,117.979916,117.619037
14,M-1430,item:042342,41276.578995,40032.170068
14,M-1430,item:333362,2442.02693,2421.40433
14,M-1430,item:344135,1317.02693,1296.40433
14,M-1430,item:708073,7.866774,7.703236
14,M-1430,item:730384,480.609709,476.237718
14,M-1430,item:734545,5.720215,5.555235
14,M-1430,item:773474,1963.237214,1764.131827
14,M-1810,item:001757,5.752252,5.718761
14,M-1810,item:001848,2.761239,2.73612
14,M-1810,item:001893,17.642126,17.483043
14,M-1810,item:002612,2.622815,2.580951
14,M-1810,item:007923,624.928977,557.946772
14,M-1810,item:016332,0.946156,0.936108
14,M-1810,item:029313,0.092041,0.091204
14,M-1810,item:039668,0.05339,0.052553
14,M-1810,item:049371,9.639658,9.608679
14,M-1810,item:055703,0.133333,0.131658
14,M-1810,item:099439,2.622815,2.580951
14,M-1810,item:338928,2892.02693,2871.40433
14,M-1810,item:338929,1642.02693,1621.40433
14,M-1810,item:426331,10.912296,10.685448
14,M-1810,item:693055,1174.162933,1165.790158
14,SDC-1450,item:021081,983394.870675,983394.468375
15,M-1430,item:038005,117.619037,117.214377
15,M-1430,item:042342,40212.170068,38816.790282
15,M-1430,item:333362,2421.40433,2398.27981
15,M-1430,item:344135,1296.40433,1273.27981
15,M-1430,item:708073,7.703236,7.519859
15,M-1430,item:730384,480.477718,475.57532
15,M-1430,item:734545,5.555235,5.370238
15,M-1430,item:773474,1764.131827,1540.871107
15,M-1810,item:001757,5.718761,5.681206
15,M-1810,item:001848,2.794722,2.766556
15,M-1810,item:001893,17.483043,17.30466
15,M-1810,item:002612,2.580951,2.534008
15,M-1810,item:007923,633.017795,557.909354
15,M-1810,item:016332,0.936108,0.924842
15,M-1810,item:029313,0.091204,0.090265
15,M-1810,item:039668,0.052553,0.051614
15,M-1810,item:049371,9.608679,9.573941
15,M-1810,item:055703,0.133688,0.13181
15,M-1810,item:099439,2.580951,2.534008
15,M-1810,item:338928,2871.40433,2848.27981
15,M-1810,item:338929,1621.40433,1598.27981
15,M-1810,item:426331,10.960448,10.706078
15,M-1810,item:693055,1165.790158,1156.401603
15,SDC-1450,item:021081,983394.468375,983394.066075
16,M-1430,item:038005,117.214377,116.776898
16,M-1430,item:042342,38816.790282,37308.240282
16,M-1430,item:333362,2398.27981,2373.27981
16,M-1430,item:344135,1273.27981,1248.27981
16,M-1430,item:708073,7.519859,7.321609
16,M-1430,item:730384,475.57532,470.27532
16,M-1430,item:734545,5.370238,5.170238
16,M-1430,item:773474,1585.868227,1344.500277
16,M-1810,item:001757,5.681206,5.640606
16,M-1810,item:001848,2.766556,2.736106
16,M-1810,item:001893,17.30466,17.11181
16,M-1810,item:002612,2.534008,2.483258
16,M-1810,item:007923,624.891559,543.691559
16,M-1810,item:016332,0.924842,0.912662
16,M-1810,item:029313,0.090265,0.08925
16,M-1810,item:039668,0.052629,0.051614
16,M-1810,item:049371,9.573941,9.536386
16,M-1810,item:055703,0.13384,0.13181
16,M-1810,item:099439,2.584758,2.534008
16,M-1810,item:338928,2848.27981,2823.27981
16,M-1810,item:338929,1598.27981,1573.27981
16,M-1810,item:426331,10.706078,10.431078
16,M-1810,item:693055,1156.401603,1146.251603
16,SDC-1450,item:021081,983394.066075,983393.663775
17,M-1430,item:038005,116.776898,116.339418
17,M-1430,item:042342,40325.340282,38816.790282
17,M-1430,item:333362,2373.27981,2348.27981
17,M-1430,item:344135,1248.27981,1223.27981
17,M-1430,item:708073,7.321609,7.123359
17,M-1430,item:730384,470.27532,464.97532
17,M-1430,item:734545,5.170238,4.970238
17,M-1430,item:773474,1344.500277,1103.132327
17,M-1810,item:001757,5.640606,5.600006
17,M-1810,item:001848,2.790916,2.760466
17,M-1810,item:001893,17.30466,17.11181
17,M-1810,item:002612,2.483258,2.432508
17,M-1810,item:007923,700.0,618.8
17,M-1810,item:016332,0.912662,0.900482
17,M-1810,item:029313,0.08925,0.088235
17,M-1810,item:039668,0.051614,0.050599
17,M-1810,item:049371,9.536386,9.498831
17,M-1810,item:055703,0.13181,0.12978
17,M-1810,item:099439,2.584758,2.534008
17,M-1810,item:338928,2823.27981,2798.27981
17,M-1810,item:338929,1573.27981,1548.27981
17,M-1810,item:426331,10.431078,10.156078
17,M-1810,item:693055,1146.251603,1136.101603
17,SDC-1450,item:021081,983393.663775,983393.261475
18,M-1430,item:038005,116.339418,115.901939
18,M-1430,item:042342,38816.790282,37308.240282
18,M-1430,item:333362,2348.27981,2323.27981
18,M-1430,item:344135,1223.27981,1198.27981
18,M-1430,item:708073,7.281959,7.083709
18,M-1430,item:730384,464.97532,459.67532
18,M-1430,item:734545,4.970238,4.770238
18,M-1430,item:773474,1191.332304,949.964354
18,M-1810,item:001757,5.600006,5.559406
18,M-1810,item:001848,2.760466,2.730016
18,M-1810,item:001893,17.11181,16.91896
18,M-1810,item:002612,2.432508,2.381758
18,M-1810,item:007923,700.0,618.8
18,M-1810,item:016332,0.900482,0.888302
18,M-1810,item:029313,0.088235,0.08722
18,M-1810,item:039668,0.050599,0.049584
18,M-1810,item:049371,9.498831,9.461276
18,M-1810,item:055703,0.12978,0.12775
18,M-1810,item:099439,2.534008,2.483258
18,M-1810,item:338928,2798.27981,2773.27981
18,M-1810,item:338929,1548.27981,1523.27981
18,M-1810,item:426331,10.156078,9.881078
18,M-1810,item:693055,1136.101603,1125.951603
18,SDC-1450,item:021081,983393.261475,983392.859175
19,M-1430,item:038005,115.901939,115.46446
19,M-1430,item:042342,37308.240282,35799.690282
19,M-1430,item:333362,2323.27981,2298.27981
19,M-1430,item:344135,1198.27981,1173.27981
19,M-1430,item:708073,7.266099,7.067849
19,M-1430,item:730384,459.67532,454.37532
19,M-1430,item:734545,4.770238,4.570238
19,M-1430,item:773474,949.964354,708.596404
19,M-1810,item:001757,5.559406,5.518806
19,M-1810,item:001848,2.760466,2.730016
19,M-1810,item:001893,16.91896,16.72611
19,M-1810,item:002612,2.381758,2.331008
19,M-1810,item:007923,618.8,537.6
19,M-1810,item:016332,0.888302,0.876122
19,M-1810,item:029313,0.08722,0.086205
19,M-1810,item:039668,0.050599,0.049584
19,M-1810,item:049371,9.461276,9.423721
19,M-1810,item:055703,0.131505,0.129475
19,M-1810,item:099439,2.483258,2.432508
19,M-1810,item:338928,2773.27981,2748.27981
19,M-1810,item:338929,1543.27981,1518.27981
19,M-1810,item:426331,9.881078,9.606078
19,M-1810,item:693055,1125.951603,1115.801603
19,SDC-1450,item:021081,983392.859175,983392.456875
20,M-1430,item:038005,115.46446,115.060001
20,M-1430,item:042342,35799.690282,34405.005646
20,M-1430,item:333362,2298.27981,2275.16681
20,M-1430,item:344135,1173.27981,1150.16681
20,M-1430,item:708073,7.067849,6.884563
20,M-1430,item:730384,454.37532,449.475364
20,M-1430,item:734545,4.570238,4.385334
20,M-1430,item:773474,708.596404,485.446909
20,M-1810,item:001757,5.518806,5.481271
20,M-1810,item:001848,2.730016,2.701865
20,M-1810,item:001893,16.72611,16.547817
20,M-1810,item:002612,2.331008,2.284089
20,M-1810,item:007923,618.8,543.728976
20,M-1810,item:016332,0.876122,0.864861
20,M-1810,item:029313,0.086205,0.085267
20,M-1810,item:039668,0.049584,0.048646
20,M-1810,item:049371,9.423721,9.389001
20,M-1810,item:055703,0.129475,0.127598
20,M-1810,item:099439,2.432508,2.385589
20,M-1810,item:338928,2748.27981,2725.16681
20,M-1810,item:338929,1518.27981,1495.16681
20,M-1810,item:426331,9.881078,9.626835
20,M-1810,item:693055,1115.801603,1106.417725
20,SDC-1450,item:021081,983392.456875,983392.054575
21,M-1430,item:038005,115.060001,114.699123
21,M-1430,item:042342,34405.005646,33160.596718
21,M-1430,item:333362,2275.16681,2254.54421
21,M-1430,item:344135,1150.16681,1129.54421
21,M-1430,item:708073,6.884563,6.721026
21,M-1430,item:730384,449.475364,445.103373
21,M-1430,item:734545,4.385334,4.220354
21,M-1430,item:773474,575.446904,376.341517
21,M-1810,item:001757,5.481271,5.44778
21,M-1810,item:001848,2.73003,2.704912
21,M-1810,item:001893,16.547817,16.388734
21,M-1810,item:002612,2.284089,2.242225
21,M-1810,item:007923,700.0,633.017795
21,M-1810,item:016332,0.864861,0.854814
21,M-1810,item:029313,0.086206,0.085368
21,M-1810,item:039668,0.049661,0.048823
21,M-1810,item:049371,9.389001,9.358021
21,M-1810,item:055703,0.127598,0.125923
21,M-1810,item:099439,2.427453,2.385589
21,M-1810,item:338928,2725.16681,2704.54421
21,M-1810,item:338929,1495.16681,1474.54421
21,M-1810,item:426331,9.626835,9.399986
21,M-1810,item:693055,1106.417725,1098.044949
21,SDC-1450,item:021081,983392.054575,983391.652275
22,M-1430,item:038005,114.699123,114.294463
22,M-1430,item:042342,33160.596718,31765.216933
22,M-1430,item:333362,2254.54421,2231.41969
22,M-1430,item:344135,1129.54421,1106.41969
22,M-1430,item:708073,6.919276,6.735898
22,M-1430,item:730384,445.103373,440.200974
22,M-1430,item:734545,4.420354,4.235358
22,M-1430,item:773474,466.269517,243.008798
22,M-1810,item:001757,5.44778,5.410226
22,M-1810,item:001848,2.704912,2.676746
22,M-1810,item:001893,16.581584,16.403201
22,M-1810,item:002612,2.242225,2.195282
22,M-1810,item:007923,700.0,624.891559
22,M-1810,item:016332,0.854814,0.843548
22,M-1810,item:029313,0.085368,0.084429
22,M-1810,item:039668,0.048823,0.047884
22,M-1810,item:049371,9.358021,9.323284
22,M-1810,item:055703,0.125923,0.124046
22,M-1810,item:099439,2.385589,2.338646
22,M-1810,item:338928,2704.54421,2681.41969
22,M-1810,item:338929,1474.54421,1451.41969
22,M-1810,item:426331,9.654229,9.399859
22,M-1810,item:693055,1098.044949,1088.656394
22,SDC-1450,item:021081,983391.652275,983391.249975
23,M-1430,item:038005,114.294463,113.856983
23,M-1430,item:042342,31765.216933,30256.666933
23,M-1430,item:333362,2231.41969,2206.41969
23,M-1430,item:344135,1106.41969,1081.41969
23,M-1430,item:708073,6.934148,6.735898
23,M-1430,item:730384,445.103372,439.803372
23,M-1430,item:734545,4.235358,4.035358
23,M-1430,item:773474,287.994398,46.626448
23,M-1810,item:001757,5.410226,5.369626
23,M-1810,item:001848,2.707196,2.676746
23,M-1810,item:001893,16.403201,16.210351
23,M-1810,item:002612,2.195282,2.144532
23,M-1810,item:007923,700.0,618.8
23,M-1810,item:016332,0.843548,0.831368
23,M-1810,item:029313,0.084429,0.083414
23,M-1810,item:039668,0.047884,0.046869
23,M-1810,item:049371,9.323284,9.285729
23,M-1810,item:055703,0.126076,0.124046
23,M-1810,item:099439,2.379246,2.328496
23,M-1810,item:338928,2681.41969,2656.41969
23,M-1810,item:338929,1451.41969,1426.41969
23,M-1810,item:426331,9.399859,9.124859
23,M-1810,item:693055,1088.656394,1078.506394
23,SDC-1450,item:021081,983391.249975,983390.847675
24,M-1430,item:038005,113.856983,113.69091
24,M-1430,item:042342,30256.666933,29684.001517
24,M-1430,item:333362,2206.41969,2196.929361
24,M-1430,item:344135,1081.41969,1071.929361
24,M-1430,item:708073,6.735898,6.66064
24,M-1430,item:730384,439.803372,437.791422
24,M-1430,item:734545,4.035358,3.959435
24,M-1430,item:773474,91.626448,-0.0
24,M-1810,item:001757,5.369626,5.329026
24,M-1810,item:001848,2.676746,2.646296
24,M-1810,item:001893,16.210351,16.017501
24,M-1810,item:002612,2.144532,2.093782
24,M-1810,item:007923,700.0,618.8
24,M-1810,item:016332,0.842573,0.830393
24,M-1810,item:029313,0.083414,0.082399
24,M-1810,item:039668,0.046869,0.045854
24,M-1810,item:049371,9.285729,9.248174
24,M-1810,item:055703,0.124046,0.122016
24,M-1810,item:099439,2.375415,2.324665
24,M-1810,item:338928,2656.41969,2631.41969
24,M-1810,item:338929,1426.41969,1401.41969
24,M-1810,item:426331,9.124859,8.849859
24,M-1810,item:693055,1078.506394,1068.356394
24,SDC-1450,item:021081,983390.847675,983390.445375
25,M-1430,item:038005,113.69091,113.609348
25,M-1430,item:042342,29684.001517,29402.751459
25,M-1430,item:333362,2196.929361,2192.268428
25,M-1430,item:344135,1071.929361,1067.268428
25,M-1430,item:708073,6.66064,6.623679
25,M-1430,item:730384,443.091422,442.103305
25,M-1430,item:734545,3.959435,3.922147
25,M-1430,item:773474,45.0,-0.0
25,M-1810,item:001757,5.329026,5.288426
25,M-1810,item:001848,2.67431,2.64386
25,M-1810,item:001893,16.176584,15.983734
25,M-1810,item:002612,2.093782,2.043032
25,M-1810,item:007923,700.0,618.8
25,M-1810,item:016332,0.830393,0.818213
25,M-1810,item:029313,0.082399,0.081384
25,M-1810,item:039668,0.045854,0.044839
25,M-1810,item:049371,9.248174,9.210619
25,M-1810,item:055703,0.122016,0.119986
25,M-1810,item:099439,2.371355,2.320605
25,M-1810,item:338928,2631.41969,2606.41969
25,M-1810,item:338929,1424.53265,1399.53265
25,M-1810,item:426331,8.849859,8.574859
25,M-1810,item:693055,1068.356394,1058.206394
25,SDC-1450,item:021081,983390.445375,983390.043075
26,M-1430,item:038005,113.609348,113.36466
26,M-1430,item:042342,29402.751459,28559.001291
26,M-1430,item:333362,2192.268428,2178.285627
26,M-1430,item:344135,1067.268428,1053.285627
26,M-1430,item:708073,6.623679,6.512795
26,M-1430,item:730384,442.103305,439.138951
26,M-1430,item:734545,4.122147,4.010285
26,M-1430,item:773474,134.999999,0.0
26,M-1810,item:001757,5.288426,5.247826
26,M-1810,item:001848,2.64386,2.61341
26,M-1810,item:001893,15.983734,15.790884
26,M-1810,item:002612,2.043032,1.992282
26,M-1810,item:007923,618.8,537.6
26,M-1810,item:016332,0.818213,0.806033
26,M-1810,item:029313,0.081384,0.080369
26,M-1810,item:039668,0.044839,0.043824
26,M-1810,item:049371,9.210619,9.173064
26,M-1810,item:055703,0.119986,0.117956
26,M-1810,item:099439,2.320605,2.269855
26,M-1810,item:338928,2606.41969,2581.41969
26,M-1810,item:338929,1399.53265,1374.53265
26,M-1810,item:426331,8.849859,8.574859
26,M-1810,item:693055,1058.206394,1048.056394
26,SDC-1450,item:021081,983390.043075,983389.640775
27,M-1430,item:038005,113.36466,113.283098
27,M-1430,item:042342,28559.001291,28277.751233
27,M-1430,item:333362,2178.285627,2173.624693
27,M-1430,item:344135,1053.285627,1048.624693
27,M-1430,item:708073,6.909295,6.872334
27,M-1430,item:730384,439.138951,438.150833
27,M-1430,item:734545,4.170285,4.132998
27,M-1430,item:773474,45.0,0.0
27,M-1810,item:001757,5.247826,5.21029
27,M-1810,item:001848,2.64386,2.615709
27,M-1810,item:001893,16.176584,15.99829
27,M-1810,item:002612,1.992282,1.945363
27,M-1810,item:007923,700.0,624.928976
27,M-1810,item:016332,0.806033,0.794773
27,M-1810,item:029313,0.080369,0.079431
27,M-1810,item:039668,0.043824,0.042886
27,M-1810,item:049371,9.173064,9.138343
27,M-1810,item:055703,0.117956,0.116079
27,M-1810,item:099439,2.269855,2.222936
27,M-1810,item:338928,2581.41969,2558.30669
27,M-1810,item:338929,1374.53265,1351.41965
27,M-1810,item:426331,8.574859,8.320616
27,M-1810,item:693055,1048.056394,1038.672516
27,SDC-1450,item:021081,983389.640775,983389.238475
28,M-1430,item:038005,113.283098,113.03841
28,M-1430,item:042342,28277.751233,27434.001058
28,M-1430,item:333362,2173.624693,2159.641892
28,M-1430,item:344135,1073.624693,1059.641892
28,M-1430,item:708073,6.872334,6.76145
28,M-1430,item:730384,438.150833,435.186479
28,M-1430,item:734545,4.317902,4.206039
28,M-1430,item:773474,135.0,0.0
28,M-1810,item:001757,5.21029,5.176799
28,M-1810,item:001848,2.67431,2.649192
28,M-1810,item:001893,15.99829,15.839208
28,M-1810,item:002612,1.945363,1.903499
28,M-1810,item:007923,700.0,633.017795
28,M-1810,item:016332,0.794773,0.784725
28,M-1810,item:029313,0.079431,0.078594
28,M-1810,item:039668,0.042886,0.042049
28,M-1810,item:049371,9.138343,9.107364
28,M-1810,item:055703,0.117754,0.116079
28,M-1810,item:099439,2.222936,2.181072
28,M-1810,item:338928,2578.30669,2557.68409
28,M-1810,item:338929,1351.41965,1330.79705
28,M-1810,item:426331,8.320616,8.093768
28,M-1810,item:693055,1038.672516,1030.299741
28,SDC-1450,item:021081,983389.238475,983388.836175
29,M-1430,item:038005,113.03841,113.03841
29,M-1430,item:042342,27434.001058,27434.001058
29,M-1430,item:333362,2159.641892,2159.641892
29,M-1430,item:344135,1059.641892,1059.641892
29,M-1430,item:708073,6.76145,6.76145
29,M-1430,item:730384,435.186479,435.186479
29,M-1430,item:734545,4.606039,4.606039
29,M-1430,item:773474,0.0,0.0
29,M-1810,item:001757,5.176799,5.139245
29,M-1810,item:001848,2.649192,2.621026
29,M-1810,item:001893,16.38399,16.205608
29,M-1810,item:002612,1.954249,1.907306
29,M-1810,item:007923,633.017795,557.909354
29,M-1810,item:016332,0.796905,0.785639
29,M-1810,item:029313,0.078594,0.077655
29,M-1810,item:039668,0.042987,0.042048
29,M-1810,item:049371,9.141915,9.107177
29,M-1810,item:055703,0.120139,0.118261
29,M-1810,item:099439,2.181072,2.134129
29,M-1810,item:338928,2557.68409,2534.55957
29,M-1810,item:338929,1330.79705,1307.67253
29,M-1810,item:426331,8.093768,7.839398
29,M-1810,item:693055,1039.688296,1030.299741
29,SDC-1450,item:021081,983388.836175,983388.433875
