record_index,system,component,supplier_before,supplier_after,role_hint,action,detail
4,Ensemble porte,FILM DECOR AERFILM - Ep0.33 714g-m2,SIKA,Sika,tier2_second_transformation,normalize_reviewed_supplier,Aerospace adhesives/sealants supplier; verify exact adhesive/film product.
4,Ensemble porte,FILM DECOR AERFILM - Ep0.33 714g-m2,HENKEL,Henkel,tier3_first_transformation,normalize_reviewed_supplier,Aerospace adhesives/materials supplier.
4,Ensemble porte,FILM DECOR AERFILM - Ep0.33 714g-m2,KEMKO Aerospace,KEMKO Aerospace,tier1,fill_missing_location_from_review_followup,suppliers
4,Ensemble porte,FILM DECOR AERFILM - Ep0.33 714g-m2,XPO Logistic,XPO Logistic,logistics,fill_missing_location_from_review_followup,logistics_providers
6,Ens. Stowage latéral,cuir,La Filière Française du cuir,La Filière Française du cuir,tier3_first_transformation,removed_from_switchable_network,"Industry association/channel, useful for sourcing context but not a supplier node."
6,Ens. Stowage latéral,cuir,EUREKA SARL DERAYGE SERVICE,EUREKA SARL DERAYGE SERVICE,tier2_second_transformation,moved_to_unverified,Could not robustly validate as industrial seat/leather supplier.
6,Ens. Stowage latéral,cuir,"Gruppo Mastrotto (Arzignano, Italie)",Gruppo Mastrotto,tier3_first_transformation,normalize_reviewed_supplier,Leather group/tannery; valid leather transformation source.
6,Ens. Stowage latéral,cuir,"Gruppo Mastrotto (Arzignano, Italie)",Gruppo Mastrotto,tier3_first_transformation,infer_primary_after_review,selected Gruppo Mastrotto as primary for tier3_first_transformation
7,lightning,lightning,Diodes Incorporated,Diodes Incorporated,tier2_second_transformation,moved_to_cots_upstream,"Semiconductor supplier; valid upstream electronics, not direct aerospace supplier."
7,lightning,lightning,Infineon Technologies AG,Infineon,tier2_second_transformation,moved_to_cots_upstream,Semiconductor supplier; valid upstream electronics but not direct seat supplier.
7,lightning,lightning,ROHM Co. Ltd,ROHM,tier2_second_transformation,moved_to_cots_upstream,Semiconductor supplier; valid upstream electronics but not direct seat supplier.
7,lightning,lightning,Auger,Auger,tier2_second_transformation,moved_to_unverified,Ambiguous supplier name; do not use for switches before validation.
7,lightning,lightning,Valeo,Valeo,tier1,moved_to_cots_upstream,Automotive electronics brand; not a direct aerospace-seat supplier without proof.
7,lightning,lightning,S.E.L.A,S.E.L.A,tier1,moved_to_unverified,Ambiguous supplier name.
7,lightning,lightning,Thales,Thales,tier1,normalize_reviewed_supplier,Aerospace/avionics supplier; plausible T1/T2 for IFE/electronics.
7,lightning,lightning,SCHOTT,SCHOTT Aviation,tier1,normalize_reviewed_supplier,SCHOTT has aviation markets; plausible lighting/glass supplier.
7,lightning,lightning,E2IP,e2ip technologies,tier2_second_transformation,infer_primary_after_review,selected e2ip technologies as primary for tier2_second_transformation
7,lightning,lightning,Thales,Thales,tier1,infer_primary_after_review,selected Thales as primary for tier1
7,lightning,lightning,Diodes Incorporated,Diodes Incorporated,tier2_second_transformation,fill_missing_location_from_review_followup,cots_upstream_suppliers
7,lightning,lightning,ROHM Co. Ltd,ROHM,tier2_second_transformation,fill_missing_location_from_review_followup,cots_upstream_suppliers
8,Padding (rembourrage),AIRVOLT LAMINAT,Group Mondi,Mondi,tier2_second_transformation,moved_to_packaging,Paper/packaging group; usually packaging/auxiliary unless material paper is deliberate.
8,Padding (rembourrage),AIRVOLT LAMINAT,Billerudkorsnäs,Billerud,tier4_raw_material,normalize_reviewed_supplier,Billerud is a paper/material supplier; keep as upstream paper source for AIRVOLT-like material.
8,Padding (rembourrage),AIRVOLT LAMINAT,Smurfit Kappa,Smurfit Kappa,tier3_first_transformation,moved_to_packaging,Packaging/paper group; not a manufacturing tier unless the paper itself is part of material.
8,Padding (rembourrage),AIRVOLT LAMINAT,Pergo,Pergo,tier2_second_transformation,removed_from_switchable_network,Flooring laminate brand; not credible as aerospace-seat supply node without traceability.
8,Padding (rembourrage),AIRVOLT LAMINAT,Balterio,Balterio,tier2_second_transformation,removed_from_switchable_network,Laminate flooring brand; not a credible aerospace-seat supplier without material traceability.
8,Padding (rembourrage),AIRVOLT LAMINAT,Formica,Formica,tier3_first_transformation,normalize_reviewed_supplier,Laminate/surface material producer; plausible for laminate materials.
8,Padding (rembourrage),AIRVOLT LAMINAT,Glatfelter,Glatfelter,tier2_second_transformation,infer_primary_after_review,selected Glatfelter as primary for tier2_second_transformation
8,Padding (rembourrage),AIRVOLT LAMINAT,Daio Paper Corporation,Daio Paper Corporation,tier3_first_transformation,fill_missing_location_from_review_followup,suppliers
8,Padding (rembourrage),AIRVOLT LAMINAT,Group Mondi,Mondi,tier2_second_transformation,fill_missing_location_from_review_followup,packaging_suppliers
9,Stowage assemblé avec porte,Silicone,General Electric,General Electric,tier1,removed_from_switchable_network,Too broad and mismatched for silicone/cables without product traceability.
9,Stowage assemblé avec porte,Silicone,Rhône Poulenc,Rhône Poulenc,tier2_second_transformation,moved_to_unverified,Legacy chemical name; replace with current group/product source such as Solvay/Rhodia if applicable.
9,Stowage assemblé avec porte,Silicone,Toschiba-Shinetsu,Shin-Etsu Silicones,tier3_first_transformation,normalize_reviewed_supplier,Correct to Shin-Etsu Silicones for silicone material; Toshiba part is likely a typo/noise.
9,Stowage assemblé avec porte,Silicone,Silicon Engineering,Silicone Engineering,tier2_second_transformation,normalize_reviewed_supplier,Silicone Engineering is a silicone rubber material supplier.
9,Stowage assemblé avec porte,Silicone,Silicon Engineering,Silicone Engineering,tier2_second_transformation,infer_primary_after_review,selected Silicone Engineering as primary for tier2_second_transformation
9,Stowage assemblé avec porte,Silicone,MGA Villeneuve St Lot,MGA Villeneuve St Lot,tier1,infer_primary_after_review,selected MGA Villeneuve St Lot as primary for tier1
9,Stowage assemblé avec porte,Silicone,Toschiba-Shinetsu,Shin-Etsu Silicones,tier3_first_transformation,fill_missing_location_from_review_followup,suppliers
9,Stowage assemblé avec porte,Silicone,Silicon Engineering,Silicone Engineering,tier2_second_transformation,fill_missing_location_from_review_followup,suppliers
10,System IFE (In-Flight Entertainment) est un ensemble d'équipements et de logiciels qui permet aux passagers d'occuper leur temps à bord d'un avion.,System IFE boitier ref FJKL1-3K1100-01ATAB,BT Electronics,BT Electronics,tier2_second_transformation,moved_to_unverified,Ambiguous electronics supplier; do not use as switch before validation.
10,System IFE (In-Flight Entertainment) est un ensemble d'équipements et de logiciels qui permet aux passagers d'occuper leur temps à bord d'un avion.,System IFE boitier ref FJKL1-3K1100-01ATAB,NVIDIA,NVIDIA,tier2_second_transformation,moved_to_cots_upstream,Too generic without exact electronic BOM.
10,System IFE (In-Flight Entertainment) est un ensemble d'équipements et de logiciels qui permet aux passagers d'occuper leur temps à bord d'un avion.,System IFE boitier ref FJKL1-3K1100-01ATAB,Intel --> fondée en 1968 qui est le deuxième fabricant mondial de semi-conducteurs.,Intel,tier2_second_transformation,moved_to_cots_upstream,"Text contains encyclopedia note; if kept, normalize to Intel and model only as generic semiconductor upstream."
10,System IFE (In-Flight Entertainment) est un ensemble d'équipements et de logiciels qui permet aux passagers d'occuper leur temps à bord d'un avion.,System IFE boitier ref FJKL1-3K1100-01ATAB,TSMC,TSMC,tier2_second_transformation,moved_to_cots_upstream,Foundry too far upstream/generic without exact electronic BOM.
10,System IFE (In-Flight Entertainment) est un ensemble d'équipements et de logiciels qui permet aux passagers d'occuper leur temps à bord d'un avion.,System IFE boitier ref FJKL1-3K1100-01ATAB,JAMMY Inc,JAMMY Inc,tier1,removed_from_switchable_network,Not verifiable as aerospace-seat supplier; likely typo/noise.
10,System IFE (In-Flight Entertainment) est un ensemble d'équipements et de logiciels qui permet aux passagers d'occuper leur temps à bord d'un avion.,System IFE boitier ref FJKL1-3K1100-01ATAB,Thales,Thales,tier1,normalize_reviewed_supplier,Aerospace/avionics supplier; plausible T1/T2 for IFE/electronics.
10,System IFE (In-Flight Entertainment) est un ensemble d'équipements et de logiciels qui permet aux passagers d'occuper leur temps à bord d'un avion.,System IFE boitier ref FJKL1-3K1100-01ATAB,PMV,PMV,tier1,moved_to_unverified,Ambiguous supplier name.
10,System IFE (In-Flight Entertainment) est un ensemble d'équipements et de logiciels qui permet aux passagers d'occuper leur temps à bord d'un avion.,System IFE boitier ref FJKL1-3K1100-01ATAB,3M,3M,tier2_second_transformation,infer_primary_after_review,selected 3M as primary for tier2_second_transformation
10,System IFE (In-Flight Entertainment) est un ensemble d'équipements et de logiciels qui permet aux passagers d'occuper leur temps à bord d'un avion.,System IFE boitier ref FJKL1-3K1100-01ATAB,Thales,Thales,tier1,infer_primary_after_review,selected Thales as primary for tier1
10,System IFE (In-Flight Entertainment) est un ensemble d'équipements et de logiciels qui permet aux passagers d'occuper leur temps à bord d'un avion.,System IFE boitier ref FJKL1-3K1100-01ATAB,Intel --> fondée en 1968 qui est le deuxième fabricant mondial de semi-conducteurs.,Intel,tier2_second_transformation,fill_missing_location_from_review_followup,cots_upstream_suppliers
10,System IFE (In-Flight Entertainment) est un ensemble d'équipements et de logiciels qui permet aux passagers d'occuper leur temps à bord d'un avion.,System IFE boitier ref FJKL1-3K1100-01ATAB,TSMC,TSMC,tier2_second_transformation,fill_missing_location_from_review_followup,cots_upstream_suppliers
11,Coussin ottoman,tissu,Paragon Textiles,Paragon Textiles,tier3_first_transformation,moved_to_unverified,Name is plausible but source/country linkage was not robust enough; keep only after purchasing validation.
11,Coussin ottoman,tissu,Tissu Huddersfield,Huddersfield Textiles,tier3_first_transformation,normalize_reviewed_supplier,Textile supplier; valid textile transformation node.
11,Coussin ottoman,tissu,Tissu Huddersfield,Huddersfield Textiles,tier3_first_transformation,fill_missing_location_from_review_followup,suppliers
12,Manchette acc. Mobile,FRMC55:EU28 polyuréthane flexible traité UL,Tissus:,Tissus:,tier3_first_transformation,removed_from_switchable_network,"Generic material label, not a supplier."
12,Manchette acc. Mobile,FRMC55:EU28 polyuréthane flexible traité UL,Paragon Textiles,Paragon Textiles,tier3_first_transformation,moved_to_unverified,Name is plausible but source/country linkage was not robust enough; keep only after purchasing validation.
12,Manchette acc. Mobile,FRMC55:EU28 polyuréthane flexible traité UL,Tissu Huddersfield,Huddersfield Textiles,tier3_first_transformation,normalize_reviewed_supplier,Textile supplier; valid textile transformation node.
12,Manchette acc. Mobile,FRMC55:EU28 polyuréthane flexible traité UL,Aluminium,Aluminium,tier4_raw_material,removed_from_switchable_network,"Generic material label, not a supplier. Replace with Alcoa/Hindalco/Chalco/Constellium/etc. according to traceability."
12,Manchette acc. Mobile,FRMC55:EU28 polyuréthane flexible traité UL,"Zhejiang Yuxin Textile Co.,Ltd.","Zhejiang Yuxin Textile Co.,Ltd.",tier3_first_transformation,infer_primary_after_review,"selected Zhejiang Yuxin Textile Co.,Ltd. as primary for tier3_first_transformation"
12,Manchette acc. Mobile,FRMC55:EU28 polyuréthane flexible traité UL,Tissu Huddersfield,Huddersfield Textiles,tier3_first_transformation,fill_missing_location_from_review_followup,suppliers
14,Ens. Palette optimisée,35NC6 (nickel-chrome),SABIC,SABIC,tier4_raw_material,removed_out_of_scope_for_component,"Valid chemical/polymer producer, but not valid for steel records such as 35NC6."
17,Accoudoir allée,A2017 - Aluminium,XPO Logistic,XPO Logistic,logistics,fill_missing_location_from_review_followup,logistics_providers
18,Ens. Stowage latéral,A2017 - Aluminium,XPO Logistic,XPO Logistic,logistics,fill_missing_location_from_review_followup,logistics_providers
19,Ens. Palette optimisée,A2017 - Aluminium,XPO Logistic,XPO Logistic,logistics,fill_missing_location_from_review_followup,logistics_providers
20,Ens. Tablette cocktail,A2017 - Aluminium,XPO Logistic,XPO Logistic,logistics,fill_missing_location_from_review_followup,logistics_providers
21,Ens. Tablette repas,A2017 - Aluminium,XPO Logistic,XPO Logistic,logistics,fill_missing_location_from_review_followup,logistics_providers
22,Ens. Têtière,A2017 - Aluminium,XPO Logistic,XPO Logistic,logistics,fill_missing_location_from_review_followup,logistics_providers
23,Stowage assemblé avec porte,A2017 - Aluminium,XPO Logistic,XPO Logistic,logistics,fill_missing_location_from_review_followup,logistics_providers
24,Support écran,A2017 - Aluminium,XPO Logistic,XPO Logistic,logistics,fill_missing_location_from_review_followup,logistics_providers
25,Accoudoir allée,A2024 - Aluminium,XPO Logistic,XPO Logistic,logistics,fill_missing_location_from_review_followup,logistics_providers
26,Ens. Tablette cocktail,A2024 - Aluminium,XPO Logistic,XPO Logistic,logistics,fill_missing_location_from_review_followup,logistics_providers
27,Ens. Tablette repas,A2024 - Aluminium,XPO Logistic,XPO Logistic,logistics,fill_missing_location_from_review_followup,logistics_providers
28,Ens. Têtière,A2024 - Aluminium,XPO Logistic,XPO Logistic,logistics,fill_missing_location_from_review_followup,logistics_providers
32,ens. equipements lateraux,"velours eu28: polyurethane flexible foam, with flame retardant eu28: pa6.6 fibres",Lelièvre Paris,Lelièvre Paris,tier2_second_transformation,normalize_reviewed_supplier,"Upholstery textile supplier; valid textile source, but aerospace qualification to verify."
32,ens. equipements lateraux,"velours eu28: polyurethane flexible foam, with flame retardant eu28: pa6.6 fibres",ESPACE,ESPACE,tier1,normalize_reviewed_supplier,Duplicate naming variant; merge into existing ESPACE supplier record.
54,Ens. Structure fauteuil,A2017 - Aluminium,XPO Logistic,XPO Logistic,logistics,fill_missing_location_from_review_followup,logistics_providers
55,Ens. Structure fauteuil,A2024 - Aluminium,XPO Logistic,XPO Logistic,logistics,fill_missing_location_from_review_followup,logistics_providers
71,Brackets set,cables FJKL1-3K1J01-01ATAB_BRACKETS-SET,JAMMY Inc,JAMMY Inc,tier1,removed_from_switchable_network,Not verifiable as aerospace-seat supplier; likely typo/noise.
71,Brackets set,cables FJKL1-3K1J01-01ATAB_BRACKETS-SET,Tyco Electronic,TE Connectivity,tier1,normalize_reviewed_supplier,Normalize to TE Connectivity; aerospace connectors/electronics supplier.
71,Brackets set,cables FJKL1-3K1J01-01ATAB_BRACKETS-SET,Racelogic,Racelogic,tier2_second_transformation,removed_from_switchable_network,Data logger/vehicle testing supplier does not fit cable bracket record without exact product proof.
71,Brackets set,cables FJKL1-3K1J01-01ATAB_BRACKETS-SET,General Electric,General Electric,tier1,removed_from_switchable_network,Too broad and mismatched for silicone/cables without product traceability.
71,Brackets set,cables FJKL1-3K1J01-01ATAB_BRACKETS-SET,Honeywell,Honeywell Aerospace,tier1,normalize_reviewed_supplier,Aerospace systems/electronics group; exact cable/electronic product still needed.
71,Brackets set,cables FJKL1-3K1J01-01ATAB_BRACKETS-SET,SCHNEIDER,SCHNEIDER,tier1,moved_to_cots_upstream,Likely Schneider Electric; too generic as T1 cable supplier.
71,Brackets set,cables FJKL1-3K1J01-01ATAB_BRACKETS-SET,Thales,Thales,tier1,normalize_reviewed_supplier,Aerospace/avionics supplier; plausible T1/T2 for IFE/electronics.
71,Brackets set,cables FJKL1-3K1J01-01ATAB_BRACKETS-SET,Tyco Electronic,TE Connectivity,tier1,infer_primary_after_review,selected TE Connectivity as primary for tier1
71,Brackets set,cables FJKL1-3K1J01-01ATAB_BRACKETS-SET,Tyco Electronic,TE Connectivity,tier1,fill_missing_location_from_review_followup,suppliers
73,SFCU (Seat Function Control Unit),Clavier,Auger,Auger,tier2_second_transformation,moved_to_unverified,Ambiguous supplier name; do not use for switches before validation.
73,SFCU (Seat Function Control Unit),Clavier,Valeo,Valeo,tier1,moved_to_cots_upstream,Automotive electronics brand; not a direct aerospace-seat supplier without proof.
74,Commande actionnement ECU,Commande actionnement ECU,LIEBHERR,Liebherr Aerospace,tier1,normalize_reviewed_supplier,Aerospace systems supplier; exact ECU/actuation relevance should be validated.
74,Commande actionnement ECU,Commande actionnement ECU,Thales,Thales,tier1,normalize_reviewed_supplier,Aerospace/avionics supplier; plausible T1/T2 for IFE/electronics.
74,Commande actionnement ECU,Commande actionnement ECU,LIEBHERR,Liebherr Aerospace,tier1,fill_missing_location_from_review_followup,suppliers
76,Manchette acc. Mobile,cuir,La Filière Française du cuir,La Filière Française du cuir,tier3_first_transformation,removed_from_switchable_network,"Industry association/channel, useful for sourcing context but not a supplier node."
76,Manchette acc. Mobile,cuir,EUREKA SARL DERAYGE SERVICE,EUREKA SARL DERAYGE SERVICE,tier2_second_transformation,moved_to_unverified,Could not robustly validate as industrial seat/leather supplier.
76,Manchette acc. Mobile,cuir,"Gruppo Mastrotto (Arzignano, Italie)",Gruppo Mastrotto,tier3_first_transformation,normalize_reviewed_supplier,Leather group/tannery; valid leather transformation source.
76,Manchette acc. Mobile,cuir,"Gruppo Mastrotto (Arzignano, Italie)",Gruppo Mastrotto,tier3_first_transformation,infer_primary_after_review,selected Gruppo Mastrotto as primary for tier3_first_transformation
77,Manchette équipée,cuir,La Filière Française du cuir,La Filière Française du cuir,tier3_first_transformation,removed_from_switchable_network,"Industry association/channel, useful for sourcing context but not a supplier node."
77,Manchette équipée,cuir,EUREKA SARL DERAYGE SERVICE,EUREKA SARL DERAYGE SERVICE,tier2_second_transformation,moved_to_unverified,Could not robustly validate as industrial seat/leather supplier.
77,Manchette équipée,cuir,"Gruppo Mastrotto (Arzignano, Italie)",Gruppo Mastrotto,tier3_first_transformation,normalize_reviewed_supplier,Leather group/tannery; valid leather transformation source.
77,Manchette équipée,cuir,"Gruppo Mastrotto (Arzignano, Italie)",Gruppo Mastrotto,tier3_first_transformation,infer_primary_after_review,selected Gruppo Mastrotto as primary for tier3_first_transformation
78,Ecran - Screen Display (COTS),"Display, liquid crystal, 17 pouces",Auberon Technologies,Auberon Technologies,tier2_second_transformation,normalize_reviewed_supplier,Display/optoelectronic systems supplier; plausible T2 for screen/display records.
78,Ecran - Screen Display (COTS),"Display, liquid crystal, 17 pouces",A Tech Supply APS,A Tech Supply APS,tier2_second_transformation,moved_to_unverified,Supplier name is too weakly sourced for stress-test use.
78,Ecran - Screen Display (COTS),"Display, liquid crystal, 17 pouces",Polymère,Polymère,tier4_raw_material,removed_from_switchable_network,"Generic material label, not a supplier. Replace with named polymer producer from purchasing/BOM."
78,Ecran - Screen Display (COTS),"Display, liquid crystal, 17 pouces",SONY,SONY,tier2_second_transformation,moved_to_cots_upstream,"Real electronics brand, but too generic as supply node; use exact display part supplier/distributor."
78,Ecran - Screen Display (COTS),"Display, liquid crystal, 17 pouces",Continental,Continental,tier1,moved_to_cots_upstream,Real electronics/automotive group but not a qualified aerospace seat supplier by current data.
78,Ecran - Screen Display (COTS),"Display, liquid crystal, 17 pouces",SONY,SONY,tier2_second_transformation,fill_missing_location_from_review_followup,cots_upstream_suppliers
97,Ens. Structure fauteuil,GLO: moulage par injection plastique,Valco Group,Valco Group,tier2_second_transformation,removed_from_switchable_network,Industrial valve group; not coherent for listed plastics/resin/leather records without product proof.
103,Capot NFC,kydex,Mexichem,Orbia / Mexichem,tier4_raw_material,normalize_reviewed_supplier,Mexichem is now Orbia; valid chemical/materials upstream supplier.
103,Capot NFC,kydex,Sekisui SPI (Kydex),SEKISUI KYDEX,tier2_second_transformation,normalize_reviewed_supplier,SEKISUI KYDEX is directly relevant for aviation/aerospace thermoplastic sheet.
104,Coussin ottoman,kydex,Mexichem,Orbia / Mexichem,tier4_raw_material,normalize_reviewed_supplier,Mexichem is now Orbia; valid chemical/materials upstream supplier.
104,Coussin ottoman,kydex,Sekisui SPI (Kydex),SEKISUI KYDEX,tier2_second_transformation,normalize_reviewed_supplier,SEKISUI KYDEX is directly relevant for aviation/aerospace thermoplastic sheet.
105,Ens. Stowage latéral,kydex,Mexichem,Orbia / Mexichem,tier4_raw_material,normalize_reviewed_supplier,Mexichem is now Orbia; valid chemical/materials upstream supplier.
105,Ens. Stowage latéral,kydex,Sekisui SPI (Kydex),SEKISUI KYDEX,tier2_second_transformation,normalize_reviewed_supplier,SEKISUI KYDEX is directly relevant for aviation/aerospace thermoplastic sheet.
106,Ensemble porte,kydex,Mexichem,Orbia / Mexichem,tier4_raw_material,normalize_reviewed_supplier,Mexichem is now Orbia; valid chemical/materials upstream supplier.
106,Ensemble porte,kydex,Sekisui SPI (Kydex),SEKISUI KYDEX,tier2_second_transformation,normalize_reviewed_supplier,SEKISUI KYDEX is directly relevant for aviation/aerospace thermoplastic sheet.
107,Ens. Tablette cocktail,kydex,Mexichem,Orbia / Mexichem,tier4_raw_material,normalize_reviewed_supplier,Mexichem is now Orbia; valid chemical/materials upstream supplier.
107,Ens. Tablette cocktail,kydex,Sekisui SPI (Kydex),SEKISUI KYDEX,tier2_second_transformation,normalize_reviewed_supplier,SEKISUI KYDEX is directly relevant for aviation/aerospace thermoplastic sheet.
108,Ens. Tablette repas,kydex,Mexichem,Orbia / Mexichem,tier4_raw_material,normalize_reviewed_supplier,Mexichem is now Orbia; valid chemical/materials upstream supplier.
108,Ens. Tablette repas,kydex,Sekisui SPI (Kydex),SEKISUI KYDEX,tier2_second_transformation,normalize_reviewed_supplier,SEKISUI KYDEX is directly relevant for aviation/aerospace thermoplastic sheet.
109,Stowage assemblé avec porte,kydex,Mexichem,Orbia / Mexichem,tier4_raw_material,normalize_reviewed_supplier,Mexichem is now Orbia; valid chemical/materials upstream supplier.
109,Stowage assemblé avec porte,kydex,Sekisui SPI (Kydex),SEKISUI KYDEX,tier2_second_transformation,normalize_reviewed_supplier,SEKISUI KYDEX is directly relevant for aviation/aerospace thermoplastic sheet.
110,Ens. Coque,NIDA - GLO (moulage par injection plastique),STECO,STECO,tier2_second_transformation,moved_to_unverified,Name too ambiguous; could be composite supplier but source was not robust.
121,Ecran - 00-5136-51 Rev F Seat Power Box 4 (SPB4),"Display, liquid crystal, 17 pouces",Auberon Technologies,Auberon Technologies,tier2_second_transformation,normalize_reviewed_supplier,Display/optoelectronic systems supplier; plausible T2 for screen/display records.
121,Ecran - 00-5136-51 Rev F Seat Power Box 4 (SPB4),"Display, liquid crystal, 17 pouces",A Tech Supply APS,A Tech Supply APS,tier2_second_transformation,moved_to_unverified,Supplier name is too weakly sourced for stress-test use.
121,Ecran - 00-5136-51 Rev F Seat Power Box 4 (SPB4),"Display, liquid crystal, 17 pouces",Polymère,Polymère,tier4_raw_material,removed_from_switchable_network,"Generic material label, not a supplier. Replace with named polymer producer from purchasing/BOM."
121,Ecran - 00-5136-51 Rev F Seat Power Box 4 (SPB4),"Display, liquid crystal, 17 pouces",SONY,SONY,tier2_second_transformation,moved_to_cots_upstream,"Real electronics brand, but too generic as supply node; use exact display part supplier/distributor."
121,Ecran - 00-5136-51 Rev F Seat Power Box 4 (SPB4),"Display, liquid crystal, 17 pouces",Continental,Continental,tier1,moved_to_cots_upstream,Real electronics/automotive group but not a qualified aerospace seat supplier by current data.
121,Ecran - 00-5136-51 Rev F Seat Power Box 4 (SPB4),"Display, liquid crystal, 17 pouces",SONY,SONY,tier2_second_transformation,fill_missing_location_from_review_followup,cots_upstream_suppliers
124,Ens. Structure fixe,caoutchouc,Mexichem,Orbia / Mexichem,tier4_raw_material,normalize_reviewed_supplier,Mexichem is now Orbia; valid chemical/materials upstream supplier.
126,Powerbox,powerbox,Auberon Technologies,Auberon Technologies,tier2_second_transformation,normalize_reviewed_supplier,Display/optoelectronic systems supplier; plausible T2 for screen/display records.
126,Powerbox,powerbox,A Tech Supply APS,A Tech Supply APS,tier2_second_transformation,moved_to_unverified,Supplier name is too weakly sourced for stress-test use.
126,Powerbox,powerbox,JAMMY Inc,JAMMY Inc,tier1,removed_from_switchable_network,Not verifiable as aerospace-seat supplier; likely typo/noise.
127,Ens. Coque,SIMAPRO : extrusion and thermoforming - traitement par AER Film Schneider,STECO,STECO,tier2_second_transformation,moved_to_unverified,Name too ambiguous; could be composite supplier but source was not robust.
128,Ens. Coque,Résine BR623 - composite,Valco Group,Valco Group,tier2_second_transformation,removed_from_switchable_network,Industrial valve group; not coherent for listed plastics/resin/leather records without product proof.
128,Ens. Coque,Résine BR623 - composite,HENKEL,Henkel,tier3_first_transformation,normalize_reviewed_supplier,Aerospace adhesives/materials supplier.
128,Ens. Coque,Résine BR623 - composite,STECO,STECO,tier2_second_transformation,moved_to_unverified,Name too ambiguous; could be composite supplier but source was not robust.
129,Ens. Tablette repas,Silicone50 shore,General Electric,General Electric,tier1,removed_from_switchable_network,Too broad and mismatched for silicone/cables without product traceability.
129,Ens. Tablette repas,Silicone50 shore,Rhône Poulenc,Rhône Poulenc,tier2_second_transformation,moved_to_unverified,Legacy chemical name; replace with current group/product source such as Solvay/Rhodia if applicable.
129,Ens. Tablette repas,Silicone50 shore,Toschiba-Shinetsu,Shin-Etsu Silicones,tier3_first_transformation,normalize_reviewed_supplier,Correct to Shin-Etsu Silicones for silicone material; Toshiba part is likely a typo/noise.
129,Ens. Tablette repas,Silicone50 shore,Silicon Engineering,Silicone Engineering,tier2_second_transformation,normalize_reviewed_supplier,Silicone Engineering is a silicone rubber material supplier.
129,Ens. Tablette repas,Silicone50 shore,Silicon Engineering,Silicone Engineering,tier2_second_transformation,infer_primary_after_review,selected Silicone Engineering as primary for tier2_second_transformation
129,Ens. Tablette repas,Silicone50 shore,GATTEFIN,ETS Gattefin,tier1,infer_primary_after_review,selected ETS Gattefin as primary for tier1
129,Ens. Tablette repas,Silicone50 shore,Toschiba-Shinetsu,Shin-Etsu Silicones,tier3_first_transformation,fill_missing_location_from_review_followup,suppliers
129,Ens. Tablette repas,Silicone50 shore,Silicon Engineering,Silicone Engineering,tier2_second_transformation,fill_missing_location_from_review_followup,suppliers
130,Remote extender unit,télécommande,JAMMY Inc,JAMMY Inc,tier1,removed_from_switchable_network,Not verifiable as aerospace-seat supplier; likely typo/noise.
130,Remote extender unit,télécommande,Thales,Thales,tier1,normalize_reviewed_supplier,Aerospace/avionics supplier; plausible T1/T2 for IFE/electronics.
130,Remote extender unit,télécommande,PMV,PMV,tier1,moved_to_unverified,Ambiguous supplier name.
130,Remote extender unit,télécommande,Thales,Thales,tier1,infer_primary_after_review,selected Thales as primary for tier1
131,Coussin têtière,tissu,Paragon Textiles,Paragon Textiles,tier3_first_transformation,moved_to_unverified,Name is plausible but source/country linkage was not robust enough; keep only after purchasing validation.
131,Coussin têtière,tissu,Tissu Huddersfield,Huddersfield Textiles,tier3_first_transformation,normalize_reviewed_supplier,Textile supplier; valid textile transformation node.
131,Coussin têtière,tissu,Tissu Huddersfield,Huddersfield Textiles,tier3_first_transformation,fill_missing_location_from_review_followup,suppliers
132,Ens. Coussin assise,tissu,Paragon Textiles,Paragon Textiles,tier3_first_transformation,moved_to_unverified,Name is plausible but source/country linkage was not robust enough; keep only after purchasing validation.
132,Ens. Coussin assise,tissu,Tissu Huddersfield,Huddersfield Textiles,tier3_first_transformation,normalize_reviewed_supplier,Textile supplier; valid textile transformation node.
132,Ens. Coussin assise,tissu,Tissu Huddersfield,Huddersfield Textiles,tier3_first_transformation,fill_missing_location_from_review_followup,suppliers
133,Ens.coussin dossier version têtière,tissu,Paragon Textiles,Paragon Textiles,tier3_first_transformation,moved_to_unverified,Name is plausible but source/country linkage was not robust enough; keep only after purchasing validation.
133,Ens.coussin dossier version têtière,tissu,Tissu Huddersfield,Huddersfield Textiles,tier3_first_transformation,normalize_reviewed_supplier,Textile supplier; valid textile transformation node.
133,Ens.coussin dossier version têtière,tissu,Tissu Huddersfield,Huddersfield Textiles,tier3_first_transformation,fill_missing_location_from_review_followup,suppliers
134,Ens. Coussin dossier,tissu,Paragon Textiles,Paragon Textiles,tier3_first_transformation,moved_to_unverified,Name is plausible but source/country linkage was not robust enough; keep only after purchasing validation.
134,Ens. Coussin dossier,tissu,Tissu Huddersfield,Huddersfield Textiles,tier3_first_transformation,normalize_reviewed_supplier,Textile supplier; valid textile transformation node.
134,Ens. Coussin dossier,tissu,Tissu Huddersfield,Huddersfield Textiles,tier3_first_transformation,fill_missing_location_from_review_followup,suppliers
135,Ens. Tablette cocktail,tissu,Paragon Textiles,Paragon Textiles,tier3_first_transformation,moved_to_unverified,Name is plausible but source/country linkage was not robust enough; keep only after purchasing validation.
135,Ens. Tablette cocktail,tissu,Tissu Huddersfield,Huddersfield Textiles,tier3_first_transformation,normalize_reviewed_supplier,Textile supplier; valid textile transformation node.
135,Ens. Tablette cocktail,tissu,Tissu Huddersfield,Huddersfield Textiles,tier3_first_transformation,fill_missing_location_from_review_followup,suppliers
136,Ens. Têtière,tissu,Paragon Textiles,Paragon Textiles,tier3_first_transformation,moved_to_unverified,Name is plausible but source/country linkage was not robust enough; keep only after purchasing validation.
136,Ens. Têtière,tissu,Tissu Huddersfield,Huddersfield Textiles,tier3_first_transformation,normalize_reviewed_supplier,Textile supplier; valid textile transformation node.
136,Ens. Têtière,tissu,Tissu Huddersfield,Huddersfield Textiles,tier3_first_transformation,fill_missing_location_from_review_followup,suppliers
137,Padding (rembourrage),ULTRA LEATHER SMOKE,Valco Group,Valco Group,tier2_second_transformation,removed_from_switchable_network,Industrial valve group; not coherent for listed plastics/resin/leather records without product proof.
137,Padding (rembourrage),ULTRA LEATHER SMOKE,Ultrafabrics (Japon),Ultrafabrics,tier3_first_transformation,normalize_reviewed_supplier,Synthetic high-performance fabric/leather-like material supplier.
140,Coussin têtière,velcro,Paragon Textiles,Paragon Textiles,tier3_first_transformation,moved_to_unverified,Name is plausible but source/country linkage was not robust enough; keep only after purchasing validation.
140,Coussin têtière,velcro,Tissu Huddersfield,Huddersfield Textiles,tier3_first_transformation,normalize_reviewed_supplier,Textile supplier; valid textile transformation node.
140,Coussin têtière,velcro,Tissu Huddersfield,Huddersfield Textiles,tier3_first_transformation,fill_missing_location_from_review_followup,suppliers
141,Ens.coussin dossier version têtière,velcro,Paragon Textiles,Paragon Textiles,tier3_first_transformation,moved_to_unverified,Name is plausible but source/country linkage was not robust enough; keep only after purchasing validation.
141,Ens.coussin dossier version têtière,velcro,Tissu Huddersfield,Huddersfield Textiles,tier3_first_transformation,normalize_reviewed_supplier,Textile supplier; valid textile transformation node.
141,Ens.coussin dossier version têtière,velcro,Tissu Huddersfield,Huddersfield Textiles,tier3_first_transformation,fill_missing_location_from_review_followup,suppliers
142,Ens. Coussin dossier,velcro,Paragon Textiles,Paragon Textiles,tier3_first_transformation,moved_to_unverified,Name is plausible but source/country linkage was not robust enough; keep only after purchasing validation.
142,Ens. Coussin dossier,velcro,Tissu Huddersfield,Huddersfield Textiles,tier3_first_transformation,normalize_reviewed_supplier,Textile supplier; valid textile transformation node.
142,Ens. Coussin dossier,velcro,Tissu Huddersfield,Huddersfield Textiles,tier3_first_transformation,fill_missing_location_from_review_followup,suppliers
143,Manchette équipée,velcro,Paragon Textiles,Paragon Textiles,tier3_first_transformation,moved_to_unverified,Name is plausible but source/country linkage was not robust enough; keep only after purchasing validation.
143,Manchette équipée,velcro,Tissu Huddersfield,Huddersfield Textiles,tier3_first_transformation,normalize_reviewed_supplier,Textile supplier; valid textile transformation node.
143,Manchette équipée,velcro,Tissu Huddersfield,Huddersfield Textiles,tier3_first_transformation,fill_missing_location_from_review_followup,suppliers
144,Coussin ottoman,velours,Velours,Velours,tier3_first_transformation,removed_from_switchable_network,"Generic material label, not a supplier."
144,Coussin ottoman,velours,Tongxiang Zhuoyi Textile,Tongxiang Zhuoyi Textile,tier3_first_transformation,moved_to_unverified,Plausible textile supplier but not sufficiently sourced; validate before using as switch option.
144,Coussin ottoman,velours,Tissu Huddersfield,Huddersfield Textiles,tier3_first_transformation,normalize_reviewed_supplier,Textile supplier; valid textile transformation node.
144,Coussin ottoman,velours,Lelièvre Paris,Lelièvre Paris,tier2_second_transformation,normalize_reviewed_supplier,"Upholstery textile supplier; valid textile source, but aerospace qualification to verify."
144,Coussin ottoman,velours,SOMANI,SOMANI,tier3_first_transformation,infer_primary_after_review,selected SOMANI as primary for tier3_first_transformation
144,Coussin ottoman,velours,Tissu Huddersfield,Huddersfield Textiles,tier3_first_transformation,fill_missing_location_from_review_followup,suppliers
145,Coussin têtière,velours,Velours,Velours,tier3_first_transformation,removed_from_switchable_network,"Generic material label, not a supplier."
145,Coussin têtière,velours,Tongxiang Zhuoyi Textile,Tongxiang Zhuoyi Textile,tier3_first_transformation,moved_to_unverified,Plausible textile supplier but not sufficiently sourced; validate before using as switch option.
145,Coussin têtière,velours,Tissu Huddersfield,Huddersfield Textiles,tier3_first_transformation,normalize_reviewed_supplier,Textile supplier; valid textile transformation node.
145,Coussin têtière,velours,Lelièvre Paris,Lelièvre Paris,tier2_second_transformation,normalize_reviewed_supplier,"Upholstery textile supplier; valid textile source, but aerospace qualification to verify."
145,Coussin têtière,velours,SOMANI,SOMANI,tier3_first_transformation,infer_primary_after_review,selected SOMANI as primary for tier3_first_transformation
145,Coussin têtière,velours,Tissu Huddersfield,Huddersfield Textiles,tier3_first_transformation,fill_missing_location_from_review_followup,suppliers
146,Ens. Coussin assise,velours,Velours,Velours,tier3_first_transformation,removed_from_switchable_network,"Generic material label, not a supplier."
146,Ens. Coussin assise,velours,Tongxiang Zhuoyi Textile,Tongxiang Zhuoyi Textile,tier3_first_transformation,moved_to_unverified,Plausible textile supplier but not sufficiently sourced; validate before using as switch option.
146,Ens. Coussin assise,velours,Tissu Huddersfield,Huddersfield Textiles,tier3_first_transformation,normalize_reviewed_supplier,Textile supplier; valid textile transformation node.
146,Ens. Coussin assise,velours,Lelièvre Paris,Lelièvre Paris,tier2_second_transformation,normalize_reviewed_supplier,"Upholstery textile supplier; valid textile source, but aerospace qualification to verify."
146,Ens. Coussin assise,velours,SOMANI,SOMANI,tier3_first_transformation,infer_primary_after_review,selected SOMANI as primary for tier3_first_transformation
146,Ens. Coussin assise,velours,Tissu Huddersfield,Huddersfield Textiles,tier3_first_transformation,fill_missing_location_from_review_followup,suppliers
147,Ens.coussin dossier version têtière,velours,Velours,Velours,tier3_first_transformation,removed_from_switchable_network,"Generic material label, not a supplier."
147,Ens.coussin dossier version têtière,velours,Tongxiang Zhuoyi Textile,Tongxiang Zhuoyi Textile,tier3_first_transformation,moved_to_unverified,Plausible textile supplier but not sufficiently sourced; validate before using as switch option.
147,Ens.coussin dossier version têtière,velours,Tissu Huddersfield,Huddersfield Textiles,tier3_first_transformation,normalize_reviewed_supplier,Textile supplier; valid textile transformation node.
147,Ens.coussin dossier version têtière,velours,Lelièvre Paris,Lelièvre Paris,tier2_second_transformation,normalize_reviewed_supplier,"Upholstery textile supplier; valid textile source, but aerospace qualification to verify."
147,Ens.coussin dossier version têtière,velours,SOMANI,SOMANI,tier3_first_transformation,infer_primary_after_review,selected SOMANI as primary for tier3_first_transformation
147,Ens.coussin dossier version têtière,velours,Tissu Huddersfield,Huddersfield Textiles,tier3_first_transformation,fill_missing_location_from_review_followup,suppliers
148,Ens. Coussin dossier,velours,Velours,Velours,tier3_first_transformation,removed_from_switchable_network,"Generic material label, not a supplier."
148,Ens. Coussin dossier,velours,Tongxiang Zhuoyi Textile,Tongxiang Zhuoyi Textile,tier3_first_transformation,moved_to_unverified,Plausible textile supplier but not sufficiently sourced; validate before using as switch option.
148,Ens. Coussin dossier,velours,Tissu Huddersfield,Huddersfield Textiles,tier3_first_transformation,normalize_reviewed_supplier,Textile supplier; valid textile transformation node.
148,Ens. Coussin dossier,velours,Lelièvre Paris,Lelièvre Paris,tier2_second_transformation,normalize_reviewed_supplier,"Upholstery textile supplier; valid textile source, but aerospace qualification to verify."
148,Ens. Coussin dossier,velours,SOMANI,SOMANI,tier3_first_transformation,infer_primary_after_review,selected SOMANI as primary for tier3_first_transformation
148,Ens. Coussin dossier,velours,Tissu Huddersfield,Huddersfield Textiles,tier3_first_transformation,fill_missing_location_from_review_followup,suppliers
149,Ens. Structure porte,velcro,Paragon Textiles,Paragon Textiles,tier3_first_transformation,moved_to_unverified,Name is plausible but source/country linkage was not robust enough; keep only after purchasing validation.
149,Ens. Structure porte,velcro,Tissu Huddersfield,Huddersfield Textiles,tier3_first_transformation,normalize_reviewed_supplier,Textile supplier; valid textile transformation node.
149,Ens. Structure porte,velcro,Tissu Huddersfield,Huddersfield Textiles,tier3_first_transformation,fill_missing_location_from_review_followup,suppliers
150,Habillage sous fauteuil,velours,Velours,Velours,tier3_first_transformation,removed_from_switchable_network,"Generic material label, not a supplier."
150,Habillage sous fauteuil,velours,Tongxiang Zhuoyi Textile,Tongxiang Zhuoyi Textile,tier3_first_transformation,moved_to_unverified,Plausible textile supplier but not sufficiently sourced; validate before using as switch option.
150,Habillage sous fauteuil,velours,Tissu Huddersfield,Huddersfield Textiles,tier3_first_transformation,normalize_reviewed_supplier,Textile supplier; valid textile transformation node.
150,Habillage sous fauteuil,velours,Lelièvre Paris,Lelièvre Paris,tier2_second_transformation,normalize_reviewed_supplier,"Upholstery textile supplier; valid textile source, but aerospace qualification to verify."
150,Habillage sous fauteuil,velours,SOMANI,SOMANI,tier3_first_transformation,infer_primary_after_review,selected SOMANI as primary for tier3_first_transformation
150,Habillage sous fauteuil,velours,Tissu Huddersfield,Huddersfield Textiles,tier3_first_transformation,fill_missing_location_from_review_followup,suppliers
151,Ens. Structure porte,Z10CNT18,Hexcel,Hexcel,tier2_second_transformation,normalize_reviewed_supplier,Aerospace composites/carbon fiber supplier.
151,Ens. Structure porte,Z10CNT18,Solvay,Solvay,tier4_raw_material,removed_out_of_scope_for_component,"Valid aerospace chemical/materials supplier, but not valid for stainless steel records."
152,Manchette équipée,FRMC55:EU28 polyuréthane flexible traité UL,Tissus:,Tissus:,tier3_first_transformation,removed_from_switchable_network,"Generic material label, not a supplier."
152,Manchette équipée,FRMC55:EU28 polyuréthane flexible traité UL,Paragon Textiles,Paragon Textiles,tier3_first_transformation,moved_to_unverified,Name is plausible but source/country linkage was not robust enough; keep only after purchasing validation.
152,Manchette équipée,FRMC55:EU28 polyuréthane flexible traité UL,Tissu Huddersfield,Huddersfield Textiles,tier3_first_transformation,normalize_reviewed_supplier,Textile supplier; valid textile transformation node.
152,Manchette équipée,FRMC55:EU28 polyuréthane flexible traité UL,Aluminium,Aluminium,tier4_raw_material,removed_from_switchable_network,"Generic material label, not a supplier. Replace with Alcoa/Hindalco/Chalco/Constellium/etc. according to traceability."
152,Manchette équipée,FRMC55:EU28 polyuréthane flexible traité UL,"Zhejiang Yuxin Textile Co.,Ltd.","Zhejiang Yuxin Textile Co.,Ltd.",tier3_first_transformation,infer_primary_after_review,"selected Zhejiang Yuxin Textile Co.,Ltd. as primary for tier3_first_transformation"
152,Manchette équipée,FRMC55:EU28 polyuréthane flexible traité UL,Tissu Huddersfield,Huddersfield Textiles,tier3_first_transformation,fill_missing_location_from_review_followup,suppliers
153,Support écran Screen Display (COTS),"Display, liquid crystal, 17 pouces",Auberon Technologies,Auberon Technologies,tier2_second_transformation,normalize_reviewed_supplier,Display/optoelectronic systems supplier; plausible T2 for screen/display records.
153,Support écran Screen Display (COTS),"Display, liquid crystal, 17 pouces",A Tech Supply APS,A Tech Supply APS,tier2_second_transformation,moved_to_unverified,Supplier name is too weakly sourced for stress-test use.
153,Support écran Screen Display (COTS),"Display, liquid crystal, 17 pouces",Polymère,Polymère,tier4_raw_material,removed_from_switchable_network,"Generic material label, not a supplier. Replace with named polymer producer from purchasing/BOM."
153,Support écran Screen Display (COTS),"Display, liquid crystal, 17 pouces",SONY,SONY,tier2_second_transformation,moved_to_cots_upstream,"Real electronics brand, but too generic as supply node; use exact display part supplier/distributor."
153,Support écran Screen Display (COTS),"Display, liquid crystal, 17 pouces",Continental,Continental,tier1,moved_to_cots_upstream,Real electronics/automotive group but not a qualified aerospace seat supplier by current data.
153,Support écran Screen Display (COTS),"Display, liquid crystal, 17 pouces",SONY,SONY,tier2_second_transformation,fill_missing_location_from_review_followup,cots_upstream_suppliers
158,Siége,"Tissu, mousse, polyéthylène",Paragon Textiles,Paragon Textiles,tier3_first_transformation,moved_to_unverified,Name is plausible but source/country linkage was not robust enough; keep only after purchasing validation.
158,Siége,"Tissu, mousse, polyéthylène",Tissu Huddersfield,Huddersfield Textiles,tier3_first_transformation,normalize_reviewed_supplier,Textile supplier; valid textile transformation node.
158,Siége,"Tissu, mousse, polyéthylène",Tissu Huddersfield,Huddersfield Textiles,tier3_first_transformation,fill_missing_location_from_review_followup,suppliers
160,Siége,"autre (silicium, cuirs synthétique)",Paragon Textiles,Paragon Textiles,tier3_first_transformation,moved_to_unverified,Name is plausible but source/country linkage was not robust enough; keep only after purchasing validation.
160,Siége,"autre (silicium, cuirs synthétique)",Tissu Huddersfield,Huddersfield Textiles,tier3_first_transformation,normalize_reviewed_supplier,Textile supplier; valid textile transformation node.
160,Siége,"autre (silicium, cuirs synthétique)",Auberon Technologies,Auberon Technologies,tier2_second_transformation,normalize_reviewed_supplier,Display/optoelectronic systems supplier; plausible T2 for screen/display records.
160,Siége,"autre (silicium, cuirs synthétique)",A Tech Supply APS,A Tech Supply APS,tier2_second_transformation,moved_to_unverified,Supplier name is too weakly sourced for stress-test use.
160,Siége,"autre (silicium, cuirs synthétique)",Tissu Huddersfield,Huddersfield Textiles,tier3_first_transformation,fill_missing_location_from_review_followup,suppliers
162,Siége,"16 % Tissu, mousse, polyéthylène",Paragon Textiles,Paragon Textiles,tier3_first_transformation,moved_to_unverified,Name is plausible but source/country linkage was not robust enough; keep only after purchasing validation.
162,Siége,"16 % Tissu, mousse, polyéthylène",Tissu Huddersfield,Huddersfield Textiles,tier3_first_transformation,normalize_reviewed_supplier,Textile supplier; valid textile transformation node.
162,Siége,"16 % Tissu, mousse, polyéthylène",Tissu Huddersfield,Huddersfield Textiles,tier3_first_transformation,fill_missing_location_from_review_followup,suppliers
164,Siége,"8% autre (silicium, cuirs synthétique)",Paragon Textiles,Paragon Textiles,tier3_first_transformation,moved_to_unverified,Name is plausible but source/country linkage was not robust enough; keep only after purchasing validation.
164,Siége,"8% autre (silicium, cuirs synthétique)",Tissu Huddersfield,Huddersfield Textiles,tier3_first_transformation,normalize_reviewed_supplier,Textile supplier; valid textile transformation node.
164,Siége,"8% autre (silicium, cuirs synthétique)",Auberon Technologies,Auberon Technologies,tier2_second_transformation,normalize_reviewed_supplier,Display/optoelectronic systems supplier; plausible T2 for screen/display records.
164,Siége,"8% autre (silicium, cuirs synthétique)",A Tech Supply APS,A Tech Supply APS,tier2_second_transformation,moved_to_unverified,Supplier name is too weakly sourced for stress-test use.
164,Siége,"8% autre (silicium, cuirs synthétique)",Tissu Huddersfield,Huddersfield Textiles,tier3_first_transformation,fill_missing_location_from_review_followup,suppliers
165,Siége,"16 % Tissu, mousse",Paragon Textiles,Paragon Textiles,tier3_first_transformation,moved_to_unverified,Name is plausible but source/country linkage was not robust enough; keep only after purchasing validation.
165,Siége,"16 % Tissu, mousse",Tissu Huddersfield,Huddersfield Textiles,tier3_first_transformation,normalize_reviewed_supplier,Textile supplier; valid textile transformation node.
165,Siége,"16 % Tissu, mousse",Auberon Technologies,Auberon Technologies,tier2_second_transformation,normalize_reviewed_supplier,Display/optoelectronic systems supplier; plausible T2 for screen/display records.
165,Siége,"16 % Tissu, mousse",A Tech Supply APS,A Tech Supply APS,tier2_second_transformation,moved_to_unverified,Supplier name is too weakly sourced for stress-test use.
165,Siége,"16 % Tissu, mousse",Tissu Huddersfield,Huddersfield Textiles,tier3_first_transformation,fill_missing_location_from_review_followup,suppliers
167,Accoudoir allée,A2024 - Aluminium,XPO Logistic,XPO Logistic,logistics,fill_missing_location_from_review_followup,logistics_providers
168,Siége,"Tissu, mousse, polyéthylène",Paragon Textiles,Paragon Textiles,tier3_first_transformation,moved_to_unverified,Name is plausible but source/country linkage was not robust enough; keep only after purchasing validation.
168,Siége,"Tissu, mousse, polyéthylène",Tissu Huddersfield,Huddersfield Textiles,tier3_first_transformation,normalize_reviewed_supplier,Textile supplier; valid textile transformation node.
168,Siége,"Tissu, mousse, polyéthylène",Tissu Huddersfield,Huddersfield Textiles,tier3_first_transformation,fill_missing_location_from_review_followup,suppliers
169,Siége,"Tissu, mousse, polyéthylène",Paragon Textiles,Paragon Textiles,tier3_first_transformation,moved_to_unverified,Name is plausible but source/country linkage was not robust enough; keep only after purchasing validation.
169,Siége,"Tissu, mousse, polyéthylène",Tissu Huddersfield,Huddersfield Textiles,tier3_first_transformation,normalize_reviewed_supplier,Textile supplier; valid textile transformation node.
169,Siége,"Tissu, mousse, polyéthylène",Tissu Huddersfield,Huddersfield Textiles,tier3_first_transformation,fill_missing_location_from_review_followup,suppliers
170,Siége,"autre (silicium, cuirs synthétique)",Paragon Textiles,Paragon Textiles,tier3_first_transformation,moved_to_unverified,Name is plausible but source/country linkage was not robust enough; keep only after purchasing validation.
170,Siége,"autre (silicium, cuirs synthétique)",Tissu Huddersfield,Huddersfield Textiles,tier3_first_transformation,normalize_reviewed_supplier,Textile supplier; valid textile transformation node.
170,Siége,"autre (silicium, cuirs synthétique)",Auberon Technologies,Auberon Technologies,tier2_second_transformation,normalize_reviewed_supplier,Display/optoelectronic systems supplier; plausible T2 for screen/display records.
170,Siége,"autre (silicium, cuirs synthétique)",A Tech Supply APS,A Tech Supply APS,tier2_second_transformation,moved_to_unverified,Supplier name is too weakly sourced for stress-test use.
170,Siége,"autre (silicium, cuirs synthétique)",Tissu Huddersfield,Huddersfield Textiles,tier3_first_transformation,fill_missing_location_from_review_followup,suppliers
171,Siége,"autre (silicium, cuirs synthétique)",Paragon Textiles,Paragon Textiles,tier3_first_transformation,moved_to_unverified,Name is plausible but source/country linkage was not robust enough; keep only after purchasing validation.
171,Siége,"autre (silicium, cuirs synthétique)",Tissu Huddersfield,Huddersfield Textiles,tier3_first_transformation,normalize_reviewed_supplier,Textile supplier; valid textile transformation node.
171,Siége,"autre (silicium, cuirs synthétique)",Auberon Technologies,Auberon Technologies,tier2_second_transformation,normalize_reviewed_supplier,Display/optoelectronic systems supplier; plausible T2 for screen/display records.
171,Siége,"autre (silicium, cuirs synthétique)",A Tech Supply APS,A Tech Supply APS,tier2_second_transformation,moved_to_unverified,Supplier name is too weakly sourced for stress-test use.
171,Siége,"autre (silicium, cuirs synthétique)",Tissu Huddersfield,Huddersfield Textiles,tier3_first_transformation,fill_missing_location_from_review_followup,suppliers
