day,node_id,item_id,arrived_qty,uom
0,M-1430,item:038005,0.0,KG
0,M-1430,item:042342,0.0,UN
0,M-1430,item:333362,0.0,UN
0,M-1430,item:344135,0.0,UN
0,M-1430,item:708073,0.0,KG
0,M-1430,item:730384,0.0,M
0,M-1430,item:734545,0.0,UN
0,M-1430,item:773474,0.0,G
0,M-1810,item:001757,0.0,KG
0,M-1810,item:001848,0.0,KG
0,M-1810,item:001893,0.0,KG
0,M-1810,item:002612,0.0,KG
0,M-1810,item:007923,0.0,G
0,M-1810,item:016332,0.0,KG
0,M-1810,item:029313,0.0,KG
0,M-1810,item:039668,0.0,KG
0,M-1810,item:049371,0.0,KG
0,M-1810,item:055703,0.0,KG
0,M-1810,item:099439,0.0,KG
0,M-1810,item:338928,0.0,UN
0,M-1810,item:338929,0.0,UN
0,M-1810,item:426331,0.0,UN
0,M-1810,item:693055,0.0,G
0,SDC-1450,item:021081,0.0,KG
1,M-1430,item:038005,0.0,KG
1,M-1430,item:042342,0.0,UN
1,M-1430,item:333362,0.0,UN
1,M-1430,item:344135,0.0,UN
1,M-1430,item:708073,0.0,KG
1,M-1430,item:730384,0.0,M
1,M-1430,item:734545,0.0,UN
1,M-1430,item:773474,0.0,G
1,M-1810,item:001757,0.0,KG
1,M-1810,item:001848,0.0,KG
1,M-1810,item:001893,0.0,KG
1,M-1810,item:002612,0.0,KG
1,M-1810,item:007923,64.96,G
1,M-1810,item:016332,0.0,KG
1,M-1810,item:029313,0.0,KG
1,M-1810,item:039668,0.0,KG
1,M-1810,item:049371,0.0,KG
1,M-1810,item:055703,0.0,KG
1,M-1810,item:099439,0.0,KG
1,M-1810,item:338928,0.0,UN
1,M-1810,item:338929,0.0,UN
1,M-1810,item:426331,0.0,UN
1,M-1810,item:693055,0.0,G
1,SDC-1450,item:021081,0.0,KG
2,M-1430,item:038005,0.0,KG
2,M-1430,item:042342,0.0,UN
2,M-1430,item:333362,0.0,UN
2,M-1430,item:344135,0.0,UN
2,M-1430,item:708073,0.0,KG
2,M-1430,item:730384,0.0,M
2,M-1430,item:734545,0.0,UN
2,M-1430,item:773474,0.0,G
2,M-1810,item:001757,0.0,KG
2,M-1810,item:001848,0.0,KG
2,M-1810,item:001893,0.0,KG
2,M-1810,item:002612,0.0,KG
2,M-1810,item:007923,74.704,G
2,M-1810,item:016332,0.0,KG
2,M-1810,item:029313,0.0,KG
2,M-1810,item:039668,0.0,KG
2,M-1810,item:049371,0.0,KG
2,M-1810,item:055703,0.0,KG
2,M-1810,item:099439,0.0,KG
2,M-1810,item:338928,0.0,UN
2,M-1810,item:338929,0.0,UN
2,M-1810,item:426331,0.0,UN
2,M-1810,item:693055,0.0,G
2,SDC-1450,item:021081,0.0,KG
3,M-1430,item:038005,0.0,KG
3,M-1430,item:042342,0.0,UN
3,M-1430,item:333362,0.0,UN
3,M-1430,item:344135,0.0,UN
3,M-1430,item:708073,0.0,KG
3,M-1430,item:730384,0.0,M
3,M-1430,item:734545,0.0,UN
3,M-1430,item:773474,0.0,G
3,M-1810,item:001757,0.0,KG
3,M-1810,item:001848,0.0,KG
3,M-1810,item:001893,0.0,KG
3,M-1810,item:002612,0.0,KG
3,M-1810,item:007923,81.2,G
3,M-1810,item:016332,0.0,KG
3,M-1810,item:029313,0.0,KG
3,M-1810,item:039668,0.0,KG
3,M-1810,item:049371,0.0,KG
3,M-1810,item:055703,0.0,KG
3,M-1810,item:099439,0.0,KG
3,M-1810,item:338928,0.0,UN
3,M-1810,item:338929,0.0,UN
3,M-1810,item:426331,0.0,UN
3,M-1810,item:693055,0.0,G
3,SDC-1450,item:021081,0.0,KG
4,M-1430,item:038005,0.0,KG
4,M-1430,item:042342,0.0,UN
4,M-1430,item:333362,0.0,UN
4,M-1430,item:344135,0.0,UN
4,M-1430,item:708073,0.0,KG
4,M-1430,item:730384,0.0,M
4,M-1430,item:734545,0.0,UN
4,M-1430,item:773474,0.0,G
4,M-1810,item:001757,0.0,KG
4,M-1810,item:001848,0.0,KG
4,M-1810,item:001893,0.0,KG
4,M-1810,item:002612,0.0,KG
4,M-1810,item:007923,0.0,G
4,M-1810,item:016332,0.0,KG
4,M-1810,item:029313,0.0,KG
4,M-1810,item:039668,0.0,KG
4,M-1810,item:049371,0.0,KG
4,M-1810,item:055703,0.0,KG
4,M-1810,item:099439,0.0,KG
4,M-1810,item:338928,0.0,UN
4,M-1810,item:338929,0.0,UN
4,M-1810,item:426331,0.0,UN
4,M-1810,item:693055,0.0,G
4,SDC-1450,item:021081,0.0,KG
5,M-1430,item:038005,0.0,KG
5,M-1430,item:042342,0.0,UN
5,M-1430,item:333362,0.0,UN
5,M-1430,item:344135,0.0,UN
5,M-1430,item:708073,0.0,KG
5,M-1430,item:730384,0.0,M
5,M-1430,item:734545,0.0,UN
5,M-1430,item:773474,0.0,G
5,M-1810,item:001757,0.0,KG
5,M-1810,item:001848,0.0,KG
5,M-1810,item:001893,0.0,KG
5,M-1810,item:002612,0.0,KG
5,M-1810,item:007923,81.2,G
5,M-1810,item:016332,0.0,KG
5,M-1810,item:029313,0.0,KG
5,M-1810,item:039668,0.0,KG
5,M-1810,item:049371,0.0,KG
5,M-1810,item:055703,0.0,KG
5,M-1810,item:099439,0.0,KG
5,M-1810,item:338928,0.0,UN
5,M-1810,item:338929,0.0,UN
5,M-1810,item:426331,0.0,UN
5,M-1810,item:693055,0.0,G
5,SDC-1450,item:021081,0.0,KG
6,M-1430,item:038005,0.0,KG
6,M-1430,item:042342,0.0,UN
6,M-1430,item:333362,0.0,UN
6,M-1430,item:344135,0.0,UN
6,M-1430,item:708073,0.0,KG
6,M-1430,item:730384,0.0,M
6,M-1430,item:734545,0.0,UN
6,M-1430,item:773474,0.0,G
6,M-1810,item:001757,0.0,KG
6,M-1810,item:001848,0.0,KG
6,M-1810,item:001893,0.0,KG
6,M-1810,item:002612,0.0,KG
6,M-1810,item:007923,162.4,G
6,M-1810,item:016332,0.0,KG
6,M-1810,item:029313,0.0,KG
6,M-1810,item:039668,0.0,KG
6,M-1810,item:049371,0.0,KG
6,M-1810,item:055703,0.0,KG
6,M-1810,item:099439,0.0,KG
6,M-1810,item:338928,0.0,UN
6,M-1810,item:338929,0.0,UN
6,M-1810,item:426331,0.0,UN
6,M-1810,item:693055,0.0,G
6,SDC-1450,item:021081,0.0,KG
7,M-1430,item:038005,0.0,KG
7,M-1430,item:042342,0.0,UN
7,M-1430,item:333362,0.0,UN
7,M-1430,item:344135,0.0,UN
7,M-1430,item:708073,0.0,KG
7,M-1430,item:730384,0.0,M
7,M-1430,item:734545,0.0,UN
7,M-1430,item:773474,180.0,G
7,M-1810,item:001757,0.0,KG
7,M-1810,item:001848,0.0,KG
7,M-1810,item:001893,0.0,KG
7,M-1810,item:002612,0.0,KG
7,M-1810,item:007923,0.0,G
7,M-1810,item:016332,0.0,KG
7,M-1810,item:029313,0.0,KG
7,M-1810,item:039668,0.0,KG
7,M-1810,item:049371,0.0,KG
7,M-1810,item:055703,0.0,KG
7,M-1810,item:099439,0.0,KG
7,M-1810,item:338928,0.0,UN
7,M-1810,item:338929,0.0,UN
7,M-1810,item:426331,0.0,UN
7,M-1810,item:693055,0.0,G
7,SDC-1450,item:021081,0.0,KG
8,M-1430,item:038005,0.0,KG
8,M-1430,item:042342,0.0,UN
8,M-1430,item:333362,0.0,UN
8,M-1430,item:344135,0.0,UN
8,M-1430,item:708073,0.0,KG
8,M-1430,item:730384,0.0,M
8,M-1430,item:734545,0.0,UN
8,M-1430,item:773474,0.0,G
8,M-1810,item:001757,0.0,KG
8,M-1810,item:001848,0.0,KG
8,M-1810,item:001893,0.0,KG
8,M-1810,item:002612,0.04669,KG
8,M-1810,item:007923,75.070894,G
8,M-1810,item:016332,0.0,KG
8,M-1810,item:029313,0.0,KG
8,M-1810,item:039668,0.0,KG
8,M-1810,item:049371,0.0,KG
8,M-1810,item:055703,0.0,KG
8,M-1810,item:099439,0.0,KG
8,M-1810,item:338928,0.0,UN
8,M-1810,item:338929,0.0,UN
8,M-1810,item:426331,0.275,UN
8,M-1810,item:693055,0.0,G
8,SDC-1450,item:021081,0.0,KG
9,M-1430,item:038005,0.0,KG
9,M-1430,item:042342,0.0,UN
9,M-1430,item:333362,0.0,UN
9,M-1430,item:344135,0.0,UN
9,M-1430,item:708073,0.0,KG
9,M-1430,item:730384,0.0,M
9,M-1430,item:734545,0.0,UN
9,M-1430,item:773474,0.0,G
9,M-1810,item:001757,0.0,KG
9,M-1810,item:001848,0.0,KG
9,M-1810,item:001893,0.0,KG
9,M-1810,item:002612,0.0,KG
9,M-1810,item:007923,142.090615,G
9,M-1810,item:016332,0.0,KG
9,M-1810,item:029313,0.0,KG
9,M-1810,item:039668,0.0,KG
9,M-1810,item:049371,0.0,KG
9,M-1810,item:055703,0.0,KG
9,M-1810,item:099439,0.0,KG
9,M-1810,item:338928,0.0,UN
9,M-1810,item:338929,0.0,UN
9,M-1810,item:426331,0.0,UN
9,M-1810,item:693055,0.0,G
9,SDC-1450,item:021081,0.0,KG
10,M-1430,item:038005,0.0,KG
10,M-1430,item:042342,0.0,UN
10,M-1430,item:333362,0.0,UN
10,M-1430,item:344135,0.0,UN
10,M-1430,item:708073,0.0,KG
10,M-1430,item:730384,0.0,M
10,M-1430,item:734545,0.0,UN
10,M-1430,item:773474,36.0,G
10,M-1810,item:001757,0.0,KG
10,M-1810,item:001848,0.0,KG
10,M-1810,item:001893,0.0,KG
10,M-1810,item:002612,0.0,KG
10,M-1810,item:007923,0.0,G
10,M-1810,item:016332,0.0,KG
10,M-1810,item:029313,0.0,KG
10,M-1810,item:039668,0.0,KG
10,M-1810,item:049371,0.0,KG
10,M-1810,item:055703,0.0,KG
10,M-1810,item:099439,0.0,KG
10,M-1810,item:338928,0.0,UN
10,M-1810,item:338929,0.0,UN
10,M-1810,item:426331,0.0,UN
10,M-1810,item:693055,0.0,G
10,SDC-1450,item:021081,0.0,KG
11,M-1430,item:038005,0.0,KG
11,M-1430,item:042342,0.0,UN
11,M-1430,item:333362,0.0,UN
11,M-1430,item:344135,0.0,UN
11,M-1430,item:708073,0.0,KG
11,M-1430,item:730384,0.0,M
11,M-1430,item:734545,0.0,UN
11,M-1430,item:773474,43.2,G
11,M-1810,item:001757,0.0,KG
11,M-1810,item:001848,0.0,KG
11,M-1810,item:001893,0.0,KG
11,M-1810,item:002612,0.0,KG
11,M-1810,item:007923,162.4,G
11,M-1810,item:016332,0.0,KG
11,M-1810,item:029313,0.0,KG
11,M-1810,item:039668,0.0,KG
11,M-1810,item:049371,0.0,KG
11,M-1810,item:055703,0.0,KG
11,M-1810,item:099439,0.0,KG
11,M-1810,item:338928,0.0,UN
11,M-1810,item:338929,0.0,UN
11,M-1810,item:426331,0.0,UN
11,M-1810,item:693055,0.0,G
11,SDC-1450,item:021081,0.0,KG
12,M-1430,item:038005,0.0,KG
12,M-1430,item:042342,0.0,UN
12,M-1430,item:333362,0.0,UN
12,M-1430,item:344135,0.0,UN
12,M-1430,item:708073,0.0,KG
12,M-1430,item:730384,0.0,M
12,M-1430,item:734545,0.0,UN
12,M-1430,item:773474,0.0,G
12,M-1810,item:001757,0.0,KG
12,M-1810,item:001848,0.0,KG
12,M-1810,item:001893,10.359902,KG
12,M-1810,item:002612,0.0,KG
12,M-1810,item:007923,81.2,G
12,M-1810,item:016332,0.0,KG
12,M-1810,item:029313,0.0,KG
12,M-1810,item:039668,0.0,KG
12,M-1810,item:049371,0.0,KG
12,M-1810,item:055703,0.0,KG
12,M-1810,item:099439,0.0,KG
12,M-1810,item:338928,0.0,UN
12,M-1810,item:338929,0.0,UN
12,M-1810,item:426331,0.0,UN
12,M-1810,item:693055,0.0,G
12,SDC-1450,item:021081,0.0,KG
13,M-1430,item:038005,0.0,KG
13,M-1430,item:042342,0.0,UN
13,M-1430,item:333362,0.0,UN
13,M-1430,item:344135,0.0,UN
13,M-1430,item:708073,0.0,KG
13,M-1430,item:730384,0.0,M
13,M-1430,item:734545,0.0,UN
13,M-1430,item:773474,134.567424,G
13,M-1810,item:001757,0.0,KG
13,M-1810,item:001848,0.0,KG
13,M-1810,item:001893,0.0,KG
13,M-1810,item:002612,0.0,KG
13,M-1810,item:007923,0.0,G
13,M-1810,item:016332,0.0,KG
13,M-1810,item:029313,0.0,KG
13,M-1810,item:039668,0.0,KG
13,M-1810,item:049371,0.0,KG
13,M-1810,item:055703,0.0,KG
13,M-1810,item:099439,0.0,KG
13,M-1810,item:338928,0.0,UN
13,M-1810,item:338929,0.0,UN
13,M-1810,item:426331,0.0,UN
13,M-1810,item:693055,0.0,G
13,SDC-1450,item:021081,0.0,KG
14,M-1430,item:038005,0.0,KG
14,M-1430,item:042342,0.0,UN
14,M-1430,item:333362,0.0,UN
14,M-1430,item:344135,0.0,UN
14,M-1430,item:708073,0.0,KG
14,M-1430,item:730384,0.0,M
14,M-1430,item:734545,0.0,UN
14,M-1430,item:773474,44.9856,G
14,M-1810,item:001757,0.0,KG
14,M-1810,item:001848,0.0,KG
14,M-1810,item:001893,0.0,KG
14,M-1810,item:002612,0.05075,KG
14,M-1810,item:007923,156.271023,G
14,M-1810,item:016332,0.0,KG
14,M-1810,item:029313,0.0,KG
14,M-1810,item:039668,0.0,KG
14,M-1810,item:049371,0.0,KG
14,M-1810,item:055703,0.0,KG
14,M-1810,item:099439,0.0,KG
14,M-1810,item:338928,0.0,UN
14,M-1810,item:338929,0.0,UN
14,M-1810,item:426331,0.0,UN
14,M-1810,item:693055,0.0,G
14,SDC-1450,item:021081,0.0,KG
15,M-1430,item:038005,0.0,KG
15,M-1430,item:042342,180.0,UN
15,M-1430,item:333362,0.0,UN
15,M-1430,item:344135,0.0,UN
15,M-1430,item:708073,0.19825,KG
15,M-1430,item:730384,25.714286,M
15,M-1430,item:734545,0.0,UN
15,M-1430,item:773474,0.0,G
15,M-1810,item:001757,0.0,KG
15,M-1810,item:001848,0.03045,KG
15,M-1810,item:001893,0.0,KG
15,M-1810,item:002612,0.0,KG
15,M-1810,item:007923,0.0,G
15,M-1810,item:016332,0.0,KG
15,M-1810,item:029313,0.0,KG
15,M-1810,item:039668,0.0,KG
15,M-1810,item:049371,0.0,KG
15,M-1810,item:055703,0.0,KG
15,M-1810,item:099439,0.0,KG
15,M-1810,item:338928,0.0,UN
15,M-1810,item:338929,0.0,UN
15,M-1810,item:426331,0.0,UN
15,M-1810,item:693055,0.0,G
15,SDC-1450,item:021081,0.0,KG
16,M-1430,item:038005,0.0,KG
16,M-1430,item:042342,0.0,UN
16,M-1430,item:333362,0.0,UN
16,M-1430,item:344135,31.25,UN
16,M-1430,item:708073,0.0,KG
16,M-1430,item:730384,0.0,M
16,M-1430,item:734545,0.0,UN
16,M-1430,item:773474,0.0,G
16,M-1810,item:001757,0.0,KG
16,M-1810,item:001848,0.0,KG
16,M-1810,item:001893,0.0,KG
16,M-1810,item:002612,0.0,KG
16,M-1810,item:007923,66.982205,G
16,M-1810,item:016332,0.0,KG
16,M-1810,item:029313,0.0,KG
16,M-1810,item:039668,0.001015,KG
16,M-1810,item:049371,0.0,KG
16,M-1810,item:055703,0.00203,KG
16,M-1810,item:099439,0.0,KG
16,M-1810,item:338928,0.0,UN
16,M-1810,item:338929,0.0,UN
16,M-1810,item:426331,0.0,UN
16,M-1810,item:693055,0.0,G
16,SDC-1450,item:021081,0.0,KG
17,M-1430,item:038005,0.0,KG
17,M-1430,item:042342,0.0,UN
17,M-1430,item:333362,0.0,UN
17,M-1430,item:344135,0.0,UN
17,M-1430,item:708073,0.0,KG
17,M-1430,item:730384,0.0,M
17,M-1430,item:734545,0.2,UN
17,M-1430,item:773474,0.0,G
17,M-1810,item:001757,0.0,KG
17,M-1810,item:001848,1.60776,KG
17,M-1810,item:001893,0.0,KG
17,M-1810,item:002612,0.0,KG
17,M-1810,item:007923,0.0,G
17,M-1810,item:016332,0.0,KG
17,M-1810,item:029313,0.0,KG
17,M-1810,item:039668,0.000934,KG
17,M-1810,item:049371,0.0,KG
17,M-1810,item:055703,0.0,KG
17,M-1810,item:099439,0.0,KG
17,M-1810,item:338928,0.0,UN
17,M-1810,item:338929,0.0,UN
17,M-1810,item:426331,0.0,UN
17,M-1810,item:693055,0.0,G
17,SDC-1450,item:021081,0.0,KG
18,M-1430,item:038005,0.0,KG
18,M-1430,item:042342,0.0,UN
18,M-1430,item:333362,0.0,UN
18,M-1430,item:344135,31.25,UN
18,M-1430,item:708073,5.412225,KG
18,M-1430,item:730384,0.0,M
18,M-1430,item:734545,0.2,UN
18,M-1430,item:773474,44.999977,G
18,M-1810,item:001757,0.0,KG
18,M-1810,item:001848,0.0,KG
18,M-1810,item:001893,0.19285,KG
18,M-1810,item:002612,0.0,KG
18,M-1810,item:007923,156.308441,G
18,M-1810,item:016332,0.0,KG
18,M-1810,item:029313,0.0,KG
18,M-1810,item:039668,0.0,KG
18,M-1810,item:049371,0.0,KG
18,M-1810,item:055703,0.0,KG
18,M-1810,item:099439,0.0,KG
18,M-1810,item:338928,0.0,UN
18,M-1810,item:338929,0.0,UN
18,M-1810,item:426331,0.0,UN
18,M-1810,item:693055,0.0,G
18,SDC-1450,item:021081,0.0,KG
19,M-1430,item:038005,0.0,KG
19,M-1430,item:042342,0.0,UN
19,M-1430,item:333362,0.0,UN
19,M-1430,item:344135,0.0,UN
19,M-1430,item:708073,0.183377,KG
19,M-1430,item:730384,0.0,M
19,M-1430,item:734545,0.0,UN
19,M-1430,item:773474,89.997005,G
19,M-1810,item:001757,0.0,KG
19,M-1810,item:001848,0.0,KG
19,M-1810,item:001893,0.19285,KG
19,M-1810,item:002612,0.05075,KG
19,M-1810,item:007923,81.2,G
19,M-1810,item:016332,0.0,KG
19,M-1810,item:029313,0.0,KG
19,M-1810,item:039668,0.0,KG
19,M-1810,item:049371,0.0,KG
19,M-1810,item:055703,0.00203,KG
19,M-1810,item:099439,0.0,KG
19,M-1810,item:338928,0.0,UN
19,M-1810,item:338929,64.935065,UN
19,M-1810,item:426331,0.0,UN
19,M-1810,item:693055,0.0,G
19,SDC-1450,item:021081,0.0,KG
20,M-1430,item:038005,0.404458,KG
20,M-1430,item:042342,0.0,UN
20,M-1430,item:333362,0.0,UN
20,M-1430,item:344135,0.0,UN
20,M-1430,item:708073,0.0,KG
20,M-1430,item:730384,0.0,M
20,M-1430,item:734545,0.0,UN
20,M-1430,item:773474,90.0,G
20,M-1810,item:001757,0.0,KG
20,M-1810,item:001848,0.0609,KG
20,M-1810,item:001893,0.159083,KG
20,M-1810,item:002612,0.0,KG
20,M-1810,item:007923,81.2,G
20,M-1810,item:016332,0.01218,KG
20,M-1810,item:029313,0.0,KG
20,M-1810,item:039668,0.0,KG
20,M-1810,item:049371,0.0,KG
20,M-1810,item:055703,0.0,KG
20,M-1810,item:099439,0.0,KG
20,M-1810,item:338928,0.0,UN
20,M-1810,item:338929,0.0,UN
20,M-1810,item:426331,0.0,UN
20,M-1810,item:693055,0.0,G
20,SDC-1450,item:021081,0.0,KG
21,M-1430,item:038005,0.0,KG
21,M-1430,item:042342,0.0,UN
21,M-1430,item:333362,0.0,UN
21,M-1430,item:344135,0.0,UN
21,M-1430,item:708073,0.18239,KG
21,M-1430,item:730384,0.0,M
21,M-1430,item:734545,0.0,UN
21,M-1430,item:773474,45.0,G
21,M-1810,item:001757,0.0,KG
21,M-1810,item:001848,0.025118,KG
21,M-1810,item:001893,0.0,KG
21,M-1810,item:002612,0.0,KG
21,M-1810,item:007923,81.2,G
21,M-1810,item:016332,0.0,KG
21,M-1810,item:029313,0.0,KG
21,M-1810,item:039668,0.0,KG
21,M-1810,item:049371,0.0,KG
21,M-1810,item:055703,0.00203,KG
21,M-1810,item:099439,0.0,KG
21,M-1810,item:338928,0.0,UN
21,M-1810,item:338929,50.12987,UN
21,M-1810,item:426331,0.0,UN
21,M-1810,item:693055,0.0,G
21,SDC-1450,item:021081,0.0,KG
22,M-1430,item:038005,0.0,KG
22,M-1430,item:042342,0.0,UN
22,M-1430,item:333362,0.0,UN
22,M-1430,item:344135,0.0,UN
22,M-1430,item:708073,0.0,KG
22,M-1430,item:730384,0.0,M
22,M-1430,item:734545,0.0,UN
22,M-1430,item:773474,0.0,G
22,M-1810,item:001757,0.0,KG
22,M-1810,item:001848,0.0,KG
22,M-1810,item:001893,0.0,KG
22,M-1810,item:002612,0.0,KG
22,M-1810,item:007923,142.053228,G
22,M-1810,item:016332,0.0,KG
22,M-1810,item:029313,0.0,KG
22,M-1810,item:039668,0.001015,KG
22,M-1810,item:049371,0.0,KG
22,M-1810,item:055703,0.0,KG
22,M-1810,item:099439,0.0,KG
22,M-1810,item:338928,0.0,UN
22,M-1810,item:338929,0.0,UN
22,M-1810,item:426331,0.0,UN
22,M-1810,item:693055,0.0,G
22,SDC-1450,item:021081,0.0,KG
23,M-1430,item:038005,0.0,KG
23,M-1430,item:042342,0.0,UN
23,M-1430,item:333362,0.0,UN
23,M-1430,item:344135,0.0,UN
23,M-1430,item:708073,0.0,KG
23,M-1430,item:730384,0.0,M
23,M-1430,item:734545,0.184996,UN
23,M-1430,item:773474,45.0,G
23,M-1810,item:001757,0.0,KG
23,M-1810,item:001848,0.0,KG
23,M-1810,item:001893,0.0,KG
23,M-1810,item:002612,0.0,KG
23,M-1810,item:007923,0.0,G
23,M-1810,item:016332,0.0,KG
23,M-1810,item:029313,0.0,KG
23,M-1810,item:039668,0.0,KG
23,M-1810,item:049371,0.0,KG
23,M-1810,item:055703,0.001868,KG
23,M-1810,item:099439,1.689975,KG
23,M-1810,item:338928,0.0,UN
23,M-1810,item:338929,0.0,UN
23,M-1810,item:426331,0.275,UN
23,M-1810,item:693055,0.0,G
23,SDC-1450,item:021081,0.0,KG
24,M-1430,item:038005,0.0,KG
24,M-1430,item:042342,0.0,UN
24,M-1430,item:333362,0.0,UN
24,M-1430,item:344135,0.0,UN
24,M-1430,item:708073,0.0,KG
24,M-1430,item:730384,0.0,M
24,M-1430,item:734545,0.184904,UN
24,M-1430,item:773474,44.999995,G
24,M-1810,item:001757,0.0,KG
24,M-1810,item:001848,0.0,KG
24,M-1810,item:001893,0.19285,KG
24,M-1810,item:002612,0.0,KG
24,M-1810,item:007923,153.881795,G
24,M-1810,item:016332,0.0,KG
24,M-1810,item:029313,0.0,KG
24,M-1810,item:039668,0.0,KG
24,M-1810,item:049371,0.0,KG
24,M-1810,item:055703,0.0,KG
24,M-1810,item:099439,0.1015,KG
24,M-1810,item:338928,0.0,UN
24,M-1810,item:338929,0.0,UN
24,M-1810,item:426331,0.0,UN
24,M-1810,item:693055,0.0,G
24,SDC-1450,item:021081,0.0,KG
25,M-1430,item:038005,0.0,KG
25,M-1430,item:042342,0.0,UN
25,M-1430,item:333362,0.0,UN
25,M-1430,item:344135,0.0,UN
25,M-1430,item:708073,0.0,KG
25,M-1430,item:730384,0.0,M
25,M-1430,item:734545,0.184,UN
25,M-1430,item:773474,89.999999,G
25,M-1810,item:001757,0.0,KG
25,M-1810,item:001848,0.028152,KG
25,M-1810,item:001893,0.0,KG
25,M-1810,item:002612,0.0,KG
25,M-1810,item:007923,0.0,G
25,M-1810,item:016332,0.0,KG
25,M-1810,item:029313,0.0,KG
25,M-1810,item:039668,0.0,KG
25,M-1810,item:049371,0.0,KG
25,M-1810,item:055703,0.001878,KG
25,M-1810,item:099439,0.0,KG
25,M-1810,item:338928,0.0,UN
25,M-1810,item:338929,0.0,UN
25,M-1810,item:426331,0.0,UN
25,M-1810,item:693055,0.0,G
25,SDC-1450,item:021081,0.0,KG
26,M-1430,item:038005,0.0,KG
26,M-1430,item:042342,0.0,UN
26,M-1430,item:333362,0.0,UN
26,M-1430,item:344135,0.0,UN
26,M-1430,item:708073,0.200487,KG
26,M-1430,item:730384,0.0,M
26,M-1430,item:734545,0.239553,UN
26,M-1430,item:773474,0.0,G
26,M-1810,item:001757,0.0406,KG
26,M-1810,item:001848,0.03045,KG
26,M-1810,item:001893,0.0,KG
26,M-1810,item:002612,0.0,KG
26,M-1810,item:007923,81.2,G
26,M-1810,item:016332,0.0,KG
26,M-1810,item:029313,0.0,KG
26,M-1810,item:039668,0.0,KG
26,M-1810,item:049371,0.0,KG
26,M-1810,item:055703,0.0,KG
26,M-1810,item:099439,0.05075,KG
26,M-1810,item:338928,0.0,UN
26,M-1810,item:338929,0.0,UN
26,M-1810,item:426331,0.0,UN
26,M-1810,item:693055,0.0,G
26,SDC-1450,item:021081,0.0,KG
27,M-1430,item:038005,0.0,KG
27,M-1430,item:042342,0.0,UN
27,M-1430,item:333362,45.454545,UN
27,M-1430,item:344135,0.0,UN
27,M-1430,item:708073,0.0,KG
27,M-1430,item:730384,0.0,M
27,M-1430,item:734545,4.16,UN
27,M-1430,item:773474,0.0,G
27,M-1810,item:001757,0.0,KG
27,M-1810,item:001848,0.0,KG
27,M-1810,item:001893,0.178293,KG
27,M-1810,item:002612,0.041864,KG
27,M-1810,item:007923,81.2,G
27,M-1810,item:016332,0.0,KG
27,M-1810,item:029313,0.0,KG
27,M-1810,item:039668,0.0,KG
27,M-1810,item:049371,0.0,KG
27,M-1810,item:055703,0.0,KG
27,M-1810,item:099439,0.0,KG
27,M-1810,item:338928,0.0,UN
27,M-1810,item:338929,0.0,UN
27,M-1810,item:426331,0.55,UN
27,M-1810,item:693055,0.0,G
27,SDC-1450,item:021081,0.0,KG
28,M-1430,item:038005,0.0,KG
28,M-1430,item:042342,0.0,UN
28,M-1430,item:333362,0.0,UN
28,M-1430,item:344135,0.0,UN
28,M-1430,item:708073,0.19825,KG
28,M-1430,item:730384,0.0,M
28,M-1430,item:734545,0.135895,UN
28,M-1430,item:773474,0.0,G
28,M-1810,item:001757,0.0,KG
28,M-1810,item:001848,0.0,KG
28,M-1810,item:001893,0.19285,KG
28,M-1810,item:002612,0.0,KG
28,M-1810,item:007923,156.270247,G
28,M-1810,item:016332,0.0,KG
28,M-1810,item:029313,0.001015,KG
28,M-1810,item:039668,0.0,KG
28,M-1810,item:049371,0.0,KG
28,M-1810,item:055703,0.00203,KG
28,M-1810,item:099439,0.0,KG
28,M-1810,item:338928,31.25,UN
28,M-1810,item:338929,0.0,UN
28,M-1810,item:426331,0.275,UN
28,M-1810,item:693055,0.0,G
28,SDC-1450,item:021081,0.0,KG
29,M-1430,item:038005,0.0,KG
29,M-1430,item:042342,0.0,UN
29,M-1430,item:333362,0.0,UN
29,M-1430,item:344135,0.0,UN
29,M-1430,item:708073,0.134706,KG
29,M-1430,item:730384,0.0,M
29,M-1430,item:734545,0.037287,UN
29,M-1430,item:773474,90.0,G
29,M-1810,item:001757,0.0,KG
29,M-1810,item:001848,0.03045,KG
29,M-1810,item:001893,0.0,KG
29,M-1810,item:002612,0.0,KG
29,M-1810,item:007923,0.0,G
29,M-1810,item:016332,0.01218,KG
29,M-1810,item:029313,0.0,KG
29,M-1810,item:039668,0.001015,KG
29,M-1810,item:049371,0.0,KG
29,M-1810,item:055703,0.003705,KG
29,M-1810,item:099439,0.0,KG
29,M-1810,item:338928,0.0,UN
29,M-1810,item:338929,0.0,UN
29,M-1810,item:426331,0.254243,UN
29,M-1810,item:693055,0.0,G
29,SDC-1450,item:021081,0.0,KG
30,M-1430,item:038005,0.0,KG
30,M-1430,item:042342,0.0,UN
30,M-1430,item:333362,0.0,UN
30,M-1430,item:344135,0.0,UN
30,M-1430,item:708073,0.0,KG
30,M-1430,item:730384,0.0,M
30,M-1430,item:734545,0.0,UN
30,M-1430,item:773474,90.0,G
30,M-1810,item:001757,0.0,KG
30,M-1810,item:001848,0.0,KG
30,M-1810,item:001893,0.0,KG
30,M-1810,item:002612,0.0,KG
30,M-1810,item:007923,66.982049,G
30,M-1810,item:016332,0.011261,KG
30,M-1810,item:029313,0.001015,KG
30,M-1810,item:039668,0.0338,KG
30,M-1810,item:049371,0.0,KG
30,M-1810,item:055703,0.00203,KG
30,M-1810,item:099439,0.0,KG
30,M-1810,item:338928,0.0,UN
30,M-1810,item:338929,0.0,UN
30,M-1810,item:426331,0.0,UN
30,M-1810,item:693055,0.0,G
30,SDC-1450,item:021081,0.0,KG
31,M-1430,item:038005,0.0,KG
31,M-1430,item:042342,0.0,UN
31,M-1430,item:333362,0.0,UN
31,M-1430,item:344135,23.75,UN
31,M-1430,item:708073,0.19825,KG
31,M-1430,item:730384,0.0,M
31,M-1430,item:734545,0.0,UN
31,M-1430,item:773474,45.0,G
31,M-1810,item:001757,0.0406,KG
31,M-1810,item:001848,0.0,KG
31,M-1810,item:001893,0.0,KG
31,M-1810,item:002612,0.05075,KG
31,M-1810,item:007923,76.733682,G
31,M-1810,item:016332,0.0,KG
31,M-1810,item:029313,0.0,KG
31,M-1810,item:039668,0.0,KG
31,M-1810,item:049371,0.0,KG
31,M-1810,item:055703,0.0,KG
31,M-1810,item:099439,0.05075,KG
31,M-1810,item:338928,0.0,UN
31,M-1810,item:338929,0.0,UN
31,M-1810,item:426331,0.0,UN
31,M-1810,item:693055,0.0,G
31,SDC-1450,item:021081,0.0,KG
32,M-1430,item:038005,0.0,KG
32,M-1430,item:042342,0.0,UN
32,M-1430,item:333362,0.0,UN
32,M-1430,item:344135,31.25,UN
32,M-1430,item:708073,0.0,KG
32,M-1430,item:730384,0.0,M
32,M-1430,item:734545,0.0,UN
32,M-1430,item:773474,0.0,G
32,M-1810,item:001757,0.0,KG
32,M-1810,item:001848,0.0,KG
32,M-1810,item:001893,0.0,KG
32,M-1810,item:002612,0.0,KG
32,M-1810,item:007923,75.10841,G
32,M-1810,item:016332,0.0,KG
32,M-1810,item:029313,0.0,KG
32,M-1810,item:039668,0.001953,KG
32,M-1810,item:049371,0.0,KG
32,M-1810,item:055703,0.005226,KG
32,M-1810,item:099439,0.0,KG
32,M-1810,item:338928,0.0,UN
32,M-1810,item:338929,0.0,UN
32,M-1810,item:426331,0.0,UN
32,M-1810,item:693055,0.0,G
32,SDC-1450,item:021081,0.0,KG
33,M-1430,item:038005,0.0,KG
33,M-1430,item:042342,0.0,UN
33,M-1430,item:333362,0.0,UN
33,M-1430,item:344135,0.0,UN
33,M-1430,item:708073,0.0,KG
33,M-1430,item:730384,0.0,M
33,M-1430,item:734545,0.0,UN
33,M-1430,item:773474,0.0,G
33,M-1810,item:001757,0.0,KG
33,M-1810,item:001848,0.0,KG
33,M-1810,item:001893,0.178383,KG
33,M-1810,item:002612,0.0,KG
33,M-1810,item:007923,154.182484,G
33,M-1810,item:016332,0.01218,KG
33,M-1810,item:029313,0.0,KG
33,M-1810,item:039668,0.001015,KG
33,M-1810,item:049371,0.0,KG
33,M-1810,item:055703,0.003907,KG
33,M-1810,item:099439,0.0,KG
33,M-1810,item:338928,0.0,UN
33,M-1810,item:338929,0.0,UN
33,M-1810,item:426331,0.508612,UN
33,M-1810,item:693055,0.0,G
33,SDC-1450,item:021081,0.0,KG
34,M-1430,item:038005,0.0,KG
34,M-1430,item:042342,0.0,UN
34,M-1430,item:333362,0.0,UN
34,M-1430,item:344135,0.0,UN
34,M-1430,item:708073,0.0,KG
34,M-1430,item:730384,0.0,M
34,M-1430,item:734545,0.0,UN
34,M-1430,item:773474,0.0,G
34,M-1810,item:001757,0.0,KG
34,M-1810,item:001848,0.027256,KG
34,M-1810,item:001893,0.0,KG
34,M-1810,item:002612,0.0,KG
34,M-1810,item:007923,77.136749,G
34,M-1810,item:016332,0.0,KG
34,M-1810,item:029313,0.0,KG
34,M-1810,item:039668,0.000939,KG
34,M-1810,item:049371,0.0,KG
34,M-1810,item:055703,0.00203,KG
34,M-1810,item:099439,0.0,KG
34,M-1810,item:338928,0.0,UN
34,M-1810,item:338929,0.0,UN
34,M-1810,item:426331,0.246151,UN
34,M-1810,item:693055,0.0,G
34,SDC-1450,item:021081,0.0,KG
35,M-1430,item:038005,0.0,KG
35,M-1430,item:042342,0.0,UN
35,M-1430,item:333362,0.0,UN
35,M-1430,item:344135,0.0,UN
35,M-1430,item:708073,0.0,KG
35,M-1430,item:730384,0.0,M
35,M-1430,item:734545,0.2,UN
35,M-1430,item:773474,45.0,G
35,M-1810,item:001757,0.0,KG
35,M-1810,item:001848,0.058601,KG
35,M-1810,item:001893,0.0,KG
35,M-1810,item:002612,0.0,KG
35,M-1810,item:007923,77.13935,G
35,M-1810,item:016332,0.0,KG
35,M-1810,item:029313,0.001953,KG
35,M-1810,item:039668,0.0,KG
35,M-1810,item:049371,0.0,KG
35,M-1810,item:055703,0.003908,KG
35,M-1810,item:099439,0.041864,KG
35,M-1810,item:338928,0.0,UN
35,M-1810,item:338929,0.0,UN
35,M-1810,item:426331,8.036743,UN
35,M-1810,item:693055,25.714286,G
35,SDC-1450,item:021081,0.0,KG
36,M-1430,item:038005,0.0,KG
36,M-1430,item:042342,0.0,UN
36,M-1430,item:333362,0.0,UN
36,M-1430,item:344135,0.0,UN
36,M-1430,item:708073,0.381536,KG
36,M-1430,item:730384,0.0,M
36,M-1430,item:734545,0.0,UN
36,M-1430,item:773474,45.0,G
36,M-1810,item:001757,0.0,KG
36,M-1810,item:001848,0.056166,KG
36,M-1810,item:001893,0.19285,KG
36,M-1810,item:002612,0.097669,KG
36,M-1810,item:007923,77.13987,G
36,M-1810,item:016332,0.0,KG
36,M-1810,item:029313,0.0,KG
36,M-1810,item:039668,0.0,KG
36,M-1810,item:049371,0.0,KG
36,M-1810,item:055703,0.00406,KG
36,M-1810,item:099439,0.0,KG
36,M-1810,item:338928,0.0,UN
36,M-1810,item:338929,0.0,UN
36,M-1810,item:426331,0.0,UN
36,M-1810,item:693055,0.0,G
36,SDC-1450,item:021081,0.0,KG
37,M-1430,item:038005,0.0,KG
37,M-1430,item:042342,0.0,UN
37,M-1430,item:333362,0.0,UN
37,M-1430,item:344135,0.0,UN
37,M-1430,item:708073,0.0,KG
37,M-1430,item:730384,0.0,M
37,M-1430,item:734545,0.0,UN
37,M-1430,item:773474,0.0,G
37,M-1810,item:001757,0.037536,KG
37,M-1810,item:001848,0.0,KG
37,M-1810,item:001893,0.19285,KG
37,M-1810,item:002612,0.046919,KG
37,M-1810,item:007923,77.139974,G
37,M-1810,item:016332,0.0,KG
37,M-1810,item:029313,0.0,KG
37,M-1810,item:039668,0.0,KG
37,M-1810,item:049371,0.0,KG
37,M-1810,item:055703,0.0,KG
37,M-1810,item:099439,0.0,KG
37,M-1810,item:338928,0.0,UN
37,M-1810,item:338929,0.0,UN
37,M-1810,item:426331,0.275,UN
37,M-1810,item:693055,0.0,G
37,SDC-1450,item:021081,0.0,KG
38,M-1430,item:038005,0.0,KG
38,M-1430,item:042342,0.0,UN
38,M-1430,item:333362,45.454545,UN
38,M-1430,item:344135,31.25,UN
38,M-1430,item:708073,0.0,KG
38,M-1430,item:730384,0.0,M
38,M-1430,item:734545,0.0,UN
38,M-1430,item:773474,225.0,G
38,M-1810,item:001757,0.0,KG
38,M-1810,item:001848,0.086781,KG
38,M-1810,item:001893,0.0,KG
38,M-1810,item:002612,0.0,KG
38,M-1810,item:007923,0.0,G
38,M-1810,item:016332,0.0,KG
38,M-1810,item:029313,0.001015,KG
38,M-1810,item:039668,0.0,KG
38,M-1810,item:049371,0.0,KG
38,M-1810,item:055703,0.0,KG
38,M-1810,item:099439,0.05075,KG
38,M-1810,item:338928,0.0,UN
38,M-1810,item:338929,0.0,UN
38,M-1810,item:426331,0.226849,UN
38,M-1810,item:693055,0.0,G
38,SDC-1450,item:021081,0.0,KG
39,M-1430,item:038005,0.0,KG
39,M-1430,item:042342,0.0,UN
39,M-1430,item:333362,0.0,UN
39,M-1430,item:344135,0.0,UN
39,M-1430,item:708073,0.036961,KG
39,M-1430,item:730384,0.0,M
39,M-1430,item:734545,0.2,UN
39,M-1430,item:773474,45.0,G
39,M-1810,item:001757,0.0,KG
39,M-1810,item:001848,0.025118,KG
39,M-1810,item:001893,0.19285,KG
39,M-1810,item:002612,0.046943,KG
39,M-1810,item:007923,154.279994,G
39,M-1810,item:016332,0.011266,KG
39,M-1810,item:029313,0.0,KG
39,M-1810,item:039668,0.0,KG
39,M-1810,item:049371,0.0,KG
39,M-1810,item:055703,0.001928,KG
39,M-1810,item:099439,0.097669,KG
39,M-1810,item:338928,0.0,UN
39,M-1810,item:338929,0.0,UN
39,M-1810,item:426331,0.0,UN
39,M-1810,item:693055,0.0,G
39,SDC-1450,item:021081,0.0,KG
40,M-1430,item:038005,0.0,KG
40,M-1430,item:042342,0.0,UN
40,M-1430,item:333362,0.0,UN
40,M-1430,item:344135,0.0,UN
40,M-1430,item:708073,0.0,KG
40,M-1430,item:730384,0.0,M
40,M-1430,item:734545,0.2,UN
40,M-1430,item:773474,0.0,G
40,M-1810,item:001757,0.037352,KG
40,M-1810,item:001848,0.058602,KG
40,M-1810,item:001893,0.0,KG
40,M-1810,item:002612,0.046919,KG
40,M-1810,item:007923,0.0,G
40,M-1810,item:016332,0.0,KG
40,M-1810,item:029313,0.000934,KG
40,M-1810,item:039668,0.000837,KG
40,M-1810,item:049371,0.0,KG
40,M-1810,item:055703,0.00203,KG
40,M-1810,item:099439,0.0,KG
40,M-1810,item:338928,0.0,UN
40,M-1810,item:338929,0.0,UN
40,M-1810,item:426331,0.0,UN
40,M-1810,item:693055,0.0,G
40,SDC-1450,item:021081,0.0,KG
41,M-1430,item:038005,0.0,KG
41,M-1430,item:042342,0.0,UN
41,M-1430,item:333362,0.0,UN
41,M-1430,item:344135,0.0,UN
41,M-1430,item:708073,0.0,KG
41,M-1430,item:730384,0.0,M
41,M-1430,item:734545,0.0,UN
41,M-1430,item:773474,0.0,G
41,M-1810,item:001757,0.0,KG
41,M-1810,item:001848,0.0,KG
41,M-1810,item:001893,0.159083,KG
41,M-1810,item:002612,0.05075,KG
41,M-1810,item:007923,1.16499,G
41,M-1810,item:016332,0.01218,KG
41,M-1810,item:029313,0.0,KG
41,M-1810,item:039668,0.0,KG
41,M-1810,item:049371,0.0,KG
41,M-1810,item:055703,0.0,KG
41,M-1810,item:099439,0.0,KG
41,M-1810,item:338928,0.0,UN
41,M-1810,item:338929,0.0,UN
41,M-1810,item:426331,0.226849,UN
41,M-1810,item:693055,0.0,G
41,SDC-1450,item:021081,0.0,KG
42,M-1430,item:038005,0.0,KG
42,M-1430,item:042342,0.0,UN
42,M-1430,item:333362,0.0,UN
42,M-1430,item:344135,0.0,UN
42,M-1430,item:708073,0.073922,KG
42,M-1430,item:730384,25.714286,M
42,M-1430,item:734545,0.037287,UN
42,M-1430,item:773474,45.0,G
42,M-1810,item:001757,0.0,KG
42,M-1810,item:001848,0.0,KG
42,M-1810,item:001893,0.371232,KG
42,M-1810,item:002612,0.041864,KG
42,M-1810,item:007923,0.0,G
42,M-1810,item:016332,0.011559,KG
42,M-1810,item:029313,0.0,KG
42,M-1810,item:039668,0.0,KG
42,M-1810,item:049371,0.0,KG
42,M-1810,item:055703,0.087899,KG
42,M-1810,item:099439,0.0,KG
42,M-1810,item:338928,0.0,UN
42,M-1810,item:338929,0.0,UN
42,M-1810,item:426331,0.25424,UN
42,M-1810,item:693055,0.0,G
42,SDC-1450,item:021081,0.0,KG
43,M-1430,item:038005,0.0,KG
43,M-1430,item:042342,0.0,UN
43,M-1430,item:333362,0.0,UN
43,M-1430,item:344135,0.0,UN
43,M-1430,item:708073,0.0,KG
43,M-1430,item:730384,25.714286,M
43,M-1430,item:734545,0.0,UN
43,M-1430,item:773474,0.0,G
43,M-1810,item:001757,0.0,KG
43,M-1810,item:001848,0.086018,KG
43,M-1810,item:001893,0.376057,KG
43,M-1810,item:002612,0.05075,KG
43,M-1810,item:007923,0.0,G
43,M-1810,item:016332,0.023441,KG
43,M-1810,item:029313,0.0,KG
43,M-1810,item:039668,0.0,KG
43,M-1810,item:049371,0.037555,KG
43,M-1810,item:055703,0.003847,KG
43,M-1810,item:099439,0.0,KG
43,M-1810,item:338928,0.0,UN
43,M-1810,item:338929,0.0,UN
43,M-1810,item:426331,0.275,UN
43,M-1810,item:693055,0.0,G
43,SDC-1450,item:021081,0.0,KG
44,M-1430,item:038005,0.0,KG
44,M-1430,item:042342,0.0,UN
44,M-1430,item:333362,0.0,UN
44,M-1430,item:344135,0.0,UN
44,M-1430,item:708073,0.0,KG
44,M-1430,item:730384,0.0,M
44,M-1430,item:734545,0.14915,UN
44,M-1430,item:773474,45.0,G
44,M-1810,item:001757,0.0,KG
44,M-1810,item:001848,0.055568,KG
44,M-1810,item:001893,0.351933,KG
44,M-1810,item:002612,0.0,KG
44,M-1810,item:007923,0.0,G
44,M-1810,item:016332,0.011266,KG
44,M-1810,item:029313,0.000837,KG
44,M-1810,item:039668,0.001015,KG
44,M-1810,item:049371,0.0,KG
44,M-1810,item:055703,0.0,KG
44,M-1810,item:099439,0.0,KG
44,M-1810,item:338928,0.0,UN
44,M-1810,item:338929,0.0,UN
44,M-1810,item:426331,0.259874,UN
44,M-1810,item:693055,0.0,G
44,SDC-1450,item:021081,0.0,KG
45,M-1430,item:038005,0.0,KG
45,M-1430,item:042342,0.0,UN
45,M-1430,item:333362,0.0,UN
45,M-1430,item:344135,0.0,UN
45,M-1430,item:708073,0.0,KG
45,M-1430,item:730384,0.0,M
45,M-1430,item:734545,0.111504,UN
45,M-1430,item:773474,0.0,G
45,M-1810,item:001757,0.0,KG
45,M-1810,item:001848,0.0,KG
45,M-1810,item:001893,0.0,KG
45,M-1810,item:002612,0.0,KG
45,M-1810,item:007923,0.0,G
45,M-1810,item:016332,0.0,KG
45,M-1810,item:029313,0.0,KG
45,M-1810,item:039668,0.0,KG
45,M-1810,item:049371,0.0,KG
45,M-1810,item:055703,0.001675,KG
45,M-1810,item:099439,0.05075,KG
45,M-1810,item:338928,0.0,UN
45,M-1810,item:338929,0.0,UN
45,M-1810,item:426331,0.253,UN
45,M-1810,item:693055,0.0,G
45,SDC-1450,item:021081,0.0,KG
46,M-1430,item:038005,0.0,KG
46,M-1430,item:042342,0.0,UN
46,M-1430,item:333362,0.0,UN
46,M-1430,item:344135,31.25,UN
46,M-1430,item:708073,0.235211,KG
46,M-1430,item:730384,0.0,M
46,M-1430,item:734545,0.274575,UN
46,M-1430,item:773474,45.0,G
46,M-1810,item:001757,0.0,KG
46,M-1810,item:001848,0.028927,KG
46,M-1810,item:001893,0.356676,KG
46,M-1810,item:002612,0.0,KG
46,M-1810,item:007923,0.0,G
46,M-1810,item:016332,0.010047,KG
46,M-1810,item:029313,0.0,KG
46,M-1810,item:039668,0.0,KG
46,M-1810,item:049371,0.0,KG
46,M-1810,item:055703,0.0,KG
46,M-1810,item:099439,0.088783,KG
46,M-1810,item:338928,0.0,UN
46,M-1810,item:338929,0.0,UN
46,M-1810,item:426331,0.0,UN
46,M-1810,item:693055,0.0,G
46,SDC-1450,item:021081,0.0,KG
47,M-1430,item:038005,0.0,KG
47,M-1430,item:042342,0.0,UN
47,M-1430,item:333362,0.0,UN
47,M-1430,item:344135,0.0,UN
47,M-1430,item:708073,0.110528,KG
47,M-1430,item:730384,0.0,M
47,M-1430,item:734545,0.0,UN
47,M-1430,item:773474,90.0,G
47,M-1810,item:001757,0.0406,KG
47,M-1810,item:001848,0.03045,KG
47,M-1810,item:001893,0.0,KG
47,M-1810,item:002612,0.046943,KG
47,M-1810,item:007923,0.0,G
47,M-1810,item:016332,0.011261,KG
47,M-1810,item:029313,0.0,KG
47,M-1810,item:039668,0.0,KG
47,M-1810,item:049371,0.0,KG
47,M-1810,item:055703,0.00203,KG
47,M-1810,item:099439,0.04821,KG
47,M-1810,item:338928,0.0,UN
47,M-1810,item:338929,0.0,UN
47,M-1810,item:426331,0.226849,UN
47,M-1810,item:693055,0.0,G
47,SDC-1450,item:021081,0.0,KG
48,M-1430,item:038005,0.0,KG
48,M-1430,item:042342,0.0,UN
48,M-1430,item:333362,0.0,UN
48,M-1430,item:344135,0.0,UN
48,M-1430,item:708073,0.0,KG
48,M-1430,item:730384,0.0,M
48,M-1430,item:734545,0.0,UN
48,M-1430,item:773474,45.0,G
48,M-1810,item:001757,0.0,KG
48,M-1810,item:001848,0.058616,KG
48,M-1810,item:001893,0.554311,KG
48,M-1810,item:002612,0.0,KG
48,M-1810,item:007923,0.0,G
48,M-1810,item:016332,0.0,KG
48,M-1810,item:029313,0.001924,KG
48,M-1810,item:039668,0.0,KG
48,M-1810,item:049371,0.0,KG
48,M-1810,item:055703,0.0,KG
48,M-1810,item:099439,0.0,KG
48,M-1810,item:338928,0.0,UN
48,M-1810,item:338929,0.0,UN
48,M-1810,item:426331,0.0,UN
48,M-1810,item:693055,0.0,G
48,SDC-1450,item:021081,0.0,KG
49,M-1430,item:038005,0.0,KG
49,M-1430,item:042342,0.0,UN
49,M-1430,item:333362,0.0,UN
49,M-1430,item:344135,0.0,UN
49,M-1430,item:708073,0.0,KG
49,M-1430,item:730384,0.0,M
49,M-1430,item:734545,0.0,UN
49,M-1430,item:773474,45.0,G
49,M-1810,item:001757,0.0,KG
49,M-1810,item:001848,0.0,KG
49,M-1810,item:001893,0.0,KG
49,M-1810,item:002612,0.05075,KG
49,M-1810,item:007923,0.0,G
49,M-1810,item:016332,0.0,KG
49,M-1810,item:029313,0.000959,KG
49,M-1810,item:039668,0.0,KG
49,M-1810,item:049371,0.0,KG
49,M-1810,item:055703,0.003806,KG
49,M-1810,item:099439,0.0,KG
49,M-1810,item:338928,0.0,UN
49,M-1810,item:338929,0.0,UN
49,M-1810,item:426331,0.0,UN
49,M-1810,item:693055,0.0,G
49,SDC-1450,item:021081,0.0,KG
50,M-1430,item:038005,0.0,KG
50,M-1430,item:042342,0.0,UN
50,M-1430,item:333362,0.0,UN
50,M-1430,item:344135,0.0,UN
50,M-1430,item:708073,0.0,KG
50,M-1430,item:730384,25.714286,M
50,M-1430,item:734545,0.074575,UN
50,M-1430,item:773474,0.0,G
50,M-1810,item:001757,0.0406,KG
50,M-1810,item:001848,0.028897,KG
50,M-1810,item:001893,0.159082,KG
50,M-1810,item:002612,0.098962,KG
50,M-1810,item:007923,0.0,G
50,M-1810,item:016332,0.0,KG
50,M-1810,item:029313,0.0,KG
50,M-1810,item:039668,0.0,KG
50,M-1810,item:049371,0.0,KG
50,M-1810,item:055703,0.003958,KG
50,M-1810,item:099439,0.0,KG
50,M-1810,item:338928,0.0,UN
50,M-1810,item:338929,0.0,UN
50,M-1810,item:426331,0.275,UN
50,M-1810,item:693055,0.0,G
50,SDC-1450,item:021081,0.0,KG
51,M-1430,item:038005,0.0,KG
51,M-1430,item:042342,0.0,UN
51,M-1430,item:333362,0.0,UN
51,M-1430,item:344135,0.0,UN
51,M-1430,item:708073,0.0,KG
51,M-1430,item:730384,0.0,M
51,M-1430,item:734545,0.074575,UN
51,M-1430,item:773474,90.0,G
51,M-1810,item:001757,0.0,KG
51,M-1810,item:001848,0.03045,KG
51,M-1810,item:001893,0.19285,KG
51,M-1810,item:002612,0.05075,KG
51,M-1810,item:007923,0.0,G
51,M-1810,item:016332,0.01218,KG
51,M-1810,item:029313,0.0,KG
51,M-1810,item:039668,0.0,KG
51,M-1810,item:049371,0.0,KG
51,M-1810,item:055703,0.0,KG
51,M-1810,item:099439,0.05075,KG
51,M-1810,item:338928,0.0,UN
51,M-1810,item:338929,64.935065,UN
51,M-1810,item:426331,0.26125,UN
51,M-1810,item:693055,0.0,G
51,SDC-1450,item:021081,0.0,KG
52,M-1430,item:038005,0.0,KG
52,M-1430,item:042342,0.0,UN
52,M-1430,item:333362,0.0,UN
52,M-1430,item:344135,0.0,UN
52,M-1430,item:708073,0.19825,KG
52,M-1430,item:730384,0.0,M
52,M-1430,item:734545,0.0,UN
52,M-1430,item:773474,90.0,G
52,M-1810,item:001757,0.0,KG
52,M-1810,item:001848,0.057855,KG
52,M-1810,item:001893,0.0,KG
52,M-1810,item:002612,0.047959,KG
52,M-1810,item:007923,0.0,G
52,M-1810,item:016332,0.011266,KG
52,M-1810,item:029313,0.000964,KG
52,M-1810,item:039668,0.0,KG
52,M-1810,item:049371,0.0,KG
52,M-1810,item:055703,0.001928,KG
52,M-1810,item:099439,0.0,KG
52,M-1810,item:338928,31.25,UN
52,M-1810,item:338929,0.0,UN
52,M-1810,item:426331,0.501848,UN
52,M-1810,item:693055,0.0,G
52,SDC-1450,item:021081,0.0,KG
53,M-1430,item:038005,0.0,KG
53,M-1430,item:042342,0.0,UN
53,M-1430,item:333362,0.0,UN
53,M-1430,item:344135,0.0,UN
53,M-1430,item:708073,0.0,KG
53,M-1430,item:730384,0.0,M
53,M-1430,item:734545,0.037276,UN
53,M-1430,item:773474,45.0,G
53,M-1810,item:001757,0.0,KG
53,M-1810,item:001848,0.029571,KG
53,M-1810,item:001893,0.19285,KG
53,M-1810,item:002612,0.096425,KG
53,M-1810,item:007923,0.0,G
53,M-1810,item:016332,0.0,KG
53,M-1810,item:029313,0.000964,KG
53,M-1810,item:039668,0.000959,KG
53,M-1810,item:049371,0.0,KG
53,M-1810,item:055703,0.00203,KG
53,M-1810,item:099439,0.05075,KG
53,M-1810,item:338928,0.0,UN
53,M-1810,item:338929,0.0,UN
53,M-1810,item:426331,0.0,UN
53,M-1810,item:693055,0.0,G
53,SDC-1450,item:021081,0.0,KG
54,M-1430,item:038005,0.0,KG
54,M-1430,item:042342,0.0,UN
54,M-1430,item:333362,0.0,UN
54,M-1430,item:344135,0.0,UN
54,M-1430,item:708073,0.073922,KG
54,M-1430,item:730384,0.0,M
54,M-1430,item:734545,0.0,UN
54,M-1430,item:773474,45.0,G
54,M-1810,item:001757,0.0,KG
54,M-1810,item:001848,0.028927,KG
54,M-1810,item:001893,0.57855,KG
54,M-1810,item:002612,0.041864,KG
54,M-1810,item:007923,0.0,G
54,M-1810,item:016332,0.01218,KG
54,M-1810,item:029313,0.0,KG
54,M-1810,item:039668,0.001015,KG
54,M-1810,item:049371,0.0,KG
54,M-1810,item:055703,0.003857,KG
54,M-1810,item:099439,0.145881,KG
54,M-1810,item:338928,0.0,UN
54,M-1810,item:338929,0.0,UN
54,M-1810,item:426331,0.0,UN
54,M-1810,item:693055,0.0,G
54,SDC-1450,item:021081,0.0,KG
55,M-1430,item:038005,0.0,KG
55,M-1430,item:042342,0.0,UN
55,M-1430,item:333362,0.0,UN
55,M-1430,item:344135,0.0,UN
55,M-1430,item:708073,0.0,KG
55,M-1430,item:730384,0.0,M
55,M-1430,item:734545,0.0,UN
55,M-1430,item:773474,135.0,G
55,M-1810,item:001757,0.0,KG
55,M-1810,item:001848,0.086775,KG
55,M-1810,item:001893,0.0,KG
55,M-1810,item:002612,0.05075,KG
55,M-1810,item:007923,0.0,G
55,M-1810,item:016332,0.0,KG
55,M-1810,item:029313,0.0,KG
55,M-1810,item:039668,0.0,KG
55,M-1810,item:049371,0.0,KG
55,M-1810,item:055703,0.0,KG
55,M-1810,item:099439,0.0,KG
55,M-1810,item:338928,0.0,UN
55,M-1810,item:338929,0.0,UN
55,M-1810,item:426331,0.769714,UN
55,M-1810,item:693055,0.0,G
55,SDC-1450,item:021081,0.0,KG
56,M-1430,item:038005,0.0,KG
56,M-1430,item:042342,0.0,UN
56,M-1430,item:333362,0.0,UN
56,M-1430,item:344135,0.0,UN
56,M-1430,item:708073,0.036961,KG
56,M-1430,item:730384,25.714286,M
56,M-1430,item:734545,0.0,UN
56,M-1430,item:773474,90.0,G
56,M-1810,item:001757,0.0,KG
56,M-1810,item:001848,0.0,KG
56,M-1810,item:001893,0.182242,KG
56,M-1810,item:002612,0.05075,KG
56,M-1810,item:007923,0.0,G
56,M-1810,item:016332,0.01218,KG
56,M-1810,item:029313,0.000964,KG
56,M-1810,item:039668,0.000964,KG
56,M-1810,item:049371,0.0,KG
56,M-1810,item:055703,0.0,KG
56,M-1810,item:099439,0.05075,KG
56,M-1810,item:338928,0.0,UN
56,M-1810,item:338929,0.0,UN
56,M-1810,item:426331,0.261239,UN
56,M-1810,item:693055,0.0,G
56,SDC-1450,item:021081,0.0,KG
57,M-1430,item:038005,0.0,KG
57,M-1430,item:042342,0.0,UN
57,M-1430,item:333362,0.0,UN
57,M-1430,item:344135,0.0,UN
57,M-1430,item:708073,0.07392,KG
57,M-1430,item:730384,0.0,M
57,M-1430,item:734545,0.037287,UN
57,M-1430,item:773474,0.0,G
57,M-1810,item:001757,0.0,KG
57,M-1810,item:001848,0.028927,KG
57,M-1810,item:001893,0.361501,KG
57,M-1810,item:002612,0.0,KG
57,M-1810,item:007923,0.0,G
57,M-1810,item:016332,0.0,KG
57,M-1810,item:029313,0.001015,KG
57,M-1810,item:039668,0.0,KG
57,M-1810,item:049371,0.0,KG
57,M-1810,item:055703,0.001928,KG
57,M-1810,item:099439,0.096425,KG
57,M-1810,item:338928,0.0,UN
57,M-1810,item:338929,0.0,UN
57,M-1810,item:426331,0.53625,UN
57,M-1810,item:693055,0.0,G
57,SDC-1450,item:021081,0.0,KG
58,M-1430,item:038005,0.0,KG
58,M-1430,item:042342,0.0,UN
58,M-1430,item:333362,0.0,UN
58,M-1430,item:344135,0.0,UN
58,M-1430,item:708073,0.0,KG
58,M-1430,item:730384,0.0,M
58,M-1430,item:734545,0.037287,UN
58,M-1430,item:773474,45.0,G
58,M-1810,item:001757,0.033491,KG
58,M-1810,item:001848,0.028927,KG
58,M-1810,item:001893,0.366222,KG
58,M-1810,item:002612,0.0,KG
58,M-1810,item:007923,0.0,G
58,M-1810,item:016332,0.010047,KG
58,M-1810,item:029313,0.000964,KG
58,M-1810,item:039668,0.001903,KG
58,M-1810,item:049371,0.0,KG
58,M-1810,item:055703,0.001877,KG
58,M-1810,item:099439,0.095132,KG
58,M-1810,item:338928,0.0,UN
58,M-1810,item:338929,0.0,UN
58,M-1810,item:426331,0.7975,UN
58,M-1810,item:693055,25.714286,G
58,SDC-1450,item:021081,0.0,KG
59,M-1430,item:038005,0.0,KG
59,M-1430,item:042342,0.0,UN
59,M-1430,item:333362,0.0,UN
59,M-1430,item:344135,0.0,UN
59,M-1430,item:708073,0.0,KG
59,M-1430,item:730384,0.0,M
59,M-1430,item:734545,0.0,UN
59,M-1430,item:773474,0.0,G
59,M-1810,item:001757,0.0,KG
59,M-1810,item:001848,0.0,KG
59,M-1810,item:001893,0.0,KG
59,M-1810,item:002612,0.05075,KG
59,M-1810,item:007923,0.0,G
59,M-1810,item:016332,0.0,KG
59,M-1810,item:029313,0.000837,KG
59,M-1810,item:039668,0.004846,KG
59,M-1810,item:049371,0.0,KG
59,M-1810,item:055703,0.003855,KG
59,M-1810,item:099439,0.098962,KG
59,M-1810,item:338928,0.0,UN
59,M-1810,item:338929,0.0,UN
59,M-1810,item:426331,0.0,UN
59,M-1810,item:693055,0.0,G
59,SDC-1450,item:021081,0.0,KG
