day,node_id,item_id,produced_qty,cum_produced_qty,stock_end_of_day
0,M-1430,item:268967,30800.0,30800.0,30800.0
0,M-1810,item:268091,14400.0,14400.0,14400.0
0,SDC-1450,item:773474,2000000.0,2000000.0,11600000.0
1,M-1430,item:268967,0.0,30800.0,30800.0
1,M-1810,item:268091,0.0,14400.0,14400.0
1,SDC-1450,item:773474,1200000.0,3200000.0,1200000.0
2,M-1430,item:268967,0.0,30800.0,0.0
2,M-1810,item:268091,14400.0,28800.0,14400.0
2,SDC-1450,item:773474,2000000.0,5200000.0,2000000.0
3,M-1430,item:268967,0.0,30800.0,0.0
3,M-1810,item:268091,14400.0,43200.0,14400.0
3,SDC-1450,item:773474,2000000.0,7200000.0,2000000.0
4,M-1430,item:268967,0.0,30800.0,0.0
4,M-1810,item:268091,0.0,43200.0,10900.0
4,SDC-1450,item:773474,2000000.0,9200000.0,2000000.0
5,M-1430,item:268967,0.0,30800.0,0.0
5,M-1810,item:268091,0.0,43200.0,9000.0
5,SDC-1450,item:773474,400000.0,9600000.0,400000.0
6,M-1430,item:268967,0.0,30800.0,0.0
6,M-1810,item:268091,14400.0,57600.0,21500.0
6,SDC-1450,item:773474,2000000.0,11600000.0,2000000.0
7,M-1430,item:268967,0.0,30800.0,0.0
7,M-1810,item:268091,14400.0,72000.0,34000.0
7,SDC-1450,item:773474,2000000.0,13600000.0,2000000.0
8,M-1430,item:268967,0.0,30800.0,0.0
8,M-1810,item:268091,0.0,72000.0,32100.0
8,SDC-1450,item:773474,2000000.0,15600000.0,2000000.0
9,M-1430,item:268967,0.0,30800.0,0.0
9,M-1810,item:268091,14400.0,86400.0,14400.0
9,SDC-1450,item:773474,400000.0,16000000.0,400000.0
10,M-1430,item:268967,0.0,30800.0,0.0
10,M-1810,item:268091,14400.0,100800.0,14400.0
10,SDC-1450,item:773474,2000000.0,18000000.0,2000000.0
11,M-1430,item:268967,0.0,30800.0,0.0
11,M-1810,item:268091,14400.0,115200.0,15153.857138
11,SDC-1450,item:773474,2000000.0,20000000.0,2000000.0
12,M-1430,item:268967,0.0,30800.0,0.0
12,M-1810,item:268091,14400.0,129600.0,24451.142852
12,SDC-1450,item:773474,2000000.0,22000000.0,2000000.0
13,M-1430,item:268967,0.0,30800.0,0.0
13,M-1810,item:268091,14400.0,144000.0,33748.428566
13,SDC-1450,item:773474,400000.0,22400000.0,400000.0
14,M-1430,item:268967,0.0,30800.0,0.0
14,M-1810,item:268091,14400.0,158400.0,43045.71428
14,SDC-1450,item:773474,2000000.0,24400000.0,2000000.0
15,M-1430,item:268967,0.0,30800.0,0.0
15,M-1810,item:268091,0.0,158400.0,37942.999994
15,SDC-1450,item:773474,2000000.0,26400000.0,2000000.0
16,M-1430,item:268967,0.0,30800.0,0.0
16,M-1810,item:268091,14400.0,172800.0,14400.0
16,SDC-1450,item:773474,2000000.0,28400000.0,2000000.0
17,M-1430,item:268967,20000.0,50800.0,20000.0
17,M-1810,item:268091,14400.0,187200.0,20327.28571
17,SDC-1450,item:773474,400000.0,28800000.0,400000.0
18,M-1430,item:268967,0.0,50800.0,0.0
18,M-1810,item:268091,14400.0,201600.0,27361.428567
18,SDC-1450,item:773474,2000000.0,30800000.0,2000000.0
19,M-1430,item:268967,0.0,50800.0,0.0
19,M-1810,item:268091,14400.0,216000.0,34395.571424
19,SDC-1450,item:773474,2000000.0,32800000.0,2000000.0
20,M-1430,item:268967,0.0,50800.0,0.0
20,M-1810,item:268091,14400.0,230400.0,41429.714281
20,SDC-1450,item:773474,2000000.0,34800000.0,2000000.0
21,M-1430,item:268967,0.0,50800.0,0.0
21,M-1810,item:268091,14400.0,244800.0,48463.857138
21,SDC-1450,item:773474,400000.0,35200000.0,400000.0
22,M-1430,item:268967,0.0,50800.0,0.0
22,M-1810,item:268091,14400.0,259200.0,55497.999995
22,SDC-1450,item:773474,2000000.0,37200000.0,2000000.0
23,M-1430,item:268967,0.0,50800.0,0.0
23,M-1810,item:268091,14400.0,273600.0,14400.0
23,SDC-1450,item:773474,2000000.0,39200000.0,3429477.0
24,M-1430,item:268967,10000.0,60800.0,10000.0
24,M-1810,item:268091,14400.0,288000.0,14400.0
24,SDC-1450,item:773474,2000000.0,41200000.0,5429477.0
25,M-1430,item:268967,0.0,60800.0,0.0
25,M-1810,item:268091,14400.0,302400.0,14400.0
25,SDC-1450,item:773474,400000.0,41600000.0,5732930.0
26,M-1430,item:268967,10000.0,70800.0,10000.0
26,M-1810,item:268091,14400.0,316800.0,14400.0
26,SDC-1450,item:773474,2000000.0,43600000.0,7732930.0
27,M-1430,item:268967,0.0,70800.0,0.0
27,M-1810,item:268091,14400.0,331200.0,14400.0
27,SDC-1450,item:773474,1200000.0,44800000.0,8836383.0
28,M-1430,item:268967,0.0,70800.0,0.0
28,M-1810,item:268091,14400.0,345600.0,14400.0
28,SDC-1450,item:773474,2000000.0,46800000.0,10836383.0
29,M-1430,item:268967,10000.0,80800.0,10000.0
29,M-1810,item:268091,14400.0,360000.0,14400.0
29,SDC-1450,item:773474,1200000.0,48000000.0,12036383.0
30,M-1430,item:268967,0.0,80800.0,0.0
30,M-1810,item:268091,14400.0,374400.0,28713.999991
30,SDC-1450,item:773474,2000000.0,50000000.0,13939835.0
31,M-1430,item:268967,0.0,80800.0,0.0
31,M-1810,item:268091,379.2208,374779.2208,27130.363659
31,SDC-1450,item:773474,1200000.0,51200000.0,15139835.0
32,M-1430,item:268967,20000.0,100800.0,20000.0
32,M-1810,item:268091,0.0,374779.2208,16794.935088
32,SDC-1450,item:773474,2000000.0,53200000.0,17139835.0
33,M-1430,item:268967,0.0,100800.0,0.0
33,M-1810,item:268091,0.0,374779.2208,6459.506517
33,SDC-1450,item:773474,1200000.0,54400000.0,18146741.0
34,M-1430,item:268967,0.0,100800.0,0.0
34,M-1810,item:268091,14020.7792,388800.0,14020.7792
34,SDC-1450,item:773474,0.0,54400000.0,18146741.0
35,M-1430,item:268967,7000.0,107800.0,7000.0
35,M-1810,item:268091,14400.0,403200.0,14400.0
35,SDC-1450,item:773474,0.0,54400000.0,18146741.0
36,M-1430,item:268967,13000.0,120800.0,13000.0
36,M-1810,item:268091,14400.0,417600.0,18274.000004
36,SDC-1450,item:773474,0.0,54400000.0,18079158.0
37,M-1430,item:268967,0.0,120800.0,0.0
37,M-1810,item:268091,14400.0,432000.0,32674.000004
37,SDC-1450,item:773474,0.0,54400000.0,17953647.0
38,M-1430,item:268967,20000.0,140800.0,20000.0
38,M-1810,item:268091,14400.0,446400.0,40656.857134
38,SDC-1450,item:773474,0.0,54400000.0,17953647.0
39,M-1430,item:268967,10000.0,150800.0,10000.0
39,M-1810,item:268091,14400.0,460800.0,45612.285705
39,SDC-1450,item:773474,0.0,54400000.0,17760552.0
40,M-1430,item:268967,0.0,150800.0,0.0
40,M-1810,item:268091,14400.0,475200.0,50567.714276
40,SDC-1450,item:773474,0.0,54400000.0,17664005.0
41,M-1430,item:268967,0.0,150800.0,0.0
41,M-1810,item:268091,0.0,475200.0,41123.142847
41,SDC-1450,item:773474,0.0,54400000.0,17664005.0
42,M-1430,item:268967,0.0,150800.0,0.0
42,M-1810,item:268091,0.0,475200.0,31678.571418
42,SDC-1450,item:773474,0.0,54400000.0,17664005.0
43,M-1430,item:268967,0.0,150800.0,0.0
43,M-1810,item:268091,14400.0,489600.0,36633.999989
43,SDC-1450,item:773474,0.0,54400000.0,17664005.0
44,M-1430,item:268967,0.0,150800.0,0.0
44,M-1810,item:268091,0.0,489600.0,36633.999989
44,SDC-1450,item:773474,0.0,54400000.0,17664005.0
45,M-1430,item:268967,5995.454545,156795.454545,5995.454545
45,M-1810,item:268091,0.0,489600.0,36633.999989
45,SDC-1450,item:773474,0.0,54400000.0,17664005.0
46,M-1430,item:268967,0.0,156795.454545,0.0
46,M-1810,item:268091,0.0,489600.0,36633.999989
46,SDC-1450,item:773474,0.0,54400000.0,17606121.0
47,M-1430,item:268967,0.0,156795.454545,0.0
47,M-1810,item:268091,0.0,489600.0,36633.999989
47,SDC-1450,item:773474,0.0,54400000.0,17606121.0
48,M-1430,item:268967,0.0,156795.454545,0.0
48,M-1810,item:268091,0.0,489600.0,34712.571429
48,SDC-1450,item:773474,0.0,54400000.0,17606121.0
49,M-1430,item:268967,0.0,156795.454545,0.0
49,M-1810,item:268091,14400.0,504000.0,42052.285715
49,SDC-1450,item:773474,0.0,54400000.0,17606121.0
50,M-1430,item:268967,0.0,156795.454545,0.0
50,M-1810,item:268091,14400.0,518400.0,49392.000001
50,SDC-1450,item:773474,0.0,54400000.0,17606121.0
51,M-1430,item:268967,14545.454545,171340.909091,14545.454545
51,M-1810,item:268091,14400.0,532800.0,14400.0
51,SDC-1450,item:773474,0.0,54400000.0,17606121.0
52,M-1430,item:268967,0.0,171340.909091,0.0
52,M-1810,item:268091,14400.0,547200.0,14400.0
52,SDC-1450,item:773474,0.0,54400000.0,17465688.0
53,M-1430,item:268967,14545.454545,185886.363636,14545.454545
53,M-1810,item:268091,14400.0,561600.0,14400.0
53,SDC-1450,item:773474,0.0,54400000.0,17465688.0
54,M-1430,item:268967,14545.454545,200431.818182,14545.454545
54,M-1810,item:268091,14400.0,576000.0,14400.0
54,SDC-1450,item:773474,0.0,54400000.0,17325256.0
55,M-1430,item:268967,0.0,200431.818182,0.0
55,M-1810,item:268091,14400.0,590400.0,14400.0
55,SDC-1450,item:773474,0.0,54400000.0,17184824.0
56,M-1430,item:268967,0.0,200431.818182,0.0
56,M-1810,item:268091,14400.0,604800.0,14400.0
56,SDC-1450,item:773474,0.0,54400000.0,17184824.0
57,M-1430,item:268967,14545.454545,214977.272727,14545.454545
57,M-1810,item:268091,14400.0,619200.0,14400.0
57,SDC-1450,item:773474,0.0,54400000.0,17184824.0
58,M-1430,item:268967,0.0,214977.272727,0.0
58,M-1810,item:268091,14400.0,633600.0,14400.0
58,SDC-1450,item:773474,0.0,54400000.0,17044392.0
59,M-1430,item:268967,622.727273,215600.0,622.727273
59,M-1810,item:268091,14400.0,648000.0,14400.0
59,SDC-1450,item:773474,0.0,54400000.0,17044392.0
60,M-1430,item:268967,28468.181818,244068.181818,28468.181818
60,M-1810,item:268091,14400.0,662400.0,14400.0
60,SDC-1450,item:773474,0.0,54400000.0,17038379.0
61,M-1430,item:268967,0.0,244068.181818,0.0
61,M-1810,item:268091,14400.0,676800.0,14400.0
61,SDC-1450,item:773474,0.0,54400000.0,16763527.0
62,M-1430,item:268967,0.0,244068.181818,0.0
62,M-1810,item:268091,14400.0,691200.0,14400.0
62,SDC-1450,item:773474,0.0,54400000.0,16763527.0
63,M-1430,item:268967,0.0,244068.181818,0.0
63,M-1810,item:268091,14400.0,705600.0,14400.0
63,SDC-1450,item:773474,0.0,54400000.0,16763527.0
64,M-1430,item:268967,0.0,244068.181818,0.0
64,M-1810,item:268091,14400.0,720000.0,14400.0
64,SDC-1450,item:773474,0.0,54400000.0,16763527.0
65,M-1430,item:268967,43636.363636,287704.545455,43636.363636
65,M-1810,item:268091,14400.0,734400.0,14400.0
65,SDC-1450,item:773474,0.0,54400000.0,16763527.0
66,M-1430,item:268967,14545.454545,302250.0,14545.454545
66,M-1810,item:268091,14400.0,748800.0,14400.0
66,SDC-1450,item:773474,0.0,54400000.0,16342230.0
67,M-1430,item:268967,21150.0,323400.0,21150.0
67,M-1810,item:268091,14400.0,763200.0,14400.0
67,SDC-1450,item:773474,0.0,54400000.0,16201798.0
68,M-1430,item:268967,37031.818182,360431.818182,37031.818182
68,M-1810,item:268091,14400.0,777600.0,14400.0
68,SDC-1450,item:773474,0.0,54400000.0,15997601.0
69,M-1430,item:268967,14545.454545,374977.272727,14545.454545
69,M-1810,item:268091,14400.0,792000.0,14400.0
69,SDC-1450,item:773474,0.0,54400000.0,15640069.0
70,M-1430,item:268967,15822.727273,390800.0,15822.727273
70,M-1810,item:268091,14400.0,806400.0,14868.0
70,SDC-1450,item:773474,2000000.0,56400000.0,17499637.0
71,M-1430,item:268967,10000.0,400800.0,10000.0
71,M-1810,item:268091,14400.0,820800.0,17942.0
71,SDC-1450,item:773474,1200000.0,57600000.0,18546873.0
72,M-1430,item:268967,10000.0,410800.0,10000.0
72,M-1810,item:268091,14400.0,835200.0,32342.0
72,SDC-1450,item:773474,0.0,57600000.0,18450326.0
73,M-1430,item:268967,0.0,410800.0,0.0
73,M-1810,item:268091,14400.0,849600.0,46742.0
73,SDC-1450,item:773474,0.0,57600000.0,18353778.0
74,M-1430,item:268967,0.0,410800.0,0.0
74,M-1810,item:268091,0.0,849600.0,42834.571431
74,SDC-1450,item:773474,0.0,57600000.0,18353778.0
75,M-1430,item:268967,20000.0,430800.0,20000.0
75,M-1810,item:268091,14400.0,864000.0,47677.428574
75,SDC-1450,item:773474,0.0,57600000.0,18353778.0
76,M-1430,item:268967,400.0,431200.0,400.0
76,M-1810,item:268091,14400.0,878400.0,52520.285717
76,SDC-1450,item:773474,0.0,57600000.0,18160684.0
77,M-1430,item:268967,16504.545455,447704.545455,16504.545455
77,M-1810,item:268091,14400.0,892800.0,57363.14286
77,SDC-1450,item:773474,0.0,57600000.0,18156822.0
78,M-1430,item:268967,14545.454545,462250.0,14545.454545
78,M-1810,item:268091,0.0,892800.0,47806.000003
78,SDC-1450,item:773474,0.0,57600000.0,17997475.0
79,M-1430,item:268967,28550.0,490800.0,28550.0
79,M-1810,item:268091,14400.0,907200.0,22203.142856
79,SDC-1450,item:773474,0.0,57600000.0,17857043.0
80,M-1430,item:268967,10000.0,500800.0,37998.999989
80,M-1810,item:268091,14400.0,921600.0,25016.285713
80,SDC-1450,item:773474,0.0,57600000.0,17581401.0
81,M-1430,item:268967,20000.0,520800.0,57998.999989
81,M-1810,item:268091,14400.0,936000.0,27829.42857
81,SDC-1450,item:773474,0.0,57600000.0,17484854.0
82,M-1430,item:268967,0.0,520800.0,57998.999989
82,M-1810,item:268091,14400.0,950400.0,30642.571427
82,SDC-1450,item:773474,0.0,57600000.0,17291759.0
83,M-1430,item:268967,10000.0,530800.0,65678.857142
83,M-1810,item:268091,14400.0,964800.0,33455.714284
83,SDC-1450,item:773474,0.0,57600000.0,17291759.0
84,M-1430,item:268967,8200.0,539000.0,69202.428571
84,M-1810,item:268091,14400.0,979200.0,36268.857141
84,SDC-1450,item:773474,0.0,57600000.0,17195212.0
85,M-1430,item:268967,0.0,539000.0,64526.0
85,M-1810,item:268091,14400.0,993600.0,39081.999998
85,SDC-1450,item:773474,0.0,57600000.0,17116044.0
86,M-1430,item:268967,0.0,539000.0,62457.428559
86,M-1810,item:268091,14400.0,1008000.0,31155.142855
86,SDC-1450,item:773474,0.0,57600000.0,17116044.0
87,M-1430,item:268967,0.0,539000.0,57954.85713
87,M-1810,item:268091,14400.0,1022400.0,33252.285712
87,SDC-1450,item:773474,0.0,57600000.0,17116044.0
88,M-1430,item:268967,0.0,539000.0,53452.285701
88,M-1810,item:268091,14400.0,1036800.0,35349.428569
88,SDC-1450,item:773474,0.0,57600000.0,17116044.0
89,M-1430,item:268967,0.0,539000.0,48949.714272
89,M-1810,item:268091,14400.0,1051200.0,37446.571426
89,SDC-1450,item:773474,0.0,57600000.0,17116044.0
90,M-1430,item:268967,0.0,539000.0,44447.142843
90,M-1810,item:268091,14400.0,1065600.0,39543.714283
90,SDC-1450,item:773474,0.0,57600000.0,17116044.0
91,M-1430,item:268967,0.0,539000.0,39944.571414
91,M-1810,item:268091,14400.0,1080000.0,41640.85714
91,SDC-1450,item:773474,0.0,57600000.0,17116044.0
92,M-1430,item:268967,0.0,539000.0,35441.999985
92,M-1810,item:268091,14400.0,1094400.0,43737.999997
92,SDC-1450,item:773474,0.0,57600000.0,17116044.0
93,M-1430,item:268967,0.0,539000.0,25935.857136
93,M-1810,item:268091,0.0,1094400.0,43737.999997
93,SDC-1450,item:773474,0.0,57600000.0,17116044.0
94,M-1430,item:268967,0.0,539000.0,21099.714279
94,M-1810,item:268091,0.0,1094400.0,43737.999997
94,SDC-1450,item:773474,0.0,57600000.0,17116044.0
95,M-1430,item:268967,107800.0,646800.0,124063.571422
95,M-1810,item:268091,0.0,1094400.0,43737.999997
95,SDC-1450,item:773474,0.0,57600000.0,17116044.0
96,M-1430,item:268967,0.0,646800.0,119227.428565
96,M-1810,item:268091,0.0,1094400.0,43737.999997
96,SDC-1450,item:773474,0.0,57600000.0,16075265.0
97,M-1430,item:268967,0.0,646800.0,114391.285708
97,M-1810,item:268091,0.0,1094400.0,43737.999997
97,SDC-1450,item:773474,0.0,57600000.0,16075265.0
98,M-1430,item:268967,0.0,646800.0,109555.142851
98,M-1810,item:268091,0.0,1094400.0,38043.714279
98,SDC-1450,item:773474,0.0,57600000.0,16075265.0
99,M-1430,item:268967,0.0,646800.0,104718.999994
99,M-1810,item:268091,0.0,1094400.0,29146.999993
99,SDC-1450,item:773474,0.0,57600000.0,16075265.0
100,M-1430,item:268967,0.0,646800.0,90113.571427
100,M-1810,item:268091,0.0,1094400.0,29146.999993
100,SDC-1450,item:773474,0.0,57600000.0,16075265.0
101,M-1430,item:268967,0.0,646800.0,84626.142856
101,M-1810,item:268091,0.0,1094400.0,29146.999993
101,SDC-1450,item:773474,0.0,57600000.0,16075265.0
102,M-1430,item:268967,0.0,646800.0,79138.714285
102,M-1810,item:268091,0.0,1094400.0,29146.999993
102,SDC-1450,item:773474,0.0,57600000.0,16075265.0
103,M-1430,item:268967,0.0,646800.0,73651.285714
103,M-1810,item:268091,0.0,1094400.0,29146.999993
103,SDC-1450,item:773474,0.0,57600000.0,16075265.0
104,M-1430,item:268967,0.0,646800.0,68163.857143
104,M-1810,item:268091,14400.0,1108800.0,39831.999997
104,SDC-1450,item:773474,0.0,57600000.0,16075265.0
105,M-1430,item:268967,0.0,646800.0,62676.428572
105,M-1810,item:268091,14400.0,1123200.0,47480.999997
105,SDC-1450,item:773474,0.0,57600000.0,16075265.0
106,M-1430,item:268967,0.0,646800.0,57189.000001
106,M-1810,item:268091,14400.0,1137600.0,55129.999997
106,SDC-1450,item:773474,0.0,57600000.0,16075265.0
107,M-1430,item:268967,0.0,646800.0,57189.000001
107,M-1810,item:268091,14400.0,1152000.0,14400.0
107,SDC-1450,item:773474,0.0,57600000.0,16075265.0
108,M-1430,item:268967,0.0,646800.0,57189.000001
108,M-1810,item:268091,14400.0,1166400.0,14400.0
108,SDC-1450,item:773474,0.0,57600000.0,16075265.0
109,M-1430,item:268967,0.0,646800.0,57189.000001
109,M-1810,item:268091,14400.0,1180800.0,14400.0
109,SDC-1450,item:773474,0.0,57600000.0,16075265.0
110,M-1430,item:268967,0.0,646800.0,57189.000001
110,M-1810,item:268091,14400.0,1195200.0,14400.0
110,SDC-1450,item:773474,0.0,57600000.0,16075265.0
111,M-1430,item:268967,0.0,646800.0,57189.000001
111,M-1810,item:268091,14400.0,1209600.0,14400.0
111,SDC-1450,item:773474,0.0,57600000.0,16075265.0
112,M-1430,item:268967,0.0,646800.0,57189.000001
112,M-1810,item:268091,14400.0,1224000.0,14400.0
112,SDC-1450,item:773474,0.0,57600000.0,16075265.0
113,M-1430,item:268967,0.0,646800.0,57189.000001
113,M-1810,item:268091,14400.0,1238400.0,14400.0
113,SDC-1450,item:773474,0.0,57600000.0,16075265.0
114,M-1430,item:268967,0.0,646800.0,57189.000001
114,M-1810,item:268091,14400.0,1252800.0,14400.0
114,SDC-1450,item:773474,0.0,57600000.0,16075265.0
115,M-1430,item:268967,0.0,646800.0,57189.000001
115,M-1810,item:268091,14400.0,1267200.0,14400.0
115,SDC-1450,item:773474,0.0,57600000.0,16075265.0
116,M-1430,item:268967,0.0,646800.0,57189.000001
116,M-1810,item:268091,14400.0,1281600.0,19990.0
116,SDC-1450,item:773474,0.0,57600000.0,16075265.0
117,M-1430,item:268967,0.0,646800.0,57189.000001
117,M-1810,item:268091,14400.0,1296000.0,34390.0
117,SDC-1450,item:773474,0.0,57600000.0,16075265.0
118,M-1430,item:268967,0.0,646800.0,57189.000001
118,M-1810,item:268091,14400.0,1310400.0,48790.0
118,SDC-1450,item:773474,0.0,57600000.0,16075265.0
119,M-1430,item:268967,0.0,646800.0,57189.000001
119,M-1810,item:268091,0.0,1310400.0,48790.0
119,SDC-1450,item:773474,0.0,57600000.0,16075265.0
120,M-1430,item:268967,0.0,646800.0,57189.000001
120,M-1810,item:268091,0.0,1310400.0,45724.000007
120,SDC-1450,item:773474,0.0,57600000.0,16075265.0
121,M-1430,item:268967,0.0,646800.0,57189.000001
121,M-1810,item:268091,0.0,1310400.0,45724.000007
121,SDC-1450,item:773474,0.0,57600000.0,16075265.0
122,M-1430,item:268967,0.0,646800.0,57189.000001
122,M-1810,item:268091,0.0,1310400.0,45724.000007
122,SDC-1450,item:773474,0.0,57600000.0,16075265.0
123,M-1430,item:268967,0.0,646800.0,57189.000001
123,M-1810,item:268091,0.0,1310400.0,45724.000007
123,SDC-1450,item:773474,0.0,57600000.0,16075265.0
124,M-1430,item:268967,0.0,646800.0,57189.000001
124,M-1810,item:268091,0.0,1310400.0,45724.000007
124,SDC-1450,item:773474,0.0,57600000.0,16075265.0
125,M-1430,item:268967,0.0,646800.0,57189.000001
125,M-1810,item:268091,0.0,1310400.0,45724.000007
125,SDC-1450,item:773474,0.0,57600000.0,16075265.0
126,M-1430,item:268967,0.0,646800.0,57189.000001
126,M-1810,item:268091,0.0,1310400.0,45724.000007
126,SDC-1450,item:773474,0.0,57600000.0,16075265.0
127,M-1430,item:268967,0.0,646800.0,57189.000001
127,M-1810,item:268091,0.0,1310400.0,45724.000007
127,SDC-1450,item:773474,0.0,57600000.0,16075265.0
128,M-1430,item:268967,0.0,646800.0,57189.000001
128,M-1810,item:268091,0.0,1310400.0,45724.000007
128,SDC-1450,item:773474,0.0,57600000.0,16075265.0
129,M-1430,item:268967,0.0,646800.0,54289.571419
129,M-1810,item:268091,0.0,1310400.0,45724.000007
129,SDC-1450,item:773474,0.0,57600000.0,16075265.0
130,M-1430,item:268967,0.0,646800.0,49306.857133
130,M-1810,item:268091,0.0,1310400.0,45724.000007
130,SDC-1450,item:773474,0.0,57600000.0,16075265.0
131,M-1430,item:268967,0.0,646800.0,44324.142847
131,M-1810,item:268091,0.0,1310400.0,45724.000007
131,SDC-1450,item:773474,0.0,57600000.0,16075265.0
132,M-1430,item:268967,0.0,646800.0,39341.428561
132,M-1810,item:268091,0.0,1310400.0,45724.000007
132,SDC-1450,item:773474,0.0,57600000.0,16075265.0
133,M-1430,item:268967,0.0,646800.0,34358.714275
133,M-1810,item:268091,0.0,1310400.0,45724.000007
133,SDC-1450,item:773474,0.0,57600000.0,16075265.0
134,M-1430,item:268967,107800.0,754600.0,137175.999989
134,M-1810,item:268091,0.0,1310400.0,45571.999991
134,SDC-1450,item:773474,0.0,57600000.0,16075265.0
135,M-1430,item:268967,0.0,754600.0,86865.428558
135,M-1810,item:268091,14400.0,1324800.0,14400.0
135,SDC-1450,item:773474,2000000.0,59600000.0,17034486.0
136,M-1430,item:268967,0.0,754600.0,78860.857129
136,M-1810,item:268091,14400.0,1339200.0,14400.0
136,SDC-1450,item:773474,1200000.0,60800000.0,18234486.0
137,M-1430,item:268967,0.0,754600.0,70856.2857
137,M-1810,item:268091,14400.0,1353600.0,14400.0
137,SDC-1450,item:773474,0.0,60800000.0,18234486.0
138,M-1430,item:268967,0.0,754600.0,62851.714271
138,M-1810,item:268091,14400.0,1368000.0,14400.0
138,SDC-1450,item:773474,0.0,60800000.0,18234486.0
139,M-1430,item:268967,0.0,754600.0,54847.142842
139,M-1810,item:268091,14400.0,1382400.0,14400.0
139,SDC-1450,item:773474,0.0,60800000.0,18234486.0
140,M-1430,item:268967,0.0,754600.0,46842.571413
140,M-1810,item:268091,14400.0,1396800.0,14400.0
140,SDC-1450,item:773474,0.0,60800000.0,18234486.0
141,M-1430,item:268967,0.0,754600.0,38837.999984
141,M-1810,item:268091,14400.0,1411200.0,14400.0
141,SDC-1450,item:773474,0.0,60800000.0,18234486.0
142,M-1430,item:268967,0.0,754600.0,38837.999984
142,M-1810,item:268091,14400.0,1425600.0,14400.0
142,SDC-1450,item:773474,0.0,60800000.0,18234486.0
143,M-1430,item:268967,0.0,754600.0,38837.999984
143,M-1810,item:268091,14400.0,1440000.0,14400.0
143,SDC-1450,item:773474,0.0,60800000.0,18234486.0
144,M-1430,item:268967,0.0,754600.0,38837.999984
144,M-1810,item:268091,14400.0,1454400.0,14400.0
144,SDC-1450,item:773474,0.0,60800000.0,18234486.0
145,M-1430,item:268967,0.0,754600.0,38837.999984
145,M-1810,item:268091,14400.0,1468800.0,14400.0
145,SDC-1450,item:773474,0.0,60800000.0,18234486.0
146,M-1430,item:268967,0.0,754600.0,38837.999984
146,M-1810,item:268091,14400.0,1483200.0,14400.0
146,SDC-1450,item:773474,0.0,60800000.0,18234486.0
147,M-1430,item:268967,0.0,754600.0,38837.999984
147,M-1810,item:268091,14400.0,1497600.0,16705.714276
147,SDC-1450,item:773474,0.0,60800000.0,18234486.0
148,M-1430,item:268967,0.0,754600.0,38837.999984
148,M-1810,item:268091,14400.0,1512000.0,20778.99999
148,SDC-1450,item:773474,0.0,60800000.0,18234486.0
149,M-1430,item:268967,0.0,754600.0,38837.999984
149,M-1810,item:268091,14400.0,1526400.0,14400.0
149,SDC-1450,item:773474,0.0,60800000.0,18234486.0
150,M-1430,item:268967,0.0,754600.0,38837.999984
150,M-1810,item:268091,14400.0,1540800.0,16344.999994
150,SDC-1450,item:773474,0.0,60800000.0,18234486.0
151,M-1430,item:268967,0.0,754600.0,38837.999984
151,M-1810,item:268091,14400.0,1555200.0,19631.999994
151,SDC-1450,item:773474,0.0,60800000.0,18234486.0
152,M-1430,item:268967,0.0,754600.0,38837.999984
152,M-1810,item:268091,14400.0,1569600.0,22918.999994
152,SDC-1450,item:773474,0.0,60800000.0,18234486.0
153,M-1430,item:268967,0.0,754600.0,38837.999984
153,M-1810,item:268091,14400.0,1584000.0,26205.999994
153,SDC-1450,item:773474,0.0,60800000.0,18234486.0
154,M-1430,item:268967,0.0,754600.0,38837.999984
154,M-1810,item:268091,14400.0,1598400.0,29492.999994
154,SDC-1450,item:773474,0.0,60800000.0,18234486.0
155,M-1430,item:268967,0.0,754600.0,38837.999984
155,M-1810,item:268091,14400.0,1612800.0,32779.999994
155,SDC-1450,item:773474,0.0,60800000.0,18234486.0
156,M-1430,item:268967,0.0,754600.0,38837.999984
156,M-1810,item:268091,14400.0,1627200.0,47179.999994
156,SDC-1450,item:773474,0.0,60800000.0,18234486.0
157,M-1430,item:268967,0.0,754600.0,38837.999984
157,M-1810,item:268091,0.0,1627200.0,47179.999994
157,SDC-1450,item:773474,0.0,60800000.0,18234486.0
158,M-1430,item:268967,0.0,754600.0,38837.999984
158,M-1810,item:268091,0.0,1627200.0,45640.714287
158,SDC-1450,item:773474,0.0,60800000.0,18234486.0
159,M-1430,item:268967,0.0,754600.0,38837.999984
159,M-1810,item:268091,14400.0,1641600.0,50798.285716
159,SDC-1450,item:773474,0.0,60800000.0,18234486.0
160,M-1430,item:268967,0.0,754600.0,38837.999984
160,M-1810,item:268091,0.0,1641600.0,41555.857145
160,SDC-1450,item:773474,0.0,60800000.0,18234486.0
161,M-1430,item:268967,0.0,754600.0,38837.999984
161,M-1810,item:268091,0.0,1641600.0,32313.428574
161,SDC-1450,item:773474,0.0,60800000.0,18234486.0
162,M-1430,item:268967,0.0,754600.0,38837.999984
162,M-1810,item:268091,14400.0,1656000.0,37471.000003
162,SDC-1450,item:773474,0.0,60800000.0,18234486.0
163,M-1430,item:268967,107800.0,862400.0,112370.99999
163,M-1810,item:268091,0.0,1656000.0,37471.000003
163,SDC-1450,item:773474,0.0,60800000.0,18234486.0
164,M-1430,item:268967,0.0,862400.0,105409.99999
164,M-1810,item:268091,0.0,1656000.0,37471.000003
164,SDC-1450,item:773474,0.0,60800000.0,17193708.0
165,M-1430,item:268967,0.0,862400.0,98448.99999
165,M-1810,item:268091,0.0,1656000.0,37471.000003
165,SDC-1450,item:773474,0.0,60800000.0,17193708.0
166,M-1430,item:268967,0.0,862400.0,91487.99999
166,M-1810,item:268091,0.0,1656000.0,37471.000003
166,SDC-1450,item:773474,0.0,60800000.0,17193708.0
167,M-1430,item:268967,0.0,862400.0,84526.99999
167,M-1810,item:268091,0.0,1656000.0,34684.71428
167,SDC-1450,item:773474,0.0,60800000.0,17193708.0
168,M-1430,item:268967,107800.0,970200.0,185365.99999
168,M-1810,item:268091,14400.0,1670400.0,42127.857137
168,SDC-1450,item:773474,0.0,60800000.0,17193708.0
169,M-1430,item:268967,0.0,970200.0,178404.99999
169,M-1810,item:268091,14400.0,1684800.0,49570.999994
169,SDC-1450,item:773474,0.0,60800000.0,16152929.0
170,M-1430,item:268967,107800.0,1078000.0,107800.0
170,M-1810,item:268091,14400.0,1699200.0,14400.0
170,SDC-1450,item:773474,0.0,60800000.0,16152929.0
171,M-1430,item:268967,107800.0,1185800.0,112480.714278
171,M-1810,item:268091,14400.0,1713600.0,14400.0
171,SDC-1450,item:773474,2000000.0,62800000.0,17112151.0
172,M-1430,item:268967,107800.0,1293600.0,196594.571421
172,M-1810,item:268091,14400.0,1728000.0,14400.0
172,SDC-1450,item:773474,1200000.0,64000000.0,17271372.0
173,M-1430,item:268967,0.0,1293600.0,172908.428564
173,M-1810,item:268091,14400.0,1742400.0,14400.0
173,SDC-1450,item:773474,0.0,64000000.0,16230593.0
174,M-1430,item:268967,0.0,1293600.0,149222.285707
174,M-1810,item:268091,14400.0,1756800.0,14400.0
174,SDC-1450,item:773474,0.0,64000000.0,16230593.0
175,M-1430,item:268967,0.0,1293600.0,125536.14285
175,M-1810,item:268091,14400.0,1771200.0,15764.142856
175,SDC-1450,item:773474,0.0,64000000.0,16230593.0
176,M-1430,item:268967,0.0,1293600.0,101849.999993
176,M-1810,item:268091,14400.0,1785600.0,19283.999999
176,SDC-1450,item:773474,0.0,64000000.0,16230593.0
177,M-1430,item:268967,0.0,1293600.0,101849.999993
177,M-1810,item:268091,14400.0,1800000.0,14400.0
177,SDC-1450,item:773474,0.0,64000000.0,16230593.0
178,M-1430,item:268967,0.0,1293600.0,101849.999993
178,M-1810,item:268091,14400.0,1814400.0,14400.0
178,SDC-1450,item:773474,0.0,64000000.0,16230593.0
179,M-1430,item:268967,0.0,1293600.0,101849.999993
179,M-1810,item:268091,14400.0,1828800.0,14400.0
179,SDC-1450,item:773474,0.0,64000000.0,16230593.0
180,M-1430,item:268967,0.0,1293600.0,101849.999993
180,M-1810,item:268091,14400.0,1843200.0,14400.0
180,SDC-1450,item:773474,0.0,64000000.0,16230593.0
181,M-1430,item:268967,0.0,1293600.0,101849.999993
181,M-1810,item:268091,14400.0,1857600.0,14400.0
181,SDC-1450,item:773474,0.0,64000000.0,16230593.0
182,M-1430,item:268967,0.0,1293600.0,101849.999993
182,M-1810,item:268091,14400.0,1872000.0,14400.0
182,SDC-1450,item:773474,0.0,64000000.0,16230593.0
183,M-1430,item:268967,0.0,1293600.0,101849.999993
183,M-1810,item:268091,14400.0,1886400.0,14400.0
183,SDC-1450,item:773474,0.0,64000000.0,16230593.0
184,M-1430,item:268967,0.0,1293600.0,101849.999993
184,M-1810,item:268091,14400.0,1900800.0,14400.0
184,SDC-1450,item:773474,0.0,64000000.0,16230593.0
185,M-1430,item:268967,0.0,1293600.0,101849.999993
185,M-1810,item:268091,14400.0,1915200.0,19545.000006
185,SDC-1450,item:773474,0.0,64000000.0,16230593.0
186,M-1430,item:268967,0.0,1293600.0,101849.999993
186,M-1810,item:268091,14400.0,1929600.0,33945.000006
186,SDC-1450,item:773474,0.0,64000000.0,16230593.0
187,M-1430,item:268967,0.0,1293600.0,101849.999993
187,M-1810,item:268091,14400.0,1944000.0,48345.000006
187,SDC-1450,item:773474,0.0,64000000.0,16230593.0
188,M-1430,item:268967,0.0,1293600.0,101849.999993
188,M-1810,item:268091,0.0,1944000.0,48345.000006
188,SDC-1450,item:773474,0.0,64000000.0,16230593.0
189,M-1430,item:268967,0.0,1293600.0,101849.999993
189,M-1810,item:268091,0.0,1944000.0,48345.000006
189,SDC-1450,item:773474,0.0,64000000.0,16230593.0
190,M-1430,item:268967,0.0,1293600.0,101849.999993
190,M-1810,item:268091,0.0,1944000.0,48345.000006
190,SDC-1450,item:773474,0.0,64000000.0,16230593.0
191,M-1430,item:268967,0.0,1293600.0,101849.999993
191,M-1810,item:268091,14400.0,1958400.0,30468.285707
191,SDC-1450,item:773474,0.0,64000000.0,16230593.0
192,M-1430,item:268967,0.0,1293600.0,101849.999993
192,M-1810,item:268091,14400.0,1972800.0,34334.571421
192,SDC-1450,item:773474,0.0,64000000.0,16230593.0
193,M-1430,item:268967,0.0,1293600.0,101849.999993
193,M-1810,item:268091,14400.0,1987200.0,38200.857135
193,SDC-1450,item:773474,0.0,64000000.0,16230593.0
194,M-1430,item:268967,0.0,1293600.0,101849.999993
194,M-1810,item:268091,14400.0,2001600.0,42067.142849
194,SDC-1450,item:773474,0.0,64000000.0,16230593.0
195,M-1430,item:268967,0.0,1293600.0,101849.999993
195,M-1810,item:268091,14400.0,2016000.0,45933.428563
195,SDC-1450,item:773474,0.0,64000000.0,16230593.0
196,M-1430,item:268967,0.0,1293600.0,101849.999993
196,M-1810,item:268091,0.0,2016000.0,35399.714277
196,SDC-1450,item:773474,0.0,64000000.0,16230593.0
197,M-1430,item:268967,0.0,1293600.0,101849.999993
197,M-1810,item:268091,14400.0,2030400.0,39265.999991
197,SDC-1450,item:773474,0.0,64000000.0,16230593.0
198,M-1430,item:268967,0.0,1293600.0,101849.999993
198,M-1810,item:268091,0.0,2030400.0,39265.999991
198,SDC-1450,item:773474,0.0,64000000.0,16230593.0
199,M-1430,item:268967,0.0,1293600.0,101849.999993
199,M-1810,item:268091,0.0,2030400.0,39265.999991
199,SDC-1450,item:773474,0.0,64000000.0,16230593.0
200,M-1430,item:268967,0.0,1293600.0,101849.999993
200,M-1810,item:268091,0.0,2030400.0,39265.999991
200,SDC-1450,item:773474,0.0,64000000.0,16230593.0
201,M-1430,item:268967,0.0,1293600.0,101849.999993
201,M-1810,item:268091,0.0,2030400.0,39265.999991
201,SDC-1450,item:773474,0.0,64000000.0,16230593.0
202,M-1430,item:268967,0.0,1293600.0,101849.999993
202,M-1810,item:268091,0.0,2030400.0,39265.999991
202,SDC-1450,item:773474,0.0,64000000.0,16230593.0
203,M-1430,item:268967,0.0,1293600.0,101849.999993
203,M-1810,item:268091,14400.0,2044800.0,53665.999991
203,SDC-1450,item:773474,0.0,64000000.0,16230593.0
204,M-1430,item:268967,0.0,1293600.0,101849.999993
204,M-1810,item:268091,14400.0,2059200.0,64269.000001
204,SDC-1450,item:773474,0.0,64000000.0,16230593.0
205,M-1430,item:268967,0.0,1293600.0,101849.999993
205,M-1810,item:268091,14400.0,2073600.0,14400.0
205,SDC-1450,item:773474,0.0,64000000.0,16230593.0
206,M-1430,item:268967,0.0,1293600.0,101849.999993
206,M-1810,item:268091,14400.0,2088000.0,14400.0
206,SDC-1450,item:773474,0.0,64000000.0,16230593.0
207,M-1430,item:268967,0.0,1293600.0,101849.999993
207,M-1810,item:268091,14400.0,2102400.0,14400.0
207,SDC-1450,item:773474,0.0,64000000.0,16230593.0
208,M-1430,item:268967,0.0,1293600.0,101849.999993
208,M-1810,item:268091,14400.0,2116800.0,14400.0
208,SDC-1450,item:773474,0.0,64000000.0,16230593.0
209,M-1430,item:268967,0.0,1293600.0,101849.999993
209,M-1810,item:268091,14400.0,2131200.0,14400.0
209,SDC-1450,item:773474,0.0,64000000.0,16230593.0
210,M-1430,item:268967,0.0,1293600.0,101849.999993
210,M-1810,item:268091,14400.0,2145600.0,14400.0
210,SDC-1450,item:773474,0.0,64000000.0,16230593.0
211,M-1430,item:268967,0.0,1293600.0,101849.999993
211,M-1810,item:268091,14400.0,2160000.0,14400.0
211,SDC-1450,item:773474,0.0,64000000.0,16230593.0
212,M-1430,item:268967,0.0,1293600.0,101849.999993
212,M-1810,item:268091,14400.0,2174400.0,14400.0
212,SDC-1450,item:773474,0.0,64000000.0,16230593.0
213,M-1430,item:268967,0.0,1293600.0,101849.999993
213,M-1810,item:268091,14400.0,2188800.0,14400.0
213,SDC-1450,item:773474,0.0,64000000.0,16230593.0
214,M-1430,item:268967,0.0,1293600.0,101849.999993
214,M-1810,item:268091,14400.0,2203200.0,17482.000003
214,SDC-1450,item:773474,0.0,64000000.0,16230593.0
215,M-1430,item:268967,0.0,1293600.0,101849.999993
215,M-1810,item:268091,14400.0,2217600.0,31882.000003
215,SDC-1450,item:773474,0.0,64000000.0,16230593.0
216,M-1430,item:268967,0.0,1293600.0,101849.999993
216,M-1810,item:268091,14400.0,2232000.0,46282.000003
216,SDC-1450,item:773474,0.0,64000000.0,16230593.0
217,M-1430,item:268967,0.0,1293600.0,101849.999993
217,M-1810,item:268091,0.0,2232000.0,46282.000003
217,SDC-1450,item:773474,0.0,64000000.0,16230593.0
218,M-1430,item:268967,0.0,1293600.0,101849.999993
218,M-1810,item:268091,0.0,2232000.0,46282.000003
218,SDC-1450,item:773474,0.0,64000000.0,16230593.0
219,M-1430,item:268967,0.0,1293600.0,101849.999993
219,M-1810,item:268091,0.0,2232000.0,46282.000003
219,SDC-1450,item:773474,0.0,64000000.0,16230593.0
220,M-1430,item:268967,0.0,1293600.0,101849.999993
220,M-1810,item:268091,0.0,2232000.0,46282.000003
220,SDC-1450,item:773474,0.0,64000000.0,16230593.0
221,M-1430,item:268967,0.0,1293600.0,101849.999993
221,M-1810,item:268091,0.0,2232000.0,46282.000003
221,SDC-1450,item:773474,0.0,64000000.0,16230593.0
222,M-1430,item:268967,0.0,1293600.0,101849.999993
222,M-1810,item:268091,0.0,2232000.0,46282.000003
222,SDC-1450,item:773474,0.0,64000000.0,16230593.0
223,M-1430,item:268967,0.0,1293600.0,101849.999993
223,M-1810,item:268091,0.0,2232000.0,46282.000003
223,SDC-1450,item:773474,0.0,64000000.0,16230593.0
224,M-1430,item:268967,0.0,1293600.0,101849.999993
224,M-1810,item:268091,0.0,2232000.0,46282.000003
224,SDC-1450,item:773474,0.0,64000000.0,16230593.0
225,M-1430,item:268967,0.0,1293600.0,101849.999993
225,M-1810,item:268091,0.0,2232000.0,46282.000003
225,SDC-1450,item:773474,0.0,64000000.0,16230593.0
226,M-1430,item:268967,0.0,1293600.0,101849.999993
226,M-1810,item:268091,0.0,2232000.0,46282.000003
226,SDC-1450,item:773474,0.0,64000000.0,16230593.0
227,M-1430,item:268967,0.0,1293600.0,101849.999993
227,M-1810,item:268091,0.0,2232000.0,46282.000003
227,SDC-1450,item:773474,0.0,64000000.0,16230593.0
228,M-1430,item:268967,0.0,1293600.0,101849.999993
228,M-1810,item:268091,0.0,2232000.0,46282.000003
228,SDC-1450,item:773474,0.0,64000000.0,16230593.0
229,M-1430,item:268967,0.0,1293600.0,101849.999993
229,M-1810,item:268091,0.0,2232000.0,46282.000003
229,SDC-1450,item:773474,0.0,64000000.0,16230593.0
230,M-1430,item:268967,0.0,1293600.0,101849.999993
230,M-1810,item:268091,0.0,2232000.0,46282.000003
230,SDC-1450,item:773474,0.0,64000000.0,16230593.0
231,M-1430,item:268967,0.0,1293600.0,101849.999993
231,M-1810,item:268091,0.0,2232000.0,46282.000003
231,SDC-1450,item:773474,0.0,64000000.0,16230593.0
232,M-1430,item:268967,0.0,1293600.0,101849.999993
232,M-1810,item:268091,0.0,2232000.0,46282.000003
232,SDC-1450,item:773474,0.0,64000000.0,16230593.0
233,M-1430,item:268967,0.0,1293600.0,101849.999993
233,M-1810,item:268091,0.0,2232000.0,43609.857139
233,SDC-1450,item:773474,0.0,64000000.0,16230593.0
234,M-1430,item:268967,0.0,1293600.0,101849.999993
234,M-1810,item:268091,0.0,2232000.0,38298.714282
234,SDC-1450,item:773474,0.0,64000000.0,16230593.0
235,M-1430,item:268967,0.0,1293600.0,101849.999993
235,M-1810,item:268091,0.0,2232000.0,32987.571425
235,SDC-1450,item:773474,0.0,64000000.0,16230593.0
236,M-1430,item:268967,0.0,1293600.0,101849.999993
236,M-1810,item:268091,0.0,2232000.0,27676.428568
236,SDC-1450,item:773474,0.0,64000000.0,16230593.0
237,M-1430,item:268967,0.0,1293600.0,101849.999993
237,M-1810,item:268091,0.0,2232000.0,22365.285711
237,SDC-1450,item:773474,0.0,64000000.0,16230593.0
238,M-1430,item:268967,0.0,1293600.0,101849.999993
238,M-1810,item:268091,14400.0,2246400.0,31454.142854
238,SDC-1450,item:773474,0.0,64000000.0,16230593.0
239,M-1430,item:268967,0.0,1293600.0,101849.999993
239,M-1810,item:268091,14400.0,2260800.0,40542.999997
239,SDC-1450,item:773474,0.0,64000000.0,16230593.0
240,M-1430,item:268967,107800.0,1401400.0,139957.285708
240,M-1810,item:268091,14400.0,2275200.0,14400.0
240,SDC-1450,item:773474,0.0,64000000.0,16230593.0
241,M-1430,item:268967,0.0,1401400.0,128855.571422
241,M-1810,item:268091,14400.0,2289600.0,14400.0
241,SDC-1450,item:773474,2000000.0,66000000.0,17189815.0
242,M-1430,item:268967,0.0,1401400.0,117753.857136
242,M-1810,item:268091,14400.0,2304000.0,14400.0
242,SDC-1450,item:773474,1200000.0,67200000.0,18389815.0
243,M-1430,item:268967,0.0,1401400.0,106652.14285
243,M-1810,item:268091,14400.0,2318400.0,14400.0
243,SDC-1450,item:773474,0.0,67200000.0,18389815.0
244,M-1430,item:268967,0.0,1401400.0,95550.428564
244,M-1810,item:268091,14400.0,2332800.0,14400.0
244,SDC-1450,item:773474,0.0,67200000.0,18389815.0
245,M-1430,item:268967,0.0,1401400.0,84448.714278
245,M-1810,item:268091,14400.0,2347200.0,14400.0
245,SDC-1450,item:773474,0.0,67200000.0,18389815.0
246,M-1430,item:268967,0.0,1401400.0,73346.999992
246,M-1810,item:268091,14400.0,2361600.0,14400.0
246,SDC-1450,item:773474,0.0,67200000.0,18389815.0
247,M-1430,item:268967,0.0,1401400.0,73346.999992
247,M-1810,item:268091,14400.0,2376000.0,14400.0
247,SDC-1450,item:773474,0.0,67200000.0,18389815.0
248,M-1430,item:268967,0.0,1401400.0,73346.999992
248,M-1810,item:268091,14400.0,2390400.0,14400.0
248,SDC-1450,item:773474,0.0,67200000.0,18389815.0
249,M-1430,item:268967,0.0,1401400.0,73346.999992
249,M-1810,item:268091,14400.0,2404800.0,18052.999994
249,SDC-1450,item:773474,0.0,67200000.0,18389815.0
250,M-1430,item:268967,0.0,1401400.0,73346.999992
250,M-1810,item:268091,14400.0,2419200.0,22928.999994
250,SDC-1450,item:773474,0.0,67200000.0,18389815.0
251,M-1430,item:268967,0.0,1401400.0,73346.999992
251,M-1810,item:268091,14400.0,2433600.0,27804.999994
251,SDC-1450,item:773474,0.0,67200000.0,18389815.0
252,M-1430,item:268967,0.0,1401400.0,73346.999992
252,M-1810,item:268091,14400.0,2448000.0,32680.999994
252,SDC-1450,item:773474,0.0,67200000.0,18389815.0
253,M-1430,item:268967,0.0,1401400.0,73346.999992
253,M-1810,item:268091,14400.0,2462400.0,37556.999994
253,SDC-1450,item:773474,0.0,67200000.0,18389815.0
254,M-1430,item:268967,0.0,1401400.0,73346.999992
254,M-1810,item:268091,14400.0,2476800.0,48940.857139
254,SDC-1450,item:773474,0.0,67200000.0,18389815.0
255,M-1430,item:268967,0.0,1401400.0,73346.999992
255,M-1810,item:268091,0.0,2476800.0,39850.714282
255,SDC-1450,item:773474,0.0,67200000.0,18389815.0
256,M-1430,item:268967,0.0,1401400.0,73346.999992
256,M-1810,item:268091,14400.0,2491200.0,45160.571425
256,SDC-1450,item:773474,0.0,67200000.0,18389815.0
257,M-1430,item:268967,0.0,1401400.0,73346.999992
257,M-1810,item:268091,14400.0,2505600.0,50470.428568
257,SDC-1450,item:773474,0.0,67200000.0,18389815.0
258,M-1430,item:268967,0.0,1401400.0,73346.999992
258,M-1810,item:268091,0.0,2505600.0,41380.285711
258,SDC-1450,item:773474,0.0,67200000.0,18389815.0
259,M-1430,item:268967,0.0,1401400.0,73346.999992
259,M-1810,item:268091,14400.0,2520000.0,46690.142854
259,SDC-1450,item:773474,0.0,67200000.0,18389815.0
260,M-1430,item:268967,0.0,1401400.0,73346.999992
260,M-1810,item:268091,14400.0,2534400.0,51999.999997
260,SDC-1450,item:773474,0.0,67200000.0,18389815.0
261,M-1430,item:268967,0.0,1401400.0,73346.999992
261,M-1810,item:268091,14400.0,2548800.0,41602.714285
261,SDC-1450,item:773474,0.0,67200000.0,18389815.0
262,M-1430,item:268967,0.0,1401400.0,73346.999992
262,M-1810,item:268091,14400.0,2563200.0,45865.428571
262,SDC-1450,item:773474,0.0,67200000.0,18389815.0
263,M-1430,item:268967,0.0,1401400.0,73346.999992
263,M-1810,item:268091,14400.0,2577600.0,50128.142857
263,SDC-1450,item:773474,0.0,67200000.0,18389815.0
264,M-1430,item:268967,0.0,1401400.0,73346.999992
264,M-1810,item:268091,14400.0,2592000.0,54390.857143
264,SDC-1450,item:773474,0.0,67200000.0,18389815.0
265,M-1430,item:268967,0.0,1401400.0,73346.999992
265,M-1810,item:268091,0.0,2592000.0,44253.571429
265,SDC-1450,item:773474,0.0,67200000.0,18389815.0
266,M-1430,item:268967,0.0,1401400.0,73346.999992
266,M-1810,item:268091,14400.0,2606400.0,48516.285715
266,SDC-1450,item:773474,0.0,67200000.0,18389815.0
267,M-1430,item:268967,0.0,1401400.0,73346.999992
267,M-1810,item:268091,14400.0,2620800.0,52779.000001
267,SDC-1450,item:773474,0.0,67200000.0,18389815.0
268,M-1430,item:268967,0.0,1401400.0,73346.999992
268,M-1810,item:268091,14400.0,2635200.0,14400.0
268,SDC-1450,item:773474,0.0,67200000.0,18389815.0
269,M-1430,item:268967,0.0,1401400.0,73346.999992
269,M-1810,item:268091,14400.0,2649600.0,14400.0
269,SDC-1450,item:773474,0.0,67200000.0,18389815.0
270,M-1430,item:268967,0.0,1401400.0,73346.999992
270,M-1810,item:268091,14400.0,2664000.0,14400.0
270,SDC-1450,item:773474,0.0,67200000.0,18389815.0
271,M-1430,item:268967,0.0,1401400.0,67653.285716
271,M-1810,item:268091,14400.0,2678400.0,14680.428571
271,SDC-1450,item:773474,0.0,67200000.0,18389815.0
272,M-1430,item:268967,0.0,1401400.0,61464.857145
272,M-1810,item:268091,14400.0,2692800.0,15879.285714
272,SDC-1450,item:773474,0.0,67200000.0,18389815.0
273,M-1430,item:268967,0.0,1401400.0,55276.428574
273,M-1810,item:268091,14400.0,2707200.0,17078.142857
273,SDC-1450,item:773474,0.0,67200000.0,18389815.0
274,M-1430,item:268967,0.0,1401400.0,49088.000003
274,M-1810,item:268091,14400.0,2721600.0,18277.0
274,SDC-1450,item:773474,0.0,67200000.0,18389815.0
275,M-1430,item:268967,0.0,1401400.0,49088.000003
275,M-1810,item:268091,14400.0,2736000.0,32677.0
275,SDC-1450,item:773474,0.0,67200000.0,18389815.0
276,M-1430,item:268967,0.0,1401400.0,49088.000003
276,M-1810,item:268091,14400.0,2750400.0,47077.0
276,SDC-1450,item:773474,0.0,67200000.0,18389815.0
277,M-1430,item:268967,0.0,1401400.0,49088.000003
277,M-1810,item:268091,0.0,2750400.0,47077.0
277,SDC-1450,item:773474,0.0,67200000.0,18389815.0
278,M-1430,item:268967,0.0,1401400.0,49088.000003
278,M-1810,item:268091,0.0,2750400.0,47077.0
278,SDC-1450,item:773474,0.0,67200000.0,18389815.0
279,M-1430,item:268967,0.0,1401400.0,49088.000003
279,M-1810,item:268091,0.0,2750400.0,47077.0
279,SDC-1450,item:773474,0.0,67200000.0,18389815.0
280,M-1430,item:268967,0.0,1401400.0,49088.000003
280,M-1810,item:268091,0.0,2750400.0,47077.0
280,SDC-1450,item:773474,0.0,67200000.0,18389815.0
281,M-1430,item:268967,0.0,1401400.0,49088.000003
281,M-1810,item:268091,0.0,2750400.0,47077.0
281,SDC-1450,item:773474,0.0,67200000.0,18389815.0
282,M-1430,item:268967,0.0,1401400.0,49088.000003
282,M-1810,item:268091,0.0,2750400.0,38815.14285
282,SDC-1450,item:773474,0.0,67200000.0,18389815.0
283,M-1430,item:268967,0.0,1401400.0,49088.000003
283,M-1810,item:268091,14400.0,2764800.0,43980.285707
283,SDC-1450,item:773474,0.0,67200000.0,18389815.0
284,M-1430,item:268967,0.0,1401400.0,49088.000003
284,M-1810,item:268091,14400.0,2779200.0,49145.428564
284,SDC-1450,item:773474,0.0,67200000.0,18389815.0
285,M-1430,item:268967,0.0,1401400.0,48857.28572
285,M-1810,item:268091,0.0,2779200.0,39910.571421
285,SDC-1450,item:773474,0.0,67200000.0,18389815.0
286,M-1430,item:268967,0.0,1401400.0,44858.857149
286,M-1810,item:268091,14400.0,2793600.0,45075.714278
286,SDC-1450,item:773474,0.0,67200000.0,18389815.0
287,M-1430,item:268967,0.0,1401400.0,40860.428578
287,M-1810,item:268091,14400.0,2808000.0,50240.857135
287,SDC-1450,item:773474,0.0,67200000.0,18389815.0
288,M-1430,item:268967,0.0,1401400.0,36862.000007
288,M-1810,item:268091,14400.0,2822400.0,55405.999992
288,SDC-1450,item:773474,0.0,67200000.0,18389815.0
289,M-1430,item:268967,0.0,1401400.0,24236.428566
289,M-1810,item:268091,14400.0,2836800.0,44675.428559
289,SDC-1450,item:773474,0.0,67200000.0,18389815.0
290,M-1430,item:268967,0.0,1401400.0,19662.857137
290,M-1810,item:268091,14400.0,2851200.0,48780.85713
290,SDC-1450,item:773474,0.0,67200000.0,18389815.0
291,M-1430,item:268967,107800.0,1509200.0,122889.285708
291,M-1810,item:268091,14400.0,2865600.0,52886.285701
291,SDC-1450,item:773474,0.0,67200000.0,18389815.0
292,M-1430,item:268967,0.0,1509200.0,118315.714279
292,M-1810,item:268091,0.0,2865600.0,42591.714272
292,SDC-1450,item:773474,0.0,67200000.0,17349036.0
293,M-1430,item:268967,0.0,1509200.0,113742.14285
293,M-1810,item:268091,14400.0,2880000.0,46697.142843
293,SDC-1450,item:773474,0.0,67200000.0,17349036.0
294,M-1430,item:268967,0.0,1509200.0,109168.571421
294,M-1810,item:268091,14400.0,2894400.0,50802.571414
294,SDC-1450,item:773474,0.0,67200000.0,17349036.0
295,M-1430,item:268967,0.0,1509200.0,104594.999992
295,M-1810,item:268091,14400.0,2908800.0,54907.999985
295,SDC-1450,item:773474,0.0,67200000.0,17349036.0
296,M-1430,item:268967,0.0,1509200.0,76788.571433
296,M-1810,item:268091,14400.0,2923200.0,41767.714281
296,SDC-1450,item:773474,0.0,67200000.0,17349036.0
297,M-1430,item:268967,0.0,1509200.0,70666.142862
297,M-1810,item:268091,14400.0,2937600.0,44723.428567
297,SDC-1450,item:773474,0.0,67200000.0,17349036.0
298,M-1430,item:268967,0.0,1509200.0,64543.714291
298,M-1810,item:268091,14400.0,2952000.0,47679.142853
298,SDC-1450,item:773474,0.0,67200000.0,17349036.0
299,M-1430,item:268967,0.0,1509200.0,58421.28572
299,M-1810,item:268091,14400.0,2966400.0,50634.857139
299,SDC-1450,item:773474,0.0,67200000.0,17349036.0
300,M-1430,item:268967,0.0,1509200.0,52298.857149
300,M-1810,item:268091,14400.0,2980800.0,53590.571425
300,SDC-1450,item:773474,0.0,67200000.0,17349036.0
301,M-1430,item:268967,0.0,1509200.0,46176.428578
301,M-1810,item:268091,0.0,2980800.0,42146.285711
301,SDC-1450,item:773474,0.0,67200000.0,17349036.0
302,M-1430,item:268967,0.0,1509200.0,40054.000007
302,M-1810,item:268091,0.0,2980800.0,30701.999997
302,SDC-1450,item:773474,0.0,67200000.0,17349036.0
303,M-1430,item:268967,0.0,1509200.0,40054.000007
303,M-1810,item:268091,0.0,2980800.0,30701.999997
303,SDC-1450,item:773474,0.0,67200000.0,17349036.0
304,M-1430,item:268967,0.0,1509200.0,40054.000007
304,M-1810,item:268091,0.0,2980800.0,30701.999997
304,SDC-1450,item:773474,0.0,67200000.0,17349036.0
305,M-1430,item:268967,0.0,1509200.0,40054.000007
305,M-1810,item:268091,0.0,2980800.0,30701.999997
305,SDC-1450,item:773474,0.0,67200000.0,17349036.0
306,M-1430,item:268967,0.0,1509200.0,40054.000007
306,M-1810,item:268091,0.0,2980800.0,30701.999997
306,SDC-1450,item:773474,0.0,67200000.0,17349036.0
307,M-1430,item:268967,0.0,1509200.0,40054.000007
307,M-1810,item:268091,0.0,2980800.0,30701.999997
307,SDC-1450,item:773474,0.0,67200000.0,17349036.0
308,M-1430,item:268967,0.0,1509200.0,40054.000007
308,M-1810,item:268091,14400.0,2995200.0,45101.999997
308,SDC-1450,item:773474,0.0,67200000.0,17349036.0
309,M-1430,item:268967,0.0,1509200.0,40054.000007
309,M-1810,item:268091,0.0,2995200.0,45101.999997
309,SDC-1450,item:773474,0.0,67200000.0,17349036.0
310,M-1430,item:268967,107800.0,1617000.0,107800.0
310,M-1810,item:268091,14400.0,3009600.0,16017.714283
310,SDC-1450,item:773474,0.0,67200000.0,17349036.0
311,M-1430,item:268967,0.0,1617000.0,83599.142868
311,M-1810,item:268091,14400.0,3024000.0,20274.428569
311,SDC-1450,item:773474,0.0,67200000.0,16308258.0
312,M-1430,item:268967,0.0,1617000.0,75899.714297
312,M-1810,item:268091,14400.0,3038400.0,24531.142855
312,SDC-1450,item:773474,0.0,67200000.0,16308258.0
313,M-1430,item:268967,0.0,1617000.0,68200.285726
313,M-1810,item:268091,14400.0,3052800.0,28787.857141
313,SDC-1450,item:773474,0.0,67200000.0,16308258.0
314,M-1430,item:268967,0.0,1617000.0,60500.857155
314,M-1810,item:268091,14400.0,3067200.0,33044.571427
314,SDC-1450,item:773474,0.0,67200000.0,16308258.0
315,M-1430,item:268967,0.0,1617000.0,52801.428584
315,M-1810,item:268091,14400.0,3081600.0,37301.285713
315,SDC-1450,item:773474,0.0,67200000.0,16308258.0
316,M-1430,item:268967,0.0,1617000.0,45102.000013
316,M-1810,item:268091,0.0,3081600.0,27157.999999
316,SDC-1450,item:773474,0.0,67200000.0,16308258.0
317,M-1430,item:268967,0.0,1617000.0,45102.000013
317,M-1810,item:268091,0.0,3081600.0,27157.999999
317,SDC-1450,item:773474,0.0,67200000.0,16308258.0
318,M-1430,item:268967,0.0,1617000.0,45102.000013
318,M-1810,item:268091,0.0,3081600.0,27157.999999
318,SDC-1450,item:773474,0.0,67200000.0,16308258.0
319,M-1430,item:268967,0.0,1617000.0,45102.000013
319,M-1810,item:268091,0.0,3081600.0,27157.999999
319,SDC-1450,item:773474,0.0,67200000.0,16308258.0
320,M-1430,item:268967,0.0,1617000.0,45102.000013
320,M-1810,item:268091,0.0,3081600.0,27157.999999
320,SDC-1450,item:773474,0.0,67200000.0,16308258.0
321,M-1430,item:268967,0.0,1617000.0,45102.000013
321,M-1810,item:268091,0.0,3081600.0,27157.999999
321,SDC-1450,item:773474,0.0,67200000.0,16308258.0
322,M-1430,item:268967,0.0,1617000.0,45102.000013
322,M-1810,item:268091,14400.0,3096000.0,41557.999999
322,SDC-1450,item:773474,0.0,67200000.0,16308258.0
323,M-1430,item:268967,0.0,1617000.0,45102.000013
323,M-1810,item:268091,14400.0,3110400.0,55957.999999
323,SDC-1450,item:773474,0.0,67200000.0,16308258.0
324,M-1430,item:268967,0.0,1617000.0,45102.000013
324,M-1810,item:268091,14400.0,3124800.0,14400.0
324,SDC-1450,item:773474,0.0,67200000.0,16308258.0
325,M-1430,item:268967,0.0,1617000.0,44333.000008
325,M-1810,item:268091,28800.0,3153600.0,28800.0
325,SDC-1450,item:773474,0.0,67200000.0,16308258.0
326,M-1430,item:268967,0.0,1617000.0,39228.000008
326,M-1810,item:268091,28800.0,3182400.0,28800.0
326,SDC-1450,item:773474,0.0,67200000.0,16308258.0
327,M-1430,item:268967,0.0,1617000.0,34123.000008
327,M-1810,item:268091,28800.0,3211200.0,28800.0
327,SDC-1450,item:773474,0.0,67200000.0,16308258.0
328,M-1430,item:268967,0.0,1617000.0,29018.000008
328,M-1810,item:268091,28800.0,3240000.0,28800.0
328,SDC-1450,item:773474,0.0,67200000.0,16308258.0
329,M-1430,item:268967,107800.0,1724800.0,131713.000008
329,M-1810,item:268091,28800.0,3268800.0,28800.0
329,SDC-1450,item:773474,0.0,67200000.0,16308258.0
330,M-1430,item:268967,0.0,1724800.0,126608.000008
330,M-1810,item:268091,28800.0,3297600.0,28800.0
330,SDC-1450,item:773474,2000000.0,69200000.0,17267479.0
331,M-1430,item:268967,0.0,1724800.0,95111.571443
331,M-1810,item:268091,28800.0,3326400.0,28800.0
331,SDC-1450,item:773474,1200000.0,70400000.0,18467479.0
332,M-1430,item:268967,0.0,1724800.0,88247.142872
332,M-1810,item:268091,28800.0,3355200.0,35170.999994
332,SDC-1450,item:773474,0.0,70400000.0,18467479.0
333,M-1430,item:268967,0.0,1724800.0,81382.714301
333,M-1810,item:268091,14400.0,3369600.0,33366.999994
333,SDC-1450,item:773474,0.0,70400000.0,18467479.0
334,M-1430,item:268967,0.0,1724800.0,74518.28573
334,M-1810,item:268091,14400.0,3384000.0,31562.999994
334,SDC-1450,item:773474,0.0,70400000.0,18467479.0
335,M-1430,item:268967,0.0,1724800.0,67653.857159
335,M-1810,item:268091,14400.0,3398400.0,29758.999994
335,SDC-1450,item:773474,0.0,70400000.0,18467479.0
336,M-1430,item:268967,0.0,1724800.0,60789.428588
336,M-1810,item:268091,14400.0,3412800.0,27954.999994
336,SDC-1450,item:773474,0.0,70400000.0,18467479.0
337,M-1430,item:268967,0.0,1724800.0,53925.000017
337,M-1810,item:268091,14400.0,3427200.0,26150.999994
337,SDC-1450,item:773474,0.0,70400000.0,18467479.0
338,M-1430,item:268967,0.0,1724800.0,53925.000017
338,M-1810,item:268091,14400.0,3441600.0,40550.999994
338,SDC-1450,item:773474,0.0,70400000.0,18467479.0
339,M-1430,item:268967,0.0,1724800.0,53925.000017
339,M-1810,item:268091,14400.0,3456000.0,54950.999994
339,SDC-1450,item:773474,0.0,70400000.0,18467479.0
340,M-1430,item:268967,0.0,1724800.0,53925.000017
340,M-1810,item:268091,0.0,3456000.0,54950.999994
340,SDC-1450,item:773474,0.0,70400000.0,18467479.0
341,M-1430,item:268967,0.0,1724800.0,53925.000017
341,M-1810,item:268091,0.0,3456000.0,54950.999994
341,SDC-1450,item:773474,0.0,70400000.0,18467479.0
342,M-1430,item:268967,0.0,1724800.0,53925.000017
342,M-1810,item:268091,0.0,3456000.0,54950.999994
342,SDC-1450,item:773474,0.0,70400000.0,18467479.0
343,M-1430,item:268967,0.0,1724800.0,53925.000017
343,M-1810,item:268091,0.0,3456000.0,54950.999994
343,SDC-1450,item:773474,0.0,70400000.0,18467479.0
344,M-1430,item:268967,0.0,1724800.0,53925.000017
344,M-1810,item:268091,0.0,3456000.0,54950.999994
344,SDC-1450,item:773474,0.0,70400000.0,18467479.0
345,M-1430,item:268967,0.0,1724800.0,47458.714299
345,M-1810,item:268091,0.0,3456000.0,51424.285705
345,SDC-1450,item:773474,0.0,70400000.0,18467479.0
346,M-1430,item:268967,0.0,1724800.0,42654.428585
346,M-1810,item:268091,14400.0,3470400.0,55056.571419
346,SDC-1450,item:773474,0.0,70400000.0,18467479.0
347,M-1430,item:268967,0.0,1724800.0,37850.142871
347,M-1810,item:268091,0.0,3470400.0,44288.857133
347,SDC-1450,item:773474,0.0,70400000.0,18467479.0
348,M-1430,item:268967,0.0,1724800.0,33045.857157
348,M-1810,item:268091,14400.0,3484800.0,47921.142847
348,SDC-1450,item:773474,0.0,70400000.0,18467479.0
349,M-1430,item:268967,0.0,1724800.0,28241.571443
349,M-1810,item:268091,14400.0,3499200.0,51553.428561
349,SDC-1450,item:773474,0.0,70400000.0,18467479.0
350,M-1430,item:268967,107800.0,1832600.0,131237.285729
350,M-1810,item:268091,14400.0,3513600.0,55185.714275
350,SDC-1450,item:773474,0.0,70400000.0,18467479.0
351,M-1430,item:268967,0.0,1832600.0,126433.000015
351,M-1810,item:268091,28800.0,3542400.0,28800.0
351,SDC-1450,item:773474,0.0,70400000.0,17426700.0
352,M-1430,item:268967,0.0,1832600.0,84231.571446
352,M-1810,item:268091,28800.0,3571200.0,28800.0
352,SDC-1450,item:773474,0.0,70400000.0,17426700.0
353,M-1430,item:268967,0.0,1832600.0,76934.142875
353,M-1810,item:268091,28800.0,3600000.0,28800.0
353,SDC-1450,item:773474,0.0,70400000.0,17426700.0
354,M-1430,item:268967,0.0,1832600.0,69636.714304
354,M-1810,item:268091,28800.0,3628800.0,28800.0
354,SDC-1450,item:773474,0.0,70400000.0,17426700.0
355,M-1430,item:268967,0.0,1832600.0,62339.285733
355,M-1810,item:268091,28800.0,3657600.0,28800.0
355,SDC-1450,item:773474,0.0,70400000.0,17426700.0
356,M-1430,item:268967,0.0,1832600.0,55041.857162
356,M-1810,item:268091,28800.0,3686400.0,28800.0
356,SDC-1450,item:773474,0.0,70400000.0,17426700.0
357,M-1430,item:268967,0.0,1832600.0,47744.428591
357,M-1810,item:268091,28800.0,3715200.0,28800.0
357,SDC-1450,item:773474,0.0,70400000.0,17426700.0
358,M-1430,item:268967,0.0,1832600.0,40447.00002
358,M-1810,item:268091,28800.0,3744000.0,28800.0
358,SDC-1450,item:773474,0.0,70400000.0,17426700.0
359,M-1430,item:268967,0.0,1832600.0,40447.00002
359,M-1810,item:268091,28800.0,3772800.0,28800.0
359,SDC-1450,item:773474,0.0,70400000.0,17426700.0
360,M-1430,item:268967,0.0,1832600.0,40447.00002
360,M-1810,item:268091,14400.0,3787200.0,40948.571429
360,SDC-1450,item:773474,0.0,70400000.0,17426700.0
361,M-1430,item:268967,0.0,1832600.0,40447.00002
361,M-1810,item:268091,14400.0,3801600.0,48509.714291
361,SDC-1450,item:773474,0.0,70400000.0,17426700.0
362,M-1430,item:268967,0.0,1832600.0,40447.00002
362,M-1810,item:268091,14400.0,3816000.0,46043.428577
362,SDC-1450,item:773474,0.0,70400000.0,17426700.0
363,M-1430,item:268967,0.0,1832600.0,40447.00002
363,M-1810,item:268091,14400.0,3830400.0,43577.142863
363,SDC-1450,item:773474,0.0,70400000.0,17426700.0
364,M-1430,item:268967,0.0,1832600.0,40447.00002
364,M-1810,item:268091,14400.0,3844800.0,41110.857149
364,SDC-1450,item:773474,0.0,70400000.0,17426700.0
