day,demand,served,backlog_end,arrivals_qty,produced_qty,shipped_qty,inventory_total,holding_cost_day,warehouse_operating_cost_day,inventory_risk_cost_day,legacy_raw_holding_cost_day,transport_cost_day,purchase_cost_day,external_procured_ordered_qty,external_procured_arrived_qty,external_procured_rejected_qty,estimated_source_ordered_qty,estimated_source_arrived_qty,estimated_source_rejected_qty,supplier_capacity_binding_qty
0,40.0,0.0,40.0,25712.3915,40.0,331.2827,853237.0573,1407.6614,1809.8503,804.3779,4021.8896,1823.2166,53.8067,0.0,0.0,0.0,0.0,25505.887,0.0,0.0
1,47.5,43.75,43.75,25872.3915,38.0,178.1697,902950.8617,1503.6416,1933.2535,859.2238,4296.1188,790.6744,2.5492,0.0,0.0,0.0,0.0,25505.887,0.0,0.0
2,52.5,26.25,70.0,25387.5915,49.6,137.3215,951797.8555,1599.2036,2056.1189,913.8306,4569.1532,636.2944,2.375,0.0,0.0,0.0,0.0,25505.887,0.0,0.0
3,60.0,130.0,0.0,25597.5915,57.92,170.6787,1000401.8987,1694.8061,2179.0364,968.4606,4842.303,800.479,2.8766,0.0,0.0,0.0,0.0,25505.887,0.0,0.0
4,55.0,55.0,0.0,25495.1415,55.584,75.8322,1049162.0175,1790.3465,2301.8741,1023.0551,5115.2757,278.6292,1.881,0.0,0.0,0.0,0.0,25505.887,0.0,0.0
5,50.0,50.0,0.0,25589.1435,51.1168,66.3451,1098200.2091,1886.0123,2424.8729,1077.7213,5388.6065,237.3542,1.6959,0.0,0.0,0.0,0.0,25505.887,0.0,0.0
6,45.0,45.0,0.0,25460.3415,46.2234,56.4298,1147310.2785,1981.6388,2547.8213,1132.365,5661.8252,194.7961,1.4979,0.0,0.0,0.0,0.0,25505.887,0.0,0.0
7,40.0,40.0,0.0,25376.5515,41.2447,46.4289,1196111.9882,2076.8835,2670.2788,1186.7906,5933.9528,151.9814,1.2973,0.0,0.0,0.0,0.0,25077.3155,0.0,0.0
8,47.5,47.5,0.0,25424.1175,46.2489,188.5784,1244621.6427,2172.063,2792.6524,1241.1788,6205.8942,712.6263,2.8199,0.0,0.0,0.0,0.0,25077.3155,0.0,0.0
9,52.5,52.5,0.0,25426.8839,51.2498,222.2083,1292905.5916,2267.1802,2914.9459,1295.5315,6477.6576,674.5524,3.2572,0.0,0.0,0.0,0.0,25077.3155,0.0,0.0
10,60.0,60.0,0.0,25629.127,58.25,265.6103,1341075.1414,2362.4259,3037.4047,1349.9576,6749.7882,839.3181,3.8978,0.0,0.0,0.0,0.0,25077.3155,0.0,0.0
11,55.0,55.0,0.0,25509.0639,55.65,166.2764,1389327.6618,2457.616,3159.792,1404.352,7021.7599,314.9849,2.8522,0.0,0.0,0.0,0.0,25077.3155,0.0,0.0
12,50.0,50.0,0.0,25612.717,51.13,149.3955,1437877.3039,2552.9013,3282.3017,1458.8007,7294.0037,270.6142,2.5868,0.0,0.0,0.0,0.0,25077.3155,0.0,0.0
13,45.0,45.0,0.0,25541.5666,46.226,131.5053,1486564.8513,2648.1665,3404.7855,1513.238,7566.1901,224.8381,2.3031,0.0,0.0,0.0,0.0,25077.3155,0.0,0.0
14,40.0,40.0,0.0,25378.3384,41.2452,113.4133,1535301.3434,2743.3622,3527.18,1567.6356,7838.1778,178.7809,2.0157,0.0,0.0,0.0,0.0,25077.3155,0.0,0.0
15,47.5,47.5,0.0,25426.6354,46.249,221.5659,1583780.5243,2838.5125,3649.516,1622.0071,8110.0356,725.8264,3.2042,0.0,0.0,0.0,0.0,25077.3155,0.0,0.0
16,52.5,52.5,0.0,25527.4697,51.2498,222.2105,1632165.0561,2933.7468,3771.9602,1676.4267,8382.1337,674.5587,3.3175,0.0,0.0,0.0,0.0,25077.3155,0.0,0.0
17,60.0,60.0,0.0,25597.2197,58.25,265.6104,1680302.6983,3028.9532,3894.3685,1730.8304,8654.1521,839.3185,3.9012,0.0,0.0,0.0,0.0,25077.3155,0.0,0.0
18,55.0,55.0,0.0,25664.2937,55.65,166.2764,1728710.4486,3124.2482,4016.8905,1785.2847,8926.4234,314.9849,2.8522,0.0,0.0,0.0,0.0,25077.3155,0.0,0.0
19,50.0,50.0,0.0,24407.7936,51.13,149.3955,1776055.1674,3218.5639,4138.1536,1839.1794,9195.8968,270.6142,2.5868,0.0,0.0,0.0,0.0,25077.3155,0.0,0.0
20,45.0,45.0,0.0,24492.5366,46.226,131.5053,1821715.1686,3312.6995,4259.1851,1892.9712,9464.8558,224.8381,2.3031,0.0,0.0,0.0,0.0,23098.7995,0.0,0.0
21,40.0,40.0,0.0,24740.378,41.2452,113.4133,1844736.3848,3354.2137,4312.5604,1916.6935,9583.4676,178.7809,2.0157,0.0,0.0,0.0,0.0,0.0,0.0,0.0
22,47.5,47.5,0.0,24517.5853,46.249,221.5659,1867229.2001,3395.5459,4365.7019,1940.3119,9701.5597,725.8264,3.2042,0.0,0.0,0.0,0.0,0.0,0.0,0.0
23,52.5,52.5,0.0,24584.0605,51.2498,222.2105,1889593.0071,3436.9158,4418.8918,1963.9519,9819.7595,674.5587,3.3175,0.0,0.0,0.0,0.0,0.0,0.0,0.0
24,60.0,60.0,0.0,24548.9954,58.25,265.6104,1911605.1095,3478.2235,4472.0016,1987.5563,9937.7814,839.3185,3.9012,0.0,0.0,0.0,0.0,0.0,0.0,0.0
25,55.0,55.0,0.0,24511.6397,55.65,166.2764,1933782.8903,3519.5057,4525.0788,2011.1461,10055.7306,314.9849,2.8522,0.0,0.0,0.0,0.0,0.0,0.0,0.0
26,50.0,50.0,0.0,24721.8431,51.13,149.3955,1956364.343,3560.988,4578.4131,2034.8503,10174.2514,270.6142,2.5868,0.0,0.0,0.0,0.0,0.0,0.0,0.0
27,45.0,45.0,0.0,24577.5437,46.226,131.5053,1979010.5519,3602.3895,4631.6436,2058.5083,10292.5413,224.8381,2.3031,0.0,0.0,0.0,0.0,0.0,0.0,0.0
28,40.0,40.0,0.0,24420.1243,41.2452,113.4133,2001711.5144,3643.7227,4684.7864,2082.1273,10410.6364,178.7809,2.0157,0.0,0.0,0.0,0.0,0.0,0.0,0.0
29,47.5,47.5,0.0,24615.7436,46.249,221.5659,2024302.4881,3685.1379,4738.0345,2105.7931,10528.9655,725.8264,3.2042,0.0,0.0,0.0,0.0,0.0,0.0,0.0
30,47.5,47.5,0.0,24466.4388,47.2498,171.6964,2046756.0353,3726.4249,4791.1177,2129.3856,10646.9281,437.2951,2.7269,0.0,0.0,0.0,0.0,0.0,0.0,0.0
31,47.5,47.5,0.0,24535.5042,47.45,172.2225,2069270.5235,3767.8075,4844.3239,2153.0328,10765.1642,438.0277,2.7364,0.0,0.0,0.0,0.0,0.0,0.0,0.0
32,47.5,47.5,0.0,24579.4028,47.49,172.3278,2091827.2855,3809.2065,4897.5512,2176.6894,10883.4471,438.1742,2.7383,0.0,0.0,0.0,0.0,0.0,0.0,0.0
33,47.5,47.5,0.0,24551.2276,47.498,172.3488,2114355.5473,3850.5843,4950.7513,2200.3339,11001.6695,438.2035,2.7387,0.0,0.0,0.0,0.0,0.0,0.0,0.0
34,47.5,47.5,0.0,24636.5172,47.4996,172.353,2136969.0337,3892.0494,5004.0635,2224.0282,11120.1411,438.2093,2.7388,0.0,0.0,0.0,0.0,0.0,0.0,0.0
35,47.5,47.5,0.0,24454.3714,47.4999,172.3539,2159400.3613,3933.3251,5057.1323,2247.6143,11238.0717,438.2105,2.7388,0.0,0.0,0.0,0.0,0.0,0.0,0.0
36,47.5,47.5,0.0,24530.5653,47.5,172.354,2181907.8803,3974.7028,5110.3321,2271.2587,11356.2936,438.2107,2.7388,0.0,0.0,0.0,0.0,0.0,0.0,0.0
37,47.5,47.5,0.0,24655.237,47.5,172.3541,2204540.0703,4016.1441,5163.6138,2294.9395,11474.6974,438.2108,2.7388,0.0,0.0,0.0,0.0,0.0,0.0,0.0
38,47.5,47.5,0.0,24579.946,47.5,172.3541,2227096.9693,4057.543,5216.841,2318.596,11592.98,438.2108,2.7388,0.0,0.0,0.0,0.0,0.0,0.0,0.0
39,47.5,47.5,0.0,18543.4984,47.5,172.3541,2243617.4207,4098.9378,5270.0629,2342.2502,11711.2509,438.2108,2.7388,0.0,0.0,0.0,0.0,0.0,0.0,0.0
40,47.5,47.5,0.0,18519.3707,47.5,172.3541,2260113.7444,4140.3129,5323.2594,2365.8931,11829.4654,438.2108,2.7388,0.0,0.0,0.0,0.0,0.0,0.0,0.0
41,47.5,47.5,0.0,18495.4982,47.5,172.3541,2276586.1955,4181.6487,5376.4055,2389.5135,11947.5677,438.2108,2.7388,0.0,0.0,0.0,0.0,0.0,0.0,0.0
42,47.5,47.5,0.0,18401.2238,47.5,172.3541,2292964.3723,4222.9659,5429.5276,2413.1234,12065.617,438.2108,2.7388,0.0,0.0,0.0,0.0,0.0,0.0,0.0
43,47.5,47.5,0.0,18572.7305,47.5,172.3541,2309514.0558,4264.4046,5482.8059,2436.8026,12184.0132,438.2108,2.7388,0.0,0.0,0.0,0.0,0.0,0.0,0.0
44,47.5,47.5,0.0,18489.5519,47.5,172.3541,2325980.5607,4305.7159,5535.9205,2460.4091,12302.0455,438.2108,2.7388,0.0,0.0,0.0,0.0,0.0,0.0,0.0
45,47.5,47.5,0.0,18519.5226,47.5,172.3541,2342477.0362,4347.0911,5589.1172,2484.0521,12420.2604,438.2108,2.7388,0.0,0.0,0.0,0.0,0.0,0.0,0.0
46,47.5,47.5,0.0,18448.0991,47.5,172.3541,2358902.0883,4388.427,5642.2633,2507.6726,12538.363,438.2108,2.7388,0.0,0.0,0.0,0.0,0.0,0.0,0.0
47,47.5,47.5,0.0,18667.6725,47.5,172.3541,2375546.7137,4429.9244,5695.6171,2531.3854,12656.9269,438.2108,2.7388,0.0,0.0,0.0,58.195,0.0,0.0,0.0
48,47.5,47.5,0.0,18495.5699,47.5,172.3541,2392019.2366,4471.2995,5748.8136,2555.0283,12775.1413,438.2108,2.7388,0.0,0.0,0.0,77.14,0.0,0.0,0.0
49,47.5,47.5,0.0,18489.6053,47.5,172.3541,2408485.7948,4512.6108,5801.9282,2578.6348,12893.1738,438.2108,2.7388,0.0,0.0,0.0,77.14,0.0,0.0,0.0
50,47.5,47.5,0.0,18691.4141,47.5,172.3541,2425154.1619,4554.0886,5855.2568,2602.3363,13011.6817,438.2108,2.7388,0.0,0.0,0.0,77.14,0.0,0.0,0.0
51,47.5,47.5,0.0,18448.0889,47.5,172.3541,2441579.2037,4595.4245,5908.4029,2625.9568,13129.7842,438.2108,2.7388,0.0,0.0,0.0,77.14,0.0,0.0,0.0
52,47.5,47.5,0.0,18469.7275,47.5,172.3541,2458025.8842,4636.7987,5961.5983,2649.5993,13247.9963,438.2108,2.7388,0.0,0.0,0.0,77.14,0.0,0.0,0.0
53,47.5,47.5,0.0,18469.5446,47.5,172.3541,2474472.3817,4678.1532,6014.7683,2673.2304,13366.1519,438.2108,2.7388,0.0,0.0,0.0,77.14,0.0,0.0,0.0
54,47.5,47.5,0.0,18540.4953,47.5,172.3541,2491048.025,4719.5749,6068.0249,2696.9,13484.4998,438.2108,2.7388,0.0,0.0,0.0,77.14,58.195,0.0,0.0
55,47.5,47.5,0.0,18516.8757,47.5,172.3541,2507618.9937,4760.9733,6121.2514,2720.5562,13602.7808,438.2108,2.7388,0.0,0.0,0.0,77.14,77.14,0.0,0.0
56,47.5,47.5,0.0,18469.3859,47.5,172.3541,2524142.4725,4802.3913,6174.503,2744.2236,13721.1179,438.2108,2.7388,0.0,0.0,0.0,77.14,77.14,0.0,0.0
57,47.5,47.5,0.0,18534.7059,47.5,172.3541,2540731.2713,4843.8435,6227.7988,2767.9106,13839.5528,438.2108,2.7388,0.0,0.0,0.0,77.14,77.14,0.0,0.0
58,47.5,47.5,0.0,18617.6728,47.5,172.3541,2557403.037,4885.3641,6281.1824,2791.6366,13958.1832,438.2108,2.7388,0.0,0.0,0.0,77.14,77.14,0.0,0.0
59,47.5,47.5,0.0,18493.1834,47.5,172.3541,2573950.3134,4926.7625,6334.4089,2815.2929,14076.4643,438.2108,2.7388,0.0,0.0,0.0,77.14,77.14,0.0,0.0
60,47.5,47.5,0.0,18439.774,47.5,172.3541,2590444.1803,4968.1364,6387.604,2838.9351,14194.6755,438.2108,2.7388,0.0,0.0,0.0,77.14,77.14,0.0,0.0
61,47.5,47.5,0.0,18546.8353,47.5,172.3541,2607045.1086,5009.6378,6440.9629,2862.6502,14313.2509,438.2108,2.7388,0.0,0.0,0.0,77.14,77.14,0.0,0.0
62,47.5,47.5,0.0,18487.273,47.5,172.3541,2623586.4746,5051.0314,6494.1832,2886.3036,14431.5182,438.2108,2.7388,0.0,0.0,0.0,77.14,77.14,0.0,0.0
63,47.5,47.5,0.0,18564.5426,47.5,172.3541,2640205.1102,5092.4886,6547.4854,2909.9935,14549.9674,438.2108,2.7388,0.0,0.0,0.0,77.14,77.14,0.0,0.0
64,47.5,47.5,0.0,18469.7799,47.5,172.3541,2656728.983,5133.9696,6600.818,2933.6969,14668.4845,438.2108,2.7388,0.0,0.0,0.0,77.14,77.14,0.0,0.0
65,47.5,47.5,0.0,18369.0953,47.5,172.3541,2673152.1713,5175.3871,6654.0692,2957.3641,14786.8204,438.2108,2.7388,0.0,0.0,0.0,77.14,77.14,0.0,0.0
66,47.5,47.5,0.0,18362.9677,47.5,172.3541,2689569.232,5216.7604,6707.2634,2981.006,14905.0298,438.2108,2.7388,0.0,0.0,0.0,77.14,77.14,0.0,0.0
67,47.5,47.5,0.0,18463.9139,47.5,172.3541,2706087.2389,5258.2366,6760.5899,3004.7066,15023.5331,438.2108,2.7388,0.0,0.0,0.0,77.14,77.14,0.0,0.0
68,47.5,47.5,0.0,18446.309,47.5,172.3541,2722587.6408,5299.7178,6813.9229,3028.4102,15142.0509,438.2108,2.7388,0.0,0.0,0.0,77.14,77.14,0.0,0.0
69,47.5,47.5,0.0,18368.9899,47.5,172.3541,2739010.7237,5341.1352,6867.1739,3052.0773,15260.3863,438.2108,2.7388,0.0,0.0,0.0,77.14,77.14,0.0,0.0
70,47.5,47.5,0.0,18268.1801,47.5,172.3541,2755332.9967,5382.4695,6920.318,3075.6969,15378.4844,438.2108,2.7388,0.0,0.0,0.0,77.14,77.14,0.0,0.0
71,47.5,47.5,0.0,18464.1399,47.5,172.3541,2771851.2295,5423.9067,6973.5943,3099.3753,15496.8763,438.2108,2.7388,0.0,0.0,0.0,77.14,77.14,0.0,0.0
72,47.5,47.5,0.0,18488.0547,47.5,172.3541,2788393.3772,5465.3832,7026.9213,3123.0761,15615.3806,438.2108,2.7388,0.0,0.0,0.0,77.14,77.14,0.0,0.0
73,47.5,47.5,0.0,18517.3207,47.5,172.3541,2804964.7909,5506.9034,7080.3044,3146.8019,15734.0097,438.2108,2.7388,0.0,0.0,0.0,77.14,77.14,0.0,0.0
74,47.5,47.5,0.0,18416.3994,47.5,172.3541,2821435.2833,5548.3403,7133.5804,3170.4802,15852.401,438.2108,2.7388,0.0,0.0,0.0,77.14,77.14,0.0,0.0
75,47.5,47.5,0.0,18315.4989,47.5,172.3541,2837804.8752,5589.6941,7186.7496,3194.1109,15970.5546,438.2108,2.7388,0.0,0.0,0.0,77.14,77.14,0.0,0.0
76,47.5,47.5,0.0,18517.3782,47.5,172.3541,2854376.3463,5631.2339,7240.1579,3217.848,16089.2398,438.2108,2.7388,0.0,0.0,0.0,77.14,77.14,0.0,0.0
77,47.5,47.5,0.0,18262.9545,47.5,172.3541,2870693.3938,5672.603,7293.3468,3241.4875,16207.4373,438.2108,2.7388,0.0,0.0,0.0,77.14,77.14,0.0,0.0
78,47.5,47.5,0.0,18269.0991,47.5,187.4396,2887001.5003,5714.0236,7346.6017,3265.1563,16325.7817,498.408,2.8897,0.0,0.0,0.0,77.14,77.14,0.0,0.0
79,47.5,47.5,0.0,18440.8385,50.5171,401.6536,2903270.1223,5755.3136,7399.6889,3288.7506,16443.7531,1353.2077,5.0318,0.0,0.0,0.0,77.14,77.14,0.0,0.0
80,47.5,47.5,0.0,18316.24,96.377,401.6536,2919459.5957,5796.5965,7452.7669,3312.3408,16561.7042,1353.2077,5.0318,0.0,0.0,0.0,77.14,77.14,0.0,0.0
81,47.5,47.5,0.0,18292.907,141.6335,401.6536,2935670.5881,5837.916,7505.892,3335.952,16679.7601,1353.2077,5.0318,0.0,0.0,0.0,77.14,77.14,0.0,0.0
82,47.5,47.5,0.0,18215.4377,177.718,401.6536,2951839.8731,5879.1812,7558.9472,3359.5321,16797.6605,1353.2077,5.0318,0.0,0.0,0.0,77.14,77.14,0.0,0.0
83,47.5,47.5,0.0,18464.9007,204.7512,401.6536,2968285.4126,5920.6542,7612.2696,3383.231,16916.1548,1353.2077,5.0318,0.0,0.0,0.0,77.14,77.14,0.0,0.0
84,47.5,47.5,0.0,18522.015,224.5675,401.6536,2984807.7056,5962.2294,7665.7235,3406.9882,17034.9411,1353.2077,5.0318,0.0,0.0,0.0,77.14,77.14,0.0,0.0
85,47.5,47.5,0.0,18444.9101,238.9772,401.6536,3001267.1744,6003.733,7719.0853,3430.7046,17153.5228,1353.2077,5.0318,0.0,0.0,0.0,77.14,77.14,0.0,0.0
86,47.5,47.5,0.0,18369.6161,249.4236,401.6536,3017661.7023,6045.2025,7772.4032,3454.4014,17272.0071,1353.2077,5.0318,0.0,0.0,0.0,77.14,77.14,0.0,0.0
87,47.5,47.5,0.0,18254.3363,256.9881,401.6536,3033948.4472,6086.583,7825.6067,3478.0474,17390.2371,1353.2077,5.0318,0.0,0.0,0.0,77.14,77.14,0.0,0.0
88,47.5,47.5,0.0,18417.366,262.4633,401.6536,3050403.6481,6128.0632,7878.9384,3501.7504,17508.7519,1353.2077,5.0318,0.0,0.0,0.0,77.14,77.14,0.0,0.0
89,47.5,47.5,0.0,18545.6217,266.4256,401.6536,3066991.0315,6169.6719,7932.4353,3525.5268,17627.634,1353.2077,5.0318,0.0,0.0,0.0,77.14,77.14,0.0,0.0
90,47.5,47.5,0.0,18373.45,269.2928,401.6536,3083409.085,6211.1799,7985.8027,3549.2457,17746.2283,1353.2077,5.0318,0.0,0.0,0.0,77.14,77.14,0.0,0.0
91,47.5,47.5,0.0,18369.5888,271.3676,401.6536,3099825.3334,6252.6472,8039.1178,3572.9413,17864.7063,1353.2077,5.0318,0.0,0.0,0.0,77.14,77.14,0.0,0.0
92,47.5,47.5,0.0,18310.4801,272.869,401.6536,3116183.961,6294.0474,8092.3466,3596.5985,17982.9925,1353.2077,5.0318,0.0,0.0,0.0,77.14,77.14,0.0,0.0
93,47.5,47.5,0.0,18393.338,273.9553,401.6536,3132626.5233,6335.5363,8145.6896,3620.3065,18101.5324,1353.2077,5.0318,0.0,0.0,0.0,77.14,77.14,0.0,0.0
94,47.5,47.5,0.0,18363.8753,274.7415,401.6536,3149040.4019,6376.9821,8198.977,3643.9898,18219.9488,1353.2077,5.0318,0.0,0.0,0.0,77.14,77.14,0.0,0.0
95,47.5,47.5,0.0,18751.4577,275.3103,401.6536,3165842.4267,6418.7479,8252.6759,3667.856,18339.2798,1353.2077,5.0318,0.0,0.0,0.0,77.14,77.14,0.0,0.0
96,47.5,47.5,0.0,18879.8331,275.7219,401.6536,3182773.2348,6460.6591,8306.5617,3691.8052,18459.0261,1353.2077,5.0318,0.0,0.0,0.0,77.14,77.14,0.0,0.0
97,47.5,47.5,0.0,19051.6109,276.0198,401.6536,3199876.1159,6502.673,8360.5796,3715.8131,18579.0657,1353.2077,5.0318,0.0,0.0,0.0,77.14,77.14,0.0,0.0
98,47.5,47.5,0.0,18440.7643,276.2353,401.6536,3216368.3641,6544.1834,8413.95,3739.5333,18697.6667,1353.2077,5.0318,0.0,0.0,0.0,77.14,77.14,0.0,0.0
99,47.5,47.5,0.0,18420.98,276.3913,401.6536,3232840.9825,6585.7362,8467.3752,3763.2779,18816.3893,1353.2077,5.0318,0.0,0.0,0.0,77.14,77.14,0.0,0.0
100,47.5,47.5,0.0,18369.6763,276.5041,401.6536,3249262.409,6627.2273,8520.7209,3786.9871,18934.9353,1353.2077,5.0318,0.0,0.0,0.0,77.14,77.14,0.0,0.0
101,47.5,47.5,0.0,18751.1463,276.5858,401.6536,3266065.3865,6669.0135,8574.4459,3810.8649,19054.3243,1353.2077,5.0318,0.0,0.0,0.0,77.14,77.14,0.0,0.0
102,47.5,47.5,0.0,18593.2216,276.6449,401.6536,3282710.4978,6710.6695,8628.0036,3834.6683,19173.3414,1353.2077,5.0318,0.0,0.0,0.0,77.14,77.14,0.0,0.0
103,47.5,47.5,0.0,18399.7781,276.6876,401.6536,3299162.208,6752.1856,8681.3814,3858.3917,19291.9587,1353.2077,5.0318,0.0,0.0,0.0,77.14,77.14,0.0,0.0
104,47.5,47.5,0.0,18419.5268,276.7186,401.6536,3315633.6975,6793.6788,8734.7298,3882.1021,19410.5107,1353.2077,5.0318,0.0,0.0,0.0,77.14,77.14,0.0,0.0
105,47.5,47.5,0.0,18218.0498,276.7409,401.6536,3331903.7322,6835.0255,8787.8899,3905.7288,19528.6441,1353.2077,5.0318,0.0,0.0,0.0,77.14,77.14,0.0,0.0
106,47.5,47.5,0.0,18318.7675,276.7571,401.6536,3348274.5007,6876.4356,8841.1315,3929.3918,19646.9589,1353.2077,5.0318,0.0,0.0,0.0,77.14,77.14,0.0,0.0
107,47.5,47.5,0.0,18777.4459,276.7689,401.6536,3365103.9592,6918.2044,8894.8343,3953.2597,19766.2984,1353.2077,5.0318,0.0,0.0,0.0,77.14,77.14,0.0,0.0
108,47.5,47.5,0.0,18348.2425,276.7773,401.6536,3381504.2227,6959.6977,8948.1828,3976.9701,19884.8506,1353.2077,5.0318,0.0,0.0,0.0,77.14,77.14,0.0,0.0
109,47.5,47.5,0.0,18447.0562,276.7835,401.6536,3398003.3061,7001.2137,9001.5604,4000.6935,20003.4676,1353.2077,5.0318,0.0,0.0,0.0,77.14,77.14,0.0,0.0
110,47.5,47.5,0.0,18272.391,276.7879,401.6536,3414327.7286,7042.6824,9054.8774,4024.39,20121.9498,1353.2077,5.0318,0.0,0.0,0.0,77.14,77.14,0.0,0.0
111,47.5,47.5,0.0,18376.695,276.7911,401.6536,3430756.4583,7084.2764,9108.3553,4048.1579,20240.7896,1353.2077,5.0318,0.0,0.0,0.0,77.14,77.14,0.0,0.0
112,47.5,47.5,0.0,18647.6,276.7935,401.6536,3447456.0952,7125.9957,9161.9945,4071.9976,20359.9878,1353.2077,5.0318,0.0,0.0,0.0,77.14,77.14,0.0,0.0
113,47.5,47.5,0.0,18453.8188,276.7951,401.6536,3463961.9527,7167.6337,9215.529,4095.7907,20478.9533,1353.2077,5.0318,0.0,0.0,0.0,77.14,77.14,0.0,0.0
114,47.5,47.5,0.0,18070.2939,276.7964,401.6536,3480084.2865,7208.9554,9268.6569,4119.4031,20597.0153,1353.2077,5.0318,0.0,0.0,0.0,77.14,77.14,0.0,0.0
115,47.5,47.5,0.0,18519.1782,276.7972,401.6536,3496655.5054,7250.608,9322.2103,4143.2046,20716.023,1353.2077,5.0318,0.0,0.0,0.0,77.14,77.14,0.0,0.0
116,47.5,47.5,0.0,18659.3518,276.7979,401.6536,3513366.8985,7292.4155,9375.9628,4167.0946,20835.4729,1353.2077,5.0318,0.0,0.0,0.0,77.14,77.14,0.0,0.0
117,47.5,47.5,0.0,18266.3763,276.7983,401.6536,3529685.3167,7333.8401,9429.223,4190.7658,20953.8289,1353.2077,5.0318,0.0,0.0,0.0,77.14,77.14,0.0,0.0
118,47.5,47.5,0.0,18528.8708,276.7987,401.6771,3546266.2061,7375.5595,9482.8623,4214.6055,21073.0273,1353.288,5.0544,0.0,0.0,0.0,77.14,77.14,0.0,0.0
119,47.5,47.5,0.0,18501.5364,276.7989,401.7018,3562819.7367,7417.2173,9536.4222,4238.4099,21192.0493,1353.3727,5.0782,0.0,0.0,0.0,77.14,77.14,0.0,0.0
120,47.5,47.5,0.0,18624.2418,276.7991,401.7018,3579495.9729,7458.937,9590.0619,4262.2497,21311.2486,1353.3727,5.0782,0.0,0.0,0.0,77.14,77.14,0.0,0.0
121,47.5,47.5,0.0,18147.7551,276.7992,1884.746,3594212.6783,7500.3264,9643.2768,4285.9008,21429.504,6813.0347,37.7192,0.0,0.0,0.0,77.14,77.14,0.0,0.0
122,47.5,47.5,0.0,18400.6124,276.7993,1945.693,3609121.2941,7541.904,9696.7338,4309.6594,21548.2972,7037.4043,39.0606,0.0,0.0,0.0,77.14,77.14,0.0,0.0
123,47.5,47.5,0.0,18906.4984,276.7994,1945.693,3624535.796,7583.8793,9750.7019,4333.6453,21668.2265,7037.4043,39.0606,0.0,0.0,0.0,77.14,77.14,0.0,0.0
124,47.5,47.5,0.0,18754.5987,276.7994,1945.693,3639798.3982,7625.7292,9804.509,4357.5596,21787.7978,7037.4043,39.0606,0.0,0.0,0.0,77.14,77.14,0.0,0.0
125,47.5,47.5,0.0,18171.1103,276.7995,1945.693,3654477.5121,7667.0784,9857.6723,4381.1877,21905.9384,7037.4043,39.0606,0.0,0.0,0.0,77.14,77.14,0.0,0.0
126,47.5,47.5,0.0,18171.1258,276.7995,1945.693,3669156.6415,7708.4668,9910.8859,4404.8382,22024.1909,7037.4043,39.0606,0.0,0.0,0.0,77.14,77.14,0.0,0.0
127,47.5,47.5,0.0,18448.2386,276.7995,1945.693,3684112.8836,7750.0446,9964.3431,4428.5969,22142.9846,7037.4043,39.0606,0.0,0.0,0.0,77.14,77.14,0.0,0.0
128,47.5,47.5,0.0,17977.5055,276.7995,1945.693,3698598.3928,7791.3531,10017.454,4452.2018,22261.0088,7037.4043,39.0606,0.0,0.0,0.0,77.14,77.14,0.0,0.0
129,47.5,47.5,0.0,18512.8489,276.7995,1945.693,3713619.2453,7833.0639,10071.0821,4476.0365,22380.1825,7037.4043,39.0606,0.0,0.0,0.0,77.14,77.14,0.0,0.0
130,47.5,47.5,0.0,18007.0506,276.7995,1945.693,3728134.2995,7874.3771,10124.1991,4499.6441,22498.2203,7037.4043,39.0606,0.0,0.0,0.0,77.14,77.14,0.0,0.0
131,47.5,47.5,0.0,18560.3836,276.7995,1945.693,3743202.6868,7916.1271,10177.8777,4523.5012,22617.506,7037.4043,39.0606,0.0,0.0,0.0,77.14,77.14,0.0,0.0
132,47.5,47.5,0.0,18001.1057,276.7995,1945.693,3757711.7961,7957.455,10231.0136,4547.1172,22735.5858,7037.4043,39.0606,0.0,0.0,0.0,77.14,77.14,0.0,0.0
133,47.5,47.5,0.0,18313.4202,276.7995,1945.693,3772533.2199,7999.0209,10284.4555,4570.8691,22854.3455,7037.4043,39.0606,0.0,0.0,0.0,77.14,77.14,0.0,0.0
134,47.5,47.5,0.0,18661.3357,276.7995,1945.693,3787702.5593,8040.8541,10338.241,4594.7738,22973.869,7037.4043,39.0606,0.0,0.0,0.0,77.14,77.14,0.0,0.0
135,47.5,47.5,0.0,19362.7433,276.7995,1945.693,3803573.3062,8082.1042,10391.2768,4618.3452,23091.7262,7037.4043,39.0606,0.0,0.0,0.0,77.14,77.14,0.0,0.0
136,47.5,47.5,0.0,18054.4751,276.7995,1945.693,3818135.7849,8123.4761,10444.4693,4641.9864,23209.9318,7037.4043,39.0606,0.0,0.0,0.0,77.14,77.14,0.0,0.0
137,47.5,47.5,0.0,20476.3584,276.7996,1945.693,3835120.147,8165.5855,10498.61,4666.0489,23330.2444,7037.4043,39.0606,0.0,0.0,0.0,77.14,77.14,0.0,0.0
138,47.5,47.5,0.0,22756.2445,276.7996,1945.693,3854384.3952,8207.3376,10552.2913,4689.9072,23449.5361,7037.4043,39.0606,0.0,0.0,0.0,77.14,77.14,0.0,0.0
139,47.5,47.5,0.0,17977.7384,276.7996,1945.693,3868870.1372,8248.6264,10605.3768,4713.5008,23567.5039,7037.4043,39.0606,0.0,0.0,0.0,77.14,77.14,0.0,0.0
140,47.5,47.5,0.0,19871.7849,276.7996,1945.693,3885249.9257,8290.296,10658.952,4737.312,23686.56,7037.4043,39.0606,0.0,0.0,0.0,77.14,77.14,0.0,0.0
141,47.5,47.5,0.0,19568.4468,276.7996,1945.693,3901326.3761,8331.7351,10712.2308,4760.9915,23804.9574,7037.4043,39.0606,0.0,0.0,0.0,77.14,77.14,0.0,0.0
142,47.5,47.5,0.0,18479.6987,276.7996,1945.693,3916314.0785,8373.3805,10765.7749,4784.7888,23923.9442,7037.4043,39.0606,0.0,0.0,0.0,77.14,77.14,0.0,0.0
143,47.5,47.5,0.0,18283.7598,276.7996,1945.693,3931105.8419,8414.923,10819.1867,4808.5274,24042.637,7037.4043,39.0606,0.0,0.0,0.0,77.14,77.14,0.0,0.0
144,47.5,47.5,0.0,19464.0311,276.7996,1945.693,3947077.8766,8456.2761,10872.355,4832.1578,24160.7889,7037.4043,39.0606,0.0,0.0,0.0,77.14,77.14,0.0,0.0
145,47.5,47.5,0.0,18307.6204,276.7996,1945.693,3961893.5006,8497.8176,10925.7655,4855.8958,24279.4789,7037.4043,39.0606,0.0,0.0,0.0,77.14,77.14,0.0,0.0
146,47.5,47.5,0.0,18260.0965,276.7996,1945.693,3976661.6007,8539.321,10979.127,4879.612,24398.06,7037.4043,39.0606,0.0,0.0,0.0,77.14,77.14,0.0,0.0
147,47.5,47.5,0.0,20968.7508,276.7996,1201.7061,3994882.3421,8580.7338,11032.372,4903.2765,24516.3823,4269.178,31.6208,0.0,0.0,0.0,77.14,77.14,0.0,0.0
148,47.5,47.5,0.0,19416.2946,276.7996,512.5705,4012239.7628,8622.0481,11085.4904,4926.8846,24634.4232,1705.0421,24.7294,0.0,0.0,0.0,257.14,77.14,0.0,0.0
149,47.5,47.5,0.0,18360.4316,276.7996,512.5705,4028541.3206,8663.5756,11138.8829,4950.6146,24753.0732,1705.0421,24.7294,0.0,0.0,0.0,92.765,77.14,0.0,0.0
150,47.5,47.5,0.0,18561.3847,276.7996,512.5705,4045043.8315,8705.3465,11192.5884,4974.4837,24872.4186,1705.0421,24.7294,0.0,0.0,0.0,124.64,77.14,0.0,0.0
151,47.5,47.5,0.0,21379.8782,276.7996,512.5705,4064364.8359,8747.0607,11246.2209,4998.3204,24991.602,1705.0421,24.7294,0.0,0.0,0.0,124.64,77.14,0.0,0.0
152,47.5,47.5,0.0,19787.4525,276.7996,512.5705,4082093.4145,8788.6242,11299.6597,5022.071,25110.3548,1705.0421,24.7294,0.0,0.0,0.0,124.64,77.14,0.0,0.0
153,47.5,47.5,0.0,19444.1171,276.7996,512.5705,4099478.6578,8829.9033,11352.7328,5045.659,25228.2952,1705.0421,24.7294,0.0,0.0,0.0,124.64,77.14,0.0,0.0
154,47.5,47.5,0.0,19492.7846,276.7996,512.5705,4116912.5685,8871.2807,11405.9323,5069.3032,25346.5162,1705.0421,24.7294,0.0,0.0,0.0,124.64,77.14,0.0,0.0
155,47.5,47.5,0.0,18614.3477,276.7996,512.5705,4133468.0424,8913.0563,11459.6438,5093.175,25465.8752,1705.0421,24.7294,0.0,0.0,0.0,124.64,77.14,0.0,0.0
156,47.5,47.5,0.0,18370.1075,276.7996,476.9455,4149814.901,8954.6313,11513.0974,5116.9322,25584.661,1559.0224,22.0342,0.0,0.0,0.0,124.64,77.14,0.0,0.0
157,47.5,47.5,0.0,20162.2271,276.7996,465.0705,4167965.7543,8996.5223,11566.9573,5140.8699,25704.3496,1510.3491,21.1358,0.0,0.0,0.0,89.015,77.14,0.0,0.0
158,47.5,47.5,0.0,21026.3268,276.7996,465.0705,4186980.7072,9037.9272,11620.1921,5164.5298,25822.649,1510.3491,21.1358,0.0,0.0,0.0,77.14,77.14,0.0,0.0
159,47.5,47.5,0.0,19697.9193,276.7996,465.0705,4204667.2527,9079.3977,11673.5113,5188.2272,25941.1362,1510.3491,21.1358,0.0,0.0,0.0,77.14,77.14,0.0,0.0
160,47.5,47.5,0.0,18308.5243,276.7996,465.0705,4220964.4031,9120.9611,11726.95,5211.9778,26059.889,1510.3491,21.1358,0.0,0.0,0.0,77.14,77.14,0.0,0.0
161,47.5,47.5,0.0,18662.3731,276.7996,465.0705,4237615.4024,9162.7591,11780.6903,5235.8623,26179.3117,1510.3491,21.1358,0.0,0.0,0.0,77.14,77.14,0.0,0.0
162,47.5,47.5,0.0,18483.6874,276.7996,465.0705,4254087.7159,9204.4079,11834.2388,5259.6617,26298.3084,1510.3491,21.1358,0.0,0.0,0.0,95.407,77.14,0.0,0.0
163,47.5,47.5,0.0,18256.1691,276.7996,465.0705,4270332.5112,9245.8697,11887.5467,5283.3541,26416.7704,1510.3491,21.1358,0.0,0.0,0.0,100.89,77.14,0.0,0.0
164,47.5,47.5,0.0,18239.8771,276.7996,465.0705,4286561.0145,9287.3385,11940.8638,5307.0506,26535.253,1510.3491,21.1358,0.0,0.0,0.0,100.89,77.14,0.0,0.0
165,47.5,47.5,0.0,19535.8519,276.7996,465.0705,4304085.4925,9328.6942,11994.0354,5330.6824,26653.4119,1510.3491,21.1358,0.0,0.0,0.0,100.89,77.14,0.0,0.0
166,47.5,47.5,0.0,18131.316,276.7996,465.0705,4320205.4347,9370.0337,12047.1862,5354.305,26771.5249,1510.3491,21.1358,0.0,0.0,0.0,100.89,77.14,0.0,0.0
167,47.5,47.5,0.0,21036.92,276.7996,465.0705,4339230.9808,9411.4653,12100.4553,5377.9802,26889.9008,1510.3491,21.1358,0.0,0.0,0.0,100.89,77.14,0.0,0.0
168,47.5,47.5,0.0,18001.7436,276.7996,640.5534,4355225.8676,9452.756,12153.5434,5401.5749,27007.8743,2167.5502,21.7017,0.0,0.0,0.0,100.89,257.14,0.0,0.0
169,47.5,47.5,0.0,19999.8451,276.7996,441.3205,4373238.0888,9494.4748,12207.1819,5425.4142,27127.0708,1444.4001,14.6471,0.0,0.0,0.0,276.373,77.14,0.0,0.0
170,47.5,47.5,0.0,18212.8687,276.7996,456.9455,4389463.3337,9535.9032,12260.447,5449.0876,27245.4378,1508.4439,15.8292,0.0,0.0,0.0,77.14,92.765,0.0,0.0
171,47.5,47.5,0.0,18287.6341,276.7996,488.8205,4405763.344,9577.4111,12313.8142,5472.8063,27364.0316,1639.0931,18.2407,0.0,0.0,0.0,92.765,124.64,0.0,0.0
172,47.5,47.5,0.0,19082.4212,276.7996,488.8205,4422858.1414,9619.6133,12368.0743,5496.9219,27484.6095,1639.0931,18.2407,0.0,0.0,0.0,124.64,124.64,0.0,0.0
173,47.5,47.5,0.0,18184.5223,276.7996,488.8205,4439055.0399,9661.0744,12421.3814,5520.6139,27603.0697,1639.0931,18.2407,0.0,0.0,0.0,124.64,124.64,0.0,0.0
174,47.5,47.5,0.0,18876.623,276.7996,488.8205,4455944.039,9703.0505,12475.3506,5544.6003,27723.0014,1639.0931,18.2407,0.0,0.0,0.0,124.64,124.64,0.0,0.0
175,47.5,47.5,0.0,18108.376,276.7996,488.8205,4472064.7911,9744.4319,12528.5553,5568.2468,27841.2341,1639.0931,18.2407,0.0,0.0,0.0,124.64,124.64,0.0,0.0
176,47.5,47.5,0.0,20611.6145,276.7996,488.8205,4490688.7818,9786.1279,12582.1644,5592.0731,27960.3654,1639.0931,18.2407,0.0,0.0,0.0,124.64,124.64,0.0,0.0
177,47.5,47.5,0.0,18125.7831,276.7996,488.8205,4506826.941,9827.5221,12635.3855,5615.7269,28078.6344,1639.0931,18.2407,0.0,0.0,0.0,124.64,124.64,0.0,0.0
178,47.5,47.5,0.0,18370.3307,276.7996,453.1955,4523209.6479,9869.0604,12688.7919,5639.4631,28197.3154,1493.0734,15.5455,0.0,0.0,0.0,133.8819,89.015,0.0,0.0
179,47.5,47.5,0.0,18584.6465,276.7996,441.3205,4539806.6705,9910.7978,12742.4543,5663.313,28316.5652,1444.4001,14.6471,0.0,0.0,0.0,111.5836,77.14,0.0,0.0
180,47.5,47.5,0.0,18059.4924,276.7996,441.3205,4555878.5391,9952.1389,12795.6071,5686.9365,28434.6825,1444.4001,14.6471,0.0,0.0,0.0,110.5325,77.14,0.0,0.0
181,47.5,47.5,0.0,20333.1398,276.7996,441.3205,4574224.055,9994.0957,12849.5516,5710.9118,28554.559,1444.4001,14.6471,0.0,0.0,0.0,110.5325,77.14,0.0,0.0
182,47.5,47.5,0.0,18392.8193,276.7996,441.3205,4590629.2505,10035.6183,12902.9378,5734.639,28673.1952,1444.4001,14.6471,0.0,0.0,0.0,110.5325,77.14,0.0,0.0
183,47.5,47.5,0.0,18035.9985,276.7996,459.5875,4606677.6251,10076.9579,12956.0887,5758.2617,28791.3083,1495.1241,19.6378,0.0,0.0,0.0,110.5325,95.407,0.0,0.0
184,47.5,47.5,0.0,18322.3646,276.7996,465.0705,4623012.3659,10118.5145,13009.5187,5782.0083,28910.0415,1510.3491,21.1358,0.0,0.0,0.0,128.7995,100.89,0.0,0.0
185,47.5,47.5,0.0,18341.333,276.7996,465.0705,4639366.075,10160.0669,13062.9431,5805.7525,29028.7625,1510.3491,21.1358,0.0,0.0,0.0,134.2825,100.89,0.0,0.0
186,47.5,47.5,0.0,18378.7409,276.7996,442.1443,4655780.1182,10201.6704,13116.4334,5829.5259,29147.6297,1444.0651,16.1872,0.0,0.0,0.0,134.2825,100.89,0.0,0.0
187,47.5,47.5,0.0,18451.5673,276.7996,441.3205,4672267.8117,10243.2777,13169.9285,5853.3015,29266.5077,1441.6831,16.0094,0.0,0.0,0.0,111.3564,100.89,0.0,0.0
188,47.5,47.5,0.0,18356.3227,276.7996,441.3205,4688660.2606,10284.8055,13223.3213,5877.0317,29385.1585,1441.6831,16.0094,0.0,0.0,0.0,110.5325,100.89,0.0,0.0
189,47.5,47.5,0.0,18140.9399,276.7996,621.3205,4704837.3266,10326.1753,13276.5111,5900.6716,29503.358,2111.4271,17.8094,0.0,0.0,0.0,110.5325,280.89,0.0,0.0
190,47.5,47.5,0.0,17987.245,276.7996,436.8034,4720860.6978,10367.4396,13329.5652,5924.2512,29621.2559,1429.1402,14.7753,0.0,0.0,0.0,290.5325,96.373,0.0,0.0
191,47.5,47.5,0.0,18131.5062,276.7996,417.5705,4737028.3301,10408.841,13382.7956,5947.9092,29739.5458,1375.7341,9.5206,0.0,0.0,0.0,106.0155,77.14,0.0,0.0
192,47.5,47.5,0.0,18323.1945,276.7996,433.1955,4753387.6507,10450.4182,13436.252,5971.6676,29858.3378,1439.7779,10.7027,0.0,0.0,0.0,86.7825,92.765,0.0,0.0
193,47.5,47.5,0.0,18342.237,276.7996,465.0705,4769766.0139,10491.9726,13489.679,5995.4129,29977.0646,1570.4271,13.1142,0.0,0.0,0.0,102.4075,124.64,0.0,0.0
194,47.5,47.5,0.0,18184.2647,276.7996,465.0705,4785986.4048,10533.3618,13542.8938,6019.0639,30095.3195,1570.4271,13.1142,0.0,0.0,0.0,134.2825,124.64,0.0,0.0
195,47.5,47.5,0.0,18575.2953,276.7996,462.2636,4802600.6331,10575.1119,13596.5725,6042.9211,30214.6054,1567.3373,13.0862,0.0,0.0,0.0,134.2825,124.64,0.0,0.0
196,47.5,47.5,0.0,18312.5359,276.7996,455.428,4818958.9377,10616.6316,13649.9549,6066.6466,30333.2332,1559.8127,13.0178,0.0,0.0,0.0,131.4756,124.64,0.0,0.0
197,47.5,47.5,0.0,18586.8763,276.7996,455.428,4835591.5826,10658.4542,13703.7269,6090.5453,30452.7264,1559.8127,13.0178,0.0,0.0,0.0,124.64,124.64,0.0,0.0
198,47.5,47.5,0.0,18370.8565,276.7996,455.428,4852008.2078,10700.0362,13757.1894,6114.3064,30571.5319,1559.8127,13.0178,0.0,0.0,0.0,124.64,124.64,0.0,0.0
199,47.5,47.5,0.0,18297.9874,276.7996,464.6698,4868351.9638,10741.5241,13810.5309,6138.0137,30690.0687,1569.9861,13.1102,0.0,0.0,0.0,124.64,133.8819,0.0,0.0
200,47.5,47.5,0.0,18213.2847,276.7996,442.3716,4884611.0171,10782.9173,13863.7508,6161.667,30808.3351,1461.7794,13.2091,0.0,0.0,0.0,133.8819,111.5836,0.0,0.0
201,47.5,47.5,0.0,18055.9675,276.7996,441.3205,4900712.7533,10824.2781,13916.929,6185.3018,30926.509,1444.4001,14.6471,0.0,0.0,0.0,111.5836,110.5325,0.0,0.0
202,47.5,47.5,0.0,18182.5384,276.7996,441.3205,4916941.0604,10865.6355,13970.1028,6208.9346,31044.673,1444.4001,14.6471,0.0,0.0,0.0,110.5325,110.5325,0.0,0.0
203,47.5,47.5,0.0,18929.1695,276.7996,441.3205,4933915.9985,10907.6848,14024.1661,6232.9627,31164.8137,1444.4001,14.6471,0.0,0.0,0.0,110.5325,110.5325,0.0,0.0
204,47.5,47.5,0.0,18778.8761,276.7996,441.3205,4950740.6433,10949.4411,14077.8528,6256.8235,31284.1174,1444.4001,14.6471,0.0,0.0,0.0,110.5325,110.5325,0.0,0.0
205,47.5,47.5,0.0,18303.7838,276.7996,459.5875,4967090.1957,10990.9903,14131.2732,6280.5659,31402.8293,1495.1241,19.6378,0.0,0.0,0.0,110.5325,128.7995,0.0,0.0
206,47.5,47.5,0.0,18192.7477,276.7996,465.0705,4983328.7121,11032.4886,14184.6283,6304.2792,31521.3961,1510.3491,21.1358,0.0,0.0,0.0,128.7995,134.2825,0.0,0.0
207,47.5,47.5,0.0,18213.3637,276.7996,465.0705,4999587.8445,11073.9278,14237.9071,6327.9587,31639.7936,1510.3491,21.1358,0.0,0.0,0.0,134.2825,134.2825,0.0,0.0
208,47.5,47.5,0.0,18342.1764,276.7996,442.1443,5015975.7895,11115.49,14291.3443,6351.7086,31758.5428,1444.0651,16.1872,0.0,0.0,0.0,134.2825,111.3564,0.0,0.0
209,47.5,47.5,0.0,18619.174,276.7996,441.3205,5032640.7321,11157.2435,14345.0274,6375.5677,31877.8386,1441.6831,16.0094,0.0,0.0,0.0,111.3564,110.5325,0.0,0.0
210,47.5,47.5,0.0,18131.5167,276.7996,621.3205,5048818.0175,11198.6326,14398.2419,6399.2186,31996.093,2111.4271,17.8094,0.0,0.0,0.0,110.5325,290.5325,0.0,0.0
211,47.5,47.5,0.0,18098.3429,276.7996,441.3205,5064962.129,11240.0173,14451.4509,6422.8671,32114.3353,1441.6831,16.0094,0.0,0.0,0.0,290.5325,110.5325,0.0,0.0
212,47.5,47.5,0.0,18393.2849,276.7996,436.8034,5081401.1826,11281.3796,14504.6309,6446.5026,32232.5132,1429.1402,14.7753,0.0,0.0,0.0,110.5325,106.0155,0.0,0.0
213,47.5,47.5,0.0,18507.7732,276.7996,417.5705,5097954.7245,11323.1224,14558.3003,6470.3557,32351.7783,1375.7341,9.5206,0.0,0.0,0.0,106.0155,86.7825,0.0,0.0
214,47.5,47.5,0.0,18598.3554,276.7996,433.1955,5114598.8485,11364.8181,14611.909,6494.1818,32470.9089,1439.7779,10.7027,0.0,0.0,0.0,86.7825,102.4075,0.0,0.0
215,47.5,47.5,0.0,18089.1933,276.7996,465.0705,5130733.8105,11406.1537,14665.0547,6517.8021,32589.0105,1570.4271,13.1142,0.0,0.0,0.0,102.4075,134.2825,0.0,0.0
216,47.5,47.5,0.0,18748.8805,276.7996,465.0705,5147528.4597,11448.0344,14718.9014,6541.734,32708.6698,1570.4271,13.1142,0.0,0.0,0.0,134.2825,134.2825,0.0,0.0
217,47.5,47.5,0.0,18465.0714,276.7996,462.2636,5164039.2997,11489.6975,14772.4683,6565.5414,32827.7072,1567.3373,13.0862,0.0,0.0,0.0,134.2825,131.4756,0.0,0.0
218,47.5,47.5,0.0,18108.5801,276.7996,455.428,5180193.6485,11531.0869,14825.6831,6589.1925,32945.9625,1559.8127,13.0178,0.0,0.0,0.0,131.4756,124.64,0.0,0.0
219,47.5,47.5,0.0,686.0746,276.7996,455.428,5178925.4918,11531.2969,14825.9532,6589.3125,32946.5626,1559.8127,13.0178,0.0,0.0,0.0,124.64,124.64,0.0,0.0
220,47.5,47.5,0.0,240.1473,276.7996,455.428,5177211.4077,11531.0743,14825.667,6589.1853,32945.9266,1559.8127,13.0178,0.0,0.0,0.0,124.64,124.64,0.0,0.0
221,47.5,47.5,0.0,914.5014,276.7996,464.6698,5176171.6778,11531.4159,14826.1061,6589.3805,32946.9025,1569.9861,13.1102,0.0,0.0,0.0,124.64,133.8819,0.0,0.0
222,47.5,47.5,0.0,681.6358,276.7996,442.3716,5174899.0823,11531.6036,14826.3475,6589.4878,32947.4388,1461.7794,13.2091,0.0,0.0,0.0,133.8819,111.5836,0.0,0.0
223,47.5,47.5,0.0,451.8148,276.7996,441.3205,5173396.6658,11531.5632,14826.2955,6589.4647,32947.3234,1444.4001,14.6471,0.0,0.0,0.0,111.9549,110.5325,0.0,0.0
224,47.5,47.5,0.0,498.6593,276.7996,441.3205,5171941.0937,11531.5595,14826.2908,6589.4626,32947.3129,1444.4001,14.6471,0.0,0.0,0.0,115.5675,110.5325,0.0,0.0
225,47.5,47.5,0.0,262.3222,276.7996,441.3205,5170249.1845,11531.4011,14826.0871,6589.3721,32946.8603,1444.4001,14.6471,0.0,0.0,0.0,115.5675,110.5325,0.0,0.0
226,47.5,47.5,0.0,675.491,276.7996,441.3205,5168970.4442,11531.5629,14826.2952,6589.4645,32947.3227,1444.4001,14.6471,0.0,0.0,0.0,115.5675,110.5325,0.0,0.0
227,47.5,47.5,0.0,534.77,276.7996,459.5875,5167550.9829,11531.6044,14826.3485,6589.4882,32947.4411,1495.1241,19.6378,0.0,0.0,0.0,115.5675,128.7995,0.0,0.0
228,47.5,47.5,0.0,127.7744,276.7996,465.0705,5165724.526,11531.3105,14825.9707,6589.3203,32946.6015,1510.3491,21.1358,0.0,0.0,0.0,133.8345,134.2825,0.0,0.0
229,47.5,47.5,0.0,240.0219,276.7996,465.0705,5164010.3166,11531.089,14825.6858,6589.1937,32945.9685,1510.3491,21.1358,0.0,0.0,0.0,139.3175,134.2825,0.0,0.0
230,47.5,47.5,0.0,370.9126,276.7996,442.1443,5162426.9978,11530.9423,14825.4972,6589.1099,32945.5493,1444.0651,16.1872,0.0,0.0,0.0,139.3175,111.3564,0.0,0.0
231,47.5,47.5,0.0,627.2922,276.7996,621.3205,5161100.0586,11530.9521,14825.5099,6589.1155,32945.5775,2111.4271,17.8094,0.0,0.0,0.0,116.3914,290.5325,0.0,0.0
232,47.5,47.5,0.0,419.1776,276.7996,441.3205,5159565.0049,11530.9218,14825.4708,6589.0981,32945.4907,1441.6831,16.0094,0.0,0.0,0.0,295.5675,110.5325,0.0,0.0
233,47.5,47.5,0.0,382.0974,276.7996,441.3205,5157992.871,11530.8985,14825.441,6589.0849,32945.4244,1441.6831,16.0094,0.0,0.0,0.0,115.5675,110.5325,0.0,0.0
234,47.5,47.5,0.0,422.9151,276.7996,436.8034,5156461.5548,11530.8555,14825.3856,6589.0603,32945.3014,1429.1402,14.7753,0.0,0.0,0.0,115.5675,106.0155,0.0,0.0
235,47.5,47.5,0.0,791.8292,276.7996,417.5705,5155299.1526,11531.1138,14825.7178,6589.2079,32946.0395,1375.7341,9.5206,0.0,0.0,0.0,111.0505,86.7825,0.0,0.0
236,47.5,47.5,0.0,400.2516,276.7996,433.1955,5153745.1728,11531.0635,14825.6531,6589.1792,32945.8958,1439.7779,10.7027,0.0,0.0,0.0,91.8175,102.4075,0.0,0.0
237,47.5,47.5,0.0,446.4825,276.7996,465.0705,5152237.424,11531.0241,14825.6025,6589.1566,32945.7832,1570.4271,13.1142,0.0,0.0,0.0,107.4425,134.2825,0.0,0.0
238,47.5,47.5,0.0,243.6346,276.7996,465.0705,5150526.8273,11530.8485,14825.3766,6589.0563,32945.2814,1570.4271,13.1142,0.0,0.0,0.0,139.3175,134.2825,0.0,0.0
239,47.5,47.5,0.0,462.6614,276.7996,462.2636,5149035.2574,11530.8727,14825.4077,6589.0701,32945.3505,1567.3373,13.0862,0.0,0.0,0.0,139.3175,131.4756,0.0,0.0
240,47.5,47.5,0.0,275.9737,276.7996,455.428,5147356.9998,11530.6874,14825.1696,6588.9642,32944.8212,1559.8127,13.0178,0.0,0.0,0.0,136.5106,124.64,0.0,0.0
241,47.5,47.5,0.0,410.8418,276.7996,455.428,5145813.6102,11530.5146,14824.9473,6588.8655,32944.3274,1559.8127,13.0178,0.0,0.0,0.0,129.675,124.64,0.0,0.0
242,47.5,47.5,0.0,443.2891,276.7996,455.428,5144302.6679,11530.5032,14824.9327,6588.859,32944.2949,1559.8127,13.0178,0.0,0.0,0.0,129.675,124.64,0.0,0.0
243,47.5,47.5,0.0,643.6834,276.7996,464.6698,5142992.12,11530.6767,14825.1558,6588.9581,32944.7906,1569.9861,13.1102,0.0,0.0,0.0,129.675,133.8819,0.0,0.0
244,47.5,47.5,0.0,380.5212,276.7996,442.3716,5141418.7811,11530.5963,14825.0524,6588.9122,32944.5609,1461.7794,13.2091,0.0,0.0,0.0,138.9169,111.9549,0.0,0.0
245,47.5,47.5,0.0,538.8594,276.7996,441.3205,5140008.4441,11530.6678,14825.1444,6588.9531,32944.7653,1444.4001,14.6471,0.0,0.0,0.0,116.6186,115.5675,0.0,0.0
246,47.5,47.5,0.0,327.238,276.7996,441.3205,5138386.4857,11530.5673,14825.0151,6588.8956,32944.478,1444.4001,14.6471,0.0,0.0,0.0,115.5675,115.5675,0.0,0.0
247,47.5,47.5,0.0,778.3846,276.7996,441.3205,5137215.6739,11530.8377,14825.3628,6589.0501,32945.2506,1444.4001,14.6471,0.0,0.0,0.0,115.5675,115.5675,0.0,0.0
248,47.5,47.5,0.0,1126.8618,276.7996,441.3205,5136393.3394,11531.394,14826.078,6589.368,32946.84,1444.4001,14.6471,0.0,0.0,0.0,115.5675,115.5675,0.0,0.0
249,47.5,47.5,0.0,98.269,276.7996,459.5875,5134542.412,11531.1036,14825.7046,6589.202,32946.0102,1495.1241,19.6378,0.0,0.0,0.0,115.5675,133.8345,0.0,0.0
250,47.5,47.5,0.0,651.0247,276.7996,465.0705,5133244.2404,11531.2598,14825.9055,6589.2913,32946.4566,1510.3491,21.1358,0.0,0.0,0.0,133.8345,139.3175,0.0,0.0
251,47.5,47.5,0.0,343.8489,276.7996,465.0705,5131638.8929,11531.0985,14825.6981,6589.1991,32945.9957,1510.3491,21.1358,0.0,0.0,0.0,139.3175,139.3175,0.0,0.0
252,47.5,47.5,0.0,198.484,276.7996,622.1443,5129888.1805,11530.8721,14825.4069,6589.0697,32945.3487,2113.8091,17.9872,0.0,0.0,0.0,139.3175,296.3914,0.0,0.0
253,47.5,47.5,0.0,514.0763,276.7996,441.3205,5128453.0605,11530.8661,14825.3993,6589.0664,32945.3318,1441.6831,16.0094,0.0,0.0,0.0,296.3914,115.5675,0.0,0.0
254,47.5,47.5,0.0,135.5402,276.7996,441.3205,5126639.4044,11530.6377,14825.1057,6588.9359,32944.6793,1441.6831,16.0094,0.0,0.0,0.0,115.5675,115.5675,0.0,0.0
255,47.5,47.5,0.0,638.8333,276.7996,441.3205,5125329.0413,11530.6445,14825.1144,6588.9397,32944.6987,1441.6831,16.0094,0.0,0.0,0.0,115.5675,115.5675,0.0,0.0
256,47.5,47.5,0.0,609.1937,276.7996,436.8034,5123989.0387,11530.7739,14825.2808,6589.0137,32945.0684,1429.1402,14.7753,0.0,0.0,0.0,115.5675,111.0505,0.0,0.0
257,47.5,47.5,0.0,369.1975,276.7996,417.5705,5122409.0399,11530.7057,14825.1931,6588.9747,32944.8735,1375.7341,9.5206,0.0,0.0,0.0,111.0505,91.8175,0.0,0.0
258,47.5,47.5,0.0,204.154,276.7996,433.1955,5120663.9975,11530.5407,14824.9809,6588.8804,32944.402,1439.7779,10.7027,0.0,0.0,0.0,91.8175,107.4425,0.0,0.0
259,47.5,47.5,0.0,578.811,276.7996,465.0705,5119293.6121,11530.6364,14825.104,6588.9351,32944.6755,1570.4271,13.1142,0.0,0.0,0.0,107.4425,139.3175,0.0,0.0
260,47.5,47.5,0.0,228.6847,276.7996,465.0705,5117573.1005,11530.4718,14824.8924,6588.8411,32944.2053,1570.4271,13.1142,0.0,0.0,0.0,139.3175,139.3175,0.0,0.0
261,47.5,47.5,0.0,261.4318,276.7996,462.2636,5115885.3359,11530.3141,14824.6896,6588.7509,32943.7546,1567.3373,13.0862,0.0,0.0,0.0,139.3175,136.5106,0.0,0.0
262,47.5,47.5,0.0,213.491,276.7996,455.428,5114149.6305,11530.0991,14824.4131,6588.628,32943.1402,1559.8127,13.0178,0.0,0.0,0.0,136.5106,129.675,0.0,0.0
263,47.5,47.5,0.0,456.7925,276.7996,455.428,5112657.2267,11530.0648,14824.369,6588.6085,32943.0423,1559.8127,13.0178,0.0,0.0,0.0,129.675,129.675,0.0,0.0
264,47.5,47.5,0.0,996.8941,276.7996,455.428,5111704.9244,11530.4967,14824.9244,6588.8553,32944.2764,1559.8127,13.0178,0.0,0.0,0.0,129.675,129.675,0.0,0.0
265,47.5,47.5,0.0,429.7863,276.7996,464.6698,5110185.5143,11530.4778,14824.9,6588.8444,32944.2222,1569.9861,13.1102,0.0,0.0,0.0,129.675,138.9169,0.0,0.0
266,47.5,47.5,0.0,247.171,276.7996,442.3716,5108483.4889,11530.2702,14824.6332,6588.7258,32943.6292,1461.7794,13.2091,0.0,0.0,0.0,138.9169,116.6186,0.0,0.0
267,47.5,47.5,0.0,844.5671,276.7996,441.3205,5107378.8597,11530.6142,14825.0754,6588.9224,32944.6119,1444.4001,14.6471,0.0,0.0,0.0,116.6186,115.5675,0.0,0.0
268,47.5,47.5,0.0,762.1578,276.7996,441.3205,5106191.8211,11530.8129,14825.3309,6589.036,32945.1798,1444.4001,14.6471,0.0,0.0,0.0,115.5675,115.5675,0.0,0.0
269,47.5,47.5,0.0,438.9147,276.7996,441.3205,5104681.5395,11530.7583,14825.2607,6589.0048,32945.0238,1444.4001,14.6471,0.0,0.0,0.0,115.5675,115.5675,0.0,0.0
270,47.5,47.5,0.0,656.5516,276.7996,441.3205,5103388.8947,11530.8069,14825.3231,6589.0325,32945.1625,1444.4001,14.6471,0.0,0.0,0.0,115.5675,115.5675,0.0,0.0
271,47.5,47.5,0.0,251.4422,276.7996,459.5875,5101691.1406,11530.6413,14825.1103,6588.9379,32944.6895,1495.1241,19.6378,0.0,0.0,0.0,115.5675,133.8345,0.0,0.0
272,47.5,47.5,0.0,829.4197,276.7996,465.0705,5100571.3639,11530.9726,14825.5362,6589.1272,32945.636,1510.3491,21.1358,0.0,0.0,0.0,133.8345,139.3175,0.0,0.0
273,47.5,47.5,0.0,617.1934,276.7996,645.0705,5099239.361,11531.0829,14825.6781,6589.1903,32945.9513,2180.0931,22.9358,0.0,0.0,0.0,139.3175,319.3175,0.0,0.0
274,47.5,47.5,0.0,534.0335,276.7996,442.1443,5097824.1982,11531.1503,14825.7646,6589.2287,32946.1437,1444.0651,16.1872,0.0,0.0,0.0,319.3175,116.3914,0.0,0.0
275,47.5,47.5,0.0,209.3871,276.7996,441.3205,5096084.389,11530.9903,14825.559,6589.1373,32945.6866,1441.6831,16.0094,0.0,0.0,0.0,116.3914,115.5675,0.0,0.0
276,47.5,47.5,0.0,110.55,276.7996,441.3205,5094245.7426,11530.7035,14825.1902,6588.9734,32944.8671,1441.6831,16.0094,0.0,0.0,0.0,115.5675,115.5675,0.0,0.0
277,47.5,47.5,0.0,484.7249,276.7996,441.3205,5092781.2711,11530.6925,14825.1761,6588.9672,32944.8358,1441.6831,16.0094,0.0,0.0,0.0,115.5675,115.5675,0.0,0.0
278,47.5,47.5,0.0,451.4188,276.7996,436.8034,5091283.4936,11530.6732,14825.1513,6588.9561,32944.7807,1429.1402,14.7753,0.0,0.0,0.0,115.5675,111.0505,0.0,0.0
279,47.5,47.5,0.0,338.5101,276.7996,417.5705,5089672.8074,11530.638,14825.106,6588.936,32944.68,1375.7341,9.5206,0.0,0.0,0.0,111.0505,91.8175,0.0,0.0
280,47.5,47.5,0.0,180.5917,276.7996,433.1955,5087904.2027,11530.4484,14824.8622,6588.8277,32944.1383,1439.7779,10.7027,0.0,0.0,0.0,91.8175,107.4425,0.0,0.0
281,47.5,47.5,0.0,514.9721,276.7996,465.0705,5086469.9784,11530.4804,14824.9034,6588.8459,32944.2297,1570.4271,13.1142,0.0,0.0,0.0,107.4425,139.3175,0.0,0.0
282,47.5,47.5,0.0,392.3007,276.7996,465.0705,5084913.0828,11530.4319,14824.841,6588.8182,32944.091,1570.4271,13.1142,0.0,0.0,0.0,139.3175,139.3175,0.0,0.0
283,47.5,47.5,0.0,545.2853,276.7996,462.2636,5083509.1717,11530.4754,14824.8969,6588.8431,32944.2153,1567.3373,13.0862,0.0,0.0,0.0,139.3175,136.5106,0.0,0.0
284,47.5,47.5,0.0,468.8049,276.7996,455.428,5082028.7802,11530.4511,14824.8657,6588.8292,32944.146,1559.8127,13.0178,0.0,0.0,0.0,136.5106,129.675,0.0,0.0
285,47.5,47.5,0.0,378.9186,276.7996,455.428,5080458.5025,11530.3926,14824.7905,6588.7958,32943.9788,1559.8127,13.0178,0.0,0.0,0.0,129.675,129.675,0.0,0.0
286,47.5,47.5,0.0,298.0161,276.7996,455.428,5078807.3222,11530.2465,14824.6026,6588.7123,32943.5614,1559.8127,13.0178,0.0,0.0,0.0,129.675,129.675,0.0,0.0
287,47.5,47.5,0.0,158.386,276.7996,464.6698,5077016.5118,11530.0433,14824.3414,6588.5962,32942.9808,1569.9861,13.1102,0.0,0.0,0.0,129.675,138.9169,0.0,0.0
288,47.5,47.5,0.0,843.8778,276.7996,442.3716,5075911.1933,11530.3469,14824.7317,6588.7696,32943.8482,1461.7794,13.2091,0.0,0.0,0.0,138.9169,116.6186,0.0,0.0
289,47.5,47.5,0.0,666.0812,276.7996,441.3205,5074628.0781,11530.5416,14824.982,6588.8809,32944.4045,1444.4001,14.6471,0.0,0.0,0.0,116.6186,115.5675,0.0,0.0
290,47.5,47.5,0.0,260.0671,276.7996,441.3205,5072938.9489,11530.3493,14824.7349,6588.7711,32943.8553,1444.4001,14.6471,0.0,0.0,0.0,115.5675,115.5675,0.0,0.0
291,47.5,47.5,0.0,737.5153,276.7996,441.3205,5071727.2678,11530.5663,14825.0139,6588.895,32944.4752,1444.4001,14.6471,0.0,0.0,0.0,115.5675,115.5675,0.0,0.0
292,47.5,47.5,0.0,795.5963,276.7996,441.3205,5070573.6677,11530.8306,14825.3537,6589.0461,32945.2304,1444.4001,14.6471,0.0,0.0,0.0,115.5675,115.5675,0.0,0.0
293,47.5,47.5,0.0,646.0597,276.7996,459.5875,5069270.531,11531.0295,14825.6093,6589.1597,32945.7985,1495.1241,19.6378,0.0,0.0,0.0,115.5675,133.8345,0.0,0.0
294,47.5,47.5,0.0,235.5276,276.7996,645.0705,5067556.8623,11530.8514,14825.3803,6589.0579,32945.2896,2180.0931,22.9358,0.0,0.0,0.0,133.8345,319.3175,0.0,0.0
295,47.5,47.5,0.0,125.9475,276.7996,465.0705,5065733.6135,11530.6024,14825.0602,6588.9156,32944.5782,1510.3491,21.1358,0.0,0.0,0.0,319.3175,139.3175,0.0,0.0
296,47.5,47.5,0.0,290.8208,276.7996,442.1443,5064075.2379,11530.4603,14824.8775,6588.8344,32944.1722,1444.0651,16.1872,0.0,0.0,0.0,139.3175,116.3914,0.0,0.0
297,47.5,47.5,0.0,528.8557,276.7996,441.3205,5062654.8973,11530.5048,14824.9348,6588.8599,32944.2995,1441.6831,16.0094,0.0,0.0,0.0,116.3914,115.5675,0.0,0.0
298,47.5,47.5,0.0,460.6902,276.7996,441.3205,5061166.3911,11530.4927,14824.9191,6588.853,32944.2648,1441.6831,16.0094,0.0,0.0,0.0,115.5675,115.5675,0.0,0.0
299,47.5,47.5,0.0,392.919,276.7996,441.3205,5059610.1137,11530.4297,14824.8382,6588.817,32944.0849,1441.6831,16.0094,0.0,0.0,0.0,115.5675,115.5675,0.0,0.0
300,47.5,47.5,0.0,498.839,276.7996,436.8034,5058159.7564,11530.4494,14824.8636,6588.8283,32944.1413,1429.1402,14.7753,0.0,0.0,0.0,115.5675,111.0505,0.0,0.0
301,47.5,47.5,0.0,376.7025,276.7996,417.5705,5056587.2626,11530.2009,14824.544,6588.6862,32943.4312,1375.7341,9.5206,0.0,0.0,0.0,111.0505,91.8175,0.0,0.0
302,47.5,47.5,0.0,496.7719,276.7996,433.1955,5055134.8381,11530.2507,14824.6081,6588.7147,32943.5735,1439.7779,10.7027,0.0,0.0,0.0,91.8175,107.4425,0.0,0.0
303,47.5,47.5,0.0,517.1244,276.7996,465.0705,5053702.7661,11530.2481,14824.6047,6588.7132,32943.566,1570.4271,13.1142,0.0,0.0,0.0,107.4425,139.3175,0.0,0.0
304,47.5,47.5,0.0,272.8362,276.7996,465.0705,5052026.406,11530.0813,14824.3903,6588.6179,32943.0895,1570.4271,13.1142,0.0,0.0,0.0,139.3175,139.3175,0.0,0.0
305,47.5,47.5,0.0,472.8016,276.7996,462.2636,5050550.0112,11530.0545,14824.3558,6588.6026,32943.0129,1567.3373,13.0862,0.0,0.0,0.0,139.3175,136.5106,0.0,0.0
306,47.5,47.5,0.0,350.1573,276.7996,455.428,5048950.9721,11530.0289,14824.3229,6588.5879,32942.9397,1559.8127,13.0178,0.0,0.0,0.0,136.5106,129.675,0.0,0.0
307,47.5,47.5,0.0,242.6497,276.7996,455.428,5047244.4255,11529.7928,14824.0193,6588.453,32942.2652,1559.8127,13.0178,0.0,0.0,0.0,129.675,129.675,0.0,0.0
308,47.5,47.5,0.0,340.4494,276.7996,455.428,5045635.6785,11529.5911,14823.76,6588.3378,32941.6889,1559.8127,13.0178,0.0,0.0,0.0,129.675,129.675,0.0,0.0
309,47.5,47.5,0.0,689.5694,276.7996,464.6698,5044376.0515,11529.769,14823.9887,6588.4394,32942.1972,1569.9861,13.1102,0.0,0.0,0.0,129.675,138.9169,0.0,0.0
310,47.5,47.5,0.0,513.4257,276.7996,442.3716,5042940.2809,11529.858,14824.1031,6588.4903,32942.4513,1461.7794,13.2091,0.0,0.0,0.0,138.9169,116.6186,0.0,0.0
311,47.5,47.5,0.0,408.0187,276.7996,441.3205,5041399.1032,11529.8013,14824.0302,6588.4579,32942.2894,1444.4001,14.6471,0.0,0.0,0.0,116.6186,115.5675,0.0,0.0
312,47.5,47.5,0.0,424.6822,276.7996,441.3205,5039874.5891,11529.8173,14824.0508,6588.467,32942.3351,1444.4001,14.6471,0.0,0.0,0.0,115.5675,115.5675,0.0,0.0
313,47.5,47.5,0.0,463.1464,276.7996,441.3205,5038388.5391,11529.8162,14824.0495,6588.4664,32942.3321,1444.4001,14.6471,0.0,0.0,0.0,115.5675,115.5675,0.0,0.0
314,47.5,47.5,0.0,402.4478,276.7996,441.3205,5036841.7906,11529.7947,14824.0218,6588.4541,32942.2706,1444.4001,14.6471,0.0,0.0,0.0,115.5675,115.5675,0.0,0.0
315,47.5,47.5,0.0,688.8148,276.7996,639.5875,5035581.409,11529.9317,14824.1979,6588.5324,32942.6619,2164.8681,21.4378,0.0,0.0,0.0,115.5675,313.8345,0.0,0.0
316,47.5,47.5,0.0,507.5088,271.601,408.4058,5034566.7402,11530.0526,14824.3534,6588.6015,32943.0075,1284.6041,19.9894,0.0,0.0,0.0,313.8345,139.3175,0.0,0.0
317,47.5,47.5,0.0,363.6936,243.0115,206.192,5034922.1686,11530.3423,14824.7258,6588.767,32943.835,479.0094,15.8985,0.0,0.0,0.0,138.2154,139.3175,0.0,0.0
318,47.5,47.5,0.0,257.2903,197.1516,183.2659,5035125.7438,11530.5497,14824.9925,6588.8856,32944.4278,412.7253,10.9499,0.0,0.0,0.0,134.2825,116.3914,0.0,0.0
319,47.5,47.5,0.0,455.1508,153.2993,182.442,5035483.7192,11530.8414,14825.3675,6589.0522,32945.2611,410.3434,10.7721,0.0,0.0,0.0,111.3564,115.5675,0.0,0.0
320,47.5,47.5,0.0,393.1853,118.619,182.442,5035745.3589,11531.0751,14825.668,6589.1858,32945.929,410.3434,10.7721,0.0,0.0,0.0,110.5325,115.5675,0.0,0.0
321,47.5,47.5,0.0,241.657,92.7091,182.442,5035829.7921,11531.1621,14825.7798,6589.2355,32946.1774,410.3434,10.7721,0.0,0.0,0.0,110.5325,115.5675,0.0,0.0
322,47.5,47.5,0.0,584.796,73.7353,177.9249,5036238.56,11531.5557,14826.2859,6589.4604,32947.302,397.8004,9.538,0.0,0.0,0.0,110.5325,111.0505,0.0,0.0
323,47.5,47.5,0.0,718.3126,59.9435,158.692,5036767.1761,11532.0288,14826.8942,6589.7307,32948.6537,344.3944,4.2833,0.0,0.0,0.0,106.0155,91.8175,0.0,0.0
324,47.5,47.5,0.0,164.4878,49.9464,174.317,5036732.0597,11532.0381,14826.9061,6589.7361,32948.6803,408.4381,5.4654,0.0,0.0,0.0,86.7825,107.4425,0.0,0.0
325,47.5,47.5,0.0,320.4984,42.7077,206.192,5036845.7799,11532.1886,14827.0996,6589.822,32949.1102,539.0874,7.8769,0.0,0.0,0.0,102.4075,139.3175,0.0,0.0
326,47.5,47.5,0.0,395.1899,37.4684,206.192,5037028.9991,11532.3725,14827.3361,6589.9272,32949.6358,539.0874,7.8769,0.0,0.0,0.0,134.2825,139.3175,0.0,0.0
327,47.5,47.5,0.0,542.4038,33.6769,203.3851,5037355.6746,11532.6607,14827.7067,6590.0919,32950.4593,535.9976,7.8489,0.0,0.0,0.0,134.2825,136.5106,0.0,0.0
328,47.5,47.5,0.0,138.9272,30.9332,196.5495,5037276.1543,11532.5948,14827.6218,6590.0542,32950.2708,528.4729,7.7805,0.0,0.0,0.0,131.4756,129.675,0.0,0.0
329,47.5,47.5,0.0,360.6986,28.9478,196.5495,5037416.4378,11532.7284,14827.7936,6590.1305,32950.6525,528.4729,7.7805,0.0,0.0,0.0,124.64,129.675,0.0,0.0
330,47.5,47.5,0.0,318.5029,27.5112,186.6635,5037522.9878,11532.8283,14827.9221,6590.1876,32950.938,473.4512,7.6816,0.0,0.0,0.0,124.64,129.675,0.0,0.0
331,47.5,47.5,0.0,185.8738,26.4716,182.0414,5037509.7424,11532.8297,14827.9239,6590.1884,32950.9421,406.4633,7.6354,0.0,0.0,0.0,124.64,138.9169,0.0,0.0
332,47.5,47.5,0.0,169.5801,25.7194,159.7431,5037479.4578,11532.8421,14827.9398,6590.1955,32950.9774,298.2566,7.7343,0.0,0.0,0.0,133.8819,116.6186,0.0,0.0
333,47.5,47.5,0.0,329.8628,28.1581,191.2071,5037363.8862,11532.7703,14827.8476,6590.1545,32950.7724,410.4135,9.8301,0.0,0.0,0.0,111.5836,115.5675,0.0,0.0
334,47.5,47.5,0.0,200.4491,30.5412,158.692,5037369.2494,11532.7923,14827.8759,6590.167,32950.8352,280.8774,9.1723,0.0,0.0,0.0,111.1649,115.5675,0.0,0.0
335,47.5,47.5,0.0,517.8394,30.2562,158.692,5037691.7203,11533.0704,14828.2333,6590.3259,32951.6296,280.8774,9.1723,0.0,0.0,0.0,110.5325,115.5675,0.0,0.0
336,47.5,47.5,0.0,39.4788,28.8979,338.692,5037534.4845,11532.9789,14828.1158,6590.2737,32951.3684,950.6214,10.9723,0.0,0.0,0.0,110.5325,295.5675,0.0,0.0
337,47.5,37.614,9.886,314.3144,27.5967,176.959,5037660.6808,11533.0633,14828.2243,6590.3219,32951.6095,331.6013,14.163,0.0,0.0,0.0,290.5325,133.8345,0.0,0.0
338,47.5,23.75,33.636,195.4094,26.5671,185.425,5037676.7305,11533.0761,14828.2408,6590.3292,32951.6461,363.4285,15.6908,0.0,0.0,0.0,128.7995,138.2154,0.0,0.0
339,47.5,23.75,57.386,143.6356,25.7978,182.442,5037639.2941,11533.0568,14828.2159,6590.3182,32951.5908,346.8264,15.661,0.0,0.0,0.0,134.2825,134.2825,0.0,0.0
340,47.5,23.75,81.136,182.8905,25.2344,159.5159,5037640.5542,11533.0583,14828.2179,6590.3191,32951.5953,280.5423,10.7124,0.0,0.0,0.0,134.2825,111.3564,0.0,0.0
341,47.5,23.75,104.886,212.6352,24.8248,158.692,5037671.1531,11533.0678,14828.23,6590.3244,32951.6222,278.1604,10.5346,0.0,0.0,0.0,111.3564,110.5325,0.0,0.0
342,47.5,23.75,128.636,81.1339,24.5279,158.692,5037569.9565,11533.0155,14828.1628,6590.2946,32951.4729,278.1604,10.5346,0.0,0.0,0.0,110.5325,110.5325,0.0,0.0
343,47.5,26.733,149.403,245.3403,24.313,158.692,5037629.7703,11533.0845,14828.2514,6590.334,32951.6699,278.1604,10.5346,0.0,0.0,0.0,110.5325,110.5325,0.0,0.0
344,47.5,23.75,173.153,182.8053,24.1574,154.1749,5037629.8778,11533.0841,14828.251,6590.3338,32951.6689,265.6174,9.3005,0.0,0.0,0.0,110.5325,106.0155,0.0,0.0
345,47.5,23.75,196.903,159.0435,24.0448,134.942,5037606.112,11533.0684,14828.2308,6590.3248,32951.6241,212.2114,4.0458,0.0,0.0,0.0,106.0155,86.7825,0.0,0.0
346,47.5,23.75,220.653,206.5973,23.9633,150.567,5037629.8193,11533.0885,14828.2566,6590.3363,32951.6814,276.2551,5.2279,0.0,0.0,0.0,86.7825,102.4075,0.0,0.0
347,47.5,23.75,244.403,249.3423,23.9044,182.442,5037696.213,11533.1054,14828.2783,6590.3459,32951.7296,406.9044,7.6394,0.0,0.0,0.0,102.4075,134.2825,0.0,0.0
348,47.5,23.75,268.153,137.1467,23.8617,182.442,5037650.3689,11533.0822,14828.2485,6590.3327,32951.6634,406.9044,7.6394,0.0,0.0,0.0,134.2825,134.2825,0.0,0.0
349,47.5,23.75,291.903,131.1868,23.8308,179.6351,5037598.5343,11533.0774,14828.2424,6590.33,32951.6498,403.8146,7.6114,0.0,0.0,0.0,134.2825,131.4756,0.0,0.0
350,47.5,23.75,315.653,60.0948,23.8085,172.7995,5037475.5856,11533.01,14828.1557,6590.2914,32951.4572,396.2899,7.543,0.0,0.0,0.0,131.4756,124.64,0.0,0.0
351,47.5,23.75,339.403,266.4594,23.7923,172.7995,5037558.9855,11533.0736,14828.2374,6590.3277,32951.6387,396.2899,7.543,0.0,0.0,0.0,124.64,124.64,0.0,0.0
352,47.5,23.75,363.153,164.5441,23.7806,172.7995,5037540.4586,11533.0958,14828.2661,6590.3405,32951.7024,396.2899,7.543,0.0,0.0,0.0,124.64,124.64,0.0,0.0
353,47.5,23.75,386.903,149.3766,23.7722,182.0414,5037506.7556,11533.069,14828.2315,6590.3251,32951.6256,406.4633,7.6354,0.0,0.0,0.0,124.64,133.8819,0.0,0.0
354,47.5,23.75,410.653,106.7017,23.766,159.7431,5037430.3717,11533.0104,14828.1563,6590.2917,32951.4583,298.2566,7.7343,0.0,0.0,0.0,133.8819,111.5836,0.0,0.0
355,47.5,23.75,434.403,230.2876,23.7616,158.692,5037478.2018,11533.0747,14828.2389,6590.3284,32951.6419,280.8774,9.1723,0.0,0.0,0.0,111.5836,111.1649,0.0,0.0
356,47.5,23.75,458.153,206.5476,23.7584,158.692,5037501.6562,11533.0741,14828.2381,6590.3281,32951.6403,280.8774,9.1723,0.0,0.0,0.0,110.5325,110.5325,0.0,0.0
357,47.5,23.75,481.903,129.4897,23.7561,338.692,5037448.0505,11533.0104,14828.1563,6590.2917,32951.4583,950.6214,10.9723,0.0,0.0,0.0,110.5325,290.5325,0.0,0.0
358,47.5,23.75,505.653,188.3812,23.7544,158.692,5037453.3346,11533.0525,14828.2104,6590.3157,32951.5786,280.8774,9.1723,0.0,0.0,0.0,290.5325,110.5325,0.0,0.0
359,47.5,23.75,529.403,127.436,23.7532,176.959,5037397.6722,11532.9987,14828.1412,6590.285,32951.425,331.6013,14.163,0.0,0.0,0.0,110.5325,128.7995,0.0,0.0
360,47.5,23.75,553.153,246.9621,23.7523,182.442,5037461.5351,11533.0692,14828.2318,6590.3252,32951.6261,346.8264,15.661,0.0,0.0,0.0,128.7995,134.2825,0.0,0.0
361,47.5,23.75,576.903,53.5421,23.7517,182.442,5037331.9774,11533.0194,14828.1678,6590.2968,32951.4839,346.8264,15.661,0.0,0.0,0.0,134.2825,134.2825,0.0,0.0
362,47.5,23.75,600.653,334.3953,23.7512,159.5159,5037483.2724,11533.0817,14828.2478,6590.3324,32951.6619,280.5423,10.7124,0.0,0.0,0.0,134.2825,111.3564,0.0,0.0
363,47.5,23.75,624.403,130.3723,23.7509,158.692,5037430.5441,11533.0582,14828.2176,6590.319,32951.5948,278.1604,10.5346,0.0,0.0,0.0,111.3564,110.5325,0.0,0.0
364,47.5,23.75,648.153,67.5065,23.7506,158.692,5037314.9498,11532.986,14828.1248,6590.2777,32951.3884,278.1604,10.5346,0.0,0.0,0.0,110.5325,110.5325,0.0,0.0
