scope,node_id,item_id,uom,safety_time_days,planned_avg_daily_demand_qty,observed_avg_daily_flow_qty,stock_equiv_safety_time_qty,explicit_safety_stock_qty,effective_reference_stock_qty,soft_simulated_target_qty,max_mrp_demand_signal_qty,max_mrp_safety_floor_qty,max_soft_simulated_target_qty,safety_reference_basis,soft_safety_factor,served_avg_daily_qty
finished_good,C-XXXXX,item:268091,UN,0.0,9798.471233,9798.471233,0.0,0.0,0.0,0.0,19992.0,0.0,0.0,mrp_trace_demand_signal,1.0,9798.471233
finished_good,C-XXXXX,item:268967,UN,0.0,4317.769863,4317.769863,0.0,0.0,0.0,0.0,23686.142857,0.0,0.0,mrp_trace_demand_signal,1.0,4317.769863
finished_good,DC-1920,item:268091,UN,20.0,9798.471233,0.0,195969.424658,0.0,215801.39281,215801.39281,19992.0,399840.0,399840.0,mrp_trace_demand_signal,1.0,0.0
finished_good,DC-1920,item:268967,UN,25.0,4317.769863,0.0,107944.246573,0.0,130737.25468,130737.25468,23686.142857,592153.571425,592153.571425,mrp_trace_demand_signal,1.0,0.0
input_material,M-1430,item:038005,KG,20.0,137.475444,76.490097,2749.508888,0.0,4141.661632,4141.661632,1886.411173,37728.223456,37728.223456,mrp_trace_demand_signal,1.0,0.0
input_material,M-1430,item:042342,UN,5.0,474053.364822,263759.015014,2370266.82411,0.0,3523573.60821,3523573.60821,6504867.6,32524338.0,32524338.0,mrp_trace_demand_signal,1.0,0.0
semi_finished_or_output,M-1430,item:268967,UN,0.0,4317.769863,4371.068493,0.0,0.0,0.0,0.0,23686.142857,0.0,0.0,mrp_trace_demand_signal,1.0,0.0
input_material,M-1430,item:333362,UN,10.0,7856.109589,4371.068493,78561.09589,110000.0,180546.036791,180546.036791,107800.0,1078000.0,1078000.0,mrp_trace_demand_signal,1.0,0.0
input_material,M-1430,item:344135,UN,10.0,7856.109589,4371.068493,78561.09589,0.0,118063.571539,118063.571539,107800.0,1078000.0,1078000.0,mrp_trace_demand_signal,1.0,0.0
input_material,M-1430,item:708073,KG,10.0,62.298949,34.662573,622.98949,2000.0,2477.236066,2477.236066,854.854,8548.54,8548.54,mrp_trace_demand_signal,1.0,0.0
input_material,M-1430,item:730384,M,10.0,1665.495233,926.666521,16654.952329,23500.0,38442.349589,38442.349589,22853.6,228536.0,228536.0,mrp_trace_demand_signal,1.0,0.0
input_material,M-1430,item:734545,UN,10.0,62.848877,34.968548,628.488767,0.0,944.154851,944.154851,862.4,8624.0,8624.0,mrp_trace_demand_signal,1.0,0.0
input_material,M-1430,item:773474,G,20.0,75848.522659,42201.43366,1516970.453186,0.0,2279063.913138,2279063.913138,1040778.6004,20815572.008,20815572.008,mrp_trace_demand_signal,1.0,0.0
input_material,M-1810,item:001757,KG,20.0,14.377339,14.364525,287.546775,0.0,417.224837,417.224837,46.7712,935.424,935.424,mrp_trace_demand_signal,1.0,0.0
input_material,M-1810,item:001848,KG,20.0,10.783004,10.773394,215.660081,0.0,308.696328,308.696328,35.0784,701.568,701.568,mrp_trace_demand_signal,1.0,0.0
input_material,M-1810,item:001893,KG,15.0,68.292359,68.231492,1024.385385,0.0,1501.095971,1501.095971,222.1632,3332.448,3332.448,mrp_trace_demand_signal,1.0,0.0
input_material,M-1810,item:002612,KG,20.0,17.971673,17.955656,359.433468,0.0,514.49388,514.49388,58.464,1169.28,1169.28,mrp_trace_demand_signal,1.0,0.0
input_material,M-1810,item:007923,KG,15.0,28.754677,28.729049,431.320162,0.0,611.189607,611.189607,93.5424,1403.136,1403.136,mrp_trace_demand_signal,1.0,0.0
input_material,M-1810,item:016332,KG,7.0,4.313202,4.309357,30.192411,0.0,44.21748,44.21748,14.03136,98.21952,98.21952,mrp_trace_demand_signal,1.0,0.0
input_material,M-1810,item:029313,KG,7.0,0.359433,0.359113,2.516034,0.0,3.681079,3.681079,1.16928,8.18496,8.18496,mrp_trace_demand_signal,1.0,0.0
input_material,M-1810,item:039668,KG,7.0,0.359433,0.359113,2.516034,0.0,3.660068,3.660068,1.16928,8.18496,8.18496,mrp_trace_demand_signal,1.0,0.0
input_material,M-1810,item:049371,KG,40.0,13.299038,13.287185,531.961533,888.0,925.394677,925.394677,43.26336,1730.5344,1730.5344,mrp_trace_demand_signal,1.0,0.0
input_material,M-1810,item:055703,KG,30.0,0.718867,0.718226,21.566008,0.0,31.321589,31.321589,2.33856,70.1568,70.1568,mrp_trace_demand_signal,1.0,0.0
input_material,M-1810,item:099439,KG,7.0,17.971673,17.955656,125.801714,0.0,183.003418,183.003418,58.464,409.248,409.248,mrp_trace_demand_signal,1.0,0.0
semi_finished_or_output,M-1810,item:268091,UN,0.0,9798.471233,8845.150685,0.0,0.0,0.0,0.0,19992.0,0.0,0.0,mrp_trace_demand_signal,1.0,0.0
input_material,M-1810,item:338928,UN,10.0,8853.041096,8845.150685,88530.410959,0.0,129572.9734,129572.9734,28800.0,288000.0,288000.0,mrp_trace_demand_signal,1.0,0.0
input_material,M-1810,item:338929,UN,10.0,8853.041096,8845.150685,88530.410959,0.0,128636.49302,128636.49302,28800.0,288000.0,288000.0,mrp_trace_demand_signal,1.0,0.0
input_material,M-1810,item:426331,UN,7.0,97.383452,97.296658,681.684164,0.0,962.363244,962.363244,316.8,2217.6,2217.6,mrp_trace_demand_signal,1.0,0.0
input_material,M-1810,item:693055,G,20.0,3594.334685,3591.131178,71886.693699,0.0,105286.103482,105286.103482,11692.8,233856.0,233856.0,mrp_trace_demand_signal,1.0,0.0
input_material,SDC-1450,item:021081,KG,0.0,485.94411,485.94411,0.0,900000.0,900000.0,900000.0,57216.0,900000.0,900000.0,mrp_trace_demand_signal,1.0,0.0
supply_pair,SDC-1450,item:693055,G,0.0,3594.334685,0.0,0.0,0.0,0.0,0.0,11692.8,0.0,0.0,mrp_trace_demand_signal,1.0,0.0
semi_finished_or_output,SDC-1450,item:773474,G,0.0,75848.522659,54356.164384,0.0,0.0,0.0,0.0,1040778.6004,0.0,0.0,mrp_trace_demand_signal,1.0,0.0
supply_pair,SDC-VD0500655A,item:002612,KG,0.0,17.971673,0.0,0.0,0.0,0.0,0.0,58.464,0.0,0.0,mrp_trace_demand_signal,1.0,0.0
supply_pair,SDC-VD0505677A,item:099439,KG,0.0,17.971673,0.0,0.0,0.0,0.0,0.0,58.464,0.0,0.0,mrp_trace_demand_signal,1.0,0.0
supply_pair,SDC-VD0508918A,item:730384,M,0.0,1665.495233,0.0,0.0,0.0,0.0,0.0,22853.6,0.0,0.0,mrp_trace_demand_signal,1.0,0.0
supply_pair,SDC-VD0514881A,item:016332,KG,0.0,4.313202,0.0,0.0,0.0,0.0,0.0,14.03136,0.0,0.0,mrp_trace_demand_signal,1.0,0.0
supply_pair,SDC-VD0518684A,item:001893,KG,0.0,68.292359,0.0,0.0,0.0,0.0,0.0,222.1632,0.0,0.0,mrp_trace_demand_signal,1.0,0.0
supply_pair,SDC-VD0519670A,item:001848,KG,0.0,10.783004,0.0,0.0,0.0,0.0,0.0,35.0784,0.0,0.0,mrp_trace_demand_signal,1.0,0.0
supply_pair,SDC-VD0519670A,item:029313,KG,0.0,0.359433,0.0,0.0,0.0,0.0,0.0,1.16928,0.0,0.0,mrp_trace_demand_signal,1.0,0.0
supply_pair,SDC-VD0520115A,item:708073,KG,0.0,62.298949,0.0,0.0,0.0,0.0,0.0,854.854,0.0,0.0,mrp_trace_demand_signal,1.0,0.0
supply_pair,SDC-VD0520132A,item:038005,KG,0.0,137.475444,0.0,0.0,0.0,0.0,0.0,1886.411173,0.0,0.0,mrp_trace_demand_signal,1.0,0.0
supply_pair,SDC-VD0520132A,item:049371,KG,0.0,13.299038,0.0,0.0,0.0,0.0,0.0,43.26336,0.0,0.0,mrp_trace_demand_signal,1.0,0.0
supply_pair,SDC-VD0525412A,item:333362,UN,0.0,7856.109589,0.0,0.0,0.0,0.0,0.0,107800.0,0.0,0.0,mrp_trace_demand_signal,1.0,0.0
supply_pair,SDC-VD0901566A,item:338928,UN,0.0,8853.041096,0.0,0.0,0.0,0.0,0.0,28800.0,0.0,0.0,mrp_trace_demand_signal,1.0,0.0
supply_pair,SDC-VD0910216A,item:001893,KG,0.0,68.292359,0.0,0.0,0.0,0.0,0.0,222.1632,0.0,0.0,mrp_trace_demand_signal,1.0,0.0
supply_pair,SDC-VD0910216A,item:002612,KG,0.0,17.971673,0.0,0.0,0.0,0.0,0.0,58.464,0.0,0.0,mrp_trace_demand_signal,1.0,0.0
supply_pair,SDC-VD0914320A,item:055703,KG,0.0,0.718867,0.0,0.0,0.0,0.0,0.0,2.33856,0.0,0.0,mrp_trace_demand_signal,1.0,0.0
supply_pair,SDC-VD0914360C,item:338929,UN,0.0,8853.041096,0.0,0.0,0.0,0.0,0.0,28800.0,0.0,0.0,mrp_trace_demand_signal,1.0,0.0
supply_pair,SDC-VD0914690A,item:042342,UN,0.0,474053.364822,0.0,0.0,0.0,0.0,0.0,6504867.6,0.0,0.0,mrp_trace_demand_signal,1.0,0.0
supply_pair,SDC-VD0949099A,item:021081,KG,0.0,485.94411,0.0,0.0,0.0,0.0,0.0,57216.0,0.0,0.0,mrp_trace_demand_signal,1.0,0.0
supply_pair,SDC-VD0951020A,item:001757,KG,0.0,14.377339,0.0,0.0,0.0,0.0,0.0,46.7712,0.0,0.0,mrp_trace_demand_signal,1.0,0.0
supply_pair,SDC-VD0951020A,item:001848,KG,0.0,10.783004,0.0,0.0,0.0,0.0,0.0,35.0784,0.0,0.0,mrp_trace_demand_signal,1.0,0.0
supply_pair,SDC-VD0951020A,item:007923,KG,0.0,28.754677,0.0,0.0,0.0,0.0,0.0,93.5424,0.0,0.0,mrp_trace_demand_signal,1.0,0.0
supply_pair,SDC-VD0956464A,item:007923,KG,0.0,28.754677,0.0,0.0,0.0,0.0,0.0,93.5424,0.0,0.0,mrp_trace_demand_signal,1.0,0.0
supply_pair,SDC-VD0960508A,item:021081,KG,0.0,485.94411,0.0,0.0,0.0,0.0,0.0,57216.0,0.0,0.0,mrp_trace_demand_signal,1.0,0.0
supply_pair,SDC-VD0964290A,item:055703,KG,0.0,0.718867,0.0,0.0,0.0,0.0,0.0,2.33856,0.0,0.0,mrp_trace_demand_signal,1.0,0.0
supply_pair,SDC-VD0972460A,item:021081,KG,0.0,485.94411,0.0,0.0,0.0,0.0,0.0,57216.0,0.0,0.0,mrp_trace_demand_signal,1.0,0.0
supply_pair,SDC-VD0975221A,item:021081,KG,0.0,485.94411,0.0,0.0,0.0,0.0,0.0,57216.0,0.0,0.0,mrp_trace_demand_signal,1.0,0.0
supply_pair,SDC-VD0989480A,item:426331,UN,0.0,97.383452,0.0,0.0,0.0,0.0,0.0,316.8,0.0,0.0,mrp_trace_demand_signal,1.0,0.0
supply_pair,SDC-VD0990780A,item:002612,KG,0.0,17.971673,0.0,0.0,0.0,0.0,0.0,58.464,0.0,0.0,mrp_trace_demand_signal,1.0,0.0
supply_pair,SDC-VD0993480A,item:344135,UN,0.0,7856.109589,0.0,0.0,0.0,0.0,0.0,107800.0,0.0,0.0,mrp_trace_demand_signal,1.0,0.0
supply_pair,SDC-VD1091642A,item:001893,KG,0.0,68.292359,0.0,0.0,0.0,0.0,0.0,222.1632,0.0,0.0,mrp_trace_demand_signal,1.0,0.0
supply_pair,SDC-VD1091642A,item:002612,KG,0.0,17.971673,0.0,0.0,0.0,0.0,0.0,58.464,0.0,0.0,mrp_trace_demand_signal,1.0,0.0
supply_pair,SDC-VD1095770A,item:734545,UN,0.0,62.848877,0.0,0.0,0.0,0.0,0.0,862.4,0.0,0.0,mrp_trace_demand_signal,1.0,0.0
supply_pair,SDC-VD1096202A,item:039668,KG,0.0,0.359433,0.0,0.0,0.0,0.0,0.0,1.16928,0.0,0.0,mrp_trace_demand_signal,1.0,0.0
