day,node_id,item_id,produced_qty,cum_produced_qty
0,M-1430,item:268967,20.75,20.75
0,M-1810,item:268091,20.75,20.75
0,SDC-1450,item:773474,229.299553,229.299553
1,M-1430,item:268967,23.15,43.9
1,M-1810,item:268091,23.15,43.9
1,SDC-1450,item:773474,223.506722,452.806274
2,M-1430,item:268967,25.63,69.53
2,M-1810,item:268091,25.63,69.53
2,SDC-1450,item:773474,222.348156,675.15443
3,M-1430,item:268967,29.126,98.656
3,M-1810,item:268091,29.126,98.656
3,SDC-1450,item:773474,227.136896,902.291325
4,M-1430,item:268967,27.8252,126.4812
4,M-1810,item:268091,27.8252,126.4812
4,SDC-1450,item:773474,238.907928,1141.199253
5,M-1430,item:268967,25.56504,152.04624
5,M-1810,item:268091,25.56504,152.04624
5,SDC-1450,item:773474,247.209441,1388.408694
6,M-1430,item:268967,23.113008,175.159248
6,M-1810,item:268091,23.113008,175.159248
6,SDC-1450,item:773474,248.792505,1637.201199
7,M-1430,item:268967,20.622602,195.78185
7,M-1810,item:268091,20.622602,195.78185
7,SDC-1450,item:773474,243.980532,1881.181731
8,M-1430,item:268967,23.12452,218.90637
8,M-1810,item:268091,23.12452,218.90637
8,SDC-1450,item:773474,234.043112,2115.224843
9,M-1430,item:268967,25.624904,244.531274
9,M-1810,item:268091,25.624904,244.531274
9,SDC-1450,item:773474,229.89915,2345.123993
10,M-1430,item:268967,29.124981,273.656255
10,M-1810,item:268091,29.124981,273.656255
10,SDC-1450,item:773474,232.570772,2577.694765
11,M-1430,item:268967,27.824996,301.481251
11,M-1810,item:268091,27.824996,301.481251
11,SDC-1450,item:773474,242.829637,2820.524402
12,M-1430,item:268967,25.564999,327.04625
12,M-1810,item:268091,25.564999,327.04625
12,SDC-1450,item:773474,250.043981,3070.568383
13,M-1430,item:268967,23.113,350.15925
13,M-1810,item:268091,23.113,350.15925
13,SDC-1450,item:773474,250.842625,3321.411008
14,M-1430,item:268967,20.6226,370.78185
14,M-1810,item:268091,20.6226,370.78185
14,SDC-1450,item:773474,245.463728,3566.874737
15,M-1430,item:268967,23.12452,393.90637
15,M-1810,item:268091,23.12452,393.90637
15,SDC-1450,item:773474,235.116281,3801.991017
16,M-1430,item:268967,25.624904,419.531274
16,M-1810,item:268091,25.624904,419.531274
16,SDC-1450,item:773474,230.675679,4032.666696
17,M-1430,item:268967,29.124981,448.656255
17,M-1810,item:268091,29.124981,448.656255
17,SDC-1450,item:773474,233.132667,4265.799363
18,M-1430,item:268967,27.824996,476.481251
18,M-1810,item:268091,27.824996,476.481251
18,SDC-1450,item:773474,243.236227,4509.03559
19,M-1430,item:268967,25.564999,502.04625
19,M-1810,item:268091,25.564999,502.04625
19,SDC-1450,item:773474,250.338191,4759.373781
20,M-1430,item:268967,23.113,525.15925
20,M-1810,item:268091,23.113,525.15925
20,SDC-1450,item:773474,251.055518,5010.429299
21,M-1430,item:268967,20.6226,545.78185
21,M-1810,item:268091,20.6226,545.78185
21,SDC-1450,item:773474,245.617779,5256.047078
22,M-1430,item:268967,23.12452,568.90637
22,M-1810,item:268091,23.12452,568.90637
22,SDC-1450,item:773474,235.227752,5491.27483
23,M-1430,item:268967,25.624904,594.531274
23,M-1810,item:268091,25.624904,594.531274
23,SDC-1450,item:773474,230.756341,5722.031171
24,M-1430,item:268967,29.124981,623.656255
24,M-1810,item:268091,29.124981,623.656255
24,SDC-1450,item:773474,233.191035,5955.222205
25,M-1430,item:268967,27.824996,651.481251
25,M-1810,item:268091,27.824996,651.481251
25,SDC-1450,item:773474,243.278462,6198.500667
26,M-1430,item:268967,25.564999,677.04625
26,M-1810,item:268091,25.564999,677.04625
26,SDC-1450,item:773474,250.368753,6448.86942
27,M-1430,item:268967,23.113,700.15925
27,M-1810,item:268091,23.113,700.15925
27,SDC-1450,item:773474,251.077632,6699.947052
28,M-1430,item:268967,20.6226,720.78185
28,M-1810,item:268091,20.6226,720.78185
28,SDC-1450,item:773474,245.633781,6945.580833
29,M-1430,item:268967,23.12452,743.90637
29,M-1810,item:268091,23.12452,743.90637
29,SDC-1450,item:773474,235.239332,7180.820165
30,M-1430,item:268967,23.624904,767.531274
30,M-1810,item:268091,23.624904,767.531274
30,SDC-1450,item:773474,230.76472,7411.584884
31,M-1430,item:268967,23.724981,791.256255
31,M-1810,item:268091,23.724981,791.256255
31,SDC-1450,item:773474,229.33521,7640.920095
32,M-1430,item:268967,23.744996,815.001251
32,M-1810,item:268091,23.744996,815.001251
32,SDC-1450,item:773474,228.993866,7869.913961
33,M-1430,item:268967,23.748999,838.75025
33,M-1810,item:268091,23.748999,838.75025
33,SDC-1450,item:773474,228.977073,8098.891034
34,M-1430,item:268967,23.7498,862.50005
34,M-1810,item:268091,23.7498,862.50005
34,SDC-1450,item:773474,229.036277,8327.927311
35,M-1430,item:268967,23.74996,886.25001
35,M-1810,item:268091,23.74996,886.25001
35,SDC-1450,item:773474,229.100387,8557.027698
36,M-1430,item:268967,23.749992,910.000002
36,M-1810,item:268091,23.749992,910.000002
36,SDC-1450,item:773474,229.152965,8786.180663
37,M-1430,item:268967,23.749998,933.75
37,M-1810,item:268091,23.749998,933.75
37,SDC-1450,item:773474,229.192782,9015.373445
38,M-1430,item:268967,23.75,957.5
38,M-1810,item:268091,23.75,957.5
38,SDC-1450,item:773474,229.222097,9244.595542
39,M-1430,item:268967,23.75,981.25
39,M-1810,item:268091,23.75,981.25
39,SDC-1450,item:773474,229.24345,9473.838992
40,M-1430,item:268967,23.75,1005.0
40,M-1810,item:268091,23.75,1005.0
40,SDC-1450,item:773474,229.258941,9703.097933
41,M-1430,item:268967,23.75,1028.75
41,M-1810,item:268091,23.75,1028.75
41,SDC-1450,item:773474,229.270162,9932.368095
42,M-1430,item:268967,23.75,1052.5
42,M-1810,item:268091,23.75,1052.5
42,SDC-1450,item:773474,229.278284,10161.646379
43,M-1430,item:268967,23.75,1076.25
43,M-1810,item:268091,23.75,1076.25
43,SDC-1450,item:773474,229.284162,10390.930541
44,M-1430,item:268967,23.75,1100.0
44,M-1810,item:268091,23.75,1100.0
44,SDC-1450,item:773474,229.288416,10620.218956
45,M-1430,item:268967,23.75,1123.75
45,M-1810,item:268091,23.75,1123.75
45,SDC-1450,item:773474,229.291494,10849.51045
46,M-1430,item:268967,23.75,1147.5
46,M-1810,item:268091,23.75,1147.5
46,SDC-1450,item:773474,229.293721,11078.804172
47,M-1430,item:268967,23.75,1171.25
47,M-1810,item:268091,23.75,1171.25
47,SDC-1450,item:773474,229.295333,11308.099504
48,M-1430,item:268967,23.75,1195.0
48,M-1810,item:268091,23.75,1195.0
48,SDC-1450,item:773474,229.296499,11537.396004
49,M-1430,item:268967,23.75,1218.75
49,M-1810,item:268091,23.75,1218.75
49,SDC-1450,item:773474,229.297343,11766.693347
50,M-1430,item:268967,23.75,1242.5
50,M-1810,item:268091,23.75,1242.5
50,SDC-1450,item:773474,229.297954,11995.991301
51,M-1430,item:268967,23.75,1266.25
51,M-1810,item:268091,23.75,1266.25
51,SDC-1450,item:773474,229.298396,12225.289696
52,M-1430,item:268967,23.75,1290.0
52,M-1810,item:268091,23.75,1290.0
52,SDC-1450,item:773474,229.298715,12454.588412
53,M-1430,item:268967,23.75,1313.75
53,M-1810,item:268091,23.75,1313.75
53,SDC-1450,item:773474,229.298947,12683.887358
54,M-1430,item:268967,23.75,1337.5
54,M-1810,item:268091,23.75,1337.5
54,SDC-1450,item:773474,229.299114,12913.186473
55,M-1430,item:268967,23.75,1361.25
55,M-1810,item:268091,23.75,1361.25
55,SDC-1450,item:773474,229.299235,13142.485708
56,M-1430,item:268967,23.75,1385.0
56,M-1810,item:268091,23.75,1385.0
56,SDC-1450,item:773474,229.299323,13371.785031
57,M-1430,item:268967,23.75,1408.75
57,M-1810,item:268091,23.75,1408.75
57,SDC-1450,item:773474,229.299386,13601.084417
58,M-1430,item:268967,23.75,1432.5
58,M-1810,item:268091,23.75,1432.5
58,SDC-1450,item:773474,229.299432,13830.38385
59,M-1430,item:268967,23.75,1456.25
59,M-1810,item:268091,23.75,1456.25
59,SDC-1450,item:773474,229.299466,14059.683315
60,M-1430,item:268967,23.75,1480.0
60,M-1810,item:268091,23.75,1480.0
60,SDC-1450,item:773474,229.29949,14288.982805
61,M-1430,item:268967,23.75,1503.75
61,M-1810,item:268091,23.75,1503.75
61,SDC-1450,item:773474,229.299507,14518.282312
62,M-1430,item:268967,23.75,1527.5
62,M-1810,item:268091,23.75,1527.5
62,SDC-1450,item:773474,229.29952,14747.581831
63,M-1430,item:268967,23.75,1551.25
63,M-1810,item:268091,23.75,1551.25
63,SDC-1450,item:773474,229.299529,14976.88136
64,M-1430,item:268967,23.75,1575.0
64,M-1810,item:268091,23.75,1575.0
64,SDC-1450,item:773474,229.299535,15206.180895
65,M-1430,item:268967,23.75,1598.75
65,M-1810,item:268091,23.75,1598.75
65,SDC-1450,item:773474,229.29954,15435.480435
66,M-1430,item:268967,23.75,1622.5
66,M-1810,item:268091,23.75,1622.5
66,SDC-1450,item:773474,229.299543,15664.779979
67,M-1430,item:268967,23.75,1646.25
67,M-1810,item:268091,23.75,1646.25
67,SDC-1450,item:773474,229.299546,15894.079525
68,M-1430,item:268967,23.75,1670.0
68,M-1810,item:268091,23.75,1670.0
68,SDC-1450,item:773474,229.299548,16123.379072
69,M-1430,item:268967,23.75,1693.75
69,M-1810,item:268091,23.75,1693.75
69,SDC-1450,item:773474,229.299549,16352.678621
70,M-1430,item:268967,23.75,1717.5
70,M-1810,item:268091,23.75,1717.5
70,SDC-1450,item:773474,229.29955,16581.978171
71,M-1430,item:268967,23.75,1741.25
71,M-1810,item:268091,23.75,1741.25
71,SDC-1450,item:773474,229.299551,16811.277722
72,M-1430,item:268967,23.75,1765.0
72,M-1810,item:268091,23.75,1765.0
72,SDC-1450,item:773474,229.299551,17040.577273
73,M-1430,item:268967,23.75,1788.75
73,M-1810,item:268091,23.75,1788.75
73,SDC-1450,item:773474,229.299552,17269.876825
74,M-1430,item:268967,23.75,1812.5
74,M-1810,item:268091,23.75,1812.5
74,SDC-1450,item:773474,229.299552,17499.176377
75,M-1430,item:268967,23.75,1836.25
75,M-1810,item:268091,23.75,1836.25
75,SDC-1450,item:773474,229.299552,17728.475929
76,M-1430,item:268967,23.75,1860.0
76,M-1810,item:268091,23.75,1860.0
76,SDC-1450,item:773474,229.299552,17957.775481
77,M-1430,item:268967,23.75,1883.75
77,M-1810,item:268091,23.75,1883.75
77,SDC-1450,item:773474,229.299552,18187.075033
78,M-1430,item:268967,23.75,1907.5
78,M-1810,item:268091,23.75,1907.5
78,SDC-1450,item:773474,229.299552,18416.374585
79,M-1430,item:268967,23.75,1931.25
79,M-1810,item:268091,23.75,1931.25
79,SDC-1450,item:773474,229.299552,18645.674138
80,M-1430,item:268967,23.75,1955.0
80,M-1810,item:268091,23.75,1955.0
80,SDC-1450,item:773474,229.299552,18874.97369
81,M-1430,item:268967,23.75,1978.75
81,M-1810,item:268091,23.75,1978.75
81,SDC-1450,item:773474,229.299552,19104.273243
82,M-1430,item:268967,23.75,2002.5
82,M-1810,item:268091,23.75,2002.5
82,SDC-1450,item:773474,229.299552,19333.572795
83,M-1430,item:268967,23.75,2026.25
83,M-1810,item:268091,23.75,2026.25
83,SDC-1450,item:773474,229.299552,19562.872348
84,M-1430,item:268967,23.75,2050.0
84,M-1810,item:268091,23.75,2050.0
84,SDC-1450,item:773474,229.299552,19792.1719
85,M-1430,item:268967,23.75,2073.75
85,M-1810,item:268091,23.75,2073.75
85,SDC-1450,item:773474,229.299552,20021.471453
86,M-1430,item:268967,23.75,2097.5
86,M-1810,item:268091,23.75,2097.5
86,SDC-1450,item:773474,229.299552,20250.771005
87,M-1430,item:268967,23.75,2121.25
87,M-1810,item:268091,23.75,2121.25
87,SDC-1450,item:773474,229.299552,20480.070558
88,M-1430,item:268967,23.75,2145.0
88,M-1810,item:268091,23.75,2145.0
88,SDC-1450,item:773474,229.299552,20709.37011
89,M-1430,item:268967,23.75,2168.75
89,M-1810,item:268091,23.75,2168.75
89,SDC-1450,item:773474,229.299552,20938.669663
90,M-1430,item:268967,23.75,2192.5
90,M-1810,item:268091,23.75,2192.5
90,SDC-1450,item:773474,229.299552,21167.969215
91,M-1430,item:268967,23.75,2216.25
91,M-1810,item:268091,23.75,2216.25
91,SDC-1450,item:773474,229.299552,21397.268768
92,M-1430,item:268967,23.75,2240.0
92,M-1810,item:268091,23.75,2240.0
92,SDC-1450,item:773474,229.299552,21626.56832
93,M-1430,item:268967,23.75,2263.75
93,M-1810,item:268091,23.75,2263.75
93,SDC-1450,item:773474,229.299552,21855.867873
94,M-1430,item:268967,23.75,2287.5
94,M-1810,item:268091,23.75,2287.5
94,SDC-1450,item:773474,229.299552,22085.167425
95,M-1430,item:268967,23.75,2311.25
95,M-1810,item:268091,23.75,2311.25
95,SDC-1450,item:773474,229.299552,22314.466978
96,M-1430,item:268967,23.75,2335.0
96,M-1810,item:268091,23.75,2335.0
96,SDC-1450,item:773474,229.299552,22543.76653
97,M-1430,item:268967,23.75,2358.75
97,M-1810,item:268091,23.75,2358.75
97,SDC-1450,item:773474,229.299552,22773.066083
98,M-1430,item:268967,23.75,2382.5
98,M-1810,item:268091,23.75,2382.5
98,SDC-1450,item:773474,229.299552,23002.365635
99,M-1430,item:268967,23.75,2406.25
99,M-1810,item:268091,23.75,2406.25
99,SDC-1450,item:773474,229.299552,23231.665188
100,M-1430,item:268967,23.75,2430.0
100,M-1810,item:268091,23.75,2430.0
100,SDC-1450,item:773474,229.299552,23460.96474
101,M-1430,item:268967,23.75,2453.75
101,M-1810,item:268091,23.75,2453.75
101,SDC-1450,item:773474,229.299552,23690.264293
102,M-1430,item:268967,23.75,2477.5
102,M-1810,item:268091,23.75,2477.5
102,SDC-1450,item:773474,229.299552,23919.563845
103,M-1430,item:268967,23.75,2501.25
103,M-1810,item:268091,23.75,2501.25
103,SDC-1450,item:773474,229.299552,24148.863398
104,M-1430,item:268967,23.75,2525.0
104,M-1810,item:268091,23.75,2525.0
104,SDC-1450,item:773474,229.299552,24378.16295
105,M-1430,item:268967,23.75,2548.75
105,M-1810,item:268091,23.75,2548.75
105,SDC-1450,item:773474,229.299552,24607.462503
106,M-1430,item:268967,23.75,2572.5
106,M-1810,item:268091,23.75,2572.5
106,SDC-1450,item:773474,229.299552,24836.762055
107,M-1430,item:268967,23.75,2596.25
107,M-1810,item:268091,23.75,2596.25
107,SDC-1450,item:773474,229.299552,25066.061608
108,M-1430,item:268967,23.75,2620.0
108,M-1810,item:268091,23.75,2620.0
108,SDC-1450,item:773474,229.299552,25295.36116
109,M-1430,item:268967,23.75,2643.75
109,M-1810,item:268091,23.75,2643.75
109,SDC-1450,item:773474,229.299552,25524.660713
110,M-1430,item:268967,23.75,2667.5
110,M-1810,item:268091,23.75,2667.5
110,SDC-1450,item:773474,229.299552,25753.960265
111,M-1430,item:268967,23.75,2691.25
111,M-1810,item:268091,23.75,2691.25
111,SDC-1450,item:773474,229.299552,25983.259818
112,M-1430,item:268967,23.75,2715.0
112,M-1810,item:268091,23.75,2715.0
112,SDC-1450,item:773474,229.299552,26212.55937
113,M-1430,item:268967,23.75,2738.75
113,M-1810,item:268091,23.75,2738.75
113,SDC-1450,item:773474,229.299552,26441.858923
114,M-1430,item:268967,23.75,2762.5
114,M-1810,item:268091,23.75,2762.5
114,SDC-1450,item:773474,229.299552,26671.158475
115,M-1430,item:268967,23.75,2786.25
115,M-1810,item:268091,23.75,2786.25
115,SDC-1450,item:773474,229.299552,26900.458028
116,M-1430,item:268967,23.75,2810.0
116,M-1810,item:268091,23.75,2810.0
116,SDC-1450,item:773474,229.299552,27129.75758
117,M-1430,item:268967,23.75,2833.75
117,M-1810,item:268091,23.75,2833.75
117,SDC-1450,item:773474,229.299552,27359.057133
118,M-1430,item:268967,23.75,2857.5
118,M-1810,item:268091,23.75,2857.5
118,SDC-1450,item:773474,229.299552,27588.356685
119,M-1430,item:268967,23.75,2881.25
119,M-1810,item:268091,23.75,2881.25
119,SDC-1450,item:773474,229.299552,27817.656238
120,M-1430,item:268967,23.75,2905.0
120,M-1810,item:268091,23.75,2905.0
120,SDC-1450,item:773474,229.299553,28046.95579
121,M-1430,item:268967,23.75,2928.75
121,M-1810,item:268091,23.75,2928.75
121,SDC-1450,item:773474,229.299553,28276.255343
122,M-1430,item:268967,23.75,2952.5
122,M-1810,item:268091,23.75,2952.5
122,SDC-1450,item:773474,229.299553,28505.554895
123,M-1430,item:268967,23.75,2976.25
123,M-1810,item:268091,23.75,2976.25
123,SDC-1450,item:773474,229.299553,28734.854448
124,M-1430,item:268967,23.75,3000.0
124,M-1810,item:268091,23.75,3000.0
124,SDC-1450,item:773474,229.299553,28964.154
125,M-1430,item:268967,23.75,3023.75
125,M-1810,item:268091,23.75,3023.75
125,SDC-1450,item:773474,229.299553,29193.453553
126,M-1430,item:268967,23.75,3047.5
126,M-1810,item:268091,23.75,3047.5
126,SDC-1450,item:773474,229.299553,29422.753105
127,M-1430,item:268967,23.75,3071.25
127,M-1810,item:268091,23.75,3071.25
127,SDC-1450,item:773474,229.299553,29652.052658
128,M-1430,item:268967,23.75,3095.0
128,M-1810,item:268091,23.75,3095.0
128,SDC-1450,item:773474,229.299553,29881.35221
129,M-1430,item:268967,23.75,3118.75
129,M-1810,item:268091,23.75,3118.75
129,SDC-1450,item:773474,229.299553,30110.651763
130,M-1430,item:268967,23.75,3142.5
130,M-1810,item:268091,23.75,3142.5
130,SDC-1450,item:773474,229.299553,30339.951315
131,M-1430,item:268967,23.75,3166.25
131,M-1810,item:268091,23.75,3166.25
131,SDC-1450,item:773474,229.299553,30569.250868
132,M-1430,item:268967,23.75,3190.0
132,M-1810,item:268091,23.75,3190.0
132,SDC-1450,item:773474,229.299553,30798.55042
133,M-1430,item:268967,23.75,3213.75
133,M-1810,item:268091,23.75,3213.75
133,SDC-1450,item:773474,229.299553,31027.849973
134,M-1430,item:268967,23.75,3237.5
134,M-1810,item:268091,23.75,3237.5
134,SDC-1450,item:773474,229.299553,31257.149525
135,M-1430,item:268967,23.75,3261.25
135,M-1810,item:268091,23.75,3261.25
135,SDC-1450,item:773474,229.299553,31486.449078
136,M-1430,item:268967,23.75,3285.0
136,M-1810,item:268091,23.75,3285.0
136,SDC-1450,item:773474,229.299553,31715.74863
137,M-1430,item:268967,23.75,3308.75
137,M-1810,item:268091,23.75,3308.75
137,SDC-1450,item:773474,229.299553,31945.048183
138,M-1430,item:268967,23.75,3332.5
138,M-1810,item:268091,23.75,3332.5
138,SDC-1450,item:773474,229.299553,32174.347735
139,M-1430,item:268967,23.75,3356.25
139,M-1810,item:268091,23.75,3356.25
139,SDC-1450,item:773474,229.299553,32403.647288
140,M-1430,item:268967,23.75,3380.0
140,M-1810,item:268091,23.75,3380.0
140,SDC-1450,item:773474,229.299553,32632.94684
141,M-1430,item:268967,23.75,3403.75
141,M-1810,item:268091,23.75,3403.75
141,SDC-1450,item:773474,229.299553,32862.246393
142,M-1430,item:268967,23.75,3427.5
142,M-1810,item:268091,23.75,3427.5
142,SDC-1450,item:773474,229.299553,33091.545945
143,M-1430,item:268967,23.75,3451.25
143,M-1810,item:268091,23.75,3451.25
143,SDC-1450,item:773474,229.299553,33320.845498
144,M-1430,item:268967,23.75,3475.0
144,M-1810,item:268091,23.75,3475.0
144,SDC-1450,item:773474,229.299553,33550.14505
145,M-1430,item:268967,23.75,3498.75
145,M-1810,item:268091,23.75,3498.75
145,SDC-1450,item:773474,229.299553,33779.444603
146,M-1430,item:268967,23.75,3522.5
146,M-1810,item:268091,23.75,3522.5
146,SDC-1450,item:773474,229.299553,34008.744155
147,M-1430,item:268967,23.75,3546.25
147,M-1810,item:268091,23.75,3546.25
147,SDC-1450,item:773474,229.299553,34238.043708
148,M-1430,item:268967,23.75,3570.0
148,M-1810,item:268091,23.75,3570.0
148,SDC-1450,item:773474,229.299553,34467.34326
149,M-1430,item:268967,23.75,3593.75
149,M-1810,item:268091,23.75,3593.75
149,SDC-1450,item:773474,229.299553,34696.642813
150,M-1430,item:268967,23.75,3617.5
150,M-1810,item:268091,23.75,3617.5
150,SDC-1450,item:773474,229.299553,34925.942365
151,M-1430,item:268967,23.75,3641.25
151,M-1810,item:268091,23.75,3641.25
151,SDC-1450,item:773474,229.299553,35155.241918
152,M-1430,item:268967,23.75,3665.0
152,M-1810,item:268091,23.75,3665.0
152,SDC-1450,item:773474,229.299553,35384.54147
153,M-1430,item:268967,23.75,3688.75
153,M-1810,item:268091,23.75,3688.75
153,SDC-1450,item:773474,229.299553,35613.841023
154,M-1430,item:268967,23.75,3712.5
154,M-1810,item:268091,23.75,3712.5
154,SDC-1450,item:773474,229.299553,35843.140575
155,M-1430,item:268967,23.75,3736.25
155,M-1810,item:268091,23.75,3736.25
155,SDC-1450,item:773474,229.299553,36072.440128
156,M-1430,item:268967,23.75,3760.0
156,M-1810,item:268091,23.75,3760.0
156,SDC-1450,item:773474,229.299553,36301.73968
157,M-1430,item:268967,23.75,3783.75
157,M-1810,item:268091,23.75,3783.75
157,SDC-1450,item:773474,229.299553,36531.039233
158,M-1430,item:268967,23.75,3807.5
158,M-1810,item:268091,23.75,3807.5
158,SDC-1450,item:773474,229.299553,36760.338785
159,M-1430,item:268967,23.75,3831.25
159,M-1810,item:268091,23.75,3831.25
159,SDC-1450,item:773474,229.299553,36989.638338
160,M-1430,item:268967,23.75,3855.0
160,M-1810,item:268091,23.75,3855.0
160,SDC-1450,item:773474,229.299553,37218.93789
161,M-1430,item:268967,23.75,3878.75
161,M-1810,item:268091,23.75,3878.75
161,SDC-1450,item:773474,229.299553,37448.237443
162,M-1430,item:268967,23.75,3902.5
162,M-1810,item:268091,23.75,3902.5
162,SDC-1450,item:773474,229.299553,37677.536995
163,M-1430,item:268967,23.75,3926.25
163,M-1810,item:268091,23.75,3926.25
163,SDC-1450,item:773474,229.299553,37906.836548
164,M-1430,item:268967,23.75,3950.0
164,M-1810,item:268091,23.75,3950.0
164,SDC-1450,item:773474,229.299553,38136.1361
165,M-1430,item:268967,23.75,3973.75
165,M-1810,item:268091,23.75,3973.75
165,SDC-1450,item:773474,229.299553,38365.435653
166,M-1430,item:268967,23.75,3997.5
166,M-1810,item:268091,23.75,3997.5
166,SDC-1450,item:773474,229.299553,38594.735205
167,M-1430,item:268967,23.75,4021.25
167,M-1810,item:268091,23.75,4021.25
167,SDC-1450,item:773474,229.299553,38824.034758
168,M-1430,item:268967,23.75,4045.0
168,M-1810,item:268091,23.75,4045.0
168,SDC-1450,item:773474,229.299553,39053.33431
169,M-1430,item:268967,23.75,4068.75
169,M-1810,item:268091,23.75,4068.75
169,SDC-1450,item:773474,229.299553,39282.633863
170,M-1430,item:268967,23.75,4092.5
170,M-1810,item:268091,23.75,4092.5
170,SDC-1450,item:773474,229.299553,39511.933415
171,M-1430,item:268967,23.75,4116.25
171,M-1810,item:268091,23.75,4116.25
171,SDC-1450,item:773474,229.299553,39741.232968
172,M-1430,item:268967,23.75,4140.0
172,M-1810,item:268091,23.75,4140.0
172,SDC-1450,item:773474,229.299553,39970.53252
173,M-1430,item:268967,23.75,4163.75
173,M-1810,item:268091,23.75,4163.75
173,SDC-1450,item:773474,229.299553,40199.832073
174,M-1430,item:268967,23.75,4187.5
174,M-1810,item:268091,23.75,4187.5
174,SDC-1450,item:773474,229.299553,40429.131625
175,M-1430,item:268967,23.75,4211.25
175,M-1810,item:268091,23.75,4211.25
175,SDC-1450,item:773474,229.299553,40658.431178
176,M-1430,item:268967,23.75,4235.0
176,M-1810,item:268091,23.75,4235.0
176,SDC-1450,item:773474,229.299553,40887.73073
177,M-1430,item:268967,23.75,4258.75
177,M-1810,item:268091,23.75,4258.75
177,SDC-1450,item:773474,229.299553,41117.030283
178,M-1430,item:268967,23.75,4282.5
178,M-1810,item:268091,23.75,4282.5
178,SDC-1450,item:773474,229.299553,41346.329835
179,M-1430,item:268967,23.75,4306.25
179,M-1810,item:268091,23.75,4306.25
179,SDC-1450,item:773474,229.299553,41575.629388
180,M-1430,item:268967,23.75,4330.0
180,M-1810,item:268091,23.75,4330.0
180,SDC-1450,item:773474,229.299553,41804.92894
181,M-1430,item:268967,23.75,4353.75
181,M-1810,item:268091,23.75,4353.75
181,SDC-1450,item:773474,229.299553,42034.228493
182,M-1430,item:268967,23.75,4377.5
182,M-1810,item:268091,23.75,4377.5
182,SDC-1450,item:773474,229.299553,42263.528045
183,M-1430,item:268967,23.75,4401.25
183,M-1810,item:268091,23.75,4401.25
183,SDC-1450,item:773474,229.299553,42492.827598
184,M-1430,item:268967,23.75,4425.0
184,M-1810,item:268091,23.75,4425.0
184,SDC-1450,item:773474,229.299553,42722.12715
185,M-1430,item:268967,23.75,4448.75
185,M-1810,item:268091,23.75,4448.75
185,SDC-1450,item:773474,229.299553,42951.426703
186,M-1430,item:268967,23.75,4472.5
186,M-1810,item:268091,23.75,4472.5
186,SDC-1450,item:773474,229.299553,43180.726255
187,M-1430,item:268967,23.75,4496.25
187,M-1810,item:268091,23.75,4496.25
187,SDC-1450,item:773474,229.299553,43410.025808
188,M-1430,item:268967,23.75,4520.0
188,M-1810,item:268091,23.75,4520.0
188,SDC-1450,item:773474,229.299553,43639.32536
189,M-1430,item:268967,23.75,4543.75
189,M-1810,item:268091,23.75,4543.75
189,SDC-1450,item:773474,229.299553,43868.624913
190,M-1430,item:268967,23.75,4567.5
190,M-1810,item:268091,23.75,4567.5
190,SDC-1450,item:773474,229.299553,44097.924465
191,M-1430,item:268967,23.75,4591.25
191,M-1810,item:268091,23.75,4591.25
191,SDC-1450,item:773474,229.299553,44327.224018
192,M-1430,item:268967,23.75,4615.0
192,M-1810,item:268091,23.75,4615.0
192,SDC-1450,item:773474,229.299553,44556.52357
193,M-1430,item:268967,23.75,4638.75
193,M-1810,item:268091,23.75,4638.75
193,SDC-1450,item:773474,229.299553,44785.823123
194,M-1430,item:268967,23.75,4662.5
194,M-1810,item:268091,23.75,4662.5
194,SDC-1450,item:773474,229.299553,45015.122675
195,M-1430,item:268967,23.75,4686.25
195,M-1810,item:268091,23.75,4686.25
195,SDC-1450,item:773474,229.299553,45244.422228
196,M-1430,item:268967,23.75,4710.0
196,M-1810,item:268091,23.75,4710.0
196,SDC-1450,item:773474,229.299553,45473.72178
197,M-1430,item:268967,23.75,4733.75
197,M-1810,item:268091,23.75,4733.75
197,SDC-1450,item:773474,229.299553,45703.021333
198,M-1430,item:268967,23.75,4757.5
198,M-1810,item:268091,23.75,4757.5
198,SDC-1450,item:773474,229.299553,45932.320885
199,M-1430,item:268967,23.75,4781.25
199,M-1810,item:268091,23.75,4781.25
199,SDC-1450,item:773474,229.299553,46161.620438
200,M-1430,item:268967,23.75,4805.0
200,M-1810,item:268091,23.75,4805.0
200,SDC-1450,item:773474,229.299553,46390.91999
201,M-1430,item:268967,23.75,4828.75
201,M-1810,item:268091,23.75,4828.75
201,SDC-1450,item:773474,229.299553,46620.219543
202,M-1430,item:268967,23.75,4852.5
202,M-1810,item:268091,23.75,4852.5
202,SDC-1450,item:773474,229.299553,46849.519095
203,M-1430,item:268967,23.75,4876.25
203,M-1810,item:268091,23.75,4876.25
203,SDC-1450,item:773474,229.299553,47078.818648
204,M-1430,item:268967,23.75,4900.0
204,M-1810,item:268091,23.75,4900.0
204,SDC-1450,item:773474,229.299553,47308.1182
205,M-1430,item:268967,23.75,4923.75
205,M-1810,item:268091,23.75,4923.75
205,SDC-1450,item:773474,229.299553,47537.417753
206,M-1430,item:268967,23.75,4947.5
206,M-1810,item:268091,23.75,4947.5
206,SDC-1450,item:773474,229.299553,47766.717305
207,M-1430,item:268967,23.75,4971.25
207,M-1810,item:268091,23.75,4971.25
207,SDC-1450,item:773474,229.299553,47996.016858
208,M-1430,item:268967,23.75,4995.0
208,M-1810,item:268091,23.75,4995.0
208,SDC-1450,item:773474,229.299553,48225.31641
209,M-1430,item:268967,23.75,5018.75
209,M-1810,item:268091,23.75,5018.75
209,SDC-1450,item:773474,229.299553,48454.615963
210,M-1430,item:268967,23.75,5042.5
210,M-1810,item:268091,23.75,5042.5
210,SDC-1450,item:773474,229.299553,48683.915515
211,M-1430,item:268967,23.75,5066.25
211,M-1810,item:268091,23.75,5066.25
211,SDC-1450,item:773474,229.299553,48913.215068
212,M-1430,item:268967,23.75,5090.0
212,M-1810,item:268091,23.75,5090.0
212,SDC-1450,item:773474,229.299553,49142.51462
213,M-1430,item:268967,23.75,5113.75
213,M-1810,item:268091,23.75,5113.75
213,SDC-1450,item:773474,229.299553,49371.814173
214,M-1430,item:268967,23.75,5137.5
214,M-1810,item:268091,23.75,5137.5
214,SDC-1450,item:773474,229.299553,49601.113725
215,M-1430,item:268967,23.75,5161.25
215,M-1810,item:268091,23.75,5161.25
215,SDC-1450,item:773474,229.299553,49830.413278
216,M-1430,item:268967,23.75,5185.0
216,M-1810,item:268091,23.75,5185.0
216,SDC-1450,item:773474,229.299553,50059.71283
217,M-1430,item:268967,23.75,5208.75
217,M-1810,item:268091,23.75,5208.75
217,SDC-1450,item:773474,229.299553,50289.012383
218,M-1430,item:268967,23.75,5232.5
218,M-1810,item:268091,23.75,5232.5
218,SDC-1450,item:773474,229.299553,50518.311935
219,M-1430,item:268967,23.75,5256.25
219,M-1810,item:268091,23.75,5256.25
219,SDC-1450,item:773474,229.299553,50747.611488
220,M-1430,item:268967,23.75,5280.0
220,M-1810,item:268091,23.75,5280.0
220,SDC-1450,item:773474,229.299553,50976.91104
221,M-1430,item:268967,23.75,5303.75
221,M-1810,item:268091,23.75,5303.75
221,SDC-1450,item:773474,229.299553,51206.210593
222,M-1430,item:268967,23.75,5327.5
222,M-1810,item:268091,23.75,5327.5
222,SDC-1450,item:773474,229.299553,51435.510145
223,M-1430,item:268967,23.75,5351.25
223,M-1810,item:268091,23.75,5351.25
223,SDC-1450,item:773474,229.299553,51664.809698
224,M-1430,item:268967,23.75,5375.0
224,M-1810,item:268091,23.75,5375.0
224,SDC-1450,item:773474,229.299553,51894.10925
225,M-1430,item:268967,23.75,5398.75
225,M-1810,item:268091,23.75,5398.75
225,SDC-1450,item:773474,229.299553,52123.408803
226,M-1430,item:268967,23.75,5422.5
226,M-1810,item:268091,23.75,5422.5
226,SDC-1450,item:773474,229.299553,52352.708355
227,M-1430,item:268967,23.75,5446.25
227,M-1810,item:268091,23.75,5446.25
227,SDC-1450,item:773474,229.299553,52582.007908
228,M-1430,item:268967,23.75,5470.0
228,M-1810,item:268091,23.75,5470.0
228,SDC-1450,item:773474,229.299553,52811.30746
229,M-1430,item:268967,23.75,5493.75
229,M-1810,item:268091,23.75,5493.75
229,SDC-1450,item:773474,229.299553,53040.607013
230,M-1430,item:268967,23.75,5517.5
230,M-1810,item:268091,23.75,5517.5
230,SDC-1450,item:773474,229.299553,53269.906565
231,M-1430,item:268967,23.75,5541.25
231,M-1810,item:268091,23.75,5541.25
231,SDC-1450,item:773474,229.299553,53499.206118
232,M-1430,item:268967,23.75,5565.0
232,M-1810,item:268091,23.75,5565.0
232,SDC-1450,item:773474,229.299553,53728.50567
233,M-1430,item:268967,23.75,5588.75
233,M-1810,item:268091,23.75,5588.75
233,SDC-1450,item:773474,229.299553,53957.805223
234,M-1430,item:268967,23.75,5612.5
234,M-1810,item:268091,23.75,5612.5
234,SDC-1450,item:773474,229.299553,54187.104775
235,M-1430,item:268967,23.75,5636.25
235,M-1810,item:268091,23.75,5636.25
235,SDC-1450,item:773474,229.299553,54416.404328
236,M-1430,item:268967,23.75,5660.0
236,M-1810,item:268091,23.75,5660.0
236,SDC-1450,item:773474,229.299553,54645.70388
237,M-1430,item:268967,23.75,5683.75
237,M-1810,item:268091,23.75,5683.75
237,SDC-1450,item:773474,229.299553,54875.003433
238,M-1430,item:268967,23.75,5707.5
238,M-1810,item:268091,23.75,5707.5
238,SDC-1450,item:773474,229.299553,55104.302985
239,M-1430,item:268967,23.75,5731.25
239,M-1810,item:268091,23.75,5731.25
239,SDC-1450,item:773474,229.299553,55333.602538
240,M-1430,item:268967,23.75,5755.0
240,M-1810,item:268091,23.75,5755.0
240,SDC-1450,item:773474,229.299553,55562.90209
241,M-1430,item:268967,23.75,5778.75
241,M-1810,item:268091,23.75,5778.75
241,SDC-1450,item:773474,229.299553,55792.201643
242,M-1430,item:268967,23.75,5802.5
242,M-1810,item:268091,23.75,5802.5
242,SDC-1450,item:773474,229.299553,56021.501195
243,M-1430,item:268967,23.75,5826.25
243,M-1810,item:268091,23.75,5826.25
243,SDC-1450,item:773474,229.299553,56250.800748
244,M-1430,item:268967,23.75,5850.0
244,M-1810,item:268091,23.75,5850.0
244,SDC-1450,item:773474,229.299553,56480.1003
245,M-1430,item:268967,23.75,5873.75
245,M-1810,item:268091,23.75,5873.75
245,SDC-1450,item:773474,229.299553,56709.399853
246,M-1430,item:268967,23.75,5897.5
246,M-1810,item:268091,23.75,5897.5
246,SDC-1450,item:773474,229.299553,56938.699405
247,M-1430,item:268967,23.75,5921.25
247,M-1810,item:268091,23.75,5921.25
247,SDC-1450,item:773474,229.299553,57167.998958
248,M-1430,item:268967,23.75,5945.0
248,M-1810,item:268091,23.75,5945.0
248,SDC-1450,item:773474,229.299553,57397.29851
249,M-1430,item:268967,23.75,5968.75
249,M-1810,item:268091,23.75,5968.75
249,SDC-1450,item:773474,229.299553,57626.598063
250,M-1430,item:268967,23.75,5992.5
250,M-1810,item:268091,23.75,5992.5
250,SDC-1450,item:773474,229.299553,57855.897615
251,M-1430,item:268967,23.75,6016.25
251,M-1810,item:268091,23.75,6016.25
251,SDC-1450,item:773474,229.299553,58085.197168
252,M-1430,item:268967,23.75,6040.0
252,M-1810,item:268091,23.75,6040.0
252,SDC-1450,item:773474,229.299553,58314.49672
253,M-1430,item:268967,23.75,6063.75
253,M-1810,item:268091,23.75,6063.75
253,SDC-1450,item:773474,229.299553,58543.796273
254,M-1430,item:268967,23.75,6087.5
254,M-1810,item:268091,23.75,6087.5
254,SDC-1450,item:773474,229.299553,58773.095825
255,M-1430,item:268967,23.75,6111.25
255,M-1810,item:268091,23.75,6111.25
255,SDC-1450,item:773474,229.299553,59002.395378
256,M-1430,item:268967,23.75,6135.0
256,M-1810,item:268091,23.75,6135.0
256,SDC-1450,item:773474,229.299553,59231.69493
257,M-1430,item:268967,23.75,6158.75
257,M-1810,item:268091,23.75,6158.75
257,SDC-1450,item:773474,229.299553,59460.994483
258,M-1430,item:268967,23.75,6182.5
258,M-1810,item:268091,23.75,6182.5
258,SDC-1450,item:773474,229.299553,59690.294035
259,M-1430,item:268967,23.75,6206.25
259,M-1810,item:268091,23.75,6206.25
259,SDC-1450,item:773474,229.299553,59919.593588
260,M-1430,item:268967,23.75,6230.0
260,M-1810,item:268091,23.75,6230.0
260,SDC-1450,item:773474,229.299553,60148.89314
261,M-1430,item:268967,23.75,6253.75
261,M-1810,item:268091,23.75,6253.75
261,SDC-1450,item:773474,229.299553,60378.192693
262,M-1430,item:268967,23.75,6277.5
262,M-1810,item:268091,23.75,6277.5
262,SDC-1450,item:773474,229.299553,60607.492245
263,M-1430,item:268967,23.75,6301.25
263,M-1810,item:268091,23.75,6301.25
263,SDC-1450,item:773474,229.299553,60836.791798
264,M-1430,item:268967,23.75,6325.0
264,M-1810,item:268091,23.75,6325.0
264,SDC-1450,item:773474,229.299553,61066.09135
265,M-1430,item:268967,23.75,6348.75
265,M-1810,item:268091,23.75,6348.75
265,SDC-1450,item:773474,229.299553,61295.390903
266,M-1430,item:268967,23.75,6372.5
266,M-1810,item:268091,23.75,6372.5
266,SDC-1450,item:773474,229.299553,61524.690455
267,M-1430,item:268967,23.75,6396.25
267,M-1810,item:268091,23.75,6396.25
267,SDC-1450,item:773474,229.299553,61753.990008
268,M-1430,item:268967,23.75,6420.0
268,M-1810,item:268091,23.75,6420.0
268,SDC-1450,item:773474,229.299553,61983.28956
269,M-1430,item:268967,23.75,6443.75
269,M-1810,item:268091,23.75,6443.75
269,SDC-1450,item:773474,229.299553,62212.589113
270,M-1430,item:268967,23.75,6467.5
270,M-1810,item:268091,23.75,6467.5
270,SDC-1450,item:773474,229.299553,62441.888665
271,M-1430,item:268967,23.75,6491.25
271,M-1810,item:268091,23.75,6491.25
271,SDC-1450,item:773474,229.299553,62671.188218
272,M-1430,item:268967,23.75,6515.0
272,M-1810,item:268091,23.75,6515.0
272,SDC-1450,item:773474,229.299553,62900.48777
273,M-1430,item:268967,23.75,6538.75
273,M-1810,item:268091,23.75,6538.75
273,SDC-1450,item:773474,229.299553,63129.787323
274,M-1430,item:268967,23.75,6562.5
274,M-1810,item:268091,23.75,6562.5
274,SDC-1450,item:773474,229.299553,63359.086875
275,M-1430,item:268967,23.75,6586.25
275,M-1810,item:268091,23.75,6586.25
275,SDC-1450,item:773474,229.299553,63588.386428
276,M-1430,item:268967,23.75,6610.0
276,M-1810,item:268091,23.75,6610.0
276,SDC-1450,item:773474,229.299553,63817.68598
277,M-1430,item:268967,23.75,6633.75
277,M-1810,item:268091,23.75,6633.75
277,SDC-1450,item:773474,229.299553,64046.985533
278,M-1430,item:268967,23.75,6657.5
278,M-1810,item:268091,23.75,6657.5
278,SDC-1450,item:773474,229.299553,64276.285085
279,M-1430,item:268967,23.75,6681.25
279,M-1810,item:268091,23.75,6681.25
279,SDC-1450,item:773474,229.299553,64505.584638
280,M-1430,item:268967,23.75,6705.0
280,M-1810,item:268091,23.75,6705.0
280,SDC-1450,item:773474,229.299553,64734.88419
281,M-1430,item:268967,23.75,6728.75
281,M-1810,item:268091,23.75,6728.75
281,SDC-1450,item:773474,229.299553,64964.183743
282,M-1430,item:268967,23.75,6752.5
282,M-1810,item:268091,23.75,6752.5
282,SDC-1450,item:773474,229.299553,65193.483295
283,M-1430,item:268967,23.75,6776.25
283,M-1810,item:268091,23.75,6776.25
283,SDC-1450,item:773474,229.299553,65422.782848
284,M-1430,item:268967,23.75,6800.0
284,M-1810,item:268091,23.75,6800.0
284,SDC-1450,item:773474,229.299553,65652.0824
285,M-1430,item:268967,23.75,6823.75
285,M-1810,item:268091,23.75,6823.75
285,SDC-1450,item:773474,229.299553,65881.381953
286,M-1430,item:268967,23.75,6847.5
286,M-1810,item:268091,23.75,6847.5
286,SDC-1450,item:773474,229.299553,66110.681505
287,M-1430,item:268967,23.75,6871.25
287,M-1810,item:268091,23.75,6871.25
287,SDC-1450,item:773474,229.299553,66339.981058
288,M-1430,item:268967,23.75,6895.0
288,M-1810,item:268091,23.75,6895.0
288,SDC-1450,item:773474,229.299553,66569.28061
289,M-1430,item:268967,23.75,6918.75
289,M-1810,item:268091,23.75,6918.75
289,SDC-1450,item:773474,229.299553,66798.580163
290,M-1430,item:268967,23.75,6942.5
290,M-1810,item:268091,23.75,6942.5
290,SDC-1450,item:773474,229.299553,67027.879715
291,M-1430,item:268967,23.75,6966.25
291,M-1810,item:268091,23.75,6966.25
291,SDC-1450,item:773474,229.299553,67257.179268
292,M-1430,item:268967,23.75,6990.0
292,M-1810,item:268091,23.75,6990.0
292,SDC-1450,item:773474,229.299553,67486.47882
293,M-1430,item:268967,23.75,7013.75
293,M-1810,item:268091,23.75,7013.75
293,SDC-1450,item:773474,229.299553,67715.778373
294,M-1430,item:268967,23.75,7037.5
294,M-1810,item:268091,23.75,7037.5
294,SDC-1450,item:773474,229.299553,67945.077925
295,M-1430,item:268967,23.75,7061.25
295,M-1810,item:268091,23.75,7061.25
295,SDC-1450,item:773474,229.299553,68174.377478
296,M-1430,item:268967,23.75,7085.0
296,M-1810,item:268091,23.75,7085.0
296,SDC-1450,item:773474,229.299553,68403.67703
297,M-1430,item:268967,23.75,7108.75
297,M-1810,item:268091,23.75,7108.75
297,SDC-1450,item:773474,229.299553,68632.976583
298,M-1430,item:268967,23.75,7132.5
298,M-1810,item:268091,23.75,7132.5
298,SDC-1450,item:773474,229.299553,68862.276135
299,M-1430,item:268967,23.75,7156.25
299,M-1810,item:268091,23.75,7156.25
299,SDC-1450,item:773474,229.299553,69091.575688
300,M-1430,item:268967,23.75,7180.0
300,M-1810,item:268091,23.75,7180.0
300,SDC-1450,item:773474,229.299553,69320.87524
301,M-1430,item:268967,23.75,7203.75
301,M-1810,item:268091,23.75,7203.75
301,SDC-1450,item:773474,229.299553,69550.174793
302,M-1430,item:268967,23.75,7227.5
302,M-1810,item:268091,23.75,7227.5
302,SDC-1450,item:773474,229.299553,69779.474345
303,M-1430,item:268967,23.75,7251.25
303,M-1810,item:268091,23.75,7251.25
303,SDC-1450,item:773474,229.299553,70008.773898
304,M-1430,item:268967,23.75,7275.0
304,M-1810,item:268091,23.75,7275.0
304,SDC-1450,item:773474,229.299553,70238.07345
305,M-1430,item:268967,23.75,7298.75
305,M-1810,item:268091,23.75,7298.75
305,SDC-1450,item:773474,229.299553,70467.373003
306,M-1430,item:268967,23.75,7322.5
306,M-1810,item:268091,23.75,7322.5
306,SDC-1450,item:773474,229.299553,70696.672555
307,M-1430,item:268967,23.75,7346.25
307,M-1810,item:268091,23.75,7346.25
307,SDC-1450,item:773474,229.299553,70925.972108
308,M-1430,item:268967,23.75,7370.0
308,M-1810,item:268091,23.75,7370.0
308,SDC-1450,item:773474,229.299553,71155.27166
309,M-1430,item:268967,23.75,7393.75
309,M-1810,item:268091,23.75,7393.75
309,SDC-1450,item:773474,229.299553,71384.571213
310,M-1430,item:268967,23.75,7417.5
310,M-1810,item:268091,23.75,7417.5
310,SDC-1450,item:773474,229.299553,71613.870765
311,M-1430,item:268967,23.75,7441.25
311,M-1810,item:268091,23.75,7441.25
311,SDC-1450,item:773474,229.299553,71843.170318
312,M-1430,item:268967,23.75,7465.0
312,M-1810,item:268091,23.75,7465.0
312,SDC-1450,item:773474,229.299553,72072.46987
313,M-1430,item:268967,23.75,7488.75
313,M-1810,item:268091,23.75,7488.75
313,SDC-1450,item:773474,229.299553,72301.769423
314,M-1430,item:268967,23.75,7512.5
314,M-1810,item:268091,23.75,7512.5
314,SDC-1450,item:773474,229.299553,72531.068975
315,M-1430,item:268967,23.75,7536.25
315,M-1810,item:268091,23.75,7536.25
315,SDC-1450,item:773474,229.299553,72760.368528
316,M-1430,item:268967,23.75,7560.0
316,M-1810,item:268091,23.75,7560.0
316,SDC-1450,item:773474,229.299553,72989.66808
317,M-1430,item:268967,23.75,7583.75
317,M-1810,item:268091,23.75,7583.75
317,SDC-1450,item:773474,229.299553,73218.967633
318,M-1430,item:268967,23.75,7607.5
318,M-1810,item:268091,23.75,7607.5
318,SDC-1450,item:773474,229.299553,73448.267185
319,M-1430,item:268967,23.75,7631.25
319,M-1810,item:268091,23.75,7631.25
319,SDC-1450,item:773474,229.299553,73677.566738
320,M-1430,item:268967,23.75,7655.0
320,M-1810,item:268091,23.75,7655.0
320,SDC-1450,item:773474,229.299553,73906.86629
321,M-1430,item:268967,23.75,7678.75
321,M-1810,item:268091,23.75,7678.75
321,SDC-1450,item:773474,229.299553,74136.165843
322,M-1430,item:268967,23.75,7702.5
322,M-1810,item:268091,23.75,7702.5
322,SDC-1450,item:773474,229.299553,74365.465395
323,M-1430,item:268967,23.75,7726.25
323,M-1810,item:268091,23.75,7726.25
323,SDC-1450,item:773474,229.299553,74594.764948
324,M-1430,item:268967,23.75,7750.0
324,M-1810,item:268091,23.75,7750.0
324,SDC-1450,item:773474,229.299553,74824.0645
325,M-1430,item:268967,23.75,7773.75
325,M-1810,item:268091,23.75,7773.75
325,SDC-1450,item:773474,229.299553,75053.364053
326,M-1430,item:268967,23.75,7797.5
326,M-1810,item:268091,23.75,7797.5
326,SDC-1450,item:773474,229.299553,75282.663605
327,M-1430,item:268967,23.75,7821.25
327,M-1810,item:268091,23.75,7821.25
327,SDC-1450,item:773474,229.299553,75511.963158
328,M-1430,item:268967,23.75,7845.0
328,M-1810,item:268091,23.75,7845.0
328,SDC-1450,item:773474,229.299553,75741.26271
329,M-1430,item:268967,23.75,7868.75
329,M-1810,item:268091,23.75,7868.75
329,SDC-1450,item:773474,229.299553,75970.562263
330,M-1430,item:268967,23.75,7892.5
330,M-1810,item:268091,23.75,7892.5
330,SDC-1450,item:773474,229.299553,76199.861815
331,M-1430,item:268967,23.75,7916.25
331,M-1810,item:268091,23.75,7916.25
331,SDC-1450,item:773474,229.299553,76429.161368
332,M-1430,item:268967,23.75,7940.0
332,M-1810,item:268091,23.75,7940.0
332,SDC-1450,item:773474,229.299553,76658.46092
333,M-1430,item:268967,23.75,7963.75
333,M-1810,item:268091,23.75,7963.75
333,SDC-1450,item:773474,229.299553,76887.760473
334,M-1430,item:268967,23.75,7987.5
334,M-1810,item:268091,23.75,7987.5
334,SDC-1450,item:773474,229.299553,77117.060025
335,M-1430,item:268967,23.75,8011.25
335,M-1810,item:268091,23.75,8011.25
335,SDC-1450,item:773474,229.299553,77346.359578
336,M-1430,item:268967,23.75,8035.0
336,M-1810,item:268091,23.75,8035.0
336,SDC-1450,item:773474,229.299553,77575.65913
337,M-1430,item:268967,23.75,8058.75
337,M-1810,item:268091,23.75,8058.75
337,SDC-1450,item:773474,229.299553,77804.958683
338,M-1430,item:268967,23.75,8082.5
338,M-1810,item:268091,23.75,8082.5
338,SDC-1450,item:773474,229.299553,78034.258235
339,M-1430,item:268967,23.75,8106.25
339,M-1810,item:268091,23.75,8106.25
339,SDC-1450,item:773474,229.299553,78263.557788
340,M-1430,item:268967,23.75,8130.0
340,M-1810,item:268091,23.75,8130.0
340,SDC-1450,item:773474,229.299553,78492.85734
341,M-1430,item:268967,23.75,8153.75
341,M-1810,item:268091,23.75,8153.75
341,SDC-1450,item:773474,229.299553,78722.156893
342,M-1430,item:268967,23.75,8177.5
342,M-1810,item:268091,23.75,8177.5
342,SDC-1450,item:773474,229.299553,78951.456445
343,M-1430,item:268967,23.75,8201.25
343,M-1810,item:268091,23.75,8201.25
343,SDC-1450,item:773474,229.299553,79180.755998
344,M-1430,item:268967,23.75,8225.0
344,M-1810,item:268091,23.75,8225.0
344,SDC-1450,item:773474,229.299553,79410.05555
345,M-1430,item:268967,23.75,8248.75
345,M-1810,item:268091,23.75,8248.75
345,SDC-1450,item:773474,229.299553,79639.355103
346,M-1430,item:268967,23.75,8272.5
346,M-1810,item:268091,23.75,8272.5
346,SDC-1450,item:773474,229.299553,79868.654655
347,M-1430,item:268967,23.75,8296.25
347,M-1810,item:268091,23.75,8296.25
347,SDC-1450,item:773474,229.299553,80097.954208
348,M-1430,item:268967,23.75,8320.0
348,M-1810,item:268091,23.75,8320.0
348,SDC-1450,item:773474,229.299553,80327.25376
349,M-1430,item:268967,23.75,8343.75
349,M-1810,item:268091,23.75,8343.75
349,SDC-1450,item:773474,229.299553,80556.553313
350,M-1430,item:268967,23.75,8367.5
350,M-1810,item:268091,23.75,8367.5
350,SDC-1450,item:773474,229.299553,80785.852865
351,M-1430,item:268967,23.75,8391.25
351,M-1810,item:268091,23.75,8391.25
351,SDC-1450,item:773474,229.299553,81015.152418
352,M-1430,item:268967,23.75,8415.0
352,M-1810,item:268091,23.75,8415.0
352,SDC-1450,item:773474,229.299553,81244.45197
353,M-1430,item:268967,23.75,8438.75
353,M-1810,item:268091,23.75,8438.75
353,SDC-1450,item:773474,229.299553,81473.751523
354,M-1430,item:268967,23.75,8462.5
354,M-1810,item:268091,23.75,8462.5
354,SDC-1450,item:773474,229.299553,81703.051075
355,M-1430,item:268967,23.75,8486.25
355,M-1810,item:268091,23.75,8486.25
355,SDC-1450,item:773474,229.299553,81932.350628
356,M-1430,item:268967,23.75,8510.0
356,M-1810,item:268091,23.75,8510.0
356,SDC-1450,item:773474,229.299553,82161.65018
357,M-1430,item:268967,23.75,8533.75
357,M-1810,item:268091,23.75,8533.75
357,SDC-1450,item:773474,229.299553,82390.949733
358,M-1430,item:268967,23.75,8557.5
358,M-1810,item:268091,23.75,8557.5
358,SDC-1450,item:773474,229.299553,82620.249285
359,M-1430,item:268967,23.75,8581.25
359,M-1810,item:268091,23.75,8581.25
359,SDC-1450,item:773474,229.299553,82849.548838
360,M-1430,item:268967,23.75,8605.0
360,M-1810,item:268091,23.75,8605.0
360,SDC-1450,item:773474,229.299553,83078.84839
361,M-1430,item:268967,23.75,8628.75
361,M-1810,item:268091,23.75,8628.75
361,SDC-1450,item:773474,229.299553,83308.147943
362,M-1430,item:268967,23.75,8652.5
362,M-1810,item:268091,23.75,8652.5
362,SDC-1450,item:773474,229.299553,83537.447495
363,M-1430,item:268967,23.75,8676.25
363,M-1810,item:268091,23.75,8676.25
363,SDC-1450,item:773474,229.299553,83766.747048
364,M-1430,item:268967,23.75,8700.0
364,M-1810,item:268091,23.75,8700.0
364,SDC-1450,item:773474,229.299553,83996.0466
