source_id,entity,source_type,url,evidence,canonical_country,canonical_site_address,canonical_role,confidence
SRC_JAMCO_001,JAMCO Aircraft Interiors / JAMCO Philippines,official_company,https://www.jamco.co.jp/en/company/group.html,"JAMCO group page lists Niigata, Miyazaki and Philippines aircraft-interiors sites.",Japan / Philippines depending site,"Niigata: 341-1 Kamitsubone, Tsubone, Murakami, Niigata 958-0822; Miyazaki: 8136-7 Tanocho-ko, Miyazaki 889-1701; Philippines: N7000 Gil Puyat Avenue, Clark Civil Aviation Complex, Pampanga.",tier1 aircraft interiors manufacturer,high
SRC_MGR_001,MGR Foamtex Ltd,official_company,https://www.mgrfoamtex.com/contact-us,"Contact page gives DAX House, Wenman Road, Thame, Oxfordshire OX9 3SE, UK.",United Kingdom,"DAX House, Wenman Road, Thame, Oxfordshire OX9 3SE, UK",aircraft upholstery / foam systems supplier,high
SRC_LAUAK_001,Groupe LAUAK,official_company,https://www.groupe-lauak.com/lauak-groupe/presentation-du-groupe/sites/,LAUAK sites page lists Hasparren and other group sites.,"France, plus other group countries depending site","2245 Route de Minhotz, 64240 Hasparren, France",aerostructures / sheet metal / machining / structural assembly supplier,medium_high
SRC_PLASTISERVICE_001,Plastiservice Charleroi,official_company,https://plastiservice.com/nos-implantations/,"Locations page lists Plastiservice Charleroi at ZI de Jumet, Allee Centrale 72, B-6040 Charleroi.",Belgium,"ZI de Jumet, Allee Centrale 72, B-6040 Charleroi, Belgium",tier2 plastics materials / processing supplier,high
SRC_JCAERO_001,J&C Aero,official_company,https://e.jcaero.com/contactus,"Contact page lists Vilties st. 11, Kuprioniskes, Vilnius, Lithuania, LT13279.",Lithuania,"Vilties st. 11, Kuprioniskes, Vilnius, Lithuania, LT13279",tier1 aircraft interior provider,high
SRC_STELIA_AIRBUS_001,STELIA Aerospace / Airbus Atlantic,official_group,https://www.airbus.com/fr/products-services/commercial-aircraft/airframes/airbus-atlantic/amenagement-cabine,Airbus identifies STELIA Aerospace as Airbus Atlantic premium passenger seat brand.,France,"Rochefort, France when no better site is proven",premium passenger seat brand / Airbus Atlantic cabin interiors,medium_high
SRC_SAFRAN_SEATS_001,Safran Seats,official_group,https://www.safran-group.com/locations,"Safran locations list Safran Seats sites including Plaisir, Issoudun, Saint-Crepin-Ibouvillers and Gainesville.",France / USA / UK depending actual site,"Use actual Safran Seats site; HQ fallback: 61 Rue Pierre Curie, 78373 Plaisir, France",OEM/internal final integrator in this dataset context,high
SRC_FIGEAC_001,Figeac Aero,official_company,https://www.figeac-aero.com/fr/contact,"Contact page lists Zone industrielle de l Aiguille, 46100 Figeac, France.",France,"Zone industrielle de l'Aiguille, 46100 Figeac, France",tier1 aerostructures / assemblies supplier,high
SRC_GATTEFIN_001,ETS Gattefin,official_company,https://gattefin.fr/,"Official site gives 201 Av. Raoul Aladenize, 18500 Mehun-sur-Yevre and aerospace activity.",France,"201 Av. Raoul Aladenize, 18500 Mehun-sur-Yevre, France",tier1 precision machining supplier,high
SRC_SEGNERE_001,Groupe Segnere / SEGNERE Ade,industry_association,https://www.space-aero.org/en/member/segnere-ade/,"SPACE Aero member page lists SEGNERE Ade in France with precision mechanics, sheet metal and structural assembly.",France,"Z.I. du Toulicou, Ade, Occitanie 65100, France",tier1 precision mechanics / sheet metal / assembly supplier,medium_high
SRC_CELSO_001,Celso SAS,official_company,https://celso.fr/en/contact-us/,"Contact page lists Celso SAS, 200 impasse de Fontanilles, ZI de Bressols, 82710 Bressols.",France,"200 impasse de Fontanilles, ZI de Bressols, 82710 Bressols, France",foam and cellular materials transformer,high
SRC_ACH_001,ACH,official_company,https://www.ach-aeronefs.fr/en/contact/,"Contact page lists 16 rue Marcellin Berthelot, Zone Pole Republique 3, 86000 Poitiers.",France,"16 rue Marcellin Berthelot, Zone Pole Republique 3, 86000 Poitiers, France",aircraft upholstery / foams / seats supplier,high
SRC_EXSTO_001,EXSTO / Baule-Exsto Polymere,official_company,https://www.exsto.com/en/contact,"EXSTO contact page gives headquarter at 55 avenue de la Deportation, 26100 Romans-sur-Isere.",France,"55 avenue de la Deportation, 26100 Romans-sur-Isere, France",technical polymer / polyurethane supplier,high
SRC_ANCRA_001,Ancra International / Ancra Aircraft,official_company,https://ancraaircraft.com/about-us/,"Ancra Aircraft Division lists Ancra International, 601 S Vincent Ave, Azusa, CA 91702.",USA,"601 S Vincent Ave, Azusa, CA 91702, USA",tier1 cargo restraint / fittings / aircraft systems supplier,high
SRC_TA_001,TA Aerospace,official_company,https://www.taaerospace.com/,"Official site describes aerospace clamping devices, thermal insulation products and engineered solutions.",USA,"Valencia, California, USA - verify exact site address before geocoding",tier1 aerospace clamps / insulation supplier,medium
SRC_E2IP_001,e2ip technologies,official_company,https://e2ip.com/contact/,"Contact page lists Design & Manufacturing Center at 1455, 32nd Avenue, Lachine, QC H8T 3J1.",Canada,"1455, 32nd Avenue, Lachine, QC H8T 3J1, Canada",tier2 electronics / HMI supplier,high
SRC_THYSSEN_001,thyssenkrupp Materials France,official_company,https://www.thyssenkrupp-aerospace.com/en/company/locations/france,"France location page lists Z.A Pariwest, 6 av. Gutenberg, 78310 Maurepas and materials/supply-chain capabilities.",France,"Z.A Pariwest, 6 av. Gutenberg, 78310 Maurepas, France",tier3 material distributor / supply-chain service provider,high
SRC_EURALLIAGE_001,Euralliage Ile de France,official_company,https://www.euralliage.com/coordonnees.htm,"Coordinates page lists 3 rue des freres Montgolfier, ZI des Cressonnieres, 95500 Gonesse.",France,"3 rue des freres Montgolfier, ZI des Cressonnieres, 95500 Gonesse, France",tier3 non-ferrous metals stockist/trader/cutting service,high
SRC_TATA_STEEL_001,Tata Steel,official_group,https://www.tata.com/business/tata-steel,"Tata group page states Tata Steel operates in India in Jamshedpur, Gamharia, Kalinganagar and Meramandali.",India,Choose actual India plant from traceability,tier4 steel producer / upstream material producer,medium_high
SRC_DUPONT_001,DuPont de Nemours,official_company,https://www.dupont.com/locations.html.html,"DuPont locations page lists Wilmington, Delaware global headquarters and many global sites.",USA unless a specific non-US manufacturing site is proven,Choose product/site from DuPont locations and traceability,tier2 chemical/material producer or transformer,medium_high
SRC_NORDIC_PAPER_001,Nordic Paper,official_company,https://www.nordic-paper.com/en/contact,"Contact/about pages list mills in Sweden, Norway and Canada; not Finland.",Sweden / Norway / Canada depending mill,"Choose actual mill: Saffle/Amotfors/Backhammar, Sweden; Greaker, Norway; Quebec, Canada",specialty paper/pulp producer,high
SRC_SCHROTH_001,SCHROTH Safety Products,official_company,https://www.schroth.com/en/contact/,"Contact page lists SCHROTH Safety Products GmbH in Arnsberg, Germany and SCHROTH Safety Products LLC in Fort Lauderdale, USA.",Germany or USA depending actual site,"Germany: Arnsberg; USA: 5320 NW 35th Ave, Fort Lauderdale, FL 33309",safety restraint products supplier,high
SRC_ANJOU_001,Anjou Aeronautique,official_company,https://www.anjouaero.com/contact/,"Contact page lists 4 Rue Eugene Freyssinet, 78570 Chanteloup-les-Vignes, France.",France,"4 Rue Eugene Freyssinet, 78570 Chanteloup-les-Vignes, France",tier1 aeronautical interiors / manufacturing supplier,high
SRC_SENIOR_THAILAND_001,Senior Aerospace Thailand,official_company,https://www.senior-thailand.com/Web/contact,"Contact page lists factories at 789/115-116 and 789/198 Moo 1, Nhongkham Sriracha, Chonburi.",Thailand,"789/115-116 Moo 1, Nhongkham Sriracha, Chonburi 20230, Thailand",tier1 high-precision aerospace systems / cabin interiors manufacturer,high
SRC_SUMPAR_001,SUMPAR,official_company,https://www.sumpar.com/en/join-us/,"Official site lists SUMPAR at 134 Rue de la Forge Feret, 76520 Boos; metal parts/subassemblies for aeronautics.",France,"134 Rue de la Forge Feret, 76520 Boos, France",tier1 metal parts and technical subassemblies supplier,high
SRC_AMSAFE_001,AmSafe,official_company,https://www.amsafe.com/contact-us/,"Contact page lists AmSafe headquarters at 1043 N. 47th Avenue, Phoenix, Arizona 85043.",USA,"1043 N. 47th Avenue, Phoenix, Arizona 85043, USA",tier1 safety restraint products supplier,high
SRC_ALCOA_001,Alcoa,official_company,https://www.alcoa.com/global/en/who-we-are/locations,Locations page lists Alcoa global locations and Pittsburgh global headquarters.,USA / global depending commodity site,Choose actual mine/refinery/smelter; Pittsburgh HQ is fallback,tier4 aluminum/bauxite/alumina producer,medium_high
SRC_CONSTELLIUM_001,Constellium C-TEC / Constellium,official_company,https://www.constellium.com/locations/c-tec,"Constellium page lists C-TEC Voreppe at Parc Economique Centr Alp, 725 rue Aristide Berges, Voreppe.",France,"Parc Economique Centr Alp, 725 rue Aristide Berges, 38341 Voreppe Cedex, France",tier3 aluminum alloys/transformation supplier,medium_high
SRC_AMAG_001,AMAG Austria Metall,official_company,https://www.amag-al4u.com/impressum,"Imprint lists AMAG Austria Metall AG, Lamprechtshausener Strasse 61, 5282 Ranshofen, Austria.",Austria,"Lamprechtshausener Strasse 61, 5282 Ranshofen, Austria",tier3 aluminum casting/rolling/transformation supplier,high
SRC_TORAY_001,Toray Industries,official_company,https://www.toray.com/aboutus/outline.html,"Corporate outline lists Toray Industries, Inc. in Tokyo 103-8666, Japan.",Japan,"Tokyo 103-8666, Japan; choose actual production site from traceability",chemical/polymer/carbon-fiber materials producer,medium_high
SRC_ARCELORMITTAL_001,ArcelorMittal,official_company,https://luxembourg.arcelormittal.com/en/arcelormittal-in-luxembourg/headquarters,"Official page lists ArcelorMittal headquarters at 24-26 boulevard d Avranches, L-1160 Luxembourg.",Luxembourg / production country depends steel plant,"24-26 boulevard d Avranches, L-1160 Luxembourg for HQ; choose actual steel plant",tier4 steel and mining group / steel producer,medium_high
SRC_BASF_001,BASF,official_company,https://www.basf.com/tr/en/careers/why-join-basf/basf-at-a-glance/basf-headquarters,"BASF page identifies Ludwigshafen, Germany as headquarters and largest production site.",Germany,"Ludwigshafen am Rhein, Germany",tier4 chemical producer,medium_high
SRC_HINDALCO_001,Hindalco Industries,official_company,https://www.hindalco.com/contact-us/,Contact page lists corporate/registered offices in Mumbai and describes aluminium/copper activities.,India,Use actual India plant; corporate office Mumbai is fallback,tier4 aluminium/copper producer,medium_high
SRC_BAOWU_001,China Baowu / Baosteel,third_party_company_profile,https://craft.co/baosteel/locations,Company profile lists Baosteel/China Baowu headquarters in Shanghai; non-official fallback.,China,"Baosteel Tower, Shanghai, China; choose actual steel plant",tier4 steel producer,medium
SRC_AUBERT_001,Aubert & Duval,industry_association,https://www.aerospace-cluster.fr/membre/aubert-duval/,Aerospace Cluster page describes Aubert & Duval as metallurgical products/forgings supplier for aerospace.,France,Choose actual Aubert & Duval industrial site from traceability; Aubiere listing is fallback,tier3 metallurgical transformation / forgings supplier,medium_high
