month_index,material,inbound_transport,energy,storage,outbound_transport,backlog_penalty,adaptation_capex,total,policy_label
1,827.8197333333333,45.005919999999996,14.695233755555556,27.734204625555552,109.8036,0.0,59.4,1084.4586917144445,Baseline degradee
2,865.216719518682,46.985850584871045,15.645097346421066,20.98826676506583,114.6022052785729,0.0,59.4,1122.838139493613,Baseline degradee
3,894.485798297347,48.52046252619022,15.913736479013496,14.084964848171959,118.31228135604559,0.0,59.4,1150.7172435067685,Baseline degradee
4,798.2103441208067,43.24930118518771,13.876633769078083,7.717934357016825,119.80236050209206,0.0,59.4,1042.2565739341815,Baseline degradee
5,899.8428255493033,48.701196027803654,15.613380489485001,12.317668590297433,118.68689260739013,0.0,59.4,1154.5619632642797,Baseline degradee
6,1027.7559559705496,64.98919709885271,16.086347180633847,13.100484311165348,115.56979101575315,0.0,59.4,1296.9017755769546,Baseline degradee
7,841.6343890949958,45.44873235412733,16.095879179518338,13.864622025860339,111.07010714931464,0.0,59.4,1087.5137298038164,Baseline degradee
8,807.0708594618608,43.53354867302987,14.758271834128097,13.543779814980676,106.21571065423953,0.0,59.4,1044.5221704382388,Baseline degradee
9,782.0994345911356,42.139505002442256,13.458392981694308,13.740834326999437,102.58169158448148,0.0,59.4,1013.419858486753,Baseline degradee
10,774.6471163179916,41.69148552301255,13.37479217110756,9.488237357739072,101.46290460251046,0.0,59.4,1000.0645359723612,Baseline degradee
11,787.1092049960831,42.31510301547318,13.716941097875095,8.825838641336745,102.95202326200724,0.0,59.4,1014.3191110127754,Baseline degradee
12,817.0824606238666,43.87773412134025,14.348531311783562,8.000262711350775,106.72429790484951,0.0,59.4,1049.4332866731907,Baseline degradee
13,795.9997141972274,42.698247376092255,14.21825720219884,7.213968312631468,112.02466182174683,0.0,59.4,1031.5548489098967,Baseline degradee
14,918.5220284803557,50.53364935725527,15.770393677704831,10.804898441787808,116.83186009495667,0.0,59.4,1171.8628300520604,Baseline degradee
15,1060.501875419307,64.90598099125418,16.13563677755754,10.583777113414213,120.56290116536802,0.0,59.4,1332.090171466901,Baseline degradee
16,939.6388552301256,50.23659715481172,16.189804841488286,10.831173047087175,122.05583096234311,0.0,59.4,1198.352261235856,Baseline degradee
17,932.3203704836352,49.79055690359307,15.88607424928632,10.88595912306282,120.93869333721463,0.0,59.4,1189.221654096792,Baseline degradee
18,907.7125698664961,48.4232181282248,16.397760423759035,11.085048987563281,117.82732285903116,0.0,59.4,1160.8459202650745,Baseline degradee
19,872.9886187334403,46.51984847213279,16.3092273160002,8.291724543076127,113.32010382500305,0.0,59.4,1116.8295228896525,Baseline degradee
20,837.8110359516282,44.59653493404678,14.993758906035971,8.721300509383342,108.45755939953251,0.0,59.4,1073.9801897006269,Baseline degradee
21,812.3976151798163,43.196635842134015,13.659374671412325,8.94966321959457,104.8066339508913,0.0,59.4,1042.4099228638486,Baseline degradee
22,804.809810209205,42.746612686192464,13.658237504811478,8.797964974486039,103.68617723849371,0.0,59.4,1033.0988026131888,Baseline degradee
23,817.503208848362,43.37365095976744,14.002853893033153,8.216795899709199,105.17814654891912,0.0,59.4,1047.674656149791,Baseline degradee
24,847.9175930466729,44.938558523573924,14.61928988293003,7.390578078904255,108.94294585510701,0.0,59.4,1083.208965387188,Baseline degradee
25,815.7348448479427,43.186139857042924,14.29946383992383,6.5999184220576925,114.25275975560652,0.0,59.4,1053.4731267225739,Baseline degradee
26,951.3479109770183,51.630943682406695,16.040655173377665,10.158530620918224,119.06855102345334,0.0,59.4,1207.6465914771745,Baseline degradee
27,1094.6257537524052,65.8589943473975,16.4246468891105,9.931022855066333,122.820606497703,0.0,59.4,1369.061024341683,Baseline degradee
28,972.8268264435146,51.33646433472803,16.478724858814253,10.172675334763117,124.3163869456067,0.0,59.4,1234.531077917427,Baseline degradee
29,965.3728549995571,50.88842040699756,16.17277533755877,10.151095615986872,123.1975795900517,0.0,59.4,1225.182725950152,Baseline degradee
30,940.2887547263283,49.51302852748736,16.741656393218303,10.344109473584918,120.09197787172143,0.0,59.4,1196.3795269923403,Baseline degradee
31,904.9135369145093,47.599301874095985,16.66076641456747,7.605922994628081,115.5772236701038,0.0,59.4,1151.7567518679048,Baseline degradee
32,869.1227948771322,45.667871698567446,15.332132041289956,8.013398912416502,110.70653131423784,0.0,59.4,1108.2427288436438,Baseline degradee
33,843.2707353500866,44.26226930944084,13.942471689665403,8.248170399181078,107.03866184031362,0.0,59.4,1076.1623085886874,Baseline degradee
34,835.5474436820085,43.81024247698745,13.941581459585368,8.101080077715645,105.91653539748955,0.0,59.4,1066.7168830937867,Baseline degradee
35,848.4721522822309,44.44070153167677,14.287103700498934,7.52335748806496,107.41135535884356,0.0,59.4,1081.5346703613152,Baseline degradee
36,879.3625974895398,46.00986376569037,14.893940472613798,6.695364962391548,111.1735531380753,0.0,59.4,1117.535319828311,Baseline degradee
37,835.2336789414933,43.65474656738698,14.37062266580897,5.8996116360774895,116.48789380157913,0.0,59.4,1075.0465536123459,Baseline degradee
38,984.8255699773983,52.7417144757339,16.318429363401727,9.427561053390775,121.31958778242678,0.0,59.4,1244.0328626523517,Baseline degradee
39,1129.3041859639109,66.82331852356039,16.711945266906447,9.193726456080404,125.08539735305051,0.0,59.4,1406.5185735635087,Baseline degradee
40,1006.5897372384939,52.44483414225942,16.76591540556012,9.428800508607225,126.58402845188286,0.0,59.4,1271.2133157468036,Baseline degradee
41,999.000279097069,51.9947865380171,16.457735062589546,9.330584704052887,125.46355136590131,0.0,59.4,1261.64693676763,Baseline degradee
42,973.4361719973505,50.6111842538343,17.084165325133952,9.51400251438339,122.36375605382398,0.0,59.4,1232.4092801445263,Baseline degradee
43,924.6275529150391,48.02324848440575,20.705369942639443,7.239097553512584,111.39478370351307,29.083840384937254,59.4,1200.4738929840473,Baseline degradee
44,949.9488179115252,49.286893515686124,18.930718845674,7.025744267544744,120.62765370956147,0.0,59.4,1205.2198282499917,Baseline degradee
45,874.7187951019473,45.33640540436272,14.220193413170957,7.167533458685189,109.27777525274853,0.0,59.4,1110.1207026309148,Baseline degradee
46,866.8600167364016,44.88237489539748,14.222337228290769,7.163114193124036,108.1539790794979,0.0,59.4,1100.6818221327117,Baseline degradee
47,880.0160352976897,45.51625473120116,14.57718799463512,7.00591359021478,109.65164969178056,0.0,59.4,1116.1670413055213,Baseline degradee
48,911.4554456903767,47.09353546443514,15.183919488858262,6.1073596253907505,113.42061288702929,0.0,59.4,1152.6608731560902,Baseline degradee
49,854.4482315638733,44.1024141962997,14.438319919135363,5.303091078804451,118.73006395966456,0.0,59.4,1096.4221207177775,Baseline degradee
50,1018.9612402509816,53.86638885482609,16.609478628106388,8.80118860506396,123.58469874476988,0.0,59.4,1281.2229950837482,Baseline degradee
51,1164.5356976424296,67.79864750435834,17.00361511689701,8.562173984133006,127.35727373141059,0.0,59.4,1444.6574079792285,Baseline degradee
52,1040.9275876150627,53.561706577405864,17.057448590969706,8.789241635575285,128.85875548117156,0.0,59.4,1308.5947399001852,Baseline degradee
53,1033.202642776171,53.10965529665171,16.747021411388296,8.61386835394637,127.73660866476351,0.0,59.4,1298.8097965029208,Baseline degradee
54,1007.1546765763868,51.71768316137363,17.432951891042823,8.785054437189721,124.64265740533887,0.0,59.4,1269.133023471332,Baseline degradee
55,970.4748584918168,49.78321194632741,17.36694601519065,6.152800354484333,120.11283286854221,0.0,59.4,1223.2906496763615,Baseline degradee
56,933.4604796226438,47.83558815455184,16.01234984400255,6.518929609654541,115.22584465188535,0.0,59.4,1178.453191882738,Baseline degradee
57,906.7417944353975,46.419044126899664,14.50928966903848,6.766616246364656,111.52397418819596,0.0,59.4,1145.3607186658962,Baseline degradee
58,905.2858739076837,49.316938527122176,15.397577040938947,8.702697844091619,78.68685160209887,144.19199999999995,59.4,1260.9819389219354,Baseline degradee
59,1236.8018311999494,80.10366391176495,28.19123087067571,13.21716041035455,117.95866545160976,192.27231483155913,59.4,1727.9448666759135,Baseline degradee
60,1469.2400123605742,82.86843459386941,25.205818571259474,14.146568119259658,162.79563425817148,0.0,59.4,1813.6564679031342,Baseline degradee
61,1162.9500807386432,69.05130355680308,16.762435204792578,15.778352828049517,120.9792702298629,0.0,59.4,1444.9214425581515,Baseline degradee
62,1234.4415300355254,74.3094935018168,17.030483152325758,11.578674141661837,125.85689523012553,0.0,59.4,1522.6170760614555,Baseline degradee
63,1062.1438024669148,54.04520765827537,17.468806913566876,13.485159422373052,129.63623563278324,0.0,59.4,1336.1792120939133,Baseline degradee
64,1075.840377573222,54.68708164016738,17.60193716689257,17.625332301878522,131.14056803347282,0.0,59.4,1356.2952967156334,Baseline degradee
65,1066.4126024268944,54.14631920859237,17.998455412333627,14.730967889632145,119.96825056730178,42.4112812921102,59.4,1375.0678767968648,Baseline degradee
66,1183.7792824770024,60.98272053627723,20.119693921583448,14.77134263451219,128.42877805681306,44.75845477447686,59.4,1512.2402724006652,Baseline degradee
67,1356.139688390423,76.44551606515152,20.854834341736204,19.96674176459291,126.86242894650441,43.46055141682559,59.4,1703.1297609252338,Baseline degradee
68,1190.7770999766212,68.1898033507229,18.356878510743076,22.94846899542991,128.15944148475376,0.0,59.4,1487.831692318271,Baseline degradee
69,987.5181479604286,52.60609501444924,15.275616888712285,25.90108961952243,113.77725864665598,0.0,59.4,1254.4782081297685,Baseline degradee
70,1124.6654605920573,67.485485488244,15.255292504689205,24.76862893917552,112.65012301255229,0.0,59.4,1404.2249905367182,Baseline degradee
71,1060.5642215925873,59.900044570224125,15.604886017822988,24.264295455874898,114.1534949266922,0.0,59.4,1333.8869425632015,Baseline degradee
72,1043.1738478623604,56.21772278919606,16.181271791216755,21.735735331265925,117.93598895397488,0.0,59.4,1314.644566728014,Baseline degradee
73,1022.5696920469413,51.514896306157105,17.167805455254705,19.7288471878853,123.23551261217415,0.0,59.4,1293.6167536084126,Baseline degradee
74,1064.5698102092051,53.577812686192466,17.419645412112196,14.480540270600287,128.13617723849373,0.0,59.4,1337.583985816604,Baseline degradee
75,1097.4002220455984,55.1756645675376,17.754453311246486,11.243781111428238,131.9222830571684,0.0,59.4,1372.896404092979,Baseline degradee
76,904.0069054675777,45.40741153009173,14.37594447245267,9.724218080101934,133.42946610878664,0.0,59.4,1166.3439456590108,Baseline degradee
77,1102.3571174213198,55.314164211346764,18.329861379680665,14.703291675259065,122.10912232027658,43.083281292110165,59.4,1415.2968382999932,Baseline degradee
78,1377.7406699066628,77.34416951731006,20.69512550817368,19.854795589189433,130.9668369794696,45.48670550808911,59.4,1731.488303008895,Baseline degradee
79,1391.5159136451116,75.78799487538434,31.578298212806057,26.240706056930964,123.77043407380162,75.19514990675775,59.4,1783.4884967707924,Baseline degradee
80,1182.5270025735479,61.61056259013394,23.211615772220814,27.252626489727604,138.86646899318265,0.0,59.4,1492.868276418813,Baseline degradee
81,1168.4965554244575,68.99501817600918,15.663230331867256,29.63525871305142,116.03762862812854,0.0,59.4,1458.2276912735138,Baseline degradee
82,1074.5851665092935,59.610662390091946,15.601941588642857,26.479343379865,114.90882326359832,0.0,59.4,1350.5859371314916,Baseline degradee
83,1064.5142812577994,57.757737001034485,15.944217817351085,25.572998708326615,116.41504582866683,0.0,59.4,1339.6042806131784,Baseline degradee
84,1200.0613192979195,69.9603501265745,16.569212212339966,25.37498032701752,120.20430527196652,0.0,59.4,1491.5701672358182,Baseline degradee
85,1057.026274339268,52.62927736139073,17.47547159967914,20.158624790740024,125.49879110659828,0.0,59.4,1332.1884391976762,Baseline degradee
86,1099.8522041841004,54.70865372384937,17.780975580783494,16.68583809833667,130.4225447698745,0.0,59.4,1378.8502163569447,Baseline degradee
87,1133.2315812058719,56.314624104414875,18.13300580211468,14.265964705174008,134.21541600456615,0.0,59.4,1415.5605918221415,Baseline degradee
88,952.9311407193403,47.30920045271239,14.95596947837702,10.015032326980853,135.72544970711297,0.0,59.4,1220.3367926845237,Baseline degradee
89,1139.2593713030165,56.5052773382459,17.775078279498278,10.213374865547893,134.59829369942534,0.0,59.4,1417.7513954857338,Baseline degradee
90,1111.7352631298183,55.08721751222536,18.71007117217339,10.978292937592398,131.5221004763573,0.0,59.4,1387.432945228167,Baseline degradee
91,1073.0933773480604,53.12155303705653,18.792937899194598,11.743285802563728,126.9696704367921,0.0,59.4,1343.1208245236676,Baseline degradee
92,1034.2502474295304,51.14973796750553,17.332310973181695,11.03448353374594,122.05823842894884,0.0,59.4,1295.2250183329124,Baseline degradee
93,1006.2604299252886,49.71797606020086,15.582047966308233,11.188831739590528,118.30508413261364,0.0,59.4,1260.454369824002,Baseline degradee
94,997.8597047698745,49.25593084518828,15.582332703291373,11.059929500880695,117.17460903765691,0.0,59.4,1250.3325068568918,Baseline degradee
95,1011.9409631754244,49.90349380544936,15.93243370620153,10.500022185280312,118.68368225365406,0.0,59.4,1266.3605951260097,Baseline degradee
96,1003.6158817741699,49.44595396834858,15.874675984051798,9.663837055076657,122.47970711297069,0.0,59.4,1260.4800558946176,Baseline degradee
97,970.2706138006764,47.75779854999559,15.527296048069461,8.857068690834174,127.76910571313527,0.0,59.4,1229.581882802711,Baseline degradee
98,1044.288975567856,51.35243303232994,16.43548086416294,8.219622059251556,132.7159978242678,0.0,59.4,1312.4125093478683,Baseline degradee
99,1130.8237984765722,55.555224208280386,17.664693165379962,7.957271329761275,136.51563447497642,0.0,59.4,1407.9166216549702,Baseline degradee
100,1174.2218150097647,57.63289867074624,18.171962186748065,7.891093331826132,138.0285188284519,0.0,59.4,1455.3462880275372,Baseline degradee
101,1136.7918479058314,55.743257116446074,17.392772034574158,7.62839823496506,136.8996930903377,0.0,59.4,1413.8559683821545,Baseline degradee
102,1147.73666590915,56.22706768561373,18.975238071497046,7.771768108392121,133.82949450552144,0.0,59.4,1423.940234280174,Baseline degradee
103,1108.439379618179,54.25098507903326,19.04408755074251,8.237855539386388,129.26952929836662,0.0,59.4,1378.6418370857077,Baseline degradee
104,1068.9884538027536,52.27113268931583,17.614584640485656,8.688718373057473,124.34994936012792,0.0,59.4,1331.3128388657408,Baseline degradee
105,1040.583187585099,50.83462529319806,15.814005053062926,8.706138026746777,120.57962516011132,0.0,59.4,1295.9175811182183,Baseline degradee
106,1055.053440675034,62.17204082604427,16.89698539297954,10.802286485963428,93.94742980185532,154.94399999999996,59.4,1453.2161831818764,Baseline degradee
107,1381.1745885197986,94.44610437079415,29.189675907688144,14.876659632380855,139.18227418889518,206.46495483155914,59.4,1924.734257451116,Baseline degradee
108,1537.7574135610341,82.40428945962765,30.21778539353912,14.555636127016182,175.7096249504396,0.0,59.4,1900.0447494916566,Baseline degradee
109,1302.6267312080288,72.40415330839218,17.962769199403596,15.629858304499255,130.04645643178515,0.0,59.4,1598.069968452109,Baseline degradee
110,1330.009150326023,74.53034987446193,17.755529046053365,10.844282710199415,135.01653640167362,0.0,59.4,1627.5558483584116,Baseline degradee
111,1206.6191182711884,58.61805106101464,18.732085047705063,12.87619415607498,138.8229384683993,0.0,59.4,1495.0683870043827,Baseline degradee
112,1221.2409332217571,59.27360816736402,18.874175418062762,17.41981648217526,140.33867347280335,0.0,59.4,1516.5472067621627,Baseline degradee
113,1212.8385548955296,58.811538504050674,18.505124281513343,14.538650780068902,139.20817800426263,0.0,59.4,1503.3020464654253,Baseline degradee
114,1154.5130000730237,55.93177474832708,18.987955646674315,10.691700196726599,136.1440117040978,0.0,59.4,1435.6684423688494,Baseline degradee
115,1127.9997226348216,54.59711337390577,26.754489484981384,11.714966085322212,124.798102075845,32.249475330543916,59.4,1437.51386898542,Baseline degradee
116,1147.061358647902,55.468822027194676,23.865403543734658,11.860591463894933,127.23219311305992,32.87379895938231,59.4,1457.7621677551685,Baseline degradee
117,1136.949662507505,54.929522163027684,17.232430111090792,11.250831211647974,130.983610923467,0.0,59.4,1410.7460569167386,Baseline degradee
118,1066.8091862761507,51.49372458577405,16.221461633231563,11.16206579864843,121.72743715481172,0.0,59.4,1326.8138754486165,Baseline degradee
119,1077.6700927317813,51.97051820672526,16.5244321881595,11.019079169534963,123.24221167266612,0.0,59.4,1339.8263339688674,Baseline degradee
120,1041.244032924112,50.16814931545932,16.040738675433076,10.527118350474518,127.05176736401673,0.0,59.4,1304.4318066294954,Baseline degradee
121,1078.03688552865,69.03353418993602,17.549864386280753,12.23121142200405,112.8695603790953,171.42672245467222,59.4,1520.5477783606382,Baseline degradee
122,1437.4410961150136,94.79942988374842,29.882643427309567,16.271864174862117,153.52062127035822,232.58455118549506,59.4,2023.9002060567873,Baseline degradee
123,1587.900289769265,81.69293718725264,31.506680693361673,16.125803616854185,198.65266533736556,0.0,59.4,1975.2783766040993,Baseline degradee
124,1457.512393917583,79.92685399067257,19.19214036548552,16.767710104491552,142.6559136401674,0.0,59.4,1775.4550120184,Baseline degradee
125,1470.229103258292,80.80039954198215,19.702450986642784,12.787651260494826,131.01046257702043,45.77128129211019,59.4,1819.7013489165427,Baseline degradee
126,1392.3787434103738,66.91417098116295,22.578605307157684,20.01025011018294,141.29252124314937,48.39970844253827,59.4,1750.973999494565,Baseline degradee
127,1634.717230177201,87.0417660523541,23.721232470667275,30.663034368448272,140.1145608158072,47.12813288181863,59.4,2022.7859567662965,Baseline degradee
128,1235.8116017391965,59.11351678324752,20.68867965377708,30.570642248142008,140.61723807606072,0.0,59.4,1546.2016785004237,Baseline degradee
129,1246.6311314333811,66.32658180616785,16.94767436236686,30.07342026658814,125.1499637841443,0.0,59.4,1544.5287716526484,Baseline degradee
130,1268.695077448237,68.84844523374115,16.896325351209597,27.395137016954777,124.01447949790794,0.0,59.4,1565.2494645480506,Baseline degradee
131,1333.1748240946167,74.32058703982567,17.235538776125487,26.17720498397793,125.53210466669097,0.0,59.4,1635.8402595612365,Baseline degradee
132,1253.9876218863383,64.80617352951958,17.885654135867686,26.942661800686473,129.34842577405857,0.0,59.4,1552.3705371264707,Baseline degradee
133,1247.2039341238458,80.64224410750468,20.390688099499037,26.070659684671753,116.8715419094873,174.1007013668061,59.4,1724.6797692918149,Baseline degradee
134,1379.2843389063532,89.34252428944704,30.28885447751389,26.360229223239173,158.89962271733847,236.12822443737792,59.4,1979.7037940512698,Baseline degradee
135,1693.2931709445133,89.51497888186091,31.855377205778378,21.276741052180938,201.95003658108726,0.0,59.4,2097.290304665421,Baseline degradee
136,1487.6772696206467,80.01012206635562,19.637266186457424,20.810027045453378,144.98023933054395,0.0,59.4,1812.5149242494572,Baseline degradee
137,1535.803921514931,83.94071762962423,20.191408859091133,16.527149887118068,133.36698983160582,46.44328129211015,59.4,1895.6734690144806,Baseline degradee
138,1440.5699247792222,68.55651080601285,23.245168816057785,24.674133194909512,143.92092652986324,49.1289655705276,59.4,1809.495629696593,Baseline degradee
139,1689.4405509658827,88.86027508136527,24.4234231292339,34.35376981097743,142.8225818325177,47.86204388441489,59.4,2087.162644704392,Baseline degradee
140,1275.251878719893,60.35292174645251,21.279089428941138,34.3363046581742,143.13212094049305,0.0,59.4,1593.752315493954,Baseline degradee
141,1292.0688862572051,68.16758434920094,17.378698795808475,33.61921376291714,127.44576138067963,0.0,59.4,1598.0801445458114,Baseline degradee
142,1302.7095569585426,69.558080958427,17.323970975931605,30.772410215234366,126.30860736401672,0.0,59.4,1606.0726264721525,Baseline degradee
143,1381.8203085495743,76.33992917071224,17.664734774179994,29.5894677015408,127.8290831837284,0.0,59.4,1692.6435233797358,Baseline degradee
144,1280.958501858318,64.87670853234242,18.316975204540604,30.3901177685615,131.65216970711296,0.0,59.4,1585.5944730708757,Baseline degradee
145,1237.8731394011543,58.32783265559076,19.18189458073226,26.841658468086223,136.9207252604121,0.0,59.4,1538.5452503659758,Baseline degradee
146,1284.888267782427,60.49039832635984,19.558573751611195,22.555092834045908,141.96066527196655,0.0,59.4,1588.8529979664104,Baseline degradee
147,1321.0124707310881,62.13696120302724,19.855066453020754,17.27097316737487,145.7873635867431,0.0,59.4,1625.4628351412543,Baseline degradee
148,1021.0691050169155,47.986698392460916,15.108743625685138,15.016021497895293,147.31165054393304,0.0,59.4,1305.89221907689,Baseline degradee
149,1327.5193771462243,62.334699959870804,19.526756372678545,15.257330373645358,146.17614588411274,0.0,59.4,1630.2143097365317,Baseline degradee
150,1297.444443916049,60.869771437568396,20.903321517620462,16.04836129084091,143.13030231630074,0.0,59.4,1597.7962004783797,Baseline degradee
151,1236.864573636828,57.977511612958246,30.610177441507503,17.84147727083117,131.59388790710491,33.8322928033473,59.4,1568.1199206725773,Baseline degradee
152,1248.1975302697758,58.458259832703,27.072058567242923,16.118184362641507,134.41066954804737,34.5515854805539,59.4,1578.2082880609648,Baseline degradee
153,1195.7731620585705,55.954772040188836,17.548750856122574,15.01250952969674,138.329263304812,0.0,59.4,1482.0184577893906,Baseline degradee
154,1216.2379147213799,76.30087237176134,18.607051384165413,17.53126245310901,110.5116375616854,165.69599999999997,59.4,1664.2847384921013,Baseline degradee
155,1488.7133876087412,105.70654737685054,29.98693003586552,22.075469843160178,162.12667394547782,220.65759483155912,59.4,2088.666603641654,Baseline degradee
156,1702.544944928391,86.3743969584398,32.24348088358551,21.557355337073027,188.78487080963663,0.0,59.4,2090.905048917126,Baseline degradee
157,1497.5961950558924,80.37102603820097,19.383577033237668,21.862235729910317,139.22622042751354,0.0,59.4,1817.839254284755,Baseline degradee
158,1226.216407389664,65.26719053313099,15.756389334282964,16.343289480925282,144.2895459414226,0.0,59.4,1527.2728226794259,Baseline degradee
159,1360.2934673809013,63.326936505594894,20.275767588051508,22.469996398049304,148.12300967221614,0.0,59.4,1673.8891775448133,Baseline degradee
160,1556.292750281666,80.91553406776842,20.514018520012133,31.64915233141157,149.65014728033475,0.0,59.4,1898.421602481193,Baseline degradee
161,1366.8961970596358,63.52609236704097,20.216929752276283,32.41817519258797,148.51297289008787,0.0,59.4,1690.970367261629,Baseline degradee
162,1516.754680978011,78.92908382810526,21.778780144915846,32.0494298486487,145.47331219252632,0.0,59.4,1854.3852869922073,Baseline degradee
163,1450.10403434717,75.54872933825317,33.5315502345275,37.98848933980354,133.87309453902031,34.35989862761506,59.4,1824.8057964263896,Baseline degradee
164,1474.358061461419,76.58697185171737,30.079516914341145,38.34530063763273,136.8182763958283,35.11084765427768,59.4,1850.6989749152165,Baseline degradee
165,1323.364481666418,62.828846603820594,19.239583978243548,36.273587085069124,140.7929286362859,0.0,59.4,1641.8994279698372,Baseline degradee
166,1413.2640349950073,93.91673192279532,19.409371416143433,35.30053712395767,114.85638162040443,168.38399999999996,59.4,1904.531057078308,Baseline degradee
167,1617.7014473100794,117.54940558379222,30.441843996784865,35.79744525141309,168.13164748138863,224.2057548315592,59.4,2253.2275444550173,Baseline degradee
168,1599.000926192042,74.42480264842999,32.66668722916097,31.20613271880493,192.07887839426851,0.0,59.4,1988.7774271827063,Baseline degradee
169,1533.7472613223956,81.02190749427336,19.901287187220422,31.040524120618283,141.53875170672782,0.0,59.4,1866.6497318312358,Baseline degradee
170,1623.260407717652,86.97084227319053,20.358924390578792,28.646832417102047,146.62551213389122,0.0,59.4,1965.2625189324149,Baseline degradee
171,1702.5229471774633,92.49233824670557,20.83364845868578,31.96169260603232,150.46574128070176,0.0,59.4,2057.6763677695885,Baseline degradee
172,1452.4324811210097,68.57029296806714,21.08691144321547,41.849232079291674,151.99572953974896,0.0,59.4,1795.334647151333,Baseline degradee
173,1578.4154011023445,80.5555137220898,20.79543956503747,42.92043773723833,150.85688541907558,0.0,59.4,1932.9436775457855,Baseline degradee
174,1354.3581800495779,62.259192791392735,34.51470644313907,44.42994701215153,140.40437316899155,35.98028433634184,59.4,1731.3466838015947,Baseline degradee
175,1501.0429309549752,76.8290121741824,43.11032189052406,43.03852009293511,144.94069109517818,37.13752927217495,59.4,1905.4990054799703,Baseline degradee
176,1466.0159271742234,75.20669711657372,36.748155499214135,40.542975590618795,140.11565937192262,35.89616775794431,59.4,1853.9255825104972,Baseline degradee
177,1529.7054975267633,79.27263591996463,19.605206783274078,35.09911305888316,143.32048165686078,0.0,59.4,1866.402934945746,Baseline degradee
178,1480.1697474142718,99.60822826836443,19.875512869653278,37.658424492293,119.2826025266281,171.07199999999997,59.4,1987.0665155712106,Baseline degradee
179,1466.2056776945492,104.80511212019694,30.6496204667945,38.62277406228697,174.24417045600558,227.75391483155917,59.4,2101.6812696313923,Baseline degradee
180,1626.5388040390828,74.81953579586904,32.95409676775919,33.89747426712248,195.38296442683344,0.0,59.4,2022.9928752966673,Baseline degradee
181,1595.5356262639993,111.39123366662419,24.255936302500068,34.74233989552633,133.5679724059872,184.79661701534172,59.4,2143.689725549979,Baseline degradee
182,1837.7197331119787,130.35205391595605,31.007489545049168,32.26851384283122,181.32806447331402,250.30291744490933,59.4,2522.3787723340383,Baseline degradee
183,1852.3885469422585,94.64134579953694,32.96681021853859,32.121406184824544,215.24026818892702,0.0,59.4,2286.7583773340857,Baseline degradee
184,1640.0134273625924,83.10634874422615,21.303753709745333,34.52771153302117,154.34839732217574,0.0,59.4,1992.6996386717608,Baseline degradee
185,1617.1219992689073,79.53071639340244,22.151886873111692,34.078516889591036,142.91842337135898,49.131281292110174,59.4,2004.3328240884816,Baseline degradee
186,1782.8605442328085,91.12370856923495,47.035420453647085,40.247721610943465,148.8389376562257,88.8307458573534,59.4,2258.3370783802134,Baseline degradee
187,1248.5213960494748,59.170143555097695,42.907369140339945,47.41246139114901,157.4594137718048,91.94471379016989,59.4,1706.8154976980363,Baseline degradee
188,1396.991675911721,71.96150506387198,40.8145780051198,45.212031374119356,155.26632430117917,39.71038882065585,59.4,1809.356503476667,Baseline degradee
189,1379.2968732557717,62.62872557977174,20.24168612257864,42.65721524305536,146.61181912064018,0.0,59.4,1710.8363193218177,Baseline degradee
190,1579.7501496941863,108.08058798849751,20.313859282964398,40.15933874750376,123.79030028035632,173.75999999999996,59.4,2105.2542359935082,Baseline degradee
191,1710.5280513961293,126.26489492002952,30.884095322273534,43.977096922729295,180.46424286932853,231.30207483155917,59.4,2382.8204562620494,Baseline degradee
192,1853.6754901627628,93.20300710780734,33.28971412079952,40.234003770940156,198.69712890733146,0.0,59.4,2278.499344069641,Baseline degradee
193,1576.0909412683495,109.32529287571049,24.85452859329947,42.535932121345596,137.9142061238451,187.47059592747556,59.4,2137.591496910026,Baseline degradee
194,1721.6296838942408,120.20770255526718,31.316969945137263,40.21727740885235,187.1632839043215,253.84659069679216,59.4,2413.7815084046115,Baseline degradee
195,1929.9447290696803,99.23543668381276,33.29522130523662,38.24225506347492,218.58801274912523,0.0,59.4,2378.70565487133,Baseline degradee
196,1669.8062354590816,83.19814181720083,22.643572373042833,39.0368935748755,144.57818823123011,50.176,59.4,2068.839031455431,Baseline degradee
197,1856.6790615116493,92.25185744014411,27.69550930576623,37.67668836864916,157.51509522666083,53.81736129211019,59.4,2285.0355731449795,Baseline degradee
198,1869.7763986944356,94.50121222750066,49.354782613804545,44.96950909667627,153.28551126721354,90.64867850096849,59.4,2361.936092400599,Baseline degradee
199,1406.5287894688254,70.06671886638695,44.028435510367395,49.43958973773493,160.3256226988967,93.37487291120166,59.4,1883.1640291934132,Baseline degradee
200,1302.8801258025055,61.97528907429277,41.90332749440814,47.720921920228925,157.92408734152136,40.32198835954954,59.4,1712.1257399925062,Baseline degradee
201,1562.4544986606247,76.53331563193213,20.650930107204815,45.212820410338125,149.11271027717044,0.0,59.4,1913.3642750872702,Baseline degradee
202,1627.398351287603,111.99912644584771,20.858068657596334,47.154072222679694,128.37947488158915,176.44799999999995,59.4,2171.6370934953156,Baseline degradee
203,1738.713629006805,129.01854159281828,31.118465623552815,49.33640236921322,186.79186472135765,234.85023483155913,59.4,2429.229138145306,Baseline degradee
204,1887.9093328470863,93.92341956690763,33.639802441988415,47.23393327300801,202.0213718357625,0.0,59.4,2324.127859964753,Baseline degradee
205,1658.7462356800925,116.06919267725777,25.405034543074667,48.498256228529335,142.32929027919624,190.1445748396095,59.4,2240.59258424776,Baseline degradee
206,1737.6899807186192,121.6081457562029,31.566743780804394,45.70384859652644,193.0897469321345,257.390263948675,59.4,2446.448729732963,Baseline degradee
207,1943.7343527246112,98.05623617186956,33.590900869977474,42.85635722006617,221.94583197261875,0.0,59.4,2399.583678959143,Baseline degradee
208,1899.7710391073329,100.72005911634297,26.1889890708157,43.22172164905722,146.78292644013388,50.847999999999956,59.4,2326.932735383683,Baseline degradee
209,1852.4121434617177,89.02853539345773,28.225308988627418,41.47270048143529,160.04909887578532,54.543121292110186,59.4,2285.130908493134,Baseline degradee
210,1902.9442396573252,95.35037308445712,50.641784848166736,48.71855070158404,155.92369778934633,91.93117588058355,59.4,2404.9098219614634,Baseline degradee
211,1446.0379781872502,71.93229765903723,45.348409410982896,53.41580762501627,162.92664627677743,94.7326411845407,59.4,1933.7937803436048,Baseline degradee
212,1278.6395761661993,58.429367763006525,42.9119775062979,49.61086329658557,160.57289255806324,40.92924444758168,59.4,1690.4939217377344,Baseline degradee
213,1693.6852706334273,85.47174410155893,21.021108911379404,46.53158261012633,151.62011502806914,0.0,59.4,2057.7298212845612,Baseline degradee
214,1525.9576071919853,103.46570498751255,21.258466288054855,48.283540384932806,133.05012633032655,179.13599999999997,59.4,2070.551445182812,Baseline degradee
215,1840.4812866878674,137.8296366740174,31.224843569158963,49.88579591572985,193.2270360120928,238.3983948315591,59.4,2550.4469936904256,Baseline degradee
216,1984.3533054301113,100.079837141139,33.851485233079316,48.27091251232562,205.3556932121266,0.0,59.4,2431.311233528782,Baseline degradee
217,1707.992123405074,119.95162113734548,25.801297877292775,48.89002655898407,146.81322487204056,192.81855375174334,59.4,2301.6668476024806,Baseline degradee
218,1765.045073782147,123.9805053187554,31.68453924005818,46.19037083239597,199.10745355675286,260.93393720055786,59.4,2486.3418799306673,Baseline degradee
219,1930.1399514892178,94.5227633040198,33.785754700054085,43.24524213389152,225.31372585940758,0.0,59.4,2386.407437486591,Baseline degradee
220,1942.411120570603,101.52203450889971,26.56738857150311,42.99903086164422,148.99475953506277,51.52000000000001,59.4,2373.414334047713,Baseline degradee
221,1904.5665647174883,90.59062905762279,28.655704435665015,40.90940501844836,162.59400869619844,55.26888129211018,59.4,2341.9851932175334,Baseline degradee
222,1956.7532225222894,97.75537489572707,51.49326106059457,47.86507473591903,158.5749840411282,93.2136732601986,59.4,2465.0555905158567,Baseline degradee
223,1476.1103959462657,73.06355471294476,46.076762681761,53.049861245476244,165.5354014910777,96.09040945787974,59.4,1969.3263855354053,Baseline degradee
224,1310.9930268923256,59.90233302932298,43.67103815134279,49.376451362511396,163.22972270192076,41.53650053561382,59.4,1728.1090726730376,Baseline degradee
225,1739.5554874853196,86.75071248924786,21.342354522014237,46.216778383534376,154.13511753138357,0.0,59.4,2107.4004504114996,Baseline degradee
226,1550.8137791223687,105.75799788726543,21.614202325975253,47.85118418854114,137.8022546265686,181.82399999999996,59.4,2105.063418150719,Baseline degradee
227,1856.4265470902437,139.49574571039702,31.287593833503497,49.10579406744676,199.76975674153402,241.94655483155918,59.4,2577.431992274684,Baseline degradee
228,2051.576971452639,103.54520167544655,34.0010800554854,46.879918182839155,208.70009303642377,0.0,59.4,2504.103264402834,Baseline degradee
229,1757.9287077686013,123.89770134981272,26.138924992821188,47.37743007279456,151.36600990237798,195.49253266387723,59.4,2361.601306750285,Baseline degradee
230,1792.2532228555406,126.34530413844949,31.739074539301868,44.533139419783076,205.21640377817675,264.47761045244073,59.4,2523.964755183693,Baseline degradee
231,1966.7004128756907,95.41071421468777,33.93216984735712,41.83583920678846,228.69169440949173,0.0,59.4,2425.970830554016,Baseline degradee
232,1997.9939377101784,103.36516173013877,26.911940839801794,41.294383666326986,151.23878441706117,52.19199999999997,59.4,2432.3962083635074,Baseline degradee
233,1939.9939639859617,90.74090270912491,29.04982802825694,38.99222192654448,165.14982468790015,55.99464129211018,59.4,2379.3213826298984,Baseline degradee
234,1995.7526280888142,98.9990951295234,52.192795665310896,45.888065941311915,161.23937002255914,94.49617063981366,59.4,2507.9681254873335,Baseline degradee
235,1500.095473156319,73.73029232705191,46.50440992180805,50.91791191440349,168.15188834179753,97.44817773121869,59.4,1996.2481533925989,Baseline degradee
236,1318.045797204621,59.1748775728632,44.16500598069463,47.14220858793504,165.89457777309394,42.143756623645956,59.4,1735.9662237428538,Baseline degradee
237,1786.013756776746,88.03669852556177,21.608648936088436,44.041791346725965,156.65771778711363,0.0,59.4,2155.758613372236,Baseline degradee
238,1620.5386050021998,111.76452773602149,21.920677618993867,45.68102269396665,142.63585977031528,184.51199999999997,59.4,2186.4526928214977,Baseline degradee
239,1884.3623938553824,142.15247692473736,31.302451069827928,46.841228301484286,206.42002690968135,245.49471483155915,59.4,2615.9732918926725,Baseline degradee
240,2069.18585850665,102.69090677636272,34.122432688320316,44.62589708856125,212.05457130865395,0.0,59.4,2522.0796663685483,Baseline degradee
1,827.8197333333333,45.005919999999996,14.695233755555556,27.734204625555552,109.8036,0.0,59.4,1084.4586917144445,Baseline + materiaux biosources
2,865.216719518682,46.985850584871045,15.646141586688703,21.03919236592041,114.6022052785729,0.0,59.4,1122.8901093347351,Baseline + materiaux biosources
3,894.485798297347,48.52046252619022,15.937699056222788,15.280020539801534,118.31228135604559,0.0,59.4,1151.9362617756071,Baseline + materiaux biosources
4,922.5890071874871,44.01559281082898,15.891690062309126,10.532767003788818,119.80236050209206,0.0,59.4,1172.2314175665063,Baseline + materiaux biosources
5,921.593225388744,41.5522932700908,15.613962312910536,11.850059329776819,118.68689260739013,0.0,59.4,1168.6964329089124,Baseline + materiaux biosources
6,902.6214993821,38.59721183914461,16.102023450969693,13.237807255769992,115.56979101575315,0.0,59.4,1145.5283329437375,Baseline + materiaux biosources
7,871.8775538854309,35.73771697113106,16.123319367754025,14.344385510297077,111.07010714931464,0.0,59.4,1108.5530828839278,Baseline + materiaux biosources
8,838.8845833146254,33.33661813888307,14.806847369102707,15.008230886670434,106.21571065423953,0.0,59.4,1067.651990363521,Baseline + materiaux biosources
9,808.3309710059924,33.70184522716684,13.500435556656521,15.338904565603615,102.58169158448148,0.0,59.4,1032.8538479399008,Baseline + materiaux biosources
10,802.1701904408021,32.84574163649725,13.504632427042718,15.459596067512154,101.46290460251046,0.0,59.4,1024.8430651743647,Baseline + materiaux biosources
11,822.9474553836528,30.808398553327358,13.859385120169959,15.42389626876885,102.95202326200724,0.0,59.4,1045.3911585879264,Baseline + materiaux biosources
12,861.4820957992602,29.649137756421243,14.509454296581662,15.397763500296913,106.72429790484951,0.0,59.4,1087.1627492574096,Baseline + materiaux biosources
13,910.4495314457802,29.568038529561314,15.564357750419306,15.580064003130538,112.02466182174683,0.0,59.4,1142.5866535506384,Baseline + materiaux biosources
14,952.4276592983346,30.25260714567201,15.891108698835945,15.954082082214581,116.83186009495667,0.0,59.4,1190.7573173200137,Baseline + materiaux biosources
15,984.7369609124063,31.107127730070594,16.270483297005903,16.51615705393088,120.56290116536802,0.0,59.4,1228.5936301587817,Baseline + materiaux biosources
16,997.8265800894626,31.71129894392584,16.333935741357422,17.22450887572964,122.05583096234311,0.0,59.4,1244.5521546128189,Baseline + materiaux biosources
17,989.0381617328012,31.799569044260508,16.04207723751075,17.868860264335154,120.93869333721463,0.0,59.4,1235.0873616161223,Baseline + materiaux biosources
18,963.571906434154,30.908375930900533,16.600124185357167,18.407092964935813,117.82732285903116,0.0,59.4,1206.7148223743789,Baseline + materiaux biosources
19,927.463594344714,29.624971280702862,16.625581919554982,18.664891857394295,113.32010382500305,0.0,59.4,1165.0991432273693,Baseline + materiaux biosources
20,891.4381137085044,27.97685777293195,15.259829880850631,18.576054665314143,108.45755939953251,0.0,59.4,1121.1084154271337,Baseline + materiaux biosources
21,866.5509307511501,26.330495503237067,13.863640305825074,18.327410125591246,104.8066339508913,0.0,59.4,1089.279110636695,Baseline + materiaux biosources
22,861.0891574681154,25.225385006854843,13.86067773085482,18.083305101163695,103.68617723849371,0.0,59.4,1081.3447025454825,Baseline + materiaux biosources
23,877.7718808778177,24.623774809306376,14.212515945250423,17.85949345539363,105.17814654891912,0.0,59.4,1099.0458116366872,Baseline + materiaux biosources
24,913.7358018291118,24.485870514509337,14.844707428373043,17.747865753057628,108.94294585510701,0.0,59.4,1139.1571913801588,Baseline + materiaux biosources
25,961.904692721183,24.970685545717295,15.910643494617702,17.86548662806884,114.25275975560652,0.0,59.4,1194.3042681451934,Baseline + materiaux biosources
26,1003.8372644614515,25.899228634443745,16.22391944084306,18.113767961506884,119.06855102345334,0.0,59.4,1242.5427315216987,Baseline + materiaux biosources
27,1036.543046010384,26.8752027546004,16.619000910389566,18.47623151790011,122.820606497703,0.0,59.4,1280.734087690977,Baseline + materiaux biosources
28,1049.3331648910325,27.648488118896594,16.677321941041054,18.927064901354942,124.3163869456067,0.0,59.4,1296.302426797932,Baseline + materiaux biosources
29,1039.2245903342828,28.085963075652234,16.37898153971469,19.281760415232398,123.1975795900517,0.0,59.4,1285.5688749549338,Baseline + materiaux biosources
30,1011.6717671028805,27.71253382521374,17.00146989744455,19.53236961513312,120.09197787172143,0.0,59.4,1255.4101183123935,Baseline + materiaux biosources
31,972.9491470704303,27.029156545176143,17.03374621190763,19.52438190619627,115.5772236701038,0.0,59.4,1211.5136554038145,Baseline + materiaux biosources
32,934.1079887901374,26.018258409561522,15.643139557955028,19.21033639767651,110.70653131423784,0.0,59.4,1165.0862544695683,Baseline + materiaux biosources
33,908.1309347289215,24.52964078880224,14.177155354858014,18.785490824925613,107.03866184031362,0.0,59.4,1132.0618835378211,Baseline + materiaux biosources
34,898.421060504161,24.671782332165733,14.17182174842092,18.41602623886281,105.91653539748955,0.0,59.4,1120.9972262211002,Baseline + materiaux biosources
35,914.3020937305228,24.39253130112376,14.522648030415858,18.09959798497055,107.41135535884356,0.0,59.4,1138.1282264058766,Baseline + materiaux biosources
36,950.3205172841971,24.400730197097122,15.142273519812782,17.9040903250651,111.1735531380753,0.0,59.4,1178.3411644642474,Baseline + materiaux biosources
37,998.5880718887033,25.105048211192354,16.205625658407442,17.954317342420147,116.48789380157913,0.0,59.4,1233.7409569023023,Baseline + materiaux biosources
38,1040.7285136504202,26.215530437559273,16.524936022338586,18.178736506645553,121.31958778242678,0.0,59.4,1282.3673043993904,Baseline + materiaux biosources
39,1073.470615424547,27.3716676088428,16.93057529039103,18.544324942348492,125.08539735305051,0.0,59.4,1320.80258061918,Baseline + materiaux biosources
40,1086.090969099929,28.25004193609809,16.988991485835516,18.998043899873245,126.58402845188286,0.0,59.4,1336.3120748736187,Baseline + materiaux biosources
41,1075.750025198703,28.684484918166348,16.690064451485078,19.356671244262998,125.46355136590131,0.0,59.4,1325.344797178519,Baseline + materiaux biosources
42,1047.6612570034865,28.30531521109258,17.379458274805426,19.613298732899125,122.36375605382398,0.0,59.4,1294.7230852761081,Baseline + materiaux biosources
43,996.0551036935212,27.18864795789427,21.491246924187845,20.233894162824715,111.39478370351307,29.083840384937254,59.4,1264.8475168268785,Baseline + materiaux biosources
44,1024.892651115264,27.490201515560315,19.498797737580475,19.215409936708383,120.62765370956147,0.0,59.4,1271.1247140146745,Baseline + materiaux biosources
45,941.4716134656053,25.561578904597937,14.484958807257321,18.79279133363901,109.27777525274853,0.0,59.4,1168.9887177638482,Baseline + materiaux biosources
46,933.8464295386481,24.98022239623989,14.48231680642057,18.54923333270508,108.1539790794979,0.0,59.4,1159.4121811535117,Baseline + materiaux biosources
47,947.9800211471613,25.277605379985125,14.835940342199011,18.32917964587072,109.65164969178056,0.0,59.4,1175.474396206997,Baseline + materiaux biosources
48,984.0246136567418,25.44752221542003,15.457235668442676,18.14958226447235,113.42061288702929,0.0,59.4,1215.8995666921064,Baseline + materiaux biosources
49,1034.1521495419074,25.79309944773736,16.507484705725947,18.20310500440779,118.73006395966456,0.0,59.4,1272.7859026594433,Baseline + materiaux biosources
50,1077.326999823401,26.848314373585012,16.84284891796502,18.43145028987053,123.58469874476988,0.0,59.4,1322.4343121495915,Baseline + materiaux biosources
51,1110.622852170981,27.995706178814075,17.24935343738134,18.802589818040875,127.35727373141059,0.0,59.4,1361.427775336628,Baseline + materiaux biosources
52,1123.4374417325967,28.865464429781433,17.307867508243906,19.259268410383264,128.85875548117156,0.0,59.4,1377.128797562177,Baseline + materiaux biosources
53,1112.899467583397,29.286517350315346,17.008375352295865,19.62282759520042,127.73660866476351,0.0,59.4,1365.9537965459722,Baseline + materiaux biosources
54,1084.2699928257593,28.902534989980836,17.7680398005533,19.886154730349542,124.64265740533887,0.0,59.4,1334.8693797519818,Baseline + materiaux biosources
55,1044.1157395871796,28.19522295323764,17.82316641430114,19.879913960547977,120.11283286854221,0.0,59.4,1289.5268757838087,Baseline + materiaux biosources
56,1003.9289817526924,27.161914430251258,16.398055707179783,19.562358359366687,115.22584465188535,0.0,59.4,1241.6771549013756,Baseline + materiaux biosources
57,975.4852823903883,26.102831748070038,14.798317424662798,19.13530532123578,111.52397418819596,0.0,59.4,1206.445711072553,Baseline + materiaux biosources
58,974.871966873126,27.304400903228753,15.71141815734245,20.863097898576175,78.68685160209887,144.19199999999995,59.4,1321.0297354343722,Baseline + materiaux biosources
59,1290.589232574538,37.633457221313975,28.396363265726407,20.038852123349432,117.95866545160976,192.27231483155913,59.4,1746.2888854680969,Baseline + materiaux biosources
60,1461.2221130085497,45.65561355317716,25.28447408101879,15.930489445447297,162.79563425817148,0.0,59.4,1770.2883243463646,Baseline + materiaux biosources
61,1121.4940499305835,33.6969823610229,16.87215970516313,18.623653916670378,120.9792702298629,0.0,59.4,1371.066116143303,Baseline + materiaux biosources
62,1161.1048979802495,34.20919429695543,17.28382717310864,22.173175125500556,125.85689523012553,0.0,59.4,1420.0279898059398,Baseline + materiaux biosources
63,1173.1499423061812,21.025397769161597,17.716863051909172,23.81647913135531,129.63623563278324,0.0,59.4,1424.7449178913903,Baseline + materiaux biosources
64,1129.4224652267733,38.82113161136845,17.780139198278338,24.505248774294365,131.14056803347282,0.0,59.4,1401.0695528441875,Baseline + materiaux biosources
65,1132.3065556560643,34.75891008209602,18.247712390052357,25.076856821639193,119.96825056730178,42.4112812921102,59.4,1432.169566809264,Baseline + materiaux biosources
66,1266.158220611208,30.470652843315438,20.386925335050954,23.721762734692064,128.42877805681306,44.75845477447686,59.4,1573.3247943555566,Baseline + materiaux biosources
67,1295.774925885398,30.925603213459127,21.005223236673597,23.32051986819384,126.86242894650441,43.46055141682559,59.4,1600.7492525670548,Baseline + materiaux biosources
68,1132.8700863777412,29.270886255552526,18.407963159641852,22.991127603609723,128.15944148475376,0.0,59.4,1391.0995048812993,Baseline + materiaux biosources
69,1049.067752211483,33.367649934437594,15.276714468774456,24.03547103247524,113.77725864665598,0.0,59.4,1294.9248462938262,Baseline + materiaux biosources
70,1039.7081671175692,33.70159886618241,15.304446489890266,25.273749761804496,112.65012301255229,0.0,59.4,1286.0380852479989,Baseline + materiaux biosources
71,1012.5036725215955,28.251372355591833,15.666859836296194,25.401359021626966,114.1534949266922,0.0,59.4,1255.376758661803,Baseline + materiaux biosources
72,1042.4902401817258,30.500460035791072,16.28289806622272,24.827834311560792,117.93598895397488,0.0,59.4,1291.4374215492753,Baseline + materiaux biosources
73,1098.4343690108344,29.55314113375961,17.32394183969736,24.632618733810926,123.23551261217415,0.0,59.4,1352.5795833302768,Baseline + materiaux biosources
74,1155.870536927533,26.969864109998213,17.66347266546287,24.58164526385128,128.13617723849373,0.0,59.4,1412.6216962053393,Baseline + materiaux biosources
75,1190.8229089022932,27.97138537554175,18.071574154078903,24.955798534776864,131.9222830571684,0.0,59.4,1453.1439500238594,Baseline + materiaux biosources
76,1200.0932742636867,29.99900773575696,18.13024078500549,25.414793197709233,133.42946610878664,0.0,59.4,1466.4667820909453,Baseline + materiaux biosources
77,1188.9535168823518,30.346765826088806,18.62292219483797,26.32159100767625,122.10912232027658,43.083281292110165,59.4,1488.8371995233415,Baseline + materiaux biosources
78,1310.1746938439344,32.62455043022649,20.898180082985245,25.264782743890372,130.9668369794696,45.48670550808911,59.4,1624.8157495885953,Baseline + materiaux biosources
79,1362.9822883075453,33.43800998520435,31.72315749297002,25.77980584457612,123.77043407380162,75.19514990675775,59.4,1712.2888456108556,Baseline + materiaux biosources
80,1250.127664651903,32.91528577640582,23.206553833068625,24.366489359492068,138.86646899318265,0.0,59.4,1528.8824626140524,Baseline + materiaux biosources
81,1073.5634289959185,31.764234399416925,15.629874242995522,25.221639450772578,116.03762862812854,0.0,59.4,1321.616805717232,Baseline + materiaux biosources
82,1079.4727080415546,34.54560372208891,15.655747359851311,26.35760288179055,114.90882326359832,0.0,59.4,1330.3404852688839,Baseline + materiaux biosources
83,1049.8386043194264,28.81742466488876,16.030077621703192,27.028831553278643,116.41504582866683,0.0,59.4,1297.5299839879638,Baseline + materiaux biosources
84,1072.1701744633167,33.29190107031817,16.647140296299682,26.439722085358724,120.20430527196652,0.0,59.4,1328.1532431872597,Baseline + materiaux biosources
85,1138.983717566952,29.487596954354704,17.679083487630923,26.342801790469018,125.49879110659828,0.0,59.4,1397.391990906005,Baseline + materiaux biosources
86,1193.223940477303,28.12704757755472,18.032402229308584,26.28644735444661,130.4225447698745,0.0,59.4,1455.4923824084876,Baseline + materiaux biosources
87,1230.3113457686602,28.64267294829193,18.441451582475988,26.66979314655415,134.21541600456615,0.0,59.4,1497.6806794505485,Baseline + materiaux biosources
88,1239.4491233103242,30.707402962446363,18.500315983564878,27.136259157688368,135.72544970711297,0.0,59.4,1510.918551121137,Baseline + materiaux biosources
89,1228.2200539587807,31.11264962037865,18.19914538252684,27.513519703125144,134.59829369942534,0.0,59.4,1499.043662364237,Baseline + materiaux biosources
90,1197.9538712433314,30.708370517059457,19.251107516760797,27.838309609159978,131.5221004763573,0.0,59.4,1466.673759362669,Baseline + materiaux biosources
91,1155.6674402474769,29.95798768474083,19.38224739002065,27.858271575031452,126.9696704367921,0.0,59.4,1419.235617334062,Baseline + materiaux biosources
92,1113.4477655617418,28.89549344249957,17.864052162432312,27.511385395286084,122.05823842894884,0.0,59.4,1369.1769349909089,Baseline + materiaux biosources
93,1083.5204588602662,27.810130195275537,15.976855616982968,27.037458984958985,118.30508413261364,0.0,59.4,1332.0499877900975,Baseline + materiaux biosources
94,1075.306869093527,27.242617392849056,15.97263678507396,26.684122539671982,117.17460903765691,0.0,59.4,1321.780854848779,Baseline + materiaux biosources
95,1092.1988776430646,27.04921937327058,16.328089149940016,26.384069777897967,118.68368225365406,0.0,59.4,1340.0439381978274,Baseline + materiaux biosources
96,1130.8069232595033,27.214863325188475,16.954610463427443,26.194303494748258,122.47970711297069,0.0,59.4,1383.0504076558382,Baseline + materiaux biosources
97,1182.8635312383128,27.853084695506645,17.97099991673474,26.25803669748022,127.76910571313527,0.0,59.4,1442.11475826117,Baseline + materiaux biosources
98,1229.566913347939,28.976339675154804,18.351422068895754,26.471516074768463,132.7159978242678,0.0,59.4,1495.4821889910259,Baseline + materiaux biosources
99,1265.2235219273175,30.132641916845046,18.76105876445672,26.846720194157555,136.51563447497642,0.0,59.4,1536.8795772777532,Baseline + materiaux biosources
100,1278.9679403922526,31.007861743001264,18.8196377058582,27.29731122691815,138.0285188284519,0.0,59.4,1553.5212698964822,Baseline + materiaux biosources
101,1267.7723561423982,31.416865833848593,18.51756161418329,27.66275756137241,136.8996930903377,0.0,59.4,1541.6692342421402,Baseline + materiaux biosources
102,1237.030402004842,31.057185895495678,19.647614959642347,27.9784834407396,133.82949450552144,0.0,59.4,1508.9431808062413,Baseline + materiaux biosources
103,1194.1039262052043,30.332650633296186,19.789699813904537,27.983257777944136,129.26952929836662,0.0,59.4,1460.879063728716,Baseline + materiaux biosources
104,1151.2357499703003,29.296624055931165,18.25391544102176,27.62209853683567,124.34994936012792,0.0,59.4,1410.158337364217,Baseline + materiaux biosources
105,1120.7949724875027,28.239918682965115,16.29003845291521,27.13642034374071,120.57962516011132,0.0,59.4,1372.440975127235,Baseline + materiaux biosources
106,1137.295586599114,33.91563768687355,17.420534139682402,29.044053659910286,93.94742980185532,154.94399999999996,59.4,1525.9672418874356,Baseline + materiaux biosources
107,1423.9766387789778,43.42287335935518,29.609779833183286,27.611444728129467,139.18227418889518,206.46495483155914,59.4,1929.6679657201003,Baseline + materiaux biosources
108,1530.265036900909,44.985845120857164,30.486051136606825,22.16860767583766,175.7096249504396,0.0,59.4,1863.0151657846504,Baseline + materiaux biosources
109,1277.900620707247,34.803381736266495,18.281734711177887,24.91885209026188,130.04645643178515,0.0,59.4,1545.3510456767387,Baseline + materiaux biosources
110,1323.546882735091,35.64538687975993,18.755954212677814,28.72881013153371,135.01653640167362,0.0,59.4,1601.093570360736,Baseline + materiaux biosources
111,1333.5354199064243,22.657903419667473,19.198903558524286,30.699058245038945,138.8229384683993,0.0,59.4,1604.3142235980545,Baseline + materiaux biosources
112,1281.2970471840847,42.32914093279835,19.2648811498396,31.50944177888275,140.33867347280335,0.0,59.4,1574.1391845184087,Baseline + materiaux biosources
113,1287.140072556399,37.80190177403645,18.95608432094005,31.577234565367064,139.20817800426263,0.0,59.4,1574.0834712210053,Baseline + materiaux biosources
114,1280.65851091167,30.417045034773366,20.197182269763463,31.613938037991012,136.1440117040978,0.0,59.4,1558.4306879582955,Baseline + materiaux biosources
115,1223.8624559865573,28.97748868727268,28.6709127028156,32.95014980732784,124.798102075845,32.249475330543916,59.4,1530.9085845903624,Baseline + materiaux biosources
116,1240.939006905532,30.352287731205973,25.377378252717502,32.00174051333733,127.23219311305992,32.87379895938231,59.4,1548.1764054752355,Baseline + materiaux biosources
117,1228.4180845627766,29.864307504832116,17.798760815448027,30.396660701073014,130.983610923467,0.0,59.4,1496.861424507597,Baseline + materiaux biosources
118,1151.330828951986,28.249277785273215,16.722319000402237,30.509439539942303,121.72743715481172,0.0,59.4,1407.9393024324156,Baseline + materiaux biosources
119,1165.2014331682658,29.00794594763741,17.083633300245598,30.412035908902737,123.24221167266612,0.0,59.4,1424.3472599977176,Baseline + materiaux biosources
120,1205.7652467636947,28.95400380657491,17.713676107651906,30.261692807046032,127.05176736401673,0.0,59.4,1469.1463868489845,Baseline + materiaux biosources
121,1306.576871360141,39.694077138604776,20.317540680374442,32.91553776757549,112.8695603790953,171.42672245467222,59.4,1743.2003097804632,Baseline + materiaux biosources
122,1470.7999578740475,42.81854008652584,30.386043432702557,31.461434228376884,153.52062127035822,232.58455118549506,59.4,2020.9711480775063,Baseline + materiaux biosources
123,1618.695412305486,48.81193371910426,31.83903056625522,25.66508570241546,198.65266533736556,0.0,59.4,1983.0641276306262,Baseline + materiaux biosources
124,1421.0475357317753,38.085321258343555,19.55626400323987,28.623107760956195,142.6559136401674,0.0,59.4,1709.3681423944824,Baseline + materiaux biosources
125,1425.380733162838,36.800616109055035,20.242417986645435,33.055508067448905,131.01046257702043,45.77128129211019,59.4,1751.6610191951181,Baseline + materiaux biosources
126,1545.6951759218368,27.30411676671667,23.09030331414239,33.90401194045168,141.29252124314937,48.39970844253827,59.4,1879.0858376288352,Baseline + materiaux biosources
127,1497.2074392742811,49.64903195007796,24.001578193144525,34.02932966555621,140.1145608158072,47.12813288181863,59.4,1851.5300727806855,Baseline + materiaux biosources
128,1316.990834589059,38.04313761044403,20.91786100395436,33.007270293360165,140.61723807606072,0.0,59.4,1608.9763415728783,Baseline + materiaux biosources
129,1247.2231626842324,34.700515521162174,17.143833820141335,33.706598423780925,125.1499637841443,0.0,59.4,1517.324074233461,Baseline + materiaux biosources
130,1238.9484576295777,34.49404006384975,17.172559366809114,34.93920381402044,124.01447949790794,0.0,59.4,1508.968740372165,Baseline + materiaux biosources
131,1202.1755202923778,30.371335029185172,17.54198742390855,35.19515852495675,125.53210466669097,0.0,59.4,1470.2161059371192,Baseline + materiaux biosources
132,1226.4711928638062,34.84680823205819,18.165501346063024,34.65890108633523,129.34842577405857,0.0,59.4,1502.8908293023214,Baseline + materiaux biosources
133,1344.2601283631889,44.38988275757913,20.837067486878574,37.081644094472225,116.8715419094873,174.1007013668061,59.4,1796.9409659784124,Baseline + materiaux biosources
134,1502.6572124815955,42.75080129373447,30.64497801274435,35.31694461496712,158.89962271733847,236.12822443737792,59.4,2065.7977835577576,Baseline + materiaux biosources
135,1655.1966270665941,48.25529324871352,32.15783136540253,29.395494951377238,201.95003658108726,0.0,59.4,2026.3552832131747,Baseline + materiaux biosources
136,1464.8404835376725,38.38023199441233,19.99397650336556,32.26945370092926,144.98023933054395,0.0,59.4,1759.8643850669237,Baseline + materiaux biosources
137,1475.5274778225019,37.484189665022605,20.72964033543688,36.61536440617223,133.36698983160582,46.44328129211015,59.4,1809.5669433528496,Baseline + materiaux biosources
138,1601.8019148184935,27.706675222317987,23.73498507496935,37.49747146912663,143.92092652986324,49.1289655705276,59.4,1943.190938685298,Baseline + materiaux biosources
139,1550.4362790323821,50.881225380908376,24.704796258322958,37.64986164054279,142.8225818325177,47.86204388441489,59.4,1913.7567880290887,Baseline + materiaux biosources
140,1359.16627900713,38.94649236406586,21.505204097108543,36.58249569968175,143.13212094049305,0.0,59.4,1658.7325921084791,Baseline + materiaux biosources
141,1287.6316223413924,35.405620084697894,17.576412808868966,37.30987047122154,127.44576138067963,0.0,59.4,1564.7692870868605,Baseline + materiaux biosources
142,1279.3777516942898,35.130233738078765,17.60609812726921,38.578040067825064,126.30860736401672,0.0,59.4,1556.4007309914796,Baseline + materiaux biosources
143,1241.6743581906367,30.956203086847488,17.977297417756457,38.87689199656606,127.8290831837284,0.0,59.4,1516.713833875535,Baseline + materiaux biosources
144,1265.4605829373215,35.66327688403906,18.602424316592906,38.35330976113025,131.65216970711296,0.0,59.4,1549.131763606197,Baseline + materiaux biosources
145,1334.0481901990263,32.541135188388665,19.56207087039205,38.165845527605356,136.9207252604121,0.0,59.4,1620.6379670458246,Baseline + materiaux biosources
146,1396.3665645902774,30.41885213026787,19.999948665056145,38.11291780979609,141.96066527196655,0.0,59.4,1686.258948467364,Baseline + materiaux biosources
147,1435.01213380016,31.354717757771482,20.4128779503054,38.499021889622995,145.7873635867431,0.0,59.4,1730.466114984603,Baseline + materiaux biosources
148,1445.1591856765992,33.40144062209626,20.471831147620907,38.95777177378988,147.31165054393304,0.0,59.4,1744.7018797640392,Baseline + materiaux biosources
149,1433.0665289325034,33.800134355721596,20.167432110725244,39.336867673692645,146.17614588411274,0.0,59.4,1731.9471089567558,Baseline + materiaux biosources
150,1400.0963910365954,33.42432862926828,21.760459419024006,39.75531958464116,143.13030231630074,0.0,59.4,1697.5668009858298,Baseline + materiaux biosources
151,1338.8086732363438,32.06685352205764,33.17010840768754,41.74326121915647,131.59388790710491,33.8322928033473,59.4,1670.615077095698,Baseline + materiaux biosources
152,1365.604488914205,32.169352407079124,29.534102142110523,40.61535897957091,134.41066954804737,34.5515854805539,59.4,1696.2855574715666,Baseline + materiaux biosources
153,1353.6735826791112,31.706801861520212,19.09999283817694,38.36688877933078,138.329263304812,0.0,59.4,1640.5765294629512,Baseline + materiaux biosources
154,1314.1594833998427,41.246075101805,19.31314084607543,40.96626396177327,110.5116375616854,165.69599999999997,59.4,1751.2926008711815,Baseline + materiaux biosources
155,1535.48499385149,51.253825749574204,30.588023139689763,39.61839306594289,162.12667394547782,220.65759483155912,59.4,2099.1295045837337,Baseline + materiaux biosources
156,1706.3563464788704,49.24825376715326,32.6644386101814,33.697870073089724,188.78487080963663,0.0,59.4,2070.1517797389315,Baseline + materiaux biosources
157,1445.3427696911003,36.015726263541325,19.858129375007092,36.194717364783145,139.22622042751354,0.0,59.4,1736.0375631219456,Baseline + materiaux biosources
158,1498.5276615738155,37.03213268438677,20.399444020077173,39.8487245083135,144.2895459414226,0.0,59.4,1799.4975087280159,Baseline + materiaux biosources
159,1505.4531083945922,24.356458336295113,20.849796098749543,42.01765604165252,148.12300967221614,0.0,59.4,1800.2000285435056,Baseline + materiaux biosources
160,1444.0849389175423,45.71996218649856,20.92069328120864,43.05451593937506,149.65014728033475,0.0,59.4,1762.8302576049596,Baseline + materiaux biosources
161,1448.893812630843,41.47939047523123,20.6116000616466,43.236751730565715,148.51297289008787,0.0,59.4,1762.1345277883745,Baseline + materiaux biosources
162,1444.566131924345,33.23405272672639,22.332230464002134,43.40400255171442,145.47331219252632,0.0,59.4,1748.4097298593142,Baseline + materiaux biosources
163,1384.7011124651808,31.269888847207543,34.91207371454872,45.68694234529923,133.87309453902031,34.35989862761506,59.4,1724.203010538872,Baseline + materiaux biosources
164,1408.416164451628,32.626992886078995,31.143099596391437,44.4816952817182,136.8182763958283,35.11084765427768,59.4,1747.9970762659227,Baseline + materiaux biosources
165,1396.6717260802468,32.22093530892536,19.570898438167195,41.92619392928976,140.7929286362859,0.0,59.4,1690.5826823929153,Baseline + materiaux biosources
166,1360.102672594472,43.04077895767662,19.815144452176398,44.578445262693975,114.85638162040443,168.38399999999996,59.4,1810.1774228874235,Baseline + materiaux biosources
167,1562.0005157502299,52.82228142802367,30.823621854032933,43.20296937350979,168.13164748138863,224.2057548315592,59.4,2140.5867907187444,Baseline + materiaux biosources
168,1738.4191598997138,49.77362974834914,32.97588908369348,37.14625378257954,192.07887839426851,0.0,59.4,2109.793810908605,Baseline + materiaux biosources
169,1488.6802226966706,36.20765340688048,20.26826156860362,39.57448950414012,141.53875170672782,0.0,59.4,1785.6693788830228,Baseline + materiaux biosources
170,1543.8522261580583,37.29216913410789,20.829882590207582,43.14173908274075,146.62551213389122,0.0,59.4,1851.1415290990058,Baseline + materiaux biosources
171,1549.6976936671224,24.776824360157228,21.281818280795896,45.346782018699436,150.46574128070176,0.0,59.4,1850.968859607477,Baseline + materiaux biosources
172,1486.493802257481,46.48922211799078,21.352911052118422,46.3894022858928,151.99572953974896,0.0,59.4,1812.121067253232,Baseline + materiaux biosources
173,1491.5176823887227,42.18805646265385,21.04373105047442,46.59924844511368,150.85688541907558,0.0,59.4,1811.6056037660403,Baseline + materiaux biosources
174,1469.4293016734584,33.28149928847412,35.56441830292633,49.14128328263558,140.40437316899155,35.98028433634184,59.4,1823.2011600528278,Baseline + materiaux biosources
175,1450.7140894911465,31.801565418699084,44.81169543868296,49.57320787621016,144.94069109517818,37.13752927217495,59.4,1818.378778592092,Baseline + materiaux biosources
176,1406.87823779692,32.057281363094916,38.15469443115064,47.67055336715247,140.11565937192262,35.89616775794431,59.4,1760.1725940881852,Baseline + materiaux biosources
177,1442.8189415370782,32.846896528546196,20.030931515975002,44.567192526434205,143.32048165686078,0.0,59.4,1742.9844437648944,Baseline + materiaux biosources
178,1402.9384230611888,46.93171366319132,20.292526895051335,47.363820657376515,119.2826025266281,171.07199999999997,59.4,1867.2810868034362,Baseline + materiaux biosources
179,1587.6682232358776,55.42495271360907,31.033966445668792,46.08108223284382,174.24417045600558,227.75391483155917,59.4,2181.606309915564,Baseline + materiaux biosources
180,1768.5437228161031,51.21880637613761,33.26568239747287,39.9205128771961,195.38296442683344,0.0,59.4,2147.731688893743,Baseline + materiaux biosources
181,1552.093036603701,50.60296496711625,24.734581702977742,44.78080558417985,133.5679724059872,184.79661701534172,59.4,2049.975978279304,Baseline + materiaux biosources
182,1676.8115112773032,52.71476433377611,31.507671689791312,44.57696397297018,181.32806447331402,250.30291744490933,59.4,2296.6418931920643,Baseline + materiaux biosources
183,1767.485084317731,54.89668281507703,33.34049099263855,41.004578204476665,215.24026818892702,0.0,59.4,2171.3671045188503,Baseline + materiaux biosources
184,1623.172908381213,44.89070649735713,21.67760852405402,44.268057493600104,154.34839732217574,0.0,59.4,1947.7576782183999,Baseline + materiaux biosources
185,1678.7792234556478,41.27647143337953,22.624967134786107,48.268141323260586,142.91842337135898,49.131281292110174,59.4,2042.3985080105433,Baseline + materiaux biosources
186,1714.7956274065803,26.835359069400834,48.614349031064805,51.03060612804276,148.8389376562257,88.8307458573534,59.4,2138.3456251486678,Baseline + materiaux biosources
187,1247.7005776999895,45.612324357121366,44.41717342926149,51.677719118406465,157.4594137718048,91.94471379016989,59.4,1698.2119221667535,Baseline + materiaux biosources
188,1290.5216316053588,37.06289468640901,41.873612671187175,48.0850857435692,155.26632430117917,39.71038882065585,59.4,1671.9199378283593,Baseline + materiaux biosources
189,1555.1783343015582,40.12298763804547,20.49188274597266,44.734631678468936,146.61181912064018,0.0,59.4,1866.5396554846855,Baseline + materiaux biosources
190,1521.4126434740256,54.519913453379296,20.694017867317044,48.21165977790198,123.79030028035632,173.75999999999996,59.4,2001.7885348529805,Baseline + materiaux biosources
191,1619.1997213226268,57.35718627571323,31.179967324651447,47.75107980274578,180.46424286932853,231.30207483155917,59.4,2226.654272426625,Baseline + materiaux biosources
192,1793.183336834224,54.99759683818675,33.49976429212967,41.54846189453944,198.69712890733146,0.0,59.4,2181.3262887664114,Baseline + materiaux biosources
193,1578.119837272034,61.717896592487755,25.149974204406668,45.56370356333772,137.9142061238451,187.47059592747556,59.4,2095.3362136835867,Baseline + materiaux biosources
194,1714.3038805050342,52.57155170305809,31.631376215237548,44.804910818204654,187.1632839043215,253.84659069679216,59.4,2343.7215938426484,Baseline + materiaux biosources
195,1803.9147683138726,55.24428800626609,33.5355935779756,40.94945790600732,218.58801274912523,0.0,59.4,2211.6321205532468,Baseline + materiaux biosources
196,1667.9152826212603,45.02209888002877,22.932128461237312,44.5746225511506,144.57818823123011,50.176,59.4,2034.5983207449074,Baseline + materiaux biosources
197,1871.3514213329731,45.39892420671255,28.035102016792624,45.38956465236071,157.51509522666083,53.81736129211019,59.4,2260.90746872761,Baseline + materiaux biosources
198,1749.4064552301195,39.05735745551068,50.47983259755243,49.65253853645738,153.28551126721354,90.64867850096849,59.4,2191.930373587822,Baseline + materiaux biosources
199,1326.5780567476556,34.35796223749588,45.29015783559301,51.27808707398951,160.3256226988967,93.37487291120166,59.4,1770.6047595048326,Baseline + materiaux biosources
200,1341.0739298818157,45.10693928759796,42.79313031476068,48.446058084931224,157.92408734152136,40.32198835954954,59.4,1735.0661332701766,Baseline + materiaux biosources
201,1590.8738470221006,43.891250924698724,20.858434555764426,45.477869563258444,149.11271027717044,0.0,59.4,1909.6141123429927,Baseline + materiaux biosources
202,1561.4616683026838,60.56852014233882,21.08208535835606,48.42879365430658,128.37947488158915,176.44799999999995,59.4,2055.7685423392745,Baseline + materiaux biosources
203,1641.8176272970472,61.0326152539076,31.295734151763607,48.2181202356649,186.79186472135765,234.85023483155913,59.4,2263.4061964913,Baseline + materiaux biosources
204,1824.9944237122502,56.072795073164784,33.70201779356929,41.72705335182952,202.0213718357625,0.0,59.4,2217.917661766576,Baseline + materiaux biosources
205,1623.852260441666,64.76842462157684,25.54648034620617,45.602079619000726,142.32929027919624,190.1445748396095,59.4,2151.6431101472554,Baseline + materiaux biosources
206,1745.5310810085002,53.53839894493382,31.744878137270064,44.65252901863224,193.0897469321345,257.390263948675,59.4,2385.346897990146,Baseline + materiaux biosources
207,1835.157665214273,56.378110239169345,33.727552259573116,40.771871322180374,221.94583197261875,0.0,59.4,2247.3810310078147,Baseline + materiaux biosources
208,1715.8841439367536,45.323948891183605,26.38481935548575,44.27094227728244,146.78292644013388,50.847999999999956,59.4,2088.894780900839,Baseline + materiaux biosources
209,1928.4683970622891,45.9936422922438,28.476004007385917,44.941423266882985,160.04909887578532,54.543121292110186,59.4,2321.8716867966973,Baseline + materiaux biosources
210,1770.889138079386,40.82370504277904,51.45550881225467,49.43587410895489,155.92369778934633,91.93117588058355,59.4,2219.8590997133047,Baseline + materiaux biosources
211,1347.368261420313,33.939939134261834,46.12484575420403,51.12791487863875,162.92664627677743,94.7326411845407,59.4,1795.6202486487355,Baseline + materiaux biosources
212,1358.317670236573,46.08390595838851,43.61877360723259,48.20249429744293,160.57289255806324,40.92924444758168,59.4,1757.124981105282,Baseline + materiaux biosources
213,1637.1197637990406,44.898304192985776,21.186776513792513,45.03207895592601,151.62011502806914,0.0,59.4,1959.257038489814,Baseline + materiaux biosources
214,1611.6008420512012,63.09596508852341,21.44550048690698,47.93907151327377,133.05012633032655,179.13599999999997,59.4,2115.667505470232,Baseline + materiaux biosources
215,1668.1960244567963,62.90142780543362,31.377820839454863,47.75302094211238,193.2270360120928,238.3983948315591,59.4,2301.253724887449,Baseline + materiaux biosources
216,1858.1723016678866,56.63687908170679,33.87912903099562,41.17072881974815,205.3556932121266,0.0,59.4,2254.614731812464,Baseline + materiaux biosources
217,1670.115759458754,67.66853817373128,25.915882901041275,44.9683952276411,146.81322487204056,192.81855375174334,59.4,2207.7003543849514,Baseline + materiaux biosources
218,1776.3747857077037,54.35499250106536,31.83218514353697,43.86764743251685,199.10745355675286,260.93393720055786,59.4,2425.871001542134,Baseline + materiaux biosources
219,1867.1883556792006,57.19772421450786,33.895999478476675,39.93658583016089,225.31372585940758,0.0,59.4,2282.9323910617536,Baseline + materiaux biosources
220,1764.9380675579941,45.399603995555324,26.748840916879228,43.33881506682703,148.99475953506277,51.52000000000001,59.4,2140.3400870723185,Baseline + materiaux biosources
221,1986.6183305449536,46.4135504516794,28.89685464392686,43.89482677489332,162.59400869619844,55.26888129211018,59.4,2383.0864524037615,Baseline + materiaux biosources
222,1795.6204434281126,41.83096716175581,52.33291794493299,48.52836327554267,158.5749840411282,93.2136732601986,59.4,2249.5013491116706,Baseline + materiaux biosources
223,1365.9047120138887,33.94855721240669,46.80562203810188,50.2108987272039,165.5354014910777,96.09040945787974,59.4,1817.8956009405586,Baseline + materiaux biosources
224,1376.8769055692524,46.72567882193662,44.323458494709215,47.20355697434347,163.22972270192076,41.53650053561382,59.4,1779.2958230977763,Baseline + materiaux biosources
225,1684.5922641427364,45.72011424994898,21.4886381020644,43.8926845093584,154.13511753138357,0.0,59.4,2009.2288185354919,Baseline + materiaux biosources
226,1662.984249200975,65.43341004735007,21.78447929554387,46.76328557592973,137.8022546265686,181.82399999999996,59.4,2175.991678746367,Baseline + materiaux biosources
227,1694.8959505186258,64.6195676384039,31.4311686893773,46.57027849447307,199.76975674153402,241.94655483155918,59.4,2338.6332769139735,Baseline + materiaux biosources
228,1893.1092965786531,56.79196338390559,34.03087301921781,39.875866642367676,208.70009303642377,0.0,59.4,2291.908092660568,Baseline + materiaux biosources
229,1716.9837521135123,70.60172631220892,26.25716777064005,43.61247559315293,151.36600990237798,195.49253266387723,59.4,2263.7136643557697,Baseline + materiaux biosources
230,1807.3859324087757,55.07686712399058,31.891270842359337,42.37752868112832,205.21640377817675,264.47761045244073,59.4,2465.8256132868714,Baseline + materiaux biosources
231,1899.7499782384264,57.887653254883354,34.03964291160551,38.39063663197838,228.69169440949173,0.0,59.4,2318.1596054463857,Baseline + materiaux biosources
232,1815.8041080314651,45.380476732451754,27.09545325901904,41.71340373383315,151.23878441706117,52.19199999999997,59.4,2192.82422617383,Baseline + materiaux biosources
233,2045.9474574645676,46.738498627211726,29.29569549035367,42.16675956174544,165.14982468790015,55.99464129211018,59.4,2444.692877123889,Baseline + materiaux biosources
234,1822.0396917043174,42.47972872268278,53.093621474843374,46.86181368241811,161.23937002255914,94.49617063981366,59.4,2279.6103962466345,Baseline + materiaux biosources
235,1383.4699636324185,34.151378299930116,47.31036317097122,48.47639163874905,168.15188834179753,97.44817773121869,59.4,1838.408162815085,Baseline + materiaux biosources
236,1396.2181760733793,47.18884043953741,44.888540986645324,45.4049572133575,165.89457777309394,42.143756623645956,59.4,1801.1388491096593,Baseline + materiaux biosources
237,1733.0700692387882,46.45833227717573,21.762845427202322,42.02300677377418,156.65771778711363,0.0,59.4,2059.371971504054,Baseline + materiaux biosources
238,1715.4710892140151,67.68623961152215,22.09783003408559,44.86194494906269,142.63585977031528,184.51199999999997,59.4,2236.664963579001,Baseline + materiaux biosources
239,1721.792702349434,66.26718556297016,31.45506075202247,44.652382923500475,206.42002690968135,245.49471483155915,59.4,2375.4820733291676,Baseline + materiaux biosources
240,1929.0931121426252,56.72629326908223,34.15709753888319,37.842201587105166,212.05457130865395,0.0,59.4,2329.27327584635,Baseline + materiaux biosources
