day,node_id,item_id,stock_end_of_day
0,SDC-1450,item:007923,2935.04
0,SDC-1450,item:021081,491700.0
0,SDC-1450,item:693055,0.0
0,SDC-1450,item:773474,0.0
0,SDC-VD0500655A,item:002612,180.0
0,SDC-VD0505677A,item:099439,178.310025
0,SDC-VD0508918A,item:730384,0.0
0,SDC-VD0514881A,item:016332,179.436066
0,SDC-VD0518684A,item:001893,180.0
0,SDC-VD0519670A,item:001848,178.39224
0,SDC-VD0519670A,item:029313,179.972291
0,SDC-VD0520115A,item:708073,174.587775
0,SDC-VD0520132A,item:038005,117.746681
0,SDC-VD0520132A,item:049371,174.900031
0,SDC-VD0525412A,item:333362,0.0
0,SDC-VD0901566A,item:338928,0.0
0,SDC-VD0910216A,item:001893,169.81752
0,SDC-VD0910216A,item:002612,178.310025
0,SDC-VD0914320A,item:055703,179.919206
0,SDC-VD0914360C,item:338929,0.0
0,SDC-VD0914690A,item:042342,0.0
0,SDC-VD0949099A,item:021081,0.0
0,SDC-VD0951020A,item:001757,176.82102
0,SDC-VD0951020A,item:001848,180.0
0,SDC-VD0960508A,item:021081,0.0
0,SDC-VD0964290A,item:055703,180.0
0,SDC-VD0972460A,item:021081,0.0
0,SDC-VD0975221A,item:021081,0.0
0,SDC-VD0989480A,item:426331,172.4925
0,SDC-VD0990780A,item:002612,180.0
0,SDC-VD0993480A,item:344135,0.0
0,SDC-VD1091642A,item:001893,180.0
0,SDC-VD1091642A,item:002612,180.0
0,SDC-VD1095770A,item:734545,175.84
0,SDC-VD1096202A,item:039668,179.966201
1,SDC-1450,item:007923,2860.336
1,SDC-1450,item:021081,491699.67816
1,SDC-1450,item:693055,0.0
1,SDC-1450,item:773474,0.0
1,SDC-VD0500655A,item:002612,180.0
1,SDC-VD0505677A,item:099439,178.263335
1,SDC-VD0508918A,item:730384,0.0
1,SDC-VD0514881A,item:016332,179.42486
1,SDC-VD0518684A,item:001893,180.0
1,SDC-VD0519670A,item:001848,178.364226
1,SDC-VD0519670A,item:029313,179.971357
1,SDC-VD0520115A,item:708073,174.405385
1,SDC-VD0520132A,item:038005,117.3442
1,SDC-VD0520132A,item:049371,174.86548
1,SDC-VD0525412A,item:333362,0.0
1,SDC-VD0901566A,item:338928,0.0
1,SDC-VD0910216A,item:001893,169.640098
1,SDC-VD0910216A,item:002612,178.263335
1,SDC-VD0914320A,item:055703,179.917338
1,SDC-VD0914360C,item:338929,0.0
1,SDC-VD0914690A,item:042342,0.0
1,SDC-VD0949099A,item:021081,0.0
1,SDC-VD0951020A,item:001757,176.783668
1,SDC-VD0951020A,item:001848,180.0
1,SDC-VD0960508A,item:021081,0.0
1,SDC-VD0964290A,item:055703,180.0
1,SDC-VD0972460A,item:021081,0.0
1,SDC-VD0975221A,item:021081,0.0
1,SDC-VD0989480A,item:426331,172.2395
1,SDC-VD0990780A,item:002612,180.0
1,SDC-VD0993480A,item:344135,0.0
1,SDC-VD1091642A,item:001893,180.0
1,SDC-VD1091642A,item:002612,180.0
1,SDC-VD1095770A,item:734545,175.656
1,SDC-VD1096202A,item:039668,179.965267
2,SDC-1450,item:007923,2779.136
2,SDC-1450,item:021081,491699.291952
2,SDC-1450,item:693055,0.0
2,SDC-1450,item:773474,0.0
2,SDC-VD0500655A,item:002612,180.0
2,SDC-VD0505677A,item:099439,178.212585
2,SDC-VD0508918A,item:730384,0.0
2,SDC-VD0514881A,item:016332,179.41268
2,SDC-VD0518684A,item:001893,180.0
2,SDC-VD0519670A,item:001848,178.333776
2,SDC-VD0519670A,item:029313,179.970342
2,SDC-VD0520115A,item:708073,174.207135
2,SDC-VD0520132A,item:038005,116.906721
2,SDC-VD0520132A,item:049371,174.827925
2,SDC-VD0525412A,item:333362,0.0
2,SDC-VD0901566A,item:338928,0.0
2,SDC-VD0910216A,item:001893,169.447248
2,SDC-VD0910216A,item:002612,178.212585
2,SDC-VD0914320A,item:055703,179.915308
2,SDC-VD0914360C,item:338929,0.0
2,SDC-VD0914690A,item:042342,0.0
2,SDC-VD0949099A,item:021081,0.0
2,SDC-VD0951020A,item:001757,176.743068
2,SDC-VD0951020A,item:001848,180.0
2,SDC-VD0960508A,item:021081,0.0
2,SDC-VD0964290A,item:055703,180.0
2,SDC-VD0972460A,item:021081,0.0
2,SDC-VD0975221A,item:021081,0.0
2,SDC-VD0989480A,item:426331,171.9645
2,SDC-VD0990780A,item:002612,180.0
2,SDC-VD0993480A,item:344135,0.0
2,SDC-VD1091642A,item:001893,180.0
2,SDC-VD1091642A,item:002612,180.0
2,SDC-VD1095770A,item:734545,175.456
2,SDC-VD1096202A,item:039668,179.964252
3,SDC-1450,item:007923,2697.936
3,SDC-1450,item:021081,491698.89287
3,SDC-1450,item:693055,0.0
3,SDC-1450,item:773474,0.0
3,SDC-VD0500655A,item:002612,180.0
3,SDC-VD0505677A,item:099439,178.161835
3,SDC-VD0508918A,item:730384,0.0
3,SDC-VD0514881A,item:016332,179.4005
3,SDC-VD0518684A,item:001893,180.0
3,SDC-VD0519670A,item:001848,178.303326
3,SDC-VD0519670A,item:029313,179.969327
3,SDC-VD0520115A,item:708073,174.008885
3,SDC-VD0520132A,item:038005,116.469242
3,SDC-VD0520132A,item:049371,174.79037
3,SDC-VD0525412A,item:333362,0.0
3,SDC-VD0901566A,item:338928,0.0
3,SDC-VD0910216A,item:001893,169.254398
3,SDC-VD0910216A,item:002612,178.161835
3,SDC-VD0914320A,item:055703,179.913278
3,SDC-VD0914360C,item:338929,0.0
3,SDC-VD0914690A,item:042342,0.0
3,SDC-VD0949099A,item:021081,0.0
3,SDC-VD0951020A,item:001757,176.702468
3,SDC-VD0951020A,item:001848,180.0
3,SDC-VD0960508A,item:021081,0.0
3,SDC-VD0964290A,item:055703,180.0
3,SDC-VD0972460A,item:021081,0.0
3,SDC-VD0975221A,item:021081,0.0
3,SDC-VD0989480A,item:426331,171.6895
3,SDC-VD0990780A,item:002612,180.0
3,SDC-VD0993480A,item:344135,0.0
3,SDC-VD1091642A,item:001893,180.0
3,SDC-VD1091642A,item:002612,180.0
3,SDC-VD1095770A,item:734545,175.256
3,SDC-VD1096202A,item:039668,179.963237
4,SDC-1450,item:007923,2616.736
4,SDC-1450,item:021081,491698.491214
4,SDC-1450,item:693055,0.0
4,SDC-1450,item:773474,0.0
4,SDC-VD0500655A,item:002612,180.0
4,SDC-VD0505677A,item:099439,178.111085
4,SDC-VD0508918A,item:730384,0.0
4,SDC-VD0514881A,item:016332,179.38832
4,SDC-VD0518684A,item:001893,180.0
4,SDC-VD0519670A,item:001848,178.272876
4,SDC-VD0519670A,item:029313,179.968312
4,SDC-VD0520115A,item:708073,173.810635
4,SDC-VD0520132A,item:038005,116.031762
4,SDC-VD0520132A,item:049371,174.752815
4,SDC-VD0525412A,item:333362,0.0
4,SDC-VD0901566A,item:338928,0.0
4,SDC-VD0910216A,item:001893,169.061548
4,SDC-VD0910216A,item:002612,178.111085
4,SDC-VD0914320A,item:055703,179.911248
4,SDC-VD0914360C,item:338929,0.0
4,SDC-VD0914690A,item:042342,0.0
4,SDC-VD0949099A,item:021081,0.0
4,SDC-VD0951020A,item:001757,176.661868
4,SDC-VD0951020A,item:001848,180.0
4,SDC-VD0960508A,item:021081,0.0
4,SDC-VD0964290A,item:055703,180.0
4,SDC-VD0972460A,item:021081,0.0
4,SDC-VD0975221A,item:021081,0.0
4,SDC-VD0989480A,item:426331,171.4145
4,SDC-VD0990780A,item:002612,180.0
4,SDC-VD0993480A,item:344135,0.0
4,SDC-VD1091642A,item:001893,180.0
4,SDC-VD1091642A,item:002612,180.0
4,SDC-VD1095770A,item:734545,175.056
4,SDC-VD1096202A,item:039668,179.962222
5,SDC-1450,item:007923,2535.536
5,SDC-1450,item:021081,491698.089043
5,SDC-1450,item:693055,0.0
5,SDC-1450,item:773474,0.0
5,SDC-VD0500655A,item:002612,180.0
5,SDC-VD0505677A,item:099439,178.060335
5,SDC-VD0508918A,item:730384,0.0
5,SDC-VD0514881A,item:016332,179.37614
5,SDC-VD0518684A,item:001893,180.0
5,SDC-VD0519670A,item:001848,178.242426
5,SDC-VD0519670A,item:029313,179.967297
5,SDC-VD0520115A,item:708073,173.612385
5,SDC-VD0520132A,item:038005,115.594283
5,SDC-VD0520132A,item:049371,174.71526
5,SDC-VD0525412A,item:333362,0.0
5,SDC-VD0901566A,item:338928,0.0
5,SDC-VD0910216A,item:001893,168.868698
5,SDC-VD0910216A,item:002612,178.060335
5,SDC-VD0914320A,item:055703,179.909218
5,SDC-VD0914360C,item:338929,0.0
5,SDC-VD0914690A,item:042342,0.0
5,SDC-VD0949099A,item:021081,0.0
5,SDC-VD0951020A,item:001757,176.621268
5,SDC-VD0951020A,item:001848,180.0
5,SDC-VD0960508A,item:021081,0.0
5,SDC-VD0964290A,item:055703,180.0
5,SDC-VD0972460A,item:021081,0.0
5,SDC-VD0975221A,item:021081,0.0
5,SDC-VD0989480A,item:426331,171.1395
5,SDC-VD0990780A,item:002612,180.0
5,SDC-VD0993480A,item:344135,0.0
5,SDC-VD1091642A,item:001893,180.0
5,SDC-VD1091642A,item:002612,180.0
5,SDC-VD1095770A,item:734545,174.856
5,SDC-VD1096202A,item:039668,179.961207
6,SDC-1450,item:007923,2460.465106
6,SDC-1450,item:021081,491697.686769
6,SDC-1450,item:693055,0.0
6,SDC-1450,item:773474,0.0
6,SDC-VD0500655A,item:002612,180.0
6,SDC-VD0505677A,item:099439,178.013416
6,SDC-VD0508918A,item:730384,0.0
6,SDC-VD0514881A,item:016332,179.36488
6,SDC-VD0518684A,item:001893,180.0
6,SDC-VD0519670A,item:001848,178.214274
6,SDC-VD0519670A,item:029313,179.966358
6,SDC-VD0520115A,item:708073,173.429099
6,SDC-VD0520132A,item:038005,115.189825
6,SDC-VD0520132A,item:049371,174.68054
6,SDC-VD0525412A,item:333362,0.0
6,SDC-VD0901566A,item:338928,0.0
6,SDC-VD0910216A,item:001893,168.690405
6,SDC-VD0910216A,item:002612,178.013416
6,SDC-VD0914320A,item:055703,179.907342
6,SDC-VD0914360C,item:338929,0.0
6,SDC-VD0914690A,item:042342,0.0
6,SDC-VD0949099A,item:021081,0.0
6,SDC-VD0951020A,item:001757,176.583733
6,SDC-VD0951020A,item:001848,180.0
6,SDC-VD0960508A,item:021081,0.0
6,SDC-VD0964290A,item:055703,180.0
6,SDC-VD0972460A,item:021081,0.0
6,SDC-VD0975221A,item:021081,0.0
6,SDC-VD0989480A,item:426331,170.885257
6,SDC-VD0990780A,item:002612,180.0
6,SDC-VD0993480A,item:344135,0.0
6,SDC-VD1091642A,item:001893,180.0
6,SDC-VD1091642A,item:002612,180.0
6,SDC-VD1095770A,item:734545,174.671096
6,SDC-VD1096202A,item:039668,179.960268
7,SDC-1450,item:007923,2393.482927
7,SDC-1450,item:021081,491697.284474
7,SDC-1450,item:693055,0.0
7,SDC-1450,item:773474,0.0
7,SDC-VD0500655A,item:002612,180.0
7,SDC-VD0505677A,item:099439,177.971552
7,SDC-VD0508918A,item:730384,0.0
7,SDC-VD0514881A,item:016332,179.354832
7,SDC-VD0518684A,item:001893,180.0
7,SDC-VD0519670A,item:001848,178.189156
7,SDC-VD0519670A,item:029313,179.965521
7,SDC-VD0520115A,item:708073,173.265562
7,SDC-VD0520132A,item:038005,114.828947
7,SDC-VD0520132A,item:049371,174.649561
7,SDC-VD0525412A,item:333362,0.0
7,SDC-VD0901566A,item:338928,0.0
7,SDC-VD0910216A,item:001893,168.531322
7,SDC-VD0910216A,item:002612,177.971552
7,SDC-VD0914320A,item:055703,179.905667
7,SDC-VD0914360C,item:338929,0.0
7,SDC-VD0914690A,item:042342,0.0
7,SDC-VD0949099A,item:021081,0.0
7,SDC-VD0951020A,item:001757,176.550241
7,SDC-VD0951020A,item:001848,180.0
7,SDC-VD0960508A,item:021081,0.0
7,SDC-VD0964290A,item:055703,180.0
7,SDC-VD0972460A,item:021081,0.0
7,SDC-VD0975221A,item:021081,0.0
7,SDC-VD0989480A,item:426331,170.658409
7,SDC-VD0990780A,item:002612,180.0
7,SDC-VD0993480A,item:344135,0.0
7,SDC-VD1091642A,item:001893,180.0
7,SDC-VD1091642A,item:002612,180.0
7,SDC-VD1095770A,item:734545,174.506116
7,SDC-VD1096202A,item:039668,179.959431
8,SDC-1450,item:007923,2318.374491
8,SDC-1450,item:021081,491696.882175
8,SDC-1450,item:693055,0.0
8,SDC-1450,item:773474,0.0
8,SDC-VD0500655A,item:002612,180.0
8,SDC-VD0505677A,item:099439,177.924609
8,SDC-VD0508918A,item:730384,0.0
8,SDC-VD0514881A,item:016332,179.343566
8,SDC-VD0518684A,item:001893,180.0
8,SDC-VD0519670A,item:001848,178.16099
8,SDC-VD0519670A,item:029313,179.964582
8,SDC-VD0520115A,item:708073,173.082185
8,SDC-VD0520132A,item:038005,114.424287
8,SDC-VD0520132A,item:049371,174.614823
8,SDC-VD0525412A,item:333362,0.0
8,SDC-VD0901566A,item:338928,0.0
8,SDC-VD0910216A,item:001893,168.352939
8,SDC-VD0910216A,item:002612,177.924609
8,SDC-VD0914320A,item:055703,179.903789
8,SDC-VD0914360C,item:338929,0.0
8,SDC-VD0914690A,item:042342,0.0
8,SDC-VD0949099A,item:021081,0.0
8,SDC-VD0951020A,item:001757,176.512687
8,SDC-VD0951020A,item:001848,180.0
8,SDC-VD0960508A,item:021081,0.0
8,SDC-VD0964290A,item:055703,180.0
8,SDC-VD0972460A,item:021081,0.0
8,SDC-VD0975221A,item:021081,0.0
8,SDC-VD0989480A,item:426331,170.404039
8,SDC-VD0990780A,item:002612,180.0
8,SDC-VD0993480A,item:344135,0.0
8,SDC-VD1091642A,item:001893,180.0
8,SDC-VD1091642A,item:002612,180.0
8,SDC-VD1095770A,item:734545,174.321119
8,SDC-VD1096202A,item:039668,179.958492
9,SDC-1450,item:007923,2237.174491
9,SDC-1450,item:021081,491696.479875
9,SDC-1450,item:693055,0.0
9,SDC-1450,item:773474,0.0
9,SDC-VD0500655A,item:002612,180.0
9,SDC-VD0505677A,item:099439,177.873859
9,SDC-VD0508918A,item:730384,0.0
9,SDC-VD0514881A,item:016332,179.331386
9,SDC-VD0518684A,item:001893,180.0
9,SDC-VD0519670A,item:001848,178.13054
9,SDC-VD0519670A,item:029313,179.963567
9,SDC-VD0520115A,item:708073,172.883935
9,SDC-VD0520132A,item:038005,113.986807
9,SDC-VD0520132A,item:049371,174.577268
9,SDC-VD0525412A,item:333362,0.0
9,SDC-VD0901566A,item:338928,0.0
9,SDC-VD0910216A,item:001893,168.160089
9,SDC-VD0910216A,item:002612,177.873859
9,SDC-VD0914320A,item:055703,179.901759
9,SDC-VD0914360C,item:338929,0.0
9,SDC-VD0914690A,item:042342,0.0
9,SDC-VD0949099A,item:021081,0.0
9,SDC-VD0951020A,item:001757,176.472087
9,SDC-VD0951020A,item:001848,180.0
9,SDC-VD0960508A,item:021081,0.0
9,SDC-VD0964290A,item:055703,180.0
9,SDC-VD0972460A,item:021081,0.0
9,SDC-VD0975221A,item:021081,0.0
9,SDC-VD0989480A,item:426331,170.129039
9,SDC-VD0990780A,item:002612,180.0
9,SDC-VD0993480A,item:344135,0.0
9,SDC-VD1091642A,item:001893,180.0
9,SDC-VD1091642A,item:002612,180.0
9,SDC-VD1095770A,item:734545,174.121119
9,SDC-VD1096202A,item:039668,179.957477
10,SDC-1450,item:007923,2155.974491
10,SDC-1450,item:021081,491696.077575
10,SDC-1450,item:693055,0.0
10,SDC-1450,item:773474,0.0
10,SDC-VD0500655A,item:002612,180.0
10,SDC-VD0505677A,item:099439,177.823109
10,SDC-VD0508918A,item:730384,0.0
10,SDC-VD0514881A,item:016332,179.319206
10,SDC-VD0518684A,item:001893,180.0
10,SDC-VD0519670A,item:001848,178.10009
10,SDC-VD0519670A,item:029313,179.962552
10,SDC-VD0520115A,item:708073,172.685685
10,SDC-VD0520132A,item:038005,113.549328
10,SDC-VD0520132A,item:049371,174.539713
10,SDC-VD0525412A,item:333362,0.0
10,SDC-VD0901566A,item:338928,0.0
10,SDC-VD0910216A,item:001893,167.967239
10,SDC-VD0910216A,item:002612,177.823109
10,SDC-VD0914320A,item:055703,179.899729
10,SDC-VD0914360C,item:338929,0.0
10,SDC-VD0914690A,item:042342,0.0
10,SDC-VD0949099A,item:021081,0.0
10,SDC-VD0951020A,item:001757,176.431487
10,SDC-VD0951020A,item:001848,180.0
10,SDC-VD0960508A,item:021081,0.0
10,SDC-VD0964290A,item:055703,180.0
10,SDC-VD0972460A,item:021081,0.0
10,SDC-VD0975221A,item:021081,0.0
10,SDC-VD0989480A,item:426331,169.854039
10,SDC-VD0990780A,item:002612,180.0
10,SDC-VD0993480A,item:344135,0.0
10,SDC-VD1091642A,item:001893,180.0
10,SDC-VD1091642A,item:002612,180.0
10,SDC-VD1095770A,item:734545,173.921119
10,SDC-VD1096202A,item:039668,179.956462
11,SDC-1450,item:007923,2074.774491
11,SDC-1450,item:021081,491695.675275
11,SDC-1450,item:693055,0.0
11,SDC-1450,item:773474,0.0
11,SDC-VD0500655A,item:002612,180.0
11,SDC-VD0505677A,item:099439,177.772359
11,SDC-VD0508918A,item:730384,0.0
11,SDC-VD0514881A,item:016332,179.307026
11,SDC-VD0518684A,item:001893,180.0
11,SDC-VD0519670A,item:001848,178.06964
11,SDC-VD0519670A,item:029313,179.961537
11,SDC-VD0520115A,item:708073,172.487435
11,SDC-VD0520132A,item:038005,113.111848
11,SDC-VD0520132A,item:049371,174.502158
11,SDC-VD0525412A,item:333362,0.0
11,SDC-VD0901566A,item:338928,0.0
11,SDC-VD0910216A,item:001893,167.774389
11,SDC-VD0910216A,item:002612,177.772359
11,SDC-VD0914320A,item:055703,179.897699
11,SDC-VD0914360C,item:338929,0.0
11,SDC-VD0914690A,item:042342,0.0
11,SDC-VD0949099A,item:021081,0.0
11,SDC-VD0951020A,item:001757,176.390887
11,SDC-VD0951020A,item:001848,180.0
11,SDC-VD0960508A,item:021081,0.0
11,SDC-VD0964290A,item:055703,180.0
11,SDC-VD0972460A,item:021081,0.0
11,SDC-VD0975221A,item:021081,0.0
11,SDC-VD0989480A,item:426331,169.579039
11,SDC-VD0990780A,item:002612,180.0
11,SDC-VD0993480A,item:344135,0.0
11,SDC-VD1091642A,item:001893,180.0
11,SDC-VD1091642A,item:002612,180.0
11,SDC-VD1095770A,item:734545,173.721119
11,SDC-VD1096202A,item:039668,179.955447
12,SDC-1450,item:007923,1993.574491
12,SDC-1450,item:021081,491695.272975
12,SDC-1450,item:693055,0.0
12,SDC-1450,item:773474,0.0
12,SDC-VD0500655A,item:002612,180.0
12,SDC-VD0505677A,item:099439,177.721609
12,SDC-VD0508918A,item:730384,0.0
12,SDC-VD0514881A,item:016332,179.294846
12,SDC-VD0518684A,item:001893,180.0
12,SDC-VD0519670A,item:001848,178.03919
12,SDC-VD0519670A,item:029313,179.960522
12,SDC-VD0520115A,item:708073,172.477411
12,SDC-VD0520132A,item:038005,113.089729
12,SDC-VD0520132A,item:049371,174.464603
12,SDC-VD0525412A,item:333362,0.0
12,SDC-VD0901566A,item:338928,0.0
12,SDC-VD0910216A,item:001893,167.581539
12,SDC-VD0910216A,item:002612,177.721609
12,SDC-VD0914320A,item:055703,179.895669
12,SDC-VD0914360C,item:338929,0.0
12,SDC-VD0914690A,item:042342,0.0
12,SDC-VD0949099A,item:021081,0.0
12,SDC-VD0951020A,item:001757,176.350287
12,SDC-VD0951020A,item:001848,180.0
12,SDC-VD0960508A,item:021081,0.0
12,SDC-VD0964290A,item:055703,180.0
12,SDC-VD0972460A,item:021081,0.0
12,SDC-VD0975221A,item:021081,0.0
12,SDC-VD0989480A,item:426331,169.304039
12,SDC-VD0990780A,item:002612,180.0
12,SDC-VD0993480A,item:344135,0.0
12,SDC-VD1091642A,item:001893,180.0
12,SDC-VD1091642A,item:002612,180.0
12,SDC-VD1095770A,item:734545,173.711007
12,SDC-VD1096202A,item:039668,179.954432
13,SDC-1450,item:007923,1918.503468
13,SDC-1450,item:021081,491694.870675
13,SDC-1450,item:693055,0.0
13,SDC-1450,item:773474,0.0
13,SDC-VD0500655A,item:002612,180.0
13,SDC-VD0505677A,item:099439,177.67469
13,SDC-VD0508918A,item:730384,0.0
13,SDC-VD0514881A,item:016332,179.283586
13,SDC-VD0518684A,item:001893,180.0
13,SDC-VD0519670A,item:001848,178.011039
13,SDC-VD0519670A,item:029313,179.959584
13,SDC-VD0520115A,item:708073,172.44045
13,SDC-VD0520132A,item:038005,113.008167
13,SDC-VD0520132A,item:049371,174.429883
13,SDC-VD0525412A,item:333362,0.0
13,SDC-VD0901566A,item:338928,0.0
13,SDC-VD0910216A,item:001893,167.403246
13,SDC-VD0910216A,item:002612,177.67469
13,SDC-VD0914320A,item:055703,179.893793
13,SDC-VD0914360C,item:338929,0.0
13,SDC-VD0914690A,item:042342,0.0
13,SDC-VD0949099A,item:021081,0.0
13,SDC-VD0951020A,item:001757,176.312752
13,SDC-VD0951020A,item:001848,180.0
13,SDC-VD0960508A,item:021081,0.0
13,SDC-VD0964290A,item:055703,180.0
13,SDC-VD0972460A,item:021081,0.0
13,SDC-VD0975221A,item:021081,0.0
13,SDC-VD0989480A,item:426331,169.049796
13,SDC-VD0990780A,item:002612,180.0
13,SDC-VD0993480A,item:344135,0.0
13,SDC-VD1091642A,item:001893,180.0
13,SDC-VD1091642A,item:002612,180.0
13,SDC-VD1095770A,item:734545,173.67372
13,SDC-VD1096202A,item:039668,179.953494
14,SDC-1450,item:007923,1851.521263
14,SDC-1450,item:021081,491694.468375
14,SDC-1450,item:693055,0.0
14,SDC-1450,item:773474,0.0
14,SDC-VD0500655A,item:002612,180.0
14,SDC-VD0505677A,item:099439,177.632826
14,SDC-VD0508918A,item:730384,0.0
14,SDC-VD0514881A,item:016332,179.273538
14,SDC-VD0518684A,item:001893,180.0
14,SDC-VD0519670A,item:001848,177.98592
14,SDC-VD0519670A,item:029313,179.958747
14,SDC-VD0520115A,item:708073,172.44045
14,SDC-VD0520132A,item:038005,113.008167
14,SDC-VD0520132A,item:049371,174.398904
14,SDC-VD0525412A,item:333362,0.0
14,SDC-VD0901566A,item:338928,0.0
14,SDC-VD0910216A,item:001893,167.244163
14,SDC-VD0910216A,item:002612,177.632826
14,SDC-VD0914320A,item:055703,179.892118
14,SDC-VD0914360C,item:338929,0.0
14,SDC-VD0914690A,item:042342,0.0
14,SDC-VD0949099A,item:021081,0.0
14,SDC-VD0951020A,item:001757,176.279261
14,SDC-VD0951020A,item:001848,180.0
14,SDC-VD0960508A,item:021081,0.0
14,SDC-VD0964290A,item:055703,180.0
14,SDC-VD0972460A,item:021081,0.0
14,SDC-VD0975221A,item:021081,0.0
14,SDC-VD0989480A,item:426331,168.822948
14,SDC-VD0990780A,item:002612,180.0
14,SDC-VD0993480A,item:344135,0.0
14,SDC-VD1091642A,item:001893,180.0
14,SDC-VD1091642A,item:002612,180.0
14,SDC-VD1095770A,item:734545,173.67372
14,SDC-VD1096202A,item:039668,179.952657
15,SDC-1450,item:007923,1776.412822
15,SDC-1450,item:021081,491694.066075
15,SDC-1450,item:693055,0.0
15,SDC-1450,item:773474,0.0
15,SDC-VD0500655A,item:002612,180.0
15,SDC-VD0505677A,item:099439,177.585883
15,SDC-VD0508918A,item:730384,0.0
15,SDC-VD0514881A,item:016332,179.262272
15,SDC-VD0518684A,item:001893,180.0
15,SDC-VD0519670A,item:001848,177.957755
15,SDC-VD0519670A,item:029313,179.957808
15,SDC-VD0520115A,item:708073,172.44045
15,SDC-VD0520132A,item:038005,113.008167
15,SDC-VD0520132A,item:049371,174.364166
15,SDC-VD0525412A,item:333362,0.0
15,SDC-VD0901566A,item:338928,0.0
15,SDC-VD0910216A,item:001893,167.06578
15,SDC-VD0910216A,item:002612,177.585883
15,SDC-VD0914320A,item:055703,179.89024
15,SDC-VD0914360C,item:338929,0.0
15,SDC-VD0914690A,item:042342,0.0
15,SDC-VD0949099A,item:021081,0.0
15,SDC-VD0951020A,item:001757,176.241706
15,SDC-VD0951020A,item:001848,180.0
15,SDC-VD0960508A,item:021081,0.0
15,SDC-VD0964290A,item:055703,180.0
15,SDC-VD0972460A,item:021081,0.0
15,SDC-VD0975221A,item:021081,0.0
15,SDC-VD0989480A,item:426331,168.568578
15,SDC-VD0990780A,item:002612,180.0
15,SDC-VD0993480A,item:344135,0.0
15,SDC-VD1091642A,item:001893,180.0
15,SDC-VD1091642A,item:002612,180.0
15,SDC-VD1095770A,item:734545,173.67372
15,SDC-VD1096202A,item:039668,179.951718
16,SDC-1450,item:007923,1695.212822
16,SDC-1450,item:021081,491693.663775
16,SDC-1450,item:693055,0.0
16,SDC-1450,item:773474,0.0
16,SDC-VD0500655A,item:002612,180.0
16,SDC-VD0505677A,item:099439,177.535133
16,SDC-VD0508918A,item:730384,0.0
16,SDC-VD0514881A,item:016332,179.250092
16,SDC-VD0518684A,item:001893,180.0
16,SDC-VD0519670A,item:001848,177.927305
16,SDC-VD0519670A,item:029313,179.956793
16,SDC-VD0520115A,item:708073,172.403489
16,SDC-VD0520132A,item:038005,112.926605
16,SDC-VD0520132A,item:049371,174.326611
16,SDC-VD0525412A,item:333362,0.0
16,SDC-VD0901566A,item:338928,0.0
16,SDC-VD0910216A,item:001893,166.87293
16,SDC-VD0910216A,item:002612,177.535133
16,SDC-VD0914320A,item:055703,179.88821
16,SDC-VD0914360C,item:338929,0.0
16,SDC-VD0914690A,item:042342,0.0
16,SDC-VD0949099A,item:021081,0.0
16,SDC-VD0951020A,item:001757,176.201106
16,SDC-VD0951020A,item:001848,180.0
16,SDC-VD0960508A,item:021081,0.0
16,SDC-VD0964290A,item:055703,180.0
16,SDC-VD0972460A,item:021081,0.0
16,SDC-VD0975221A,item:021081,0.0
16,SDC-VD0989480A,item:426331,168.293578
16,SDC-VD0990780A,item:002612,180.0
16,SDC-VD0993480A,item:344135,0.0
16,SDC-VD1091642A,item:001893,180.0
16,SDC-VD1091642A,item:002612,180.0
16,SDC-VD1095770A,item:734545,173.636433
16,SDC-VD1096202A,item:039668,179.950703
17,SDC-1450,item:007923,1614.012822
17,SDC-1450,item:021081,491693.261475
17,SDC-1450,item:693055,0.0
17,SDC-1450,item:773474,0.0
17,SDC-VD0500655A,item:002612,180.0
17,SDC-VD0505677A,item:099439,177.484383
17,SDC-VD0508918A,item:730384,0.0
17,SDC-VD0514881A,item:016332,179.237912
17,SDC-VD0518684A,item:001893,180.0
17,SDC-VD0519670A,item:001848,177.896855
17,SDC-VD0519670A,item:029313,179.955778
17,SDC-VD0520115A,item:708073,172.366528
17,SDC-VD0520132A,item:038005,112.845043
17,SDC-VD0520132A,item:049371,174.289056
17,SDC-VD0525412A,item:333362,0.0
17,SDC-VD0901566A,item:338928,0.0
17,SDC-VD0910216A,item:001893,166.68008
17,SDC-VD0910216A,item:002612,177.484383
17,SDC-VD0914320A,item:055703,179.88618
17,SDC-VD0914360C,item:338929,0.0
17,SDC-VD0914690A,item:042342,0.0
17,SDC-VD0949099A,item:021081,0.0
17,SDC-VD0951020A,item:001757,176.160506
17,SDC-VD0951020A,item:001848,180.0
17,SDC-VD0960508A,item:021081,0.0
17,SDC-VD0964290A,item:055703,180.0
17,SDC-VD0972460A,item:021081,0.0
17,SDC-VD0975221A,item:021081,0.0
17,SDC-VD0989480A,item:426331,168.018578
17,SDC-VD0990780A,item:002612,180.0
17,SDC-VD0993480A,item:344135,0.0
17,SDC-VD1091642A,item:001893,180.0
17,SDC-VD1091642A,item:002612,180.0
17,SDC-VD1095770A,item:734545,173.599145
17,SDC-VD1096202A,item:039668,179.949688
18,SDC-1450,item:007923,1532.812822
18,SDC-1450,item:021081,491692.859175
18,SDC-1450,item:693055,0.0
18,SDC-1450,item:773474,0.0
18,SDC-VD0500655A,item:002612,180.0
18,SDC-VD0505677A,item:099439,177.433633
18,SDC-VD0508918A,item:730384,0.0
18,SDC-VD0514881A,item:016332,179.225732
18,SDC-VD0518684A,item:001893,180.0
18,SDC-VD0519670A,item:001848,177.866405
18,SDC-VD0519670A,item:029313,179.954763
18,SDC-VD0520115A,item:708073,172.366528
18,SDC-VD0520132A,item:038005,112.845043
18,SDC-VD0520132A,item:049371,174.251501
18,SDC-VD0525412A,item:333362,0.0
18,SDC-VD0901566A,item:338928,0.0
18,SDC-VD0910216A,item:001893,166.48723
18,SDC-VD0910216A,item:002612,177.433633
18,SDC-VD0914320A,item:055703,179.88415
18,SDC-VD0914360C,item:338929,0.0
18,SDC-VD0914690A,item:042342,0.0
18,SDC-VD0949099A,item:021081,0.0
18,SDC-VD0951020A,item:001757,176.119906
18,SDC-VD0951020A,item:001848,180.0
18,SDC-VD0960508A,item:021081,0.0
18,SDC-VD0964290A,item:055703,180.0
18,SDC-VD0972460A,item:021081,0.0
18,SDC-VD0975221A,item:021081,0.0
18,SDC-VD0989480A,item:426331,167.743578
18,SDC-VD0990780A,item:002612,180.0
18,SDC-VD0993480A,item:344135,0.0
18,SDC-VD1091642A,item:001893,180.0
18,SDC-VD1091642A,item:002612,180.0
18,SDC-VD1095770A,item:734545,173.599145
18,SDC-VD1096202A,item:039668,179.948673
19,SDC-1450,item:007923,1451.612822
19,SDC-1450,item:021081,491692.456875
19,SDC-1450,item:693055,0.0
19,SDC-1450,item:773474,0.0
19,SDC-VD0500655A,item:002612,180.0
19,SDC-VD0505677A,item:099439,177.382883
19,SDC-VD0508918A,item:730384,0.0
19,SDC-VD0514881A,item:016332,179.213552
19,SDC-VD0518684A,item:001893,180.0
19,SDC-VD0519670A,item:001848,177.835955
19,SDC-VD0519670A,item:029313,179.953748
19,SDC-VD0520115A,item:708073,172.329567
19,SDC-VD0520132A,item:038005,112.76348
19,SDC-VD0520132A,item:049371,174.213946
19,SDC-VD0525412A,item:333362,0.0
19,SDC-VD0901566A,item:338928,0.0
19,SDC-VD0910216A,item:001893,166.29438
19,SDC-VD0910216A,item:002612,177.382883
19,SDC-VD0914320A,item:055703,179.88212
19,SDC-VD0914360C,item:338929,0.0
19,SDC-VD0914690A,item:042342,0.0
19,SDC-VD0949099A,item:021081,0.0
19,SDC-VD0951020A,item:001757,176.079306
19,SDC-VD0951020A,item:001848,180.0
19,SDC-VD0960508A,item:021081,0.0
19,SDC-VD0964290A,item:055703,180.0
19,SDC-VD0972460A,item:021081,0.0
19,SDC-VD0975221A,item:021081,0.0
19,SDC-VD0989480A,item:426331,167.468578
19,SDC-VD0990780A,item:002612,180.0
19,SDC-VD0993480A,item:344135,0.0
19,SDC-VD1091642A,item:001893,180.0
19,SDC-VD1091642A,item:002612,180.0
19,SDC-VD1095770A,item:734545,173.561858
19,SDC-VD1096202A,item:039668,179.947658
20,SDC-1450,item:007923,1376.541799
20,SDC-1450,item:021081,491692.054575
20,SDC-1450,item:693055,0.0
20,SDC-1450,item:773474,0.0
20,SDC-VD0500655A,item:002612,180.0
20,SDC-VD0505677A,item:099439,177.335964
20,SDC-VD0508918A,item:730384,0.0
20,SDC-VD0514881A,item:016332,179.202291
20,SDC-VD0518684A,item:001893,180.0
20,SDC-VD0519670A,item:001848,177.807803
20,SDC-VD0519670A,item:029313,179.952809
20,SDC-VD0520115A,item:708073,172.329567
20,SDC-VD0520132A,item:038005,112.76348
20,SDC-VD0520132A,item:049371,174.179226
20,SDC-VD0525412A,item:333362,0.0
20,SDC-VD0901566A,item:338928,0.0
20,SDC-VD0910216A,item:001893,166.116087
20,SDC-VD0910216A,item:002612,177.335964
20,SDC-VD0914320A,item:055703,179.880244
20,SDC-VD0914360C,item:338929,0.0
20,SDC-VD0914690A,item:042342,0.0
20,SDC-VD0949099A,item:021081,0.0
20,SDC-VD0951020A,item:001757,176.041771
20,SDC-VD0951020A,item:001848,180.0
20,SDC-VD0960508A,item:021081,0.0
20,SDC-VD0964290A,item:055703,180.0
20,SDC-VD0972460A,item:021081,0.0
20,SDC-VD0975221A,item:021081,0.0
20,SDC-VD0989480A,item:426331,167.214335
20,SDC-VD0990780A,item:002612,180.0
20,SDC-VD0993480A,item:344135,0.0
20,SDC-VD1091642A,item:001893,180.0
20,SDC-VD1091642A,item:002612,180.0
20,SDC-VD1095770A,item:734545,173.561858
20,SDC-VD1096202A,item:039668,179.946719
21,SDC-1450,item:007923,1309.559594
21,SDC-1450,item:021081,491691.652275
21,SDC-1450,item:693055,0.0
21,SDC-1450,item:773474,0.0
21,SDC-VD0500655A,item:002612,180.0
21,SDC-VD0505677A,item:099439,177.2941
21,SDC-VD0508918A,item:730384,0.0
21,SDC-VD0514881A,item:016332,179.192244
21,SDC-VD0518684A,item:001893,180.0
21,SDC-VD0519670A,item:001848,177.782685
21,SDC-VD0519670A,item:029313,179.951972
21,SDC-VD0520115A,item:708073,172.329567
21,SDC-VD0520132A,item:038005,112.76348
21,SDC-VD0520132A,item:049371,174.148246
21,SDC-VD0525412A,item:333362,0.0
21,SDC-VD0901566A,item:338928,0.0
21,SDC-VD0910216A,item:001893,165.957004
21,SDC-VD0910216A,item:002612,177.2941
21,SDC-VD0914320A,item:055703,179.878569
21,SDC-VD0914360C,item:338929,0.0
21,SDC-VD0914690A,item:042342,0.0
21,SDC-VD0949099A,item:021081,0.0
21,SDC-VD0951020A,item:001757,176.00828
21,SDC-VD0951020A,item:001848,180.0
21,SDC-VD0960508A,item:021081,0.0
21,SDC-VD0964290A,item:055703,180.0
21,SDC-VD0972460A,item:021081,0.0
21,SDC-VD0975221A,item:021081,0.0
21,SDC-VD0989480A,item:426331,166.987486
21,SDC-VD0990780A,item:002612,180.0
21,SDC-VD0993480A,item:344135,0.0
21,SDC-VD1091642A,item:001893,180.0
21,SDC-VD1091642A,item:002612,180.0
21,SDC-VD1095770A,item:734545,173.561858
21,SDC-VD1096202A,item:039668,179.945882
22,SDC-1450,item:007923,1234.451153
22,SDC-1450,item:021081,491691.249975
22,SDC-1450,item:693055,0.0
22,SDC-1450,item:773474,0.0
22,SDC-VD0500655A,item:002612,180.0
22,SDC-VD0505677A,item:099439,177.247157
22,SDC-VD0508918A,item:730384,0.0
22,SDC-VD0514881A,item:016332,179.180978
22,SDC-VD0518684A,item:001893,180.0
22,SDC-VD0519670A,item:001848,177.754519
22,SDC-VD0519670A,item:029313,179.951033
22,SDC-VD0520115A,item:708073,172.329567
22,SDC-VD0520132A,item:038005,112.76348
22,SDC-VD0520132A,item:049371,174.113509
22,SDC-VD0525412A,item:333362,0.0
22,SDC-VD0901566A,item:338928,0.0
22,SDC-VD0910216A,item:001893,165.778621
22,SDC-VD0910216A,item:002612,177.247157
22,SDC-VD0914320A,item:055703,179.876691
22,SDC-VD0914360C,item:338929,0.0
22,SDC-VD0914690A,item:042342,0.0
22,SDC-VD0949099A,item:021081,0.0
22,SDC-VD0951020A,item:001757,175.970726
22,SDC-VD0951020A,item:001848,180.0
22,SDC-VD0960508A,item:021081,0.0
22,SDC-VD0964290A,item:055703,180.0
22,SDC-VD0972460A,item:021081,0.0
22,SDC-VD0975221A,item:021081,0.0
22,SDC-VD0989480A,item:426331,166.733117
22,SDC-VD0990780A,item:002612,180.0
22,SDC-VD0993480A,item:344135,0.0
22,SDC-VD1091642A,item:001893,180.0
22,SDC-VD1091642A,item:002612,180.0
22,SDC-VD1095770A,item:734545,173.561858
22,SDC-VD1096202A,item:039668,179.944943
23,SDC-1450,item:007923,1153.251153
23,SDC-1450,item:021081,491690.847675
23,SDC-1450,item:693055,0.0
23,SDC-1450,item:773474,0.0
23,SDC-VD0500655A,item:002612,180.0
23,SDC-VD0505677A,item:099439,177.196407
23,SDC-VD0508918A,item:730384,0.0
23,SDC-VD0514881A,item:016332,179.168798
23,SDC-VD0518684A,item:001893,180.0
23,SDC-VD0519670A,item:001848,177.724069
23,SDC-VD0519670A,item:029313,179.950018
23,SDC-VD0520115A,item:708073,172.255647
23,SDC-VD0520132A,item:038005,112.60036
23,SDC-VD0520132A,item:049371,174.075954
23,SDC-VD0525412A,item:333362,0.0
23,SDC-VD0901566A,item:338928,0.0
23,SDC-VD0910216A,item:001893,165.585771
23,SDC-VD0910216A,item:002612,177.196407
23,SDC-VD0914320A,item:055703,179.874661
23,SDC-VD0914360C,item:338929,0.0
23,SDC-VD0914690A,item:042342,0.0
23,SDC-VD0949099A,item:021081,0.0
23,SDC-VD0951020A,item:001757,175.930126
23,SDC-VD0951020A,item:001848,180.0
23,SDC-VD0960508A,item:021081,0.0
23,SDC-VD0964290A,item:055703,180.0
23,SDC-VD0972460A,item:021081,0.0
23,SDC-VD0975221A,item:021081,0.0
23,SDC-VD0989480A,item:426331,166.458117
23,SDC-VD0990780A,item:002612,180.0
23,SDC-VD0993480A,item:344135,0.0
23,SDC-VD1091642A,item:001893,180.0
23,SDC-VD1091642A,item:002612,180.0
23,SDC-VD1095770A,item:734545,173.487285
23,SDC-VD1096202A,item:039668,179.943928
24,SDC-1450,item:007923,1072.051153
24,SDC-1450,item:021081,491690.445375
24,SDC-1450,item:693055,0.0
24,SDC-1450,item:773474,0.0
24,SDC-VD0500655A,item:002612,180.0
24,SDC-VD0505677A,item:099439,177.145657
24,SDC-VD0508918A,item:730384,0.0
24,SDC-VD0514881A,item:016332,179.156618
24,SDC-VD0518684A,item:001893,180.0
24,SDC-VD0519670A,item:001848,177.693619
24,SDC-VD0519670A,item:029313,179.949003
24,SDC-VD0520115A,item:708073,172.144775
24,SDC-VD0520132A,item:038005,112.355699
24,SDC-VD0520132A,item:049371,174.038399
24,SDC-VD0525412A,item:333362,0.0
24,SDC-VD0901566A,item:338928,0.0
24,SDC-VD0910216A,item:001893,165.392921
24,SDC-VD0910216A,item:002612,177.145657
24,SDC-VD0914320A,item:055703,179.872631
24,SDC-VD0914360C,item:338929,0.0
24,SDC-VD0914690A,item:042342,0.0
24,SDC-VD0949099A,item:021081,0.0
24,SDC-VD0951020A,item:001757,175.889526
24,SDC-VD0951020A,item:001848,180.0
24,SDC-VD0960508A,item:021081,0.0
24,SDC-VD0964290A,item:055703,180.0
24,SDC-VD0972460A,item:021081,0.0
24,SDC-VD0975221A,item:021081,0.0
24,SDC-VD0989480A,item:426331,166.183117
24,SDC-VD0990780A,item:002612,180.0
24,SDC-VD0993480A,item:344135,0.0
24,SDC-VD1091642A,item:001893,180.0
24,SDC-VD1091642A,item:002612,180.0
24,SDC-VD1095770A,item:734545,173.375435
24,SDC-VD1096202A,item:039668,179.942913
25,SDC-1450,item:007923,990.851153
25,SDC-1450,item:021081,491690.043075
25,SDC-1450,item:693055,0.0
25,SDC-1450,item:773474,0.0
25,SDC-VD0500655A,item:002612,180.0
25,SDC-VD0505677A,item:099439,177.094907
25,SDC-VD0508918A,item:730384,0.0
25,SDC-VD0514881A,item:016332,179.144438
25,SDC-VD0518684A,item:001893,180.0
25,SDC-VD0519670A,item:001848,177.663169
25,SDC-VD0519670A,item:029313,179.947988
25,SDC-VD0520115A,item:708073,172.107814
25,SDC-VD0520132A,item:038005,112.274137
25,SDC-VD0520132A,item:049371,174.000844
25,SDC-VD0525412A,item:333362,0.0
25,SDC-VD0901566A,item:338928,0.0
25,SDC-VD0910216A,item:001893,165.200071
25,SDC-VD0910216A,item:002612,177.094907
25,SDC-VD0914320A,item:055703,179.870601
25,SDC-VD0914360C,item:338929,0.0
25,SDC-VD0914690A,item:042342,0.0
25,SDC-VD0949099A,item:021081,0.0
25,SDC-VD0951020A,item:001757,175.848926
25,SDC-VD0951020A,item:001848,180.0
25,SDC-VD0960508A,item:021081,0.0
25,SDC-VD0964290A,item:055703,180.0
25,SDC-VD0972460A,item:021081,0.0
25,SDC-VD0975221A,item:021081,0.0
25,SDC-VD0989480A,item:426331,165.908117
25,SDC-VD0990780A,item:002612,180.0
25,SDC-VD0993480A,item:344135,0.0
25,SDC-VD1091642A,item:001893,180.0
25,SDC-VD1091642A,item:002612,180.0
25,SDC-VD1095770A,item:734545,173.338147
25,SDC-VD1096202A,item:039668,179.941898
26,SDC-1450,item:007923,909.651153
26,SDC-1450,item:021081,491689.640775
26,SDC-1450,item:693055,0.0
26,SDC-1450,item:773474,0.0
26,SDC-VD0500655A,item:002612,180.0
26,SDC-VD0505677A,item:099439,177.044157
26,SDC-VD0508918A,item:730384,0.0
26,SDC-VD0514881A,item:016332,179.132258
26,SDC-VD0518684A,item:001893,180.0
26,SDC-VD0519670A,item:001848,177.632719
26,SDC-VD0519670A,item:029313,179.946973
26,SDC-VD0520115A,item:708073,172.107814
26,SDC-VD0520132A,item:038005,112.274137
26,SDC-VD0520132A,item:049371,173.963289
26,SDC-VD0525412A,item:333362,0.0
26,SDC-VD0901566A,item:338928,0.0
26,SDC-VD0910216A,item:001893,165.007221
26,SDC-VD0910216A,item:002612,177.044157
26,SDC-VD0914320A,item:055703,179.868571
26,SDC-VD0914360C,item:338929,0.0
26,SDC-VD0914690A,item:042342,0.0
26,SDC-VD0949099A,item:021081,0.0
26,SDC-VD0951020A,item:001757,175.808326
26,SDC-VD0951020A,item:001848,180.0
26,SDC-VD0960508A,item:021081,0.0
26,SDC-VD0964290A,item:055703,180.0
26,SDC-VD0972460A,item:021081,0.0
26,SDC-VD0975221A,item:021081,0.0
26,SDC-VD0989480A,item:426331,165.633117
26,SDC-VD0990780A,item:002612,180.0
26,SDC-VD0993480A,item:344135,0.0
26,SDC-VD1091642A,item:001893,180.0
26,SDC-VD1091642A,item:002612,180.0
26,SDC-VD1095770A,item:734545,173.338147
26,SDC-VD1096202A,item:039668,179.940883
27,SDC-1450,item:007923,834.58013
27,SDC-1450,item:021081,491689.238475
27,SDC-1450,item:693055,0.0
27,SDC-1450,item:773474,0.0
27,SDC-VD0500655A,item:002612,180.0
27,SDC-VD0505677A,item:099439,176.997238
27,SDC-VD0508918A,item:730384,0.0
27,SDC-VD0514881A,item:016332,179.120997
27,SDC-VD0518684A,item:001893,180.0
27,SDC-VD0519670A,item:001848,177.604568
27,SDC-VD0519670A,item:029313,179.946035
27,SDC-VD0520115A,item:708073,172.107814
27,SDC-VD0520132A,item:038005,112.274137
27,SDC-VD0520132A,item:049371,173.928568
27,SDC-VD0525412A,item:333362,0.0
27,SDC-VD0901566A,item:338928,0.0
27,SDC-VD0910216A,item:001893,164.828928
27,SDC-VD0910216A,item:002612,176.997238
27,SDC-VD0914320A,item:055703,179.866695
27,SDC-VD0914360C,item:338929,0.0
27,SDC-VD0914690A,item:042342,0.0
27,SDC-VD0949099A,item:021081,0.0
27,SDC-VD0951020A,item:001757,175.77079
27,SDC-VD0951020A,item:001848,180.0
27,SDC-VD0960508A,item:021081,0.0
27,SDC-VD0964290A,item:055703,180.0
27,SDC-VD0972460A,item:021081,0.0
27,SDC-VD0975221A,item:021081,0.0
27,SDC-VD0989480A,item:426331,165.378874
27,SDC-VD0990780A,item:002612,180.0
27,SDC-VD0993480A,item:344135,0.0
27,SDC-VD1091642A,item:001893,180.0
27,SDC-VD1091642A,item:002612,180.0
27,SDC-VD1095770A,item:734545,173.338147
27,SDC-VD1096202A,item:039668,179.939945
28,SDC-1450,item:007923,767.597925
28,SDC-1450,item:021081,491688.836175
28,SDC-1450,item:693055,0.0
28,SDC-1450,item:773474,0.0
28,SDC-VD0500655A,item:002612,180.0
28,SDC-VD0505677A,item:099439,176.955374
28,SDC-VD0508918A,item:730384,0.0
28,SDC-VD0514881A,item:016332,179.11095
28,SDC-VD0518684A,item:001893,180.0
28,SDC-VD0519670A,item:001848,177.579449
28,SDC-VD0519670A,item:029313,179.945197
28,SDC-VD0520115A,item:708073,172.070852
28,SDC-VD0520132A,item:038005,112.192574
28,SDC-VD0520132A,item:049371,173.897589
28,SDC-VD0525412A,item:333362,0.0
28,SDC-VD0901566A,item:338928,0.0
28,SDC-VD0910216A,item:001893,164.669845
28,SDC-VD0910216A,item:002612,176.955374
28,SDC-VD0914320A,item:055703,179.86502
28,SDC-VD0914360C,item:338929,0.0
28,SDC-VD0914690A,item:042342,0.0
28,SDC-VD0949099A,item:021081,0.0
28,SDC-VD0951020A,item:001757,175.737299
28,SDC-VD0951020A,item:001848,180.0
28,SDC-VD0960508A,item:021081,0.0
28,SDC-VD0964290A,item:055703,180.0
28,SDC-VD0972460A,item:021081,0.0
28,SDC-VD0975221A,item:021081,0.0
28,SDC-VD0989480A,item:426331,165.152025
28,SDC-VD0990780A,item:002612,180.0
28,SDC-VD0993480A,item:344135,0.0
28,SDC-VD1091642A,item:001893,180.0
28,SDC-VD1091642A,item:002612,180.0
28,SDC-VD1095770A,item:734545,173.30086
28,SDC-VD1096202A,item:039668,179.939107
29,SDC-1450,item:007923,692.489484
29,SDC-1450,item:021081,491688.433875
29,SDC-1450,item:693055,0.0
29,SDC-1450,item:773474,0.0
29,SDC-VD0500655A,item:002612,180.0
29,SDC-VD0505677A,item:099439,176.908431
29,SDC-VD0508918A,item:730384,0.0
29,SDC-VD0514881A,item:016332,179.099683
29,SDC-VD0518684A,item:001893,180.0
29,SDC-VD0519670A,item:001848,177.551284
29,SDC-VD0519670A,item:029313,179.944259
29,SDC-VD0520115A,item:708073,171.99693
29,SDC-VD0520132A,item:038005,112.029449
29,SDC-VD0520132A,item:049371,173.862851
29,SDC-VD0525412A,item:333362,0.0
29,SDC-VD0901566A,item:338928,0.0
29,SDC-VD0910216A,item:001893,164.491463
29,SDC-VD0910216A,item:002612,176.908431
29,SDC-VD0914320A,item:055703,179.863142
29,SDC-VD0914360C,item:338929,0.0
29,SDC-VD0914690A,item:042342,0.0
29,SDC-VD0949099A,item:021081,0.0
29,SDC-VD0951020A,item:001757,175.699745
29,SDC-VD0951020A,item:001848,180.0
29,SDC-VD0960508A,item:021081,0.0
29,SDC-VD0964290A,item:055703,180.0
29,SDC-VD0972460A,item:021081,0.0
29,SDC-VD0975221A,item:021081,0.0
29,SDC-VD0989480A,item:426331,164.897655
29,SDC-VD0990780A,item:002612,180.0
29,SDC-VD0993480A,item:344135,0.0
29,SDC-VD1091642A,item:001893,180.0
29,SDC-VD1091642A,item:002612,180.0
29,SDC-VD1095770A,item:734545,173.226285
29,SDC-VD1096202A,item:039668,179.938169
30,SDC-1450,item:007923,615.755796
30,SDC-1450,item:021081,491688.031575
30,SDC-1450,item:693055,0.0
30,SDC-1450,item:773474,0.0
30,SDC-VD0500655A,item:002612,180.0
30,SDC-VD0505677A,item:099439,176.860472
30,SDC-VD0508918A,item:730384,0.0
30,SDC-VD0514881A,item:016332,179.088173
30,SDC-VD0518684A,item:001893,180.0
30,SDC-VD0519670A,item:001848,177.522508
30,SDC-VD0519670A,item:029313,179.943299
30,SDC-VD0520115A,item:708073,171.923008
30,SDC-VD0520132A,item:038005,111.866324
30,SDC-VD0520132A,item:049371,173.827362
30,SDC-VD0525412A,item:333362,0.0
30,SDC-VD0901566A,item:338928,0.0
30,SDC-VD0910216A,item:001893,164.30922
30,SDC-VD0910216A,item:002612,176.860472
30,SDC-VD0914320A,item:055703,179.861224
30,SDC-VD0914360C,item:338929,0.0
30,SDC-VD0914690A,item:042342,0.0
30,SDC-VD0949099A,item:021081,0.0
30,SDC-VD0951020A,item:001757,175.661378
30,SDC-VD0951020A,item:001848,180.0
30,SDC-VD0960508A,item:021081,0.0
30,SDC-VD0964290A,item:055703,180.0
30,SDC-VD0972460A,item:021081,0.0
30,SDC-VD0975221A,item:021081,0.0
30,SDC-VD0989480A,item:426331,164.637781
30,SDC-VD0990780A,item:002612,180.0
30,SDC-VD0993480A,item:344135,0.0
30,SDC-VD1091642A,item:001893,180.0
30,SDC-VD1091642A,item:002612,180.0
30,SDC-VD1095770A,item:734545,173.15171
30,SDC-VD1096202A,item:039668,179.937209
31,SDC-1450,item:007923,538.697058
31,SDC-1450,item:021081,491687.629275
31,SDC-1450,item:693055,0.0
31,SDC-1450,item:773474,0.0
31,SDC-VD0500655A,item:002612,180.0
31,SDC-VD0505677A,item:099439,176.812311
31,SDC-VD0508918A,item:730384,0.0
31,SDC-VD0514881A,item:016332,179.076615
31,SDC-VD0518684A,item:001893,180.0
31,SDC-VD0519670A,item:001848,177.493611
31,SDC-VD0519670A,item:029313,179.942336
31,SDC-VD0520115A,item:708073,171.923008
31,SDC-VD0520132A,item:038005,111.866324
31,SDC-VD0520132A,item:049371,173.791722
31,SDC-VD0525412A,item:333362,0.0
31,SDC-VD0901566A,item:338928,0.0
31,SDC-VD0910216A,item:001893,164.126206
31,SDC-VD0910216A,item:002612,176.812311
31,SDC-VD0914320A,item:055703,179.859297
31,SDC-VD0914360C,item:338929,0.0
31,SDC-VD0914690A,item:042342,0.0
31,SDC-VD0949099A,item:021081,0.0
31,SDC-VD0951020A,item:001757,175.622849
31,SDC-VD0951020A,item:001848,180.0
31,SDC-VD0960508A,item:021081,0.0
31,SDC-VD0964290A,item:055703,180.0
31,SDC-VD0972460A,item:021081,0.0
31,SDC-VD0975221A,item:021081,0.0
31,SDC-VD0989480A,item:426331,164.376807
31,SDC-VD0990780A,item:002612,180.0
31,SDC-VD0993480A,item:344135,0.0
31,SDC-VD1091642A,item:001893,180.0
31,SDC-VD1091642A,item:002612,180.0
31,SDC-VD1095770A,item:734545,173.15171
31,SDC-VD1096202A,item:039668,179.936246
32,SDC-1450,item:007923,461.573311
32,SDC-1450,item:021081,491687.226975
32,SDC-1450,item:693055,0.0
32,SDC-1450,item:773474,0.0
32,SDC-VD0500655A,item:002612,180.0
32,SDC-VD0505677A,item:099439,176.764108
32,SDC-VD0508918A,item:730384,0.0
32,SDC-VD0514881A,item:016332,179.065046
32,SDC-VD0518684A,item:001893,180.0
32,SDC-VD0519670A,item:001848,177.46469
32,SDC-VD0519670A,item:029313,179.941372
32,SDC-VD0520115A,item:708073,171.886046
32,SDC-VD0520132A,item:038005,111.784762
32,SDC-VD0520132A,item:049371,173.756053
32,SDC-VD0525412A,item:333362,0.0
32,SDC-VD0901566A,item:338928,0.0
32,SDC-VD0910216A,item:001893,163.943037
32,SDC-VD0910216A,item:002612,176.764108
32,SDC-VD0914320A,item:055703,179.857369
32,SDC-VD0914360C,item:338929,0.0
32,SDC-VD0914690A,item:042342,0.0
32,SDC-VD0949099A,item:021081,0.0
32,SDC-VD0951020A,item:001757,175.584287
32,SDC-VD0951020A,item:001848,180.0
32,SDC-VD0960508A,item:021081,0.0
32,SDC-VD0964290A,item:055703,180.0
32,SDC-VD0972460A,item:021081,0.0
32,SDC-VD0975221A,item:021081,0.0
32,SDC-VD0989480A,item:426331,164.115612
32,SDC-VD0990780A,item:002612,180.0
32,SDC-VD0993480A,item:344135,0.0
32,SDC-VD1091642A,item:001893,180.0
32,SDC-VD1091642A,item:002612,180.0
32,SDC-VD1095770A,item:734545,173.114423
32,SDC-VD1096202A,item:039668,179.935282
33,SDC-1450,item:007923,384.436561
33,SDC-1450,item:021081,491686.824675
33,SDC-1450,item:693055,0.0
33,SDC-1450,item:773474,0.0
33,SDC-VD0500655A,item:002612,180.0
33,SDC-VD0505677A,item:099439,176.715898
33,SDC-VD0508918A,item:730384,0.0
33,SDC-VD0514881A,item:016332,179.053475
33,SDC-VD0518684A,item:001893,180.0
33,SDC-VD0519670A,item:001848,177.435764
33,SDC-VD0519670A,item:029313,179.940408
33,SDC-VD0520115A,item:708073,171.849085
33,SDC-VD0520132A,item:038005,111.703199
33,SDC-VD0520132A,item:049371,173.720377
33,SDC-VD0525412A,item:333362,0.0
33,SDC-VD0901566A,item:338928,0.0
33,SDC-VD0910216A,item:001893,163.759837
33,SDC-VD0910216A,item:002612,176.715898
33,SDC-VD0914320A,item:055703,179.855441
33,SDC-VD0914360C,item:338929,0.0
33,SDC-VD0914690A,item:042342,0.0
33,SDC-VD0949099A,item:021081,0.0
33,SDC-VD0951020A,item:001757,175.545718
33,SDC-VD0951020A,item:001848,180.0
33,SDC-VD0960508A,item:021081,0.0
33,SDC-VD0964290A,item:055703,180.0
33,SDC-VD0972460A,item:021081,0.0
33,SDC-VD0975221A,item:021081,0.0
33,SDC-VD0989480A,item:426331,163.854373
33,SDC-VD0990780A,item:002612,180.0
33,SDC-VD0993480A,item:344135,0.0
33,SDC-VD1091642A,item:001893,180.0
33,SDC-VD1091642A,item:002612,180.0
33,SDC-VD1095770A,item:734545,173.077135
33,SDC-VD1096202A,item:039668,179.934318
34,SDC-1450,item:007923,307.297211
34,SDC-1450,item:021081,491686.422375
34,SDC-1450,item:693055,0.0
34,SDC-1450,item:773474,0.0
34,SDC-VD0500655A,item:002612,180.0
34,SDC-VD0505677A,item:099439,176.667686
34,SDC-VD0508918A,item:730384,0.0
34,SDC-VD0514881A,item:016332,179.041905
34,SDC-VD0518684A,item:001893,180.0
34,SDC-VD0519670A,item:001848,177.406836
34,SDC-VD0519670A,item:029313,179.939444
34,SDC-VD0520115A,item:708073,171.849085
34,SDC-VD0520132A,item:038005,111.703199
34,SDC-VD0520132A,item:049371,173.6847
34,SDC-VD0525412A,item:333362,0.0
34,SDC-VD0901566A,item:338928,0.0
34,SDC-VD0910216A,item:001893,163.576631
34,SDC-VD0910216A,item:002612,176.667686
34,SDC-VD0914320A,item:055703,179.853512
34,SDC-VD0914360C,item:338929,0.0
34,SDC-VD0914690A,item:042342,0.0
34,SDC-VD0949099A,item:021081,0.0
34,SDC-VD0951020A,item:001757,175.507149
34,SDC-VD0951020A,item:001848,180.0
34,SDC-VD0960508A,item:021081,0.0
34,SDC-VD0964290A,item:055703,180.0
34,SDC-VD0972460A,item:021081,0.0
34,SDC-VD0975221A,item:021081,0.0
34,SDC-VD0989480A,item:426331,163.593125
34,SDC-VD0990780A,item:002612,180.0
34,SDC-VD0993480A,item:344135,0.0
34,SDC-VD1091642A,item:001893,180.0
34,SDC-VD1091642A,item:002612,180.0
34,SDC-VD1095770A,item:734545,173.077135
34,SDC-VD1096202A,item:039668,179.933354
35,SDC-1450,item:007923,230.157341
35,SDC-1450,item:021081,491686.020075
35,SDC-1450,item:693055,0.0
35,SDC-1450,item:773474,0.0
35,SDC-VD0500655A,item:002612,180.0
35,SDC-VD0505677A,item:099439,176.619473
35,SDC-VD0508918A,item:730384,0.0
35,SDC-VD0514881A,item:016332,179.030334
35,SDC-VD0518684A,item:001893,180.0
35,SDC-VD0519670A,item:001848,177.377909
35,SDC-VD0519670A,item:029313,179.938479
35,SDC-VD0520115A,item:708073,171.812124
35,SDC-VD0520132A,item:038005,111.621637
35,SDC-VD0520132A,item:049371,173.649023
35,SDC-VD0525412A,item:333362,0.0
35,SDC-VD0901566A,item:338928,0.0
35,SDC-VD0910216A,item:001893,163.393424
35,SDC-VD0910216A,item:002612,176.619473
35,SDC-VD0914320A,item:055703,179.851584
35,SDC-VD0914360C,item:338929,0.0
35,SDC-VD0914690A,item:042342,0.0
35,SDC-VD0949099A,item:021081,0.0
35,SDC-VD0951020A,item:001757,175.468579
35,SDC-VD0951020A,item:001848,180.0
35,SDC-VD0960508A,item:021081,0.0
35,SDC-VD0964290A,item:055703,180.0
35,SDC-VD0972460A,item:021081,0.0
35,SDC-VD0975221A,item:021081,0.0
35,SDC-VD0989480A,item:426331,163.331875
35,SDC-VD0990780A,item:002612,180.0
35,SDC-VD0993480A,item:344135,0.0
35,SDC-VD1091642A,item:001893,180.0
35,SDC-VD1091642A,item:002612,180.0
35,SDC-VD1095770A,item:734545,173.039848
35,SDC-VD1096202A,item:039668,179.932389
36,SDC-1450,item:007923,153.017367
36,SDC-1450,item:021081,491685.617775
36,SDC-1450,item:693055,0.0
36,SDC-1450,item:773474,0.0
36,SDC-VD0500655A,item:002612,180.0
36,SDC-VD0505677A,item:099439,176.571261
36,SDC-VD0508918A,item:730384,0.0
36,SDC-VD0514881A,item:016332,179.018763
36,SDC-VD0518684A,item:001893,180.0
36,SDC-VD0519670A,item:001848,177.348982
36,SDC-VD0519670A,item:029313,179.937515
36,SDC-VD0520115A,item:708073,171.70124
36,SDC-VD0520132A,item:038005,111.376949
36,SDC-VD0520132A,item:049371,173.613346
36,SDC-VD0525412A,item:333362,0.0
36,SDC-VD0901566A,item:338928,0.0
36,SDC-VD0910216A,item:001893,163.210216
36,SDC-VD0910216A,item:002612,176.571261
36,SDC-VD0914320A,item:055703,179.849655
36,SDC-VD0914360C,item:338929,0.0
36,SDC-VD0914690A,item:042342,0.0
36,SDC-VD0949099A,item:021081,0.0
36,SDC-VD0951020A,item:001757,175.430009
36,SDC-VD0951020A,item:001848,180.0
36,SDC-VD0960508A,item:021081,0.0
36,SDC-VD0964290A,item:055703,180.0
36,SDC-VD0972460A,item:021081,0.0
36,SDC-VD0975221A,item:021081,0.0
36,SDC-VD0989480A,item:426331,163.070625
36,SDC-VD0990780A,item:002612,180.0
36,SDC-VD0993480A,item:344135,0.0
36,SDC-VD1091642A,item:001893,180.0
36,SDC-VD1091642A,item:002612,180.0
36,SDC-VD1095770A,item:734545,172.927985
36,SDC-VD1096202A,item:039668,179.931425
37,SDC-1450,item:007923,75.877372
37,SDC-1450,item:021081,491685.215475
37,SDC-1450,item:693055,0.0
37,SDC-1450,item:773474,0.0
37,SDC-VD0500655A,item:002612,180.0
37,SDC-VD0505677A,item:099439,176.523048
37,SDC-VD0508918A,item:730384,0.0
37,SDC-VD0514881A,item:016332,179.007192
37,SDC-VD0518684A,item:001893,180.0
37,SDC-VD0519670A,item:001848,177.320054
37,SDC-VD0519670A,item:029313,179.936551
37,SDC-VD0520115A,item:708073,171.664279
37,SDC-VD0520132A,item:038005,111.295387
37,SDC-VD0520132A,item:049371,173.577668
37,SDC-VD0525412A,item:333362,0.0
37,SDC-VD0901566A,item:338928,0.0
37,SDC-VD0910216A,item:001893,163.027009
37,SDC-VD0910216A,item:002612,176.523048
37,SDC-VD0914320A,item:055703,179.847727
37,SDC-VD0914360C,item:338929,0.0
37,SDC-VD0914690A,item:042342,0.0
37,SDC-VD0949099A,item:021081,0.0
37,SDC-VD0951020A,item:001757,175.391439
37,SDC-VD0951020A,item:001848,180.0
37,SDC-VD0960508A,item:021081,0.0
37,SDC-VD0964290A,item:055703,180.0
37,SDC-VD0972460A,item:021081,0.0
37,SDC-VD0975221A,item:021081,0.0
37,SDC-VD0989480A,item:426331,162.809375
37,SDC-VD0990780A,item:002612,180.0
37,SDC-VD0993480A,item:344135,0.0
37,SDC-VD1091642A,item:001893,180.0
37,SDC-VD1091642A,item:002612,180.0
37,SDC-VD1095770A,item:734545,172.890698
37,SDC-VD1096202A,item:039668,179.930461
38,SDC-1450,item:007923,0.0
38,SDC-1450,item:021081,491684.813175
38,SDC-1450,item:693055,0.0
38,SDC-1450,item:773474,0.0
38,SDC-VD0500655A,item:002612,180.0
38,SDC-VD0505677A,item:099439,176.474836
38,SDC-VD0508918A,item:730384,0.0
38,SDC-VD0514881A,item:016332,178.995621
38,SDC-VD0518684A,item:001893,180.0
38,SDC-VD0519670A,item:001848,177.291127
38,SDC-VD0519670A,item:029313,179.935587
38,SDC-VD0520115A,item:708073,171.627318
38,SDC-VD0520132A,item:038005,111.213824
38,SDC-VD0520132A,item:049371,173.541991
38,SDC-VD0525412A,item:333362,0.0
38,SDC-VD0901566A,item:338928,0.0
38,SDC-VD0910216A,item:001893,162.843801
38,SDC-VD0910216A,item:002612,176.474836
38,SDC-VD0914320A,item:055703,179.845798
38,SDC-VD0914360C,item:338929,0.0
38,SDC-VD0914690A,item:042342,0.0
38,SDC-VD0949099A,item:021081,0.0
38,SDC-VD0951020A,item:001757,175.352869
38,SDC-VD0951020A,item:001848,180.0
38,SDC-VD0960508A,item:021081,0.0
38,SDC-VD0964290A,item:055703,180.0
38,SDC-VD0972460A,item:021081,0.0
38,SDC-VD0975221A,item:021081,0.0
38,SDC-VD0989480A,item:426331,162.548125
38,SDC-VD0990780A,item:002612,180.0
38,SDC-VD0993480A,item:344135,0.0
38,SDC-VD1091642A,item:001893,180.0
38,SDC-VD1091642A,item:002612,180.0
38,SDC-VD1095770A,item:734545,172.85341
38,SDC-VD1096202A,item:039668,179.929497
39,SDC-1450,item:007923,0.0
39,SDC-1450,item:021081,491684.410875
39,SDC-1450,item:693055,0.0
39,SDC-1450,item:773474,0.0
39,SDC-VD0500655A,item:002612,180.0
39,SDC-VD0505677A,item:099439,176.426623
39,SDC-VD0508918A,item:730384,0.0
39,SDC-VD0514881A,item:016332,178.98405
39,SDC-VD0518684A,item:001893,180.0
39,SDC-VD0519670A,item:001848,177.262199
39,SDC-VD0519670A,item:029313,179.934622
39,SDC-VD0520115A,item:708073,171.627318
39,SDC-VD0520132A,item:038005,111.213824
39,SDC-VD0520132A,item:049371,173.506314
39,SDC-VD0525412A,item:333362,0.0
39,SDC-VD0901566A,item:338928,0.0
39,SDC-VD0910216A,item:001893,162.660594
39,SDC-VD0910216A,item:002612,176.426623
39,SDC-VD0914320A,item:055703,179.84387
39,SDC-VD0914360C,item:338929,0.0
39,SDC-VD0914690A,item:042342,0.0
39,SDC-VD0949099A,item:021081,0.0
39,SDC-VD0951020A,item:001757,175.314299
39,SDC-VD0951020A,item:001848,180.0
39,SDC-VD0960508A,item:021081,0.0
39,SDC-VD0964290A,item:055703,180.0
39,SDC-VD0972460A,item:021081,0.0
39,SDC-VD0975221A,item:021081,0.0
39,SDC-VD0989480A,item:426331,162.286875
39,SDC-VD0990780A,item:002612,180.0
39,SDC-VD0993480A,item:344135,0.0
39,SDC-VD1091642A,item:001893,180.0
39,SDC-VD1091642A,item:002612,180.0
39,SDC-VD1095770A,item:734545,172.85341
39,SDC-VD1096202A,item:039668,179.928532
40,SDC-1450,item:007923,0.0
40,SDC-1450,item:021081,491684.008575
40,SDC-1450,item:693055,0.0
40,SDC-1450,item:773474,0.0
40,SDC-VD0500655A,item:002612,180.0
40,SDC-VD0505677A,item:099439,176.378411
40,SDC-VD0508918A,item:730384,0.0
40,SDC-VD0514881A,item:016332,178.972479
40,SDC-VD0518684A,item:001893,180.0
40,SDC-VD0519670A,item:001848,177.233272
40,SDC-VD0519670A,item:029313,179.933658
40,SDC-VD0520115A,item:708073,171.516434
40,SDC-VD0520132A,item:038005,110.969137
40,SDC-VD0520132A,item:049371,173.470637
40,SDC-VD0525412A,item:333362,0.0
40,SDC-VD0901566A,item:338928,0.0
40,SDC-VD0910216A,item:001893,162.477386
40,SDC-VD0910216A,item:002612,176.378411
40,SDC-VD0914320A,item:055703,179.841941
40,SDC-VD0914360C,item:338929,0.0
40,SDC-VD0914690A,item:042342,0.0
40,SDC-VD0949099A,item:021081,0.0
40,SDC-VD0951020A,item:001757,175.275729
40,SDC-VD0951020A,item:001848,180.0
40,SDC-VD0960508A,item:021081,0.0
40,SDC-VD0964290A,item:055703,180.0
40,SDC-VD0972460A,item:021081,0.0
40,SDC-VD0975221A,item:021081,0.0
40,SDC-VD0989480A,item:426331,162.025625
40,SDC-VD0990780A,item:002612,180.0
40,SDC-VD0993480A,item:344135,0.0
40,SDC-VD1091642A,item:001893,180.0
40,SDC-VD1091642A,item:002612,180.0
40,SDC-VD1095770A,item:734545,172.741548
40,SDC-VD1096202A,item:039668,179.927568
41,SDC-1450,item:007923,0.0
41,SDC-1450,item:021081,491683.606275
41,SDC-1450,item:693055,0.0
41,SDC-1450,item:773474,0.0
41,SDC-VD0500655A,item:002612,180.0
41,SDC-VD0505677A,item:099439,176.330198
41,SDC-VD0508918A,item:730384,0.0
41,SDC-VD0514881A,item:016332,178.960908
41,SDC-VD0518684A,item:001893,180.0
41,SDC-VD0519670A,item:001848,177.204344
41,SDC-VD0519670A,item:029313,179.932694
41,SDC-VD0520115A,item:708073,171.405551
41,SDC-VD0520132A,item:038005,110.724449
41,SDC-VD0520132A,item:049371,173.434959
41,SDC-VD0525412A,item:333362,0.0
41,SDC-VD0901566A,item:338928,0.0
41,SDC-VD0910216A,item:001893,162.294179
41,SDC-VD0910216A,item:002612,176.330198
41,SDC-VD0914320A,item:055703,179.840013
41,SDC-VD0914360C,item:338929,0.0
41,SDC-VD0914690A,item:042342,0.0
41,SDC-VD0949099A,item:021081,0.0
41,SDC-VD0951020A,item:001757,175.237159
41,SDC-VD0951020A,item:001848,180.0
41,SDC-VD0960508A,item:021081,0.0
41,SDC-VD0964290A,item:055703,180.0
41,SDC-VD0972460A,item:021081,0.0
41,SDC-VD0975221A,item:021081,0.0
41,SDC-VD0989480A,item:426331,161.764375
41,SDC-VD0990780A,item:002612,180.0
41,SDC-VD0993480A,item:344135,0.0
41,SDC-VD1091642A,item:001893,180.0
41,SDC-VD1091642A,item:002612,180.0
41,SDC-VD1095770A,item:734545,172.629686
41,SDC-VD1096202A,item:039668,179.926604
42,SDC-1450,item:007923,0.0
42,SDC-1450,item:021081,491683.203975
42,SDC-1450,item:693055,0.0
42,SDC-1450,item:773474,0.0
42,SDC-VD0500655A,item:002612,180.0
42,SDC-VD0505677A,item:099439,176.281986
42,SDC-VD0508918A,item:730384,0.0
42,SDC-VD0514881A,item:016332,178.949337
42,SDC-VD0518684A,item:001893,180.0
42,SDC-VD0519670A,item:001848,177.175417
42,SDC-VD0519670A,item:029313,179.93173
42,SDC-VD0520115A,item:708073,171.405551
42,SDC-VD0520132A,item:038005,110.724449
42,SDC-VD0520132A,item:049371,173.399282
42,SDC-VD0525412A,item:333362,0.0
42,SDC-VD0901566A,item:338928,0.0
42,SDC-VD0910216A,item:001893,162.110971
42,SDC-VD0910216A,item:002612,176.281986
42,SDC-VD0914320A,item:055703,179.838084
42,SDC-VD0914360C,item:338929,0.0
42,SDC-VD0914690A,item:042342,0.0
42,SDC-VD0949099A,item:021081,0.0
42,SDC-VD0951020A,item:001757,175.198589
42,SDC-VD0951020A,item:001848,180.0
42,SDC-VD0960508A,item:021081,0.0
42,SDC-VD0964290A,item:055703,180.0
42,SDC-VD0972460A,item:021081,0.0
42,SDC-VD0975221A,item:021081,0.0
42,SDC-VD0989480A,item:426331,161.503125
42,SDC-VD0990780A,item:002612,180.0
42,SDC-VD0993480A,item:344135,0.0
42,SDC-VD1091642A,item:001893,180.0
42,SDC-VD1091642A,item:002612,180.0
42,SDC-VD1095770A,item:734545,172.629686
42,SDC-VD1096202A,item:039668,179.92564
43,SDC-1450,item:007923,0.0
43,SDC-1450,item:021081,491682.801675
43,SDC-1450,item:693055,0.0
43,SDC-1450,item:773474,0.0
43,SDC-VD0500655A,item:002612,180.0
43,SDC-VD0505677A,item:099439,176.233773
43,SDC-VD0508918A,item:730384,0.0
43,SDC-VD0514881A,item:016332,178.937766
43,SDC-VD0518684A,item:001893,180.0
43,SDC-VD0519670A,item:001848,177.146489
43,SDC-VD0519670A,item:029313,179.930765
43,SDC-VD0520115A,item:708073,171.36859
43,SDC-VD0520132A,item:038005,110.642887
43,SDC-VD0520132A,item:049371,173.363605
43,SDC-VD0525412A,item:333362,0.0
43,SDC-VD0901566A,item:338928,0.0
43,SDC-VD0910216A,item:001893,161.927764
43,SDC-VD0910216A,item:002612,176.233773
43,SDC-VD0914320A,item:055703,179.836156
43,SDC-VD0914360C,item:338929,0.0
43,SDC-VD0914690A,item:042342,0.0
43,SDC-VD0949099A,item:021081,0.0
43,SDC-VD0951020A,item:001757,175.160019
43,SDC-VD0951020A,item:001848,180.0
43,SDC-VD0960508A,item:021081,0.0
43,SDC-VD0964290A,item:055703,180.0
43,SDC-VD0972460A,item:021081,0.0
43,SDC-VD0975221A,item:021081,0.0
43,SDC-VD0989480A,item:426331,161.241875
43,SDC-VD0990780A,item:002612,180.0
43,SDC-VD0993480A,item:344135,0.0
43,SDC-VD1091642A,item:001893,180.0
43,SDC-VD1091642A,item:002612,180.0
43,SDC-VD1095770A,item:734545,172.592398
43,SDC-VD1096202A,item:039668,179.924675
44,SDC-1450,item:007923,0.0
44,SDC-1450,item:021081,491682.399375
44,SDC-1450,item:693055,0.0
44,SDC-1450,item:773474,0.0
44,SDC-VD0500655A,item:002612,180.0
44,SDC-VD0505677A,item:099439,176.185561
44,SDC-VD0508918A,item:730384,0.0
44,SDC-VD0514881A,item:016332,178.926195
44,SDC-VD0518684A,item:001893,180.0
44,SDC-VD0519670A,item:001848,177.117562
44,SDC-VD0519670A,item:029313,179.929801
44,SDC-VD0520115A,item:708073,171.331628
44,SDC-VD0520132A,item:038005,110.561324
44,SDC-VD0520132A,item:049371,173.327928
44,SDC-VD0525412A,item:333362,0.0
44,SDC-VD0901566A,item:338928,0.0
44,SDC-VD0910216A,item:001893,161.744556
44,SDC-VD0910216A,item:002612,176.185561
44,SDC-VD0914320A,item:055703,179.834227
44,SDC-VD0914360C,item:338929,0.0
44,SDC-VD0914690A,item:042342,0.0
44,SDC-VD0949099A,item:021081,0.0
44,SDC-VD0951020A,item:001757,175.121449
44,SDC-VD0951020A,item:001848,180.0
44,SDC-VD0960508A,item:021081,0.0
44,SDC-VD0964290A,item:055703,180.0
44,SDC-VD0972460A,item:021081,0.0
44,SDC-VD0975221A,item:021081,0.0
44,SDC-VD0989480A,item:426331,160.980625
44,SDC-VD0990780A,item:002612,180.0
44,SDC-VD0993480A,item:344135,0.0
44,SDC-VD1091642A,item:001893,180.0
44,SDC-VD1091642A,item:002612,180.0
44,SDC-VD1095770A,item:734545,172.555111
44,SDC-VD1096202A,item:039668,179.923711
45,SDC-1450,item:007923,0.0
45,SDC-1450,item:021081,491681.997075
45,SDC-1450,item:693055,0.0
45,SDC-1450,item:773474,0.0
45,SDC-VD0500655A,item:002612,180.0
45,SDC-VD0505677A,item:099439,176.137348
45,SDC-VD0508918A,item:730384,0.0
45,SDC-VD0514881A,item:016332,178.914624
45,SDC-VD0518684A,item:001893,180.0
45,SDC-VD0519670A,item:001848,177.088634
45,SDC-VD0519670A,item:029313,179.928837
45,SDC-VD0520115A,item:708073,171.331628
45,SDC-VD0520132A,item:038005,110.561324
45,SDC-VD0520132A,item:049371,173.29225
45,SDC-VD0525412A,item:333362,0.0
45,SDC-VD0901566A,item:338928,0.0
45,SDC-VD0910216A,item:001893,161.561349
45,SDC-VD0910216A,item:002612,176.137348
45,SDC-VD0914320A,item:055703,179.832299
45,SDC-VD0914360C,item:338929,0.0
45,SDC-VD0914690A,item:042342,0.0
45,SDC-VD0949099A,item:021081,0.0
45,SDC-VD0951020A,item:001757,175.082879
45,SDC-VD0951020A,item:001848,180.0
45,SDC-VD0960508A,item:021081,0.0
45,SDC-VD0964290A,item:055703,180.0
45,SDC-VD0972460A,item:021081,0.0
45,SDC-VD0975221A,item:021081,0.0
45,SDC-VD0989480A,item:426331,160.719375
45,SDC-VD0990780A,item:002612,180.0
45,SDC-VD0993480A,item:344135,0.0
45,SDC-VD1091642A,item:001893,180.0
45,SDC-VD1091642A,item:002612,180.0
45,SDC-VD1095770A,item:734545,172.555111
45,SDC-VD1096202A,item:039668,179.922747
46,SDC-1450,item:007923,0.0
46,SDC-1450,item:021081,491681.594775
46,SDC-1450,item:693055,0.0
46,SDC-1450,item:773474,0.0
46,SDC-VD0500655A,item:002612,180.0
46,SDC-VD0505677A,item:099439,176.089136
46,SDC-VD0508918A,item:730384,0.0
46,SDC-VD0514881A,item:016332,178.903053
46,SDC-VD0518684A,item:001893,180.0
46,SDC-VD0519670A,item:001848,177.059707
46,SDC-VD0519670A,item:029313,179.927873
46,SDC-VD0520115A,item:708073,171.294667
46,SDC-VD0520132A,item:038005,110.479762
46,SDC-VD0520132A,item:049371,173.256573
46,SDC-VD0525412A,item:333362,0.0
46,SDC-VD0901566A,item:338928,0.0
46,SDC-VD0910216A,item:001893,161.378141
46,SDC-VD0910216A,item:002612,176.089136
46,SDC-VD0914320A,item:055703,179.83037
46,SDC-VD0914360C,item:338929,0.0
46,SDC-VD0914690A,item:042342,0.0
46,SDC-VD0949099A,item:021081,0.0
46,SDC-VD0951020A,item:001757,175.044309
46,SDC-VD0951020A,item:001848,180.0
46,SDC-VD0960508A,item:021081,0.0
46,SDC-VD0964290A,item:055703,180.0
46,SDC-VD0972460A,item:021081,0.0
46,SDC-VD0975221A,item:021081,0.0
46,SDC-VD0989480A,item:426331,160.458125
46,SDC-VD0990780A,item:002612,180.0
46,SDC-VD0993480A,item:344135,0.0
46,SDC-VD1091642A,item:001893,180.0
46,SDC-VD1091642A,item:002612,180.0
46,SDC-VD1095770A,item:734545,172.517823
46,SDC-VD1096202A,item:039668,179.921783
47,SDC-1450,item:007923,0.0
47,SDC-1450,item:021081,491681.192475
47,SDC-1450,item:693055,0.0
47,SDC-1450,item:773474,0.0
47,SDC-VD0500655A,item:002612,180.0
47,SDC-VD0505677A,item:099439,176.040923
47,SDC-VD0508918A,item:730384,0.0
47,SDC-VD0514881A,item:016332,178.891482
47,SDC-VD0518684A,item:001893,180.0
47,SDC-VD0519670A,item:001848,177.030779
47,SDC-VD0519670A,item:029313,179.926908
47,SDC-VD0520115A,item:708073,171.220745
47,SDC-VD0520132A,item:038005,110.316637
47,SDC-VD0520132A,item:049371,173.220896
47,SDC-VD0525412A,item:333362,0.0
47,SDC-VD0901566A,item:338928,0.0
47,SDC-VD0910216A,item:001893,161.194934
47,SDC-VD0910216A,item:002612,176.040923
47,SDC-VD0914320A,item:055703,179.828442
47,SDC-VD0914360C,item:338929,0.0
47,SDC-VD0914690A,item:042342,0.0
47,SDC-VD0949099A,item:021081,0.0
47,SDC-VD0951020A,item:001757,175.005739
47,SDC-VD0951020A,item:001848,180.0
47,SDC-VD0960508A,item:021081,0.0
47,SDC-VD0964290A,item:055703,180.0
47,SDC-VD0972460A,item:021081,0.0
47,SDC-VD0975221A,item:021081,0.0
47,SDC-VD0989480A,item:426331,160.196875
47,SDC-VD0990780A,item:002612,180.0
47,SDC-VD0993480A,item:344135,0.0
47,SDC-VD1091642A,item:001893,180.0
47,SDC-VD1091642A,item:002612,180.0
47,SDC-VD1095770A,item:734545,172.443248
47,SDC-VD1096202A,item:039668,179.920818
48,SDC-1450,item:007923,0.0
48,SDC-1450,item:021081,491680.790175
48,SDC-1450,item:693055,0.0
48,SDC-1450,item:773474,0.0
48,SDC-VD0500655A,item:002612,180.0
48,SDC-VD0505677A,item:099439,176.038125
48,SDC-VD0508918A,item:730384,0.0
48,SDC-VD0514881A,item:016332,178.89081
48,SDC-VD0518684A,item:001893,180.0
48,SDC-VD0519670A,item:001848,177.0291
48,SDC-VD0519670A,item:029313,179.926853
48,SDC-VD0520115A,item:708073,171.146822
48,SDC-VD0520132A,item:038005,110.153512
48,SDC-VD0520132A,item:049371,173.218825
48,SDC-VD0525412A,item:333362,0.0
48,SDC-VD0901566A,item:338928,0.0
48,SDC-VD0910216A,item:001893,161.1843
48,SDC-VD0910216A,item:002612,176.038125
48,SDC-VD0914320A,item:055703,179.82833
48,SDC-VD0914360C,item:338929,0.0
48,SDC-VD0914690A,item:042342,0.0
48,SDC-VD0949099A,item:021081,0.0
48,SDC-VD0951020A,item:001757,175.0035
48,SDC-VD0951020A,item:001848,180.0
48,SDC-VD0960508A,item:021081,0.0
48,SDC-VD0964290A,item:055703,180.0
48,SDC-VD0972460A,item:021081,0.0
48,SDC-VD0975221A,item:021081,0.0
48,SDC-VD0989480A,item:426331,160.181712
48,SDC-VD0990780A,item:002612,180.0
48,SDC-VD0993480A,item:344135,0.0
48,SDC-VD1091642A,item:001893,180.0
48,SDC-VD1091642A,item:002612,180.0
48,SDC-VD1095770A,item:734545,172.368673
48,SDC-VD1096202A,item:039668,179.920763
49,SDC-1450,item:007923,0.0
49,SDC-1450,item:021081,491680.387875
49,SDC-1450,item:693055,0.0
49,SDC-1450,item:773474,0.0
49,SDC-VD0500655A,item:002612,180.0
49,SDC-VD0505677A,item:099439,176.038125
49,SDC-VD0508918A,item:730384,0.0
49,SDC-VD0514881A,item:016332,178.89081
49,SDC-VD0518684A,item:001893,180.0
49,SDC-VD0519670A,item:001848,177.0291
49,SDC-VD0519670A,item:029313,179.926853
49,SDC-VD0520115A,item:708073,171.146822
49,SDC-VD0520132A,item:038005,110.153512
49,SDC-VD0520132A,item:049371,173.218825
49,SDC-VD0525412A,item:333362,0.0
49,SDC-VD0901566A,item:338928,0.0
49,SDC-VD0910216A,item:001893,161.1843
49,SDC-VD0910216A,item:002612,176.038125
49,SDC-VD0914320A,item:055703,179.82833
49,SDC-VD0914360C,item:338929,0.0
49,SDC-VD0914690A,item:042342,0.0
49,SDC-VD0949099A,item:021081,0.0
49,SDC-VD0951020A,item:001757,175.0035
49,SDC-VD0951020A,item:001848,180.0
49,SDC-VD0960508A,item:021081,0.0
49,SDC-VD0964290A,item:055703,180.0
49,SDC-VD0972460A,item:021081,0.0
49,SDC-VD0975221A,item:021081,0.0
49,SDC-VD0989480A,item:426331,160.181712
49,SDC-VD0990780A,item:002612,180.0
49,SDC-VD0993480A,item:344135,0.0
49,SDC-VD1091642A,item:001893,180.0
49,SDC-VD1091642A,item:002612,180.0
49,SDC-VD1095770A,item:734545,172.368673
49,SDC-VD1096202A,item:039668,179.920763
50,SDC-1450,item:007923,0.0
50,SDC-1450,item:021081,491679.985575
50,SDC-1450,item:693055,0.0
50,SDC-1450,item:773474,0.0
50,SDC-VD0500655A,item:002612,180.0
50,SDC-VD0505677A,item:099439,176.038125
50,SDC-VD0508918A,item:730384,0.0
50,SDC-VD0514881A,item:016332,178.89081
50,SDC-VD0518684A,item:001893,180.0
50,SDC-VD0519670A,item:001848,177.0291
50,SDC-VD0519670A,item:029313,179.926853
50,SDC-VD0520115A,item:708073,171.146822
50,SDC-VD0520132A,item:038005,110.153512
50,SDC-VD0520132A,item:049371,173.218825
50,SDC-VD0525412A,item:333362,0.0
50,SDC-VD0901566A,item:338928,0.0
50,SDC-VD0910216A,item:001893,161.1843
50,SDC-VD0910216A,item:002612,176.038125
50,SDC-VD0914320A,item:055703,179.82833
50,SDC-VD0914360C,item:338929,0.0
50,SDC-VD0914690A,item:042342,0.0
50,SDC-VD0949099A,item:021081,0.0
50,SDC-VD0951020A,item:001757,175.0035
50,SDC-VD0951020A,item:001848,180.0
50,SDC-VD0960508A,item:021081,0.0
50,SDC-VD0964290A,item:055703,180.0
50,SDC-VD0972460A,item:021081,0.0
50,SDC-VD0975221A,item:021081,0.0
50,SDC-VD0989480A,item:426331,160.181712
50,SDC-VD0990780A,item:002612,180.0
50,SDC-VD0993480A,item:344135,0.0
50,SDC-VD1091642A,item:001893,180.0
50,SDC-VD1091642A,item:002612,180.0
50,SDC-VD1095770A,item:734545,172.368673
50,SDC-VD1096202A,item:039668,179.920763
51,SDC-1450,item:007923,0.0
51,SDC-1450,item:021081,491679.583275
51,SDC-1450,item:693055,0.0
51,SDC-1450,item:773474,0.0
51,SDC-VD0500655A,item:002612,180.0
51,SDC-VD0505677A,item:099439,176.038125
51,SDC-VD0508918A,item:730384,0.0
51,SDC-VD0514881A,item:016332,178.89081
51,SDC-VD0518684A,item:001893,180.0
51,SDC-VD0519670A,item:001848,177.0291
51,SDC-VD0519670A,item:029313,179.926853
51,SDC-VD0520115A,item:708073,171.109861
51,SDC-VD0520132A,item:038005,110.071949
51,SDC-VD0520132A,item:049371,173.218825
51,SDC-VD0525412A,item:333362,0.0
51,SDC-VD0901566A,item:338928,0.0
51,SDC-VD0910216A,item:001893,161.1843
51,SDC-VD0910216A,item:002612,176.038125
51,SDC-VD0914320A,item:055703,179.82833
51,SDC-VD0914360C,item:338929,0.0
51,SDC-VD0914690A,item:042342,0.0
51,SDC-VD0949099A,item:021081,0.0
51,SDC-VD0951020A,item:001757,175.0035
51,SDC-VD0951020A,item:001848,180.0
51,SDC-VD0960508A,item:021081,0.0
51,SDC-VD0964290A,item:055703,180.0
51,SDC-VD0972460A,item:021081,0.0
51,SDC-VD0975221A,item:021081,0.0
51,SDC-VD0989480A,item:426331,160.181712
51,SDC-VD0990780A,item:002612,180.0
51,SDC-VD0993480A,item:344135,0.0
51,SDC-VD1091642A,item:001893,180.0
51,SDC-VD1091642A,item:002612,180.0
51,SDC-VD1095770A,item:734545,172.331386
51,SDC-VD1096202A,item:039668,179.920763
52,SDC-1450,item:007923,0.0
52,SDC-1450,item:021081,491679.180975
52,SDC-1450,item:693055,0.0
52,SDC-1450,item:773474,0.0
52,SDC-VD0500655A,item:002612,180.0
52,SDC-VD0505677A,item:099439,176.038125
52,SDC-VD0508918A,item:730384,0.0
52,SDC-VD0514881A,item:016332,178.89081
52,SDC-VD0518684A,item:001893,180.0
52,SDC-VD0519670A,item:001848,177.0291
52,SDC-VD0519670A,item:029313,179.926853
52,SDC-VD0520115A,item:708073,171.109861
52,SDC-VD0520132A,item:038005,110.071949
52,SDC-VD0520132A,item:049371,173.218825
52,SDC-VD0525412A,item:333362,0.0
52,SDC-VD0901566A,item:338928,0.0
52,SDC-VD0910216A,item:001893,161.1843
52,SDC-VD0910216A,item:002612,176.038125
52,SDC-VD0914320A,item:055703,179.82833
52,SDC-VD0914360C,item:338929,0.0
52,SDC-VD0914690A,item:042342,0.0
52,SDC-VD0949099A,item:021081,0.0
52,SDC-VD0951020A,item:001757,175.0035
52,SDC-VD0951020A,item:001848,180.0
52,SDC-VD0960508A,item:021081,0.0
52,SDC-VD0964290A,item:055703,180.0
52,SDC-VD0972460A,item:021081,0.0
52,SDC-VD0975221A,item:021081,0.0
52,SDC-VD0989480A,item:426331,160.181712
52,SDC-VD0990780A,item:002612,180.0
52,SDC-VD0993480A,item:344135,0.0
52,SDC-VD1091642A,item:001893,180.0
52,SDC-VD1091642A,item:002612,180.0
52,SDC-VD1095770A,item:734545,172.331386
52,SDC-VD1096202A,item:039668,179.920763
53,SDC-1450,item:007923,0.0
53,SDC-1450,item:021081,491678.778675
53,SDC-1450,item:693055,0.0
53,SDC-1450,item:773474,0.0
53,SDC-VD0500655A,item:002612,180.0
53,SDC-VD0505677A,item:099439,176.038125
53,SDC-VD0508918A,item:730384,0.0
53,SDC-VD0514881A,item:016332,178.89081
53,SDC-VD0518684A,item:001893,180.0
53,SDC-VD0519670A,item:001848,177.0291
53,SDC-VD0519670A,item:029313,179.926853
53,SDC-VD0520115A,item:708073,171.109861
53,SDC-VD0520132A,item:038005,110.071949
53,SDC-VD0520132A,item:049371,173.218825
53,SDC-VD0525412A,item:333362,0.0
53,SDC-VD0901566A,item:338928,0.0
53,SDC-VD0910216A,item:001893,161.1843
53,SDC-VD0910216A,item:002612,176.038125
53,SDC-VD0914320A,item:055703,179.82833
53,SDC-VD0914360C,item:338929,0.0
53,SDC-VD0914690A,item:042342,0.0
53,SDC-VD0949099A,item:021081,0.0
53,SDC-VD0951020A,item:001757,175.0035
53,SDC-VD0951020A,item:001848,180.0
53,SDC-VD0960508A,item:021081,0.0
53,SDC-VD0964290A,item:055703,180.0
53,SDC-VD0972460A,item:021081,0.0
53,SDC-VD0975221A,item:021081,0.0
53,SDC-VD0989480A,item:426331,160.181712
53,SDC-VD0990780A,item:002612,180.0
53,SDC-VD0993480A,item:344135,0.0
53,SDC-VD1091642A,item:001893,180.0
53,SDC-VD1091642A,item:002612,180.0
53,SDC-VD1095770A,item:734545,172.331386
53,SDC-VD1096202A,item:039668,179.920763
54,SDC-1450,item:007923,0.0
54,SDC-1450,item:021081,491678.376375
54,SDC-1450,item:693055,0.0
54,SDC-1450,item:773474,0.0
54,SDC-VD0500655A,item:002612,180.0
54,SDC-VD0505677A,item:099439,176.038125
54,SDC-VD0508918A,item:730384,0.0
54,SDC-VD0514881A,item:016332,178.89081
54,SDC-VD0518684A,item:001893,180.0
54,SDC-VD0519670A,item:001848,177.0291
54,SDC-VD0519670A,item:029313,179.926853
54,SDC-VD0520115A,item:708073,170.998978
54,SDC-VD0520132A,item:038005,109.827262
54,SDC-VD0520132A,item:049371,173.218825
54,SDC-VD0525412A,item:333362,0.0
54,SDC-VD0901566A,item:338928,0.0
54,SDC-VD0910216A,item:001893,161.1843
54,SDC-VD0910216A,item:002612,176.038125
54,SDC-VD0914320A,item:055703,179.82833
54,SDC-VD0914360C,item:338929,0.0
54,SDC-VD0914690A,item:042342,0.0
54,SDC-VD0949099A,item:021081,0.0
54,SDC-VD0951020A,item:001757,175.0035
54,SDC-VD0951020A,item:001848,180.0
54,SDC-VD0960508A,item:021081,0.0
54,SDC-VD0964290A,item:055703,180.0
54,SDC-VD0972460A,item:021081,0.0
54,SDC-VD0975221A,item:021081,0.0
54,SDC-VD0989480A,item:426331,160.181712
54,SDC-VD0990780A,item:002612,180.0
54,SDC-VD0993480A,item:344135,0.0
54,SDC-VD1091642A,item:001893,180.0
54,SDC-VD1091642A,item:002612,180.0
54,SDC-VD1095770A,item:734545,172.219523
54,SDC-VD1096202A,item:039668,179.920763
55,SDC-1450,item:007923,0.0
55,SDC-1450,item:021081,491677.974075
55,SDC-1450,item:693055,0.0
55,SDC-1450,item:773474,0.0
55,SDC-VD0500655A,item:002612,180.0
55,SDC-VD0505677A,item:099439,176.038125
55,SDC-VD0508918A,item:730384,0.0
55,SDC-VD0514881A,item:016332,178.89081
55,SDC-VD0518684A,item:001893,180.0
55,SDC-VD0519670A,item:001848,177.0291
55,SDC-VD0519670A,item:029313,179.926853
55,SDC-VD0520115A,item:708073,170.998978
55,SDC-VD0520132A,item:038005,109.827262
55,SDC-VD0520132A,item:049371,173.218825
55,SDC-VD0525412A,item:333362,0.0
55,SDC-VD0901566A,item:338928,0.0
55,SDC-VD0910216A,item:001893,161.1843
55,SDC-VD0910216A,item:002612,176.038125
55,SDC-VD0914320A,item:055703,179.82833
55,SDC-VD0914360C,item:338929,0.0
55,SDC-VD0914690A,item:042342,0.0
55,SDC-VD0949099A,item:021081,0.0
55,SDC-VD0951020A,item:001757,175.0035
55,SDC-VD0951020A,item:001848,180.0
55,SDC-VD0960508A,item:021081,0.0
55,SDC-VD0964290A,item:055703,180.0
55,SDC-VD0972460A,item:021081,0.0
55,SDC-VD0975221A,item:021081,0.0
55,SDC-VD0989480A,item:426331,160.181712
55,SDC-VD0990780A,item:002612,180.0
55,SDC-VD0993480A,item:344135,0.0
55,SDC-VD1091642A,item:001893,180.0
55,SDC-VD1091642A,item:002612,180.0
55,SDC-VD1095770A,item:734545,172.219523
55,SDC-VD1096202A,item:039668,179.920763
56,SDC-1450,item:007923,0.0
56,SDC-1450,item:021081,491677.571775
56,SDC-1450,item:693055,0.0
56,SDC-1450,item:773474,0.0
56,SDC-VD0500655A,item:002612,180.0
56,SDC-VD0505677A,item:099439,176.038125
56,SDC-VD0508918A,item:730384,0.0
56,SDC-VD0514881A,item:016332,178.89081
56,SDC-VD0518684A,item:001893,180.0
56,SDC-VD0519670A,item:001848,177.0291
56,SDC-VD0519670A,item:029313,179.926853
56,SDC-VD0520115A,item:708073,170.962016
56,SDC-VD0520132A,item:038005,109.745699
56,SDC-VD0520132A,item:049371,173.218825
56,SDC-VD0525412A,item:333362,0.0
56,SDC-VD0901566A,item:338928,0.0
56,SDC-VD0910216A,item:001893,161.1843
56,SDC-VD0910216A,item:002612,176.038125
56,SDC-VD0914320A,item:055703,179.82833
56,SDC-VD0914360C,item:338929,0.0
56,SDC-VD0914690A,item:042342,0.0
56,SDC-VD0949099A,item:021081,0.0
56,SDC-VD0951020A,item:001757,175.0035
56,SDC-VD0951020A,item:001848,180.0
56,SDC-VD0960508A,item:021081,0.0
56,SDC-VD0964290A,item:055703,180.0
56,SDC-VD0972460A,item:021081,0.0
56,SDC-VD0975221A,item:021081,0.0
56,SDC-VD0989480A,item:426331,160.181712
56,SDC-VD0990780A,item:002612,180.0
56,SDC-VD0993480A,item:344135,0.0
56,SDC-VD1091642A,item:001893,180.0
56,SDC-VD1091642A,item:002612,180.0
56,SDC-VD1095770A,item:734545,172.182236
56,SDC-VD1096202A,item:039668,179.920763
57,SDC-1450,item:007923,0.0
57,SDC-1450,item:021081,491677.169475
57,SDC-1450,item:693055,0.0
57,SDC-1450,item:773474,0.0
57,SDC-VD0500655A,item:002612,180.0
57,SDC-VD0505677A,item:099439,176.038125
57,SDC-VD0508918A,item:730384,0.0
57,SDC-VD0514881A,item:016332,178.89081
57,SDC-VD0518684A,item:001893,180.0
57,SDC-VD0519670A,item:001848,177.0291
57,SDC-VD0519670A,item:029313,179.926853
57,SDC-VD0520115A,item:708073,170.888094
57,SDC-VD0520132A,item:038005,109.582574
57,SDC-VD0520132A,item:049371,173.218825
57,SDC-VD0525412A,item:333362,0.0
57,SDC-VD0901566A,item:338928,0.0
57,SDC-VD0910216A,item:001893,161.1843
57,SDC-VD0910216A,item:002612,176.038125
57,SDC-VD0914320A,item:055703,179.82833
57,SDC-VD0914360C,item:338929,0.0
57,SDC-VD0914690A,item:042342,0.0
57,SDC-VD0949099A,item:021081,0.0
57,SDC-VD0951020A,item:001757,175.0035
57,SDC-VD0951020A,item:001848,180.0
57,SDC-VD0960508A,item:021081,0.0
57,SDC-VD0964290A,item:055703,180.0
57,SDC-VD0972460A,item:021081,0.0
57,SDC-VD0975221A,item:021081,0.0
57,SDC-VD0989480A,item:426331,160.181712
57,SDC-VD0990780A,item:002612,180.0
57,SDC-VD0993480A,item:344135,0.0
57,SDC-VD1091642A,item:001893,180.0
57,SDC-VD1091642A,item:002612,180.0
57,SDC-VD1095770A,item:734545,172.107661
57,SDC-VD1096202A,item:039668,179.920763
58,SDC-1450,item:007923,0.0
58,SDC-1450,item:021081,491676.767175
58,SDC-1450,item:693055,0.0
58,SDC-1450,item:773474,0.0
58,SDC-VD0500655A,item:002612,180.0
58,SDC-VD0505677A,item:099439,176.038125
58,SDC-VD0508918A,item:730384,0.0
58,SDC-VD0514881A,item:016332,178.89081
58,SDC-VD0518684A,item:001893,180.0
58,SDC-VD0519670A,item:001848,177.0291
58,SDC-VD0519670A,item:029313,179.926853
58,SDC-VD0520115A,item:708073,170.851133
58,SDC-VD0520132A,item:038005,109.501012
58,SDC-VD0520132A,item:049371,173.218825
58,SDC-VD0525412A,item:333362,0.0
58,SDC-VD0901566A,item:338928,0.0
58,SDC-VD0910216A,item:001893,161.1843
58,SDC-VD0910216A,item:002612,176.038125
58,SDC-VD0914320A,item:055703,179.82833
58,SDC-VD0914360C,item:338929,0.0
58,SDC-VD0914690A,item:042342,0.0
58,SDC-VD0949099A,item:021081,0.0
58,SDC-VD0951020A,item:001757,175.0035
58,SDC-VD0951020A,item:001848,180.0
58,SDC-VD0960508A,item:021081,0.0
58,SDC-VD0964290A,item:055703,180.0
58,SDC-VD0972460A,item:021081,0.0
58,SDC-VD0975221A,item:021081,0.0
58,SDC-VD0989480A,item:426331,160.181712
58,SDC-VD0990780A,item:002612,180.0
58,SDC-VD0993480A,item:344135,0.0
58,SDC-VD1091642A,item:001893,180.0
58,SDC-VD1091642A,item:002612,180.0
58,SDC-VD1095770A,item:734545,172.070373
58,SDC-VD1096202A,item:039668,179.920763
59,SDC-1450,item:007923,0.0
59,SDC-1450,item:021081,491676.364875
59,SDC-1450,item:693055,0.0
59,SDC-1450,item:773474,0.0
59,SDC-VD0500655A,item:002612,180.0
59,SDC-VD0505677A,item:099439,176.038125
59,SDC-VD0508918A,item:730384,0.0
59,SDC-VD0514881A,item:016332,178.89081
59,SDC-VD0518684A,item:001893,180.0
59,SDC-VD0519670A,item:001848,177.0291
59,SDC-VD0519670A,item:029313,179.926853
59,SDC-VD0520115A,item:708073,170.75772
59,SDC-VD0520132A,item:038005,109.294877
59,SDC-VD0520132A,item:049371,173.218825
59,SDC-VD0525412A,item:333362,0.0
59,SDC-VD0901566A,item:338928,0.0
59,SDC-VD0910216A,item:001893,161.1843
59,SDC-VD0910216A,item:002612,176.038125
59,SDC-VD0914320A,item:055703,179.82833
59,SDC-VD0914360C,item:338929,0.0
59,SDC-VD0914690A,item:042342,0.0
59,SDC-VD0949099A,item:021081,0.0
59,SDC-VD0951020A,item:001757,175.0035
59,SDC-VD0951020A,item:001848,180.0
59,SDC-VD0960508A,item:021081,0.0
59,SDC-VD0964290A,item:055703,180.0
59,SDC-VD0972460A,item:021081,0.0
59,SDC-VD0975221A,item:021081,0.0
59,SDC-VD0989480A,item:426331,160.181712
59,SDC-VD0990780A,item:002612,180.0
59,SDC-VD0993480A,item:344135,0.0
59,SDC-VD1091642A,item:001893,180.0
59,SDC-VD1091642A,item:002612,180.0
59,SDC-VD1095770A,item:734545,171.976136
59,SDC-VD1096202A,item:039668,179.920763
