day,node_id,item_id,demand_qty,required_with_backlog_qty,served_qty,backlog_end_qty,available_before_service_qty
0,C-XXXXX,item:268967,2562.857143,2562.857143,0.0,2562.857143,0.0
0,C-XXXXX,item:268091,1900.0,1900.0,0.0,1900.0,0.0
1,C-XXXXX,item:268967,3090.551021,5653.408164,0.0,5653.408164,0.0
1,C-XXXXX,item:268091,2357.530612,4257.530612,4257.530612,0.0,50919.000002
2,C-XXXXX,item:268967,3618.244898,9271.653062,9271.653062,0.0,64299.857146
2,C-XXXXX,item:268091,2815.061225,2815.061225,2815.061225,0.0,54484.857145
3,C-XXXXX,item:268967,4145.938776,4145.938776,4145.938776,0.0,72968.204085
3,C-XXXXX,item:268091,3272.591837,3272.591837,3272.591837,0.0,51669.79592
4,C-XXXXX,item:268967,4673.632653,4673.632653,4673.632653,0.0,68822.26531
4,C-XXXXX,item:268091,3730.122449,3730.122449,3730.122449,0.0,56678.122451
5,C-XXXXX,item:268967,5201.326531,5201.326531,5201.326531,0.0,68165.000003
5,C-XXXXX,item:268091,4187.653061,4187.653061,4187.653061,0.0,70882.428574
6,C-XXXXX,item:268967,5729.020408,5729.020408,5729.020408,0.0,62963.673472
6,C-XXXXX,item:268091,4645.183674,4645.183674,4645.183674,0.0,66694.775513
7,C-XXXXX,item:268967,6256.714286,6256.714286,6256.714286,0.0,67089.551024
7,C-XXXXX,item:268091,5102.714286,5102.714286,5102.714286,0.0,71703.102043
8,C-XXXXX,item:268967,5958.591837,5958.591837,5958.591837,0.0,73949.571432
8,C-XXXXX,item:268091,5426.020408,5426.020408,5426.020408,0.0,76711.428574
9,C-XXXXX,item:268967,5660.469388,5660.469388,5660.469388,0.0,81635.408167
9,C-XXXXX,item:268091,5749.326531,5749.326531,5749.326531,0.0,81853.979595
10,C-XXXXX,item:268967,5362.346939,5362.346939,5362.346939,0.0,75974.938779
10,C-XXXXX,item:268091,6072.632653,6072.632653,6072.632653,0.0,88099.673472
11,C-XXXXX,item:268967,5064.22449,5064.22449,5064.22449,0.0,73884.224493
11,C-XXXXX,item:268091,6395.938776,6395.938776,6395.938776,0.0,82027.040819
12,C-XXXXX,item:268967,4766.102041,4766.102041,4766.102041,0.0,68820.000003
12,C-XXXXX,item:268091,6719.244898,6719.244898,6719.244898,0.0,88272.734696
13,C-XXXXX,item:268967,4467.979592,4467.979592,4467.979592,0.0,65834.91837
13,C-XXXXX,item:268091,7042.551021,7042.551021,7042.551021,0.0,106836.755105
14,C-XXXXX,item:268967,4169.857143,4169.857143,4169.857143,0.0,62257.448982
14,C-XXXXX,item:268091,7365.857143,7365.857143,7365.857143,0.0,113082.448982
15,C-XXXXX,item:268967,4132.530612,4132.530612,4132.530612,0.0,58381.857145
15,C-XXXXX,item:268091,7980.979592,7980.979592,7980.979592,0.0,133263.000003
16,C-XXXXX,item:268967,4095.204082,4095.204082,4095.204082,0.0,54249.326533
16,C-XXXXX,item:268091,8596.102041,8596.102041,8596.102041,0.0,125282.020411
17,C-XXXXX,item:268967,4057.877551,4057.877551,4057.877551,0.0,53760.224492
17,C-XXXXX,item:268091,9211.22449,9211.22449,9211.22449,0.0,139202.142859
18,C-XXXXX,item:268967,4020.551021,4020.551021,4020.551021,0.0,53995.979595
18,C-XXXXX,item:268091,9826.346939,9826.346939,9826.346939,0.0,129990.918369
19,C-XXXXX,item:268967,3983.22449,3983.22449,3983.22449,0.0,54785.734696
19,C-XXXXX,item:268091,10441.469388,10441.469388,10441.469388,0.0,132345.367348
20,C-XXXXX,item:268967,3945.89796,3945.89796,3945.89796,0.0,60311.142859
20,C-XXXXX,item:268091,11056.591837,11056.591837,11056.591837,0.0,134699.816327
21,C-XXXXX,item:268967,3908.571429,3908.571429,3908.571429,0.0,56365.244899
21,C-XXXXX,item:268091,11671.714286,11671.714286,11671.714286,0.0,137054.265306
22,C-XXXXX,item:268967,4053.387755,4053.387755,4053.387755,0.0,57155.000001
22,C-XXXXX,item:268091,11480.816327,11480.816327,11480.816327,0.0,143120.571432
23,C-XXXXX,item:268967,4198.204082,4198.204082,4198.204082,0.0,57762.612246
23,C-XXXXX,item:268091,11289.918367,11289.918367,11289.918367,0.0,151923.183677
24,C-XXXXX,item:268967,4343.020408,4343.020408,4343.020408,0.0,57544.081633
24,C-XXXXX,item:268091,11099.020408,11099.020408,11099.020408,0.0,149441.510207
25,C-XXXXX,item:268967,4487.836735,4487.836735,4487.836735,0.0,57325.551021
25,C-XXXXX,item:268091,10908.122449,10908.122449,10908.122449,0.0,146959.836736
26,C-XXXXX,item:268967,4632.653061,4632.653061,4632.653061,0.0,57107.020408
26,C-XXXXX,item:268091,10717.22449,10717.22449,10717.22449,0.0,152713.714284
27,C-XXXXX,item:268967,4777.469388,4777.469388,4777.469388,0.0,58197.061225
27,C-XXXXX,item:268091,10526.32653,10526.32653,10526.32653,0.0,150041.142854
28,C-XXXXX,item:268967,4922.285714,4922.285714,4922.285714,0.0,60079.673468
28,C-XXXXX,item:268091,10335.428571,10335.428571,10335.428571,0.0,139514.816324
29,C-XXXXX,item:268967,4766.938775,4766.938775,4766.938775,0.0,61962.285712
29,C-XXXXX,item:268091,10208.163265,10208.163265,10208.163265,0.0,137033.142853
30,C-XXXXX,item:268967,4611.591837,4611.591837,4611.591837,0.0,64145.061221
30,C-XXXXX,item:268091,10080.897959,10080.897959,10080.897959,0.0,134487.836729
31,C-XXXXX,item:268967,4456.244898,4456.244898,4456.244898,0.0,62125.551017
31,C-XXXXX,item:268091,9953.632653,9953.632653,9953.632653,0.0,141132.571426
32,C-XXXXX,item:268967,4300.897959,4300.897959,4300.897959,0.0,60703.469387
32,C-XXXXX,item:268091,9826.367347,9826.367347,9826.367347,0.0,131178.938773
33,C-XXXXX,item:268967,4145.55102,4145.55102,4145.55102,0.0,62788.673469
33,C-XXXXX,item:268091,9699.102041,9699.102041,9699.102041,0.0,129524.489795
34,C-XXXXX,item:268967,3990.204082,3990.204082,3990.204082,0.0,64873.877551
34,C-XXXXX,item:268091,9571.836735,9571.836735,9571.836735,0.0,127870.040817
35,C-XXXXX,item:268967,3834.857143,3834.857143,3834.857143,0.0,66959.081632
35,C-XXXXX,item:268091,9444.571429,9444.571429,9444.571429,0.0,126215.591839
36,C-XXXXX,item:268967,4265.897959,4265.897959,4265.897959,0.0,69044.285714
36,C-XXXXX,item:268091,9103.959184,9103.959184,9103.959184,0.0,124561.142861
37,C-XXXXX,item:268967,4696.938776,4696.938776,4696.938776,0.0,70543.102041
37,C-XXXXX,item:268091,8763.346939,8763.346939,8763.346939,0.0,127455.428576
38,C-XXXXX,item:268967,5127.979592,5127.979592,5127.979592,0.0,70757.061224
38,C-XXXXX,item:268091,8422.734694,8422.734694,8422.734694,0.0,118692.081637
39,C-XXXXX,item:268967,5559.020408,5559.020408,5559.020408,0.0,70971.020408
39,C-XXXXX,item:268091,8082.122449,8082.122449,8082.122449,0.0,116706.122449
40,C-XXXXX,item:268967,5990.061224,5990.061224,5990.061224,0.0,71184.979592
40,C-XXXXX,item:268091,7741.510204,7741.510204,7741.510204,0.0,121844.163265
41,C-XXXXX,item:268967,6421.102041,6421.102041,6421.102041,0.0,71836.22449
41,C-XXXXX,item:268091,7400.897959,7400.897959,7400.897959,0.0,139521.142856
42,C-XXXXX,item:268967,6852.142857,6852.142857,6852.142857,0.0,65415.122449
42,C-XXXXX,item:268091,7060.285714,7060.285714,7060.285714,0.0,132120.244897
43,C-XXXXX,item:268967,6513.244898,6513.244898,6513.244898,0.0,83043.285713
43,C-XXXXX,item:268091,8086.244898,8086.244898,8086.244898,0.0,137258.285713
44,C-XXXXX,item:268967,6174.346939,6174.346939,6174.346939,0.0,89416.7551
44,C-XXXXX,item:268091,9112.204081,9112.204081,9112.204081,0.0,129172.040815
45,C-XXXXX,item:268967,5835.44898,5835.44898,5835.44898,0.0,83242.408161
45,C-XXXXX,item:268091,10138.163265,10138.163265,10138.163265,0.0,146536.938774
46,C-XXXXX,item:268967,5496.55102,5496.55102,5496.55102,0.0,81696.285714
46,C-XXXXX,item:268091,11164.122449,11164.122449,11164.122449,0.0,136398.775508
47,C-XXXXX,item:268967,5157.653061,5157.653061,5157.653061,0.0,76199.734694
47,C-XXXXX,item:268091,12190.081633,12190.081633,12190.081633,0.0,157551.30612
48,C-XXXXX,item:268967,4818.755102,4818.755102,4818.755102,0.0,72992.632655
48,C-XXXXX,item:268091,13216.040816,13216.040816,13216.040816,0.0,163058.489793
49,C-XXXXX,item:268967,4479.857143,4479.857143,4479.857143,0.0,73038.102043
49,C-XXXXX,item:268091,14242.0,14242.0,14242.0,0.0,188314.85714
50,C-XXXXX,item:268967,4776.836735,4776.836735,4776.836735,0.0,73083.571431
50,C-XXXXX,item:268091,14149.346939,14149.346939,14149.346939,0.0,174072.85714
51,C-XXXXX,item:268967,5073.816327,5073.816327,5073.816327,0.0,72493.163268
51,C-XXXXX,item:268091,14056.693877,14056.693877,14056.693877,0.0,185238.653061
52,C-XXXXX,item:268967,5370.795919,5370.795919,5370.795919,0.0,71742.326533
52,C-XXXXX,item:268091,13964.040816,13964.040816,13964.040816,0.0,184034.163265
53,C-XXXXX,item:268967,5667.77551,5667.77551,5667.77551,0.0,70991.489798
53,C-XXXXX,item:268091,13871.387755,13871.387755,13871.387755,0.0,170070.122448
54,C-XXXXX,item:268967,5964.755102,5964.755102,5964.755102,0.0,79348.857146
54,C-XXXXX,item:268091,13778.734694,13778.734694,13778.734694,0.0,181625.183671
55,C-XXXXX,item:268967,6261.734694,6261.734694,6261.734694,0.0,73384.102044
55,C-XXXXX,item:268091,13686.081632,13686.081632,13686.081632,0.0,180420.693874
56,C-XXXXX,item:268967,6558.714286,6558.714286,6558.714286,0.0,77244.836738
56,C-XXXXX,item:268091,13593.428571,13593.428571,13593.428571,0.0,179216.204078
57,C-XXXXX,item:268967,6196.897959,6196.897959,6196.897959,0.0,81105.571432
57,C-XXXXX,item:268091,13269.510204,13269.510204,13269.510204,0.0,178011.714281
58,C-XXXXX,item:268967,5835.081633,5835.081633,5835.081633,0.0,85625.102045
58,C-XXXXX,item:268091,12945.591836,12945.591836,12945.591836,0.0,177038.48979
59,C-XXXXX,item:268967,5473.265306,5473.265306,5473.265306,0.0,80921.489799
59,C-XXXXX,item:268091,12621.673469,12621.673469,12621.673469,0.0,172827.551016
60,C-XXXXX,item:268967,5111.44898,5111.44898,5111.44898,0.0,75448.224493
60,C-XXXXX,item:268091,12297.755102,12297.755102,12297.755102,0.0,168616.612241
61,C-XXXXX,item:268967,4749.632653,4749.632653,4749.632653,0.0,70336.775513
61,C-XXXXX,item:268091,11973.836735,11973.836735,11973.836735,0.0,164405.673466
62,C-XXXXX,item:268967,4387.816327,4387.816327,4387.816327,0.0,67424.102043
62,C-XXXXX,item:268091,11649.918367,11649.918367,11649.918367,0.0,160194.734691
63,C-XXXXX,item:268967,4026.0,4026.0,4026.0,0.0,63444.12245
63,C-XXXXX,item:268091,11326.0,11326.0,11326.0,0.0,155983.795917
64,C-XXXXX,item:268967,4333.836735,4333.836735,4333.836735,0.0,67799.857144
64,C-XXXXX,item:268091,11073.306122,11073.306122,11073.306122,0.0,151772.857142
65,C-XXXXX,item:268967,4641.673469,4641.673469,4641.673469,0.0,63466.020409
65,C-XXXXX,item:268091,10820.612245,10820.612245,10820.612245,0.0,147490.693878
66,C-XXXXX,item:268967,4949.510204,4949.510204,4949.510204,0.0,63808.612246
66,C-XXXXX,item:268091,10567.918367,10567.918367,10567.918367,0.0,144205.673469
67,C-XXXXX,item:268967,5257.346939,5257.346939,5257.346939,0.0,67799.346939
67,C-XXXXX,item:268091,10315.22449,10315.22449,10315.22449,0.0,140920.653061
68,C-XXXXX,item:268967,5565.183674,5565.183674,5565.183674,0.0,68141.938775
68,C-XXXXX,item:268091,10062.530612,10062.530612,10062.530612,0.0,137635.632652
69,C-XXXXX,item:268967,5873.020408,5873.020408,5873.020408,0.0,68484.530611
69,C-XXXXX,item:268091,9809.836735,9809.836735,9809.836735,0.0,137162.897959
70,C-XXXXX,item:268967,6180.857143,6180.857143,6180.857143,0.0,72039.551022
70,C-XXXXX,item:268091,9557.142857,9557.142857,9557.142857,0.0,137676.448979
71,C-XXXXX,item:268967,5965.938776,5965.938776,5965.938776,0.0,76041.428573
71,C-XXXXX,item:268091,9847.102041,9847.102041,9847.102041,0.0,128119.306122
72,C-XXXXX,item:268967,5751.020408,5751.020408,5751.020408,0.0,80566.061226
72,C-XXXXX,item:268091,10137.061224,10137.061224,10137.061224,0.0,128090.204082
73,C-XXXXX,item:268967,5536.102041,5536.102041,5536.102041,0.0,77772.12245
73,C-XXXXX,item:268091,10427.020408,10427.020408,10427.020408,0.0,117953.142857
74,C-XXXXX,item:268967,5321.183673,5321.183673,5321.183673,0.0,72236.020409
74,C-XXXXX,item:268091,10716.979592,10716.979592,10716.979592,0.0,143072.408164
75,C-XXXXX,item:268967,5106.265306,5106.265306,5106.265306,0.0,69442.081633
75,C-XXXXX,item:268091,11006.938776,11006.938776,11006.938776,0.0,132355.428572
76,C-XXXXX,item:268967,4891.346938,4891.346938,4891.346938,0.0,66648.142856
76,C-XXXXX,item:268091,11296.897959,11296.897959,11296.897959,0.0,134811.183674
77,C-XXXXX,item:268967,4676.428571,4676.428571,4676.428571,0.0,66596.367344
77,C-XXXXX,item:268091,11586.857143,11586.857143,11586.857143,0.0,137266.938777
78,C-XXXXX,item:268967,4651.591836,4651.591836,4651.591836,0.0,63587.5102
78,C-XXXXX,item:268091,11689.142857,11689.142857,11689.142857,0.0,139722.693879
79,C-XXXXX,item:268967,4626.755102,4626.755102,4626.755102,0.0,58935.918363
79,C-XXXXX,item:268091,11791.428572,11791.428572,11791.428572,0.0,155538.857145
80,C-XXXXX,item:268967,4601.918367,4601.918367,4601.918367,0.0,60495.530608
80,C-XXXXX,item:268091,11893.714286,11893.714286,11893.714286,0.0,152746.428573
81,C-XXXXX,item:268967,4577.081633,4577.081633,4577.081633,0.0,60172.653059
81,C-XXXXX,item:268091,11996.0,11996.0,11996.0,0.0,153186.285716
82,C-XXXXX,item:268967,4552.244898,4552.244898,4552.244898,0.0,64891.857144
82,C-XXXXX,item:268091,12098.285714,12098.285714,12098.285714,0.0,167944.000002
83,C-XXXXX,item:268967,4527.408164,4527.408164,4527.408164,0.0,65051.57143
83,C-XXXXX,item:268091,12200.571429,12200.571429,12200.571429,0.0,155845.714288
84,C-XXXXX,item:268967,4502.571429,4502.571429,4502.571429,0.0,60524.163266
84,C-XXXXX,item:268091,12302.857143,12302.857143,12302.857143,0.0,157175.428573
85,C-XXXXX,item:268967,4550.22449,4550.22449,4550.22449,0.0,65371.000002
85,C-XXXXX,item:268091,11816.265306,11816.265306,11816.265306,0.0,144872.57143
86,C-XXXXX,item:268967,4597.877551,4597.877551,4597.877551,0.0,60820.775512
86,C-XXXXX,item:268091,11329.67347,11329.67347,11329.67347,0.0,146791.163267
87,C-XXXXX,item:268967,4645.530612,4645.530612,4645.530612,0.0,61757.979593
87,C-XXXXX,item:268091,10843.081633,10843.081633,10843.081633,0.0,158615.428574
88,C-XXXXX,item:268967,4693.183674,4693.183674,4693.183674,0.0,62695.183674
88,C-XXXXX,item:268091,10356.489796,10356.489796,10356.489796,0.0,147772.346941
89,C-XXXXX,item:268967,4740.836735,4740.836735,4740.836735,0.0,63632.387754
89,C-XXXXX,item:268091,9869.897959,9869.897959,9869.897959,0.0,137415.857145
90,C-XXXXX,item:268967,4788.489796,4788.489796,4788.489796,0.0,64569.591835
90,C-XXXXX,item:268091,9383.306123,9383.306123,9383.306123,0.0,131090.163268
91,C-XXXXX,item:268967,4836.142857,4836.142857,4836.142857,0.0,65554.448977
91,C-XXXXX,item:268091,8896.714286,8896.714286,8896.714286,0.0,128795.265309
92,C-XXXXX,item:268967,4929.183673,4929.183673,4929.183673,0.0,66443.999997
92,C-XXXXX,item:268091,8590.183674,8590.183674,8590.183674,0.0,122469.571432
93,C-XXXXX,item:268967,5022.22449,5022.22449,5022.22449,0.0,67335.816323
93,C-XXXXX,item:268091,8283.653061,8283.653061,8283.653061,0.0,115963.81633
94,C-XXXXX,item:268967,5115.265306,5115.265306,5115.265306,0.0,62313.591833
94,C-XXXXX,item:268091,7977.122449,7977.122449,7977.122449,0.0,111978.918371
95,C-XXXXX,item:268967,5208.306122,5208.306122,5208.306122,0.0,65195.877548
95,C-XXXXX,item:268091,7670.591837,7670.591837,7670.591837,0.0,121937.285715
96,C-XXXXX,item:268967,5301.346938,5301.346938,5301.346938,0.0,66405.40816
96,C-XXXXX,item:268091,7364.061225,7364.061225,7364.061225,0.0,114266.693878
97,C-XXXXX,item:268967,5394.387755,5394.387755,5394.387755,0.0,67614.938772
97,C-XXXXX,item:268091,7057.530612,7057.530612,7057.530612,0.0,118707.653061
98,C-XXXXX,item:268967,5487.428571,5487.428571,5487.428571,0.0,68824.469383
98,C-XXXXX,item:268091,6751.0,6751.0,6751.0,0.0,123148.612245
99,C-XXXXX,item:268967,4703.510204,4703.510204,4703.510204,0.0,70033.999995
99,C-XXXXX,item:268091,7648.163265,7648.163265,7648.163265,0.0,127589.571428
100,C-XXXXX,item:268967,3919.591836,3919.591836,3919.591836,0.0,72120.48979
100,C-XXXXX,item:268091,8545.326531,8545.326531,8545.326531,0.0,119941.408163
101,C-XXXXX,item:268967,3135.673469,3135.673469,3135.673469,0.0,68200.897954
101,C-XXXXX,item:268091,9442.489796,9442.489796,9442.489796,0.0,131754.42857
102,C-XXXXX,item:268967,2351.755102,2351.755102,2351.755102,0.0,65065.224485
102,C-XXXXX,item:268091,10339.653061,10339.653061,10339.653061,0.0,122311.938774
103,C-XXXXX,item:268967,1567.836735,1567.836735,1567.836735,0.0,62713.469383
103,C-XXXXX,item:268091,11236.816326,11236.816326,11236.816326,0.0,146804.714283
104,C-XXXXX,item:268967,783.918367,783.918367,783.918367,0.0,61145.632648
104,C-XXXXX,item:268091,12133.979592,12133.979592,12133.979592,0.0,135567.897957
105,C-XXXXX,item:268967,0.0,0.0,0.0,0.0,60361.714281
105,C-XXXXX,item:268091,13031.142857,13031.142857,13031.142857,0.0,145181.448978
106,C-XXXXX,item:268967,0.0,0.0,0.0,0.0,60361.714281
106,C-XXXXX,item:268091,12431.469388,12431.469388,12431.469388,0.0,182435.999998
107,C-XXXXX,item:268967,0.0,0.0,0.0,0.0,60361.714281
107,C-XXXXX,item:268091,11831.795918,11831.795918,11831.795918,0.0,170004.53061
108,C-XXXXX,item:268967,0.0,0.0,0.0,0.0,60361.714281
108,C-XXXXX,item:268091,11232.122449,11232.122449,11232.122449,0.0,158172.734692
109,C-XXXXX,item:268967,0.0,0.0,0.0,0.0,60361.714281
109,C-XXXXX,item:268091,10632.448979,10632.448979,10632.448979,0.0,154413.020405
110,C-XXXXX,item:268967,0.0,0.0,0.0,0.0,60361.714281
110,C-XXXXX,item:268091,10032.77551,10032.77551,10032.77551,0.0,146617.265303
111,C-XXXXX,item:268967,0.0,0.0,0.0,0.0,60361.714281
111,C-XXXXX,item:268091,9433.10204,9433.10204,9433.10204,0.0,140458.857138
112,C-XXXXX,item:268967,0.0,0.0,0.0,0.0,60361.714281
112,C-XXXXX,item:268091,8833.428571,8833.428571,8833.428571,0.0,131025.755098
113,C-XXXXX,item:268967,0.0,0.0,0.0,0.0,60361.714281
113,C-XXXXX,item:268091,8181.632653,8181.632653,8181.632653,0.0,123667.999994
114,C-XXXXX,item:268967,0.0,0.0,0.0,0.0,60361.714281
114,C-XXXXX,item:268091,7529.836734,7529.836734,7529.836734,0.0,115486.367341
115,C-XXXXX,item:268967,0.0,0.0,0.0,0.0,60361.714281
115,C-XXXXX,item:268091,6878.040816,6878.040816,6878.040816,0.0,107956.530607
116,C-XXXXX,item:268967,0.0,0.0,0.0,0.0,60361.714281
116,C-XXXXX,item:268091,6226.244898,6226.244898,6226.244898,0.0,101078.489791
117,C-XXXXX,item:268967,0.0,0.0,0.0,0.0,60361.714281
117,C-XXXXX,item:268091,5574.44898,5574.44898,5574.44898,0.0,94852.244893
118,C-XXXXX,item:268967,0.0,0.0,0.0,0.0,60361.714281
118,C-XXXXX,item:268091,4922.653061,4922.653061,4922.653061,0.0,89277.795913
119,C-XXXXX,item:268967,0.0,0.0,0.0,0.0,60361.714281
119,C-XXXXX,item:268091,4270.857143,4270.857143,4270.857143,0.0,84355.142852
120,C-XXXXX,item:268967,0.0,0.0,0.0,0.0,60361.714281
120,C-XXXXX,item:268091,4299.67347,4299.67347,4299.67347,0.0,80084.285709
121,C-XXXXX,item:268967,0.0,0.0,0.0,0.0,60361.714281
121,C-XXXXX,item:268091,4328.489796,4328.489796,4328.489796,0.0,75784.612239
122,C-XXXXX,item:268967,0.0,0.0,0.0,0.0,60361.714281
122,C-XXXXX,item:268091,4357.306123,4357.306123,4357.306123,0.0,71456.122443
123,C-XXXXX,item:268967,0.0,0.0,0.0,0.0,60361.714281
123,C-XXXXX,item:268091,4386.122449,4386.122449,4386.122449,0.0,68918.693881
124,C-XXXXX,item:268967,0.0,0.0,0.0,0.0,60361.714281
124,C-XXXXX,item:268091,4414.938776,4414.938776,4414.938776,0.0,74925.877555
125,C-XXXXX,item:268967,0.0,0.0,0.0,0.0,60361.714281
125,C-XXXXX,item:268091,4443.755102,4443.755102,4443.755102,0.0,80961.877555
126,C-XXXXX,item:268967,0.0,0.0,0.0,0.0,60361.714281
126,C-XXXXX,item:268091,4472.571429,4472.571429,4472.571429,0.0,76518.122452
127,C-XXXXX,item:268967,170.326531,170.326531,170.326531,0.0,60361.714281
127,C-XXXXX,item:268091,5306.040817,5306.040817,5306.040817,0.0,92947.428575
128,C-XXXXX,item:268967,340.653061,340.653061,340.653061,0.0,60191.38775
128,C-XXXXX,item:268091,6139.510204,6139.510204,6139.510204,0.0,98149.959187
129,C-XXXXX,item:268967,510.979592,510.979592,510.979592,0.0,59850.734689
129,C-XXXXX,item:268091,6972.979592,6972.979592,6972.979592,0.0,92010.448983
130,C-XXXXX,item:268967,681.306122,681.306122,681.306122,0.0,59339.755098
130,C-XXXXX,item:268091,7806.44898,7806.44898,7806.44898,0.0,97864.59184
131,C-XXXXX,item:268967,851.632653,851.632653,851.632653,0.0,58658.448975
131,C-XXXXX,item:268091,8639.918368,8639.918368,8639.918368,0.0,101218.326534
132,C-XXXXX,item:268967,1021.959183,1021.959183,1021.959183,0.0,57806.816322
132,C-XXXXX,item:268091,9473.387755,9473.387755,9473.387755,0.0,118232.653064
133,C-XXXXX,item:268967,1192.285714,1192.285714,1192.285714,0.0,56784.857139
133,C-XXXXX,item:268091,10306.857143,10306.857143,10306.857143,0.0,138580.857146
134,C-XXXXX,item:268967,1496.428571,1496.428571,1496.428571,0.0,55592.571425
134,C-XXXXX,item:268091,10309.693878,10309.693878,10309.693878,0.0,128274.000003
135,C-XXXXX,item:268967,1800.571428,1800.571428,1800.571428,0.0,54096.142854
135,C-XXXXX,item:268091,10312.530612,10312.530612,10312.530612,0.0,134125.306125
136,C-XXXXX,item:268967,2104.714285,2104.714285,2104.714285,0.0,52295.571426
136,C-XXXXX,item:268091,10315.367347,10315.367347,10315.367347,0.0,123812.775513
137,C-XXXXX,item:268967,2408.857143,2408.857143,2408.857143,0.0,50190.85714
137,C-XXXXX,item:268091,10318.204082,10318.204082,10318.204082,0.0,135731.91837
138,C-XXXXX,item:268967,2713.0,2713.0,2713.0,0.0,47781.999998
138,C-XXXXX,item:268091,10321.040817,10321.040817,10321.040817,0.0,136535.224492
139,C-XXXXX,item:268967,3017.142857,3017.142857,3017.142857,0.0,45068.999998
139,C-XXXXX,item:268091,10323.877551,10323.877551,10323.877551,0.0,137338.530614
140,C-XXXXX,item:268967,3321.285714,3321.285714,3321.285714,0.0,42051.857141
140,C-XXXXX,item:268091,10326.714286,10326.714286,10326.714286,0.0,138141.836737
141,C-XXXXX,item:268967,2846.816326,2846.816326,2846.816326,0.0,46309.857141
141,C-XXXXX,item:268091,10439.040817,10439.040817,10439.040817,0.0,138945.142859
142,C-XXXXX,item:268967,2372.346939,2372.346939,2372.346939,0.0,43651.18367
142,C-XXXXX,item:268091,10551.367347,10551.367347,10551.367347,0.0,139638.959185
143,C-XXXXX,item:268967,1897.877551,1897.877551,1897.877551,0.0,41278.836731
143,C-XXXXX,item:268091,10663.693878,10663.693878,10663.693878,0.0,138442.34694
144,C-XXXXX,item:268967,1423.408163,1423.408163,1423.408163,0.0,39380.95918
144,C-XXXXX,item:268091,10776.020408,10776.020408,10776.020408,0.0,137245.734694
145,C-XXXXX,item:268967,948.938775,948.938775,948.938775,0.0,37957.551017
145,C-XXXXX,item:268091,10888.346939,10888.346939,10888.346939,0.0,138515.69388
146,C-XXXXX,item:268967,474.469388,474.469388,474.469388,0.0,37008.612242
146,C-XXXXX,item:268091,11000.673469,11000.673469,11000.673469,0.0,127627.346941
147,C-XXXXX,item:268967,0.0,0.0,0.0,0.0,36534.142854
147,C-XXXXX,item:268091,11113.0,11113.0,11113.0,0.0,141436.183675
148,C-XXXXX,item:268967,0.0,0.0,0.0,0.0,36534.142854
148,C-XXXXX,item:268091,10845.77551,10845.77551,10845.77551,0.0,142896.428572
149,C-XXXXX,item:268967,0.0,0.0,0.0,0.0,36534.142854
149,C-XXXXX,item:268091,10578.55102,10578.55102,10578.55102,0.0,144736.22449
150,C-XXXXX,item:268967,0.0,0.0,0.0,0.0,36534.142854
150,C-XXXXX,item:268091,10311.32653,10311.32653,10311.32653,0.0,141262.306122
151,C-XXXXX,item:268967,0.0,0.0,0.0,0.0,36534.142854
151,C-XXXXX,item:268091,10044.102041,10044.102041,10044.102041,0.0,137788.387754
152,C-XXXXX,item:268967,0.0,0.0,0.0,0.0,36534.142854
152,C-XXXXX,item:268091,9776.877551,9776.877551,9776.877551,0.0,134314.469385
153,C-XXXXX,item:268967,0.0,0.0,0.0,0.0,36534.142854
153,C-XXXXX,item:268091,9509.653061,9509.653061,9509.653061,0.0,130840.551017
154,C-XXXXX,item:268967,0.0,0.0,0.0,0.0,36534.142854
154,C-XXXXX,item:268091,9242.428571,9242.428571,9242.428571,0.0,127366.632649
155,C-XXXXX,item:268967,391.734694,391.734694,391.734694,0.0,36534.142854
155,C-XXXXX,item:268091,8915.918367,8915.918367,8915.918367,0.0,129393.999994
156,C-XXXXX,item:268967,783.469388,783.469388,783.469388,0.0,36142.40816
156,C-XXXXX,item:268091,8589.408163,8589.408163,8589.408163,0.0,120478.081627
157,C-XXXXX,item:268967,1175.204082,1175.204082,1175.204082,0.0,66567.285713
157,C-XXXXX,item:268091,8262.897959,8262.897959,8262.897959,0.0,116233.448975
158,C-XXXXX,item:268967,1566.938775,1566.938775,1566.938775,0.0,65392.081631
158,C-XXXXX,item:268091,7936.387755,7936.387755,7936.387755,0.0,111988.816323
159,C-XXXXX,item:268967,1958.673469,1958.673469,1958.673469,0.0,88686.489795
159,C-XXXXX,item:268091,7609.877551,7609.877551,7609.877551,0.0,104052.428568
160,C-XXXXX,item:268967,2350.408163,2350.408163,2350.408163,0.0,111980.897958
160,C-XXXXX,item:268091,7283.367347,7283.367347,7283.367347,0.0,112335.979591
161,C-XXXXX,item:268967,2742.142857,2742.142857,2742.142857,0.0,135275.306121
161,C-XXXXX,item:268091,6956.857143,6956.857143,6956.857143,0.0,114300.204081
162,C-XXXXX,item:268967,5734.142857,5734.142857,5734.142857,0.0,184997.999998
162,C-XXXXX,item:268091,7517.326531,7517.326531,7517.326531,0.0,124859.0
163,C-XXXXX,item:268967,8726.142857,8726.142857,8726.142857,0.0,179263.857141
163,C-XXXXX,item:268091,8077.795918,8077.795918,8077.795918,0.0,117341.673469
164,C-XXXXX,item:268967,11718.142857,11718.142857,11718.142857,0.0,181546.285712
164,C-XXXXX,item:268091,8638.265306,8638.265306,8638.265306,0.0,123236.77551
165,C-XXXXX,item:268967,14710.142857,14710.142857,14710.142857,0.0,169828.142855
165,C-XXXXX,item:268091,9198.734694,9198.734694,9198.734694,0.0,129131.87755
166,C-XXXXX,item:268967,17702.142857,17702.142857,17702.142857,0.0,155117.999998
166,C-XXXXX,item:268091,9759.204082,9759.204082,9759.204082,0.0,135026.97959
167,C-XXXXX,item:268967,20694.142857,20694.142857,20694.142857,0.0,188239.857141
167,C-XXXXX,item:268091,10319.673469,10319.673469,10319.673469,0.0,140922.08163
168,C-XXXXX,item:268967,23686.142857,23686.142857,23686.142857,0.0,227135.857141
168,C-XXXXX,item:268091,10880.142857,10880.142857,10880.142857,0.0,146817.183671
169,C-XXXXX,item:268967,20447.591837,20447.591837,20447.591837,0.0,266031.857141
169,C-XXXXX,item:268091,11241.897959,11241.897959,11241.897959,0.0,152712.285711
170,C-XXXXX,item:268967,17209.040816,17209.040816,17209.040816,0.0,311158.408161
170,C-XXXXX,item:268091,11603.653061,11603.653061,11603.653061,0.0,158806.102037
171,C-XXXXX,item:268967,13970.489796,13970.489796,13970.489796,0.0,293949.367345
171,C-XXXXX,item:268091,11965.408163,11965.408163,11965.408163,0.0,147202.448976
172,C-XXXXX,item:268967,10731.938775,10731.938775,10731.938775,0.0,279978.87755
172,C-XXXXX,item:268091,12327.163265,12327.163265,12327.163265,0.0,154049.448977
173,C-XXXXX,item:268967,7493.387755,7493.387755,7493.387755,0.0,269246.938774
173,C-XXXXX,item:268091,12688.918367,12688.918367,12688.918367,0.0,155188.551017
174,C-XXXXX,item:268967,4254.836734,4254.836734,4254.836734,0.0,261753.551019
174,C-XXXXX,item:268091,13050.673469,13050.673469,13050.673469,0.0,159891.367343
175,C-XXXXX,item:268967,1016.285714,1016.285714,1016.285714,0.0,257498.714285
175,C-XXXXX,item:268091,13412.428571,13412.428571,13412.428571,0.0,164594.183669
176,C-XXXXX,item:268967,942.469388,942.469388,942.469388,0.0,256482.428571
176,C-XXXXX,item:268091,12762.591836,12762.591836,12762.591836,0.0,169296.999995
177,C-XXXXX,item:268967,868.653061,868.653061,868.653061,0.0,255539.959183
177,C-XXXXX,item:268091,12112.755102,12112.755102,12112.755102,0.0,156534.408159
178,C-XXXXX,item:268967,794.836735,794.836735,794.836735,0.0,254671.306122
178,C-XXXXX,item:268091,11462.918367,11462.918367,11462.918367,0.0,169578.571426
179,C-XXXXX,item:268967,721.020408,721.020408,721.020408,0.0,253876.469388
179,C-XXXXX,item:268091,10813.081633,10813.081633,10813.081633,0.0,158115.653059
180,C-XXXXX,item:268967,647.204082,647.204082,647.204082,0.0,253155.448979
180,C-XXXXX,item:268091,10163.244898,10163.244898,10163.244898,0.0,149667.775509
181,C-XXXXX,item:268967,573.387755,573.387755,573.387755,0.0,252508.244897
181,C-XXXXX,item:268091,9513.408164,9513.408164,9513.408164,0.0,141219.89796
182,C-XXXXX,item:268967,499.571429,499.571429,499.571429,0.0,251934.857142
182,C-XXXXX,item:268091,8863.571429,8863.571429,8863.571429,0.0,132772.02041
183,C-XXXXX,item:268967,679.795919,679.795919,679.795919,0.0,251435.285713
183,C-XXXXX,item:268091,9102.163266,9102.163266,9102.163266,0.0,129796.142861
184,C-XXXXX,item:268967,860.020408,860.020408,860.020408,0.0,250755.489794
184,C-XXXXX,item:268091,9340.755102,9340.755102,9340.755102,0.0,126678.836739
185,C-XXXXX,item:268967,1040.244898,1040.244898,1040.244898,0.0,249895.469386
185,C-XXXXX,item:268091,9579.346939,9579.346939,9579.346939,0.0,132460.428575
186,C-XXXXX,item:268967,1220.469388,1220.469388,1220.469388,0.0,248855.224488
186,C-XXXXX,item:268091,9817.938776,9817.938776,9817.938776,0.0,122881.081636
187,C-XXXXX,item:268967,1400.693878,1400.693878,1400.693878,0.0,247634.7551
187,C-XXXXX,item:268091,10056.530613,10056.530613,10056.530613,0.0,124292.918372
188,C-XXXXX,item:268967,1580.918367,1580.918367,1580.918367,0.0,246234.061222
188,C-XXXXX,item:268091,10295.122449,10295.122449,10295.122449,0.0,127394.612249
189,C-XXXXX,item:268967,1761.142857,1761.142857,1761.142857,0.0,244653.142855
189,C-XXXXX,item:268091,10533.714286,10533.714286,10533.714286,0.0,130496.306127
190,C-XXXXX,item:268967,2270.142857,2270.142857,2270.142857,0.0,242891.999998
190,C-XXXXX,item:268091,10057.938776,10057.938776,10057.938776,0.0,147472.000004
191,C-XXXXX,item:268967,2779.142857,2779.142857,2779.142857,0.0,240621.857141
191,C-XXXXX,item:268091,9582.163265,9582.163265,9582.163265,0.0,140811.14286
192,C-XXXXX,item:268967,3288.142857,3288.142857,3288.142857,0.0,237842.714284
192,C-XXXXX,item:268091,9106.387755,9106.387755,9106.387755,0.0,131228.979595
193,C-XXXXX,item:268967,3797.142857,3797.142857,3797.142857,0.0,234554.571427
193,C-XXXXX,item:268091,8630.612245,8630.612245,8630.612245,0.0,122122.591839
194,C-XXXXX,item:268967,4306.142857,4306.142857,4306.142857,0.0,230757.42857
194,C-XXXXX,item:268091,8154.836735,8154.836735,8154.836735,0.0,122667.795918
195,C-XXXXX,item:268967,4815.142857,4815.142857,4815.142857,0.0,226451.285713
195,C-XXXXX,item:268091,7679.061224,7679.061224,7679.061224,0.0,126497.142856
196,C-XXXXX,item:268967,5324.142857,5324.142857,5324.142857,0.0,221636.142856
196,C-XXXXX,item:268091,7203.285714,7203.285714,7203.285714,0.0,130326.489794
197,C-XXXXX,item:268967,6087.612245,6087.612245,6087.612245,0.0,216311.999999
197,C-XXXXX,item:268091,8158.142857,8158.142857,8158.142857,0.0,137077.142854
198,C-XXXXX,item:268967,6851.081632,6851.081632,6851.081632,0.0,210224.387754
198,C-XXXXX,item:268091,9113.0,9113.0,9113.0,0.0,139475.857139
199,C-XXXXX,item:268967,7614.55102,7614.55102,7614.55102,0.0,203373.306122
199,C-XXXXX,item:268091,10067.857143,10067.857143,10067.857143,0.0,130362.857139
200,C-XXXXX,item:268967,8378.020408,8378.020408,8378.020408,0.0,195758.755102
200,C-XXXXX,item:268091,11022.714285,11022.714285,11022.714285,0.0,138534.714283
201,C-XXXXX,item:268967,9141.489796,9141.489796,9141.489796,0.0,187380.734694
201,C-XXXXX,item:268091,11977.571428,11977.571428,11977.571428,0.0,138064.142856
202,C-XXXXX,item:268967,9904.959183,9904.959183,9904.959183,0.0,178239.244898
202,C-XXXXX,item:268091,12932.428571,12932.428571,12932.428571,0.0,142340.428568
203,C-XXXXX,item:268967,10668.428571,10668.428571,10668.428571,0.0,168334.285715
203,C-XXXXX,item:268091,13887.285714,13887.285714,13887.285714,0.0,154753.571425
204,C-XXXXX,item:268967,10406.224489,10406.224489,10406.224489,0.0,157665.857144
204,C-XXXXX,item:268091,13001.612245,13001.612245,13001.612245,0.0,167166.714282
205,C-XXXXX,item:268967,10144.020408,10144.020408,10144.020408,0.0,147259.632655
205,C-XXXXX,item:268091,12115.938775,12115.938775,12115.938775,0.0,181420.387751
206,C-XXXXX,item:268967,9881.816326,9881.816326,9881.816326,0.0,137115.612247
206,C-XXXXX,item:268091,11230.265306,11230.265306,11230.265306,0.0,169906.632651
207,C-XXXXX,item:268967,9619.612245,9619.612245,9619.612245,0.0,132134.469384
207,C-XXXXX,item:268091,10344.591837,10344.591837,10344.591837,0.0,158676.367344
208,C-XXXXX,item:268967,9357.408163,9357.408163,9357.408163,0.0,128725.816323
208,C-XXXXX,item:268091,9458.918368,9458.918368,9458.918368,0.0,148331.775508
209,C-XXXXX,item:268967,9095.204082,9095.204082,9095.204082,0.0,125317.163263
209,C-XXXXX,item:268091,8573.244898,8573.244898,8573.244898,0.0,138872.85714
210,C-XXXXX,item:268967,8833.0,8833.0,8833.0,0.0,121908.510202
210,C-XXXXX,item:268091,7687.571429,7687.571429,7687.571429,0.0,130299.612242
211,C-XXXXX,item:268967,7740.061224,7740.061224,7740.061224,0.0,118499.857142
211,C-XXXXX,item:268091,7156.183674,7156.183674,7156.183674,0.0,122612.040813
212,C-XXXXX,item:268967,6647.122449,6647.122449,6647.122449,0.0,115921.938776
212,C-XXXXX,item:268091,6624.795919,6624.795919,6624.795919,0.0,115455.857139
213,C-XXXXX,item:268967,5554.183673,5554.183673,5554.183673,0.0,109274.816327
213,C-XXXXX,item:268091,6093.408164,6093.408164,6093.408164,0.0,108831.06122
214,C-XXXXX,item:268967,4461.244898,4461.244898,4461.244898,0.0,103720.632653
214,C-XXXXX,item:268091,5562.020408,5562.020408,5562.020408,0.0,102737.653057
215,C-XXXXX,item:268967,3368.306122,3368.306122,3368.306122,0.0,99259.387756
215,C-XXXXX,item:268091,5030.632653,5030.632653,5030.632653,0.0,97175.632648
216,C-XXXXX,item:268967,2275.367347,2275.367347,2275.367347,0.0,95891.081634
216,C-XXXXX,item:268091,4499.244898,4499.244898,4499.244898,0.0,92144.999995
217,C-XXXXX,item:268967,1182.428571,1182.428571,1182.428571,0.0,93615.714287
217,C-XXXXX,item:268091,3967.857143,3967.857143,3967.857143,0.0,87645.755097
218,C-XXXXX,item:268967,1136.163265,1136.163265,1136.163265,0.0,92433.285716
218,C-XXXXX,item:268091,4132.428572,4132.428572,4132.428572,0.0,83677.897954
219,C-XXXXX,item:268967,1089.897959,1089.897959,1089.897959,0.0,91297.122451
219,C-XXXXX,item:268091,4297.0,4297.0,4297.0,0.0,79545.469382
220,C-XXXXX,item:268967,1043.632653,1043.632653,1043.632653,0.0,90207.224492
220,C-XXXXX,item:268091,4461.571429,4461.571429,4461.571429,0.0,75248.469382
221,C-XXXXX,item:268967,997.367347,997.367347,997.367347,0.0,89163.591839
221,C-XXXXX,item:268091,4626.142857,4626.142857,4626.142857,0.0,70786.897953
222,C-XXXXX,item:268967,951.102041,951.102041,951.102041,0.0,88166.224492
222,C-XXXXX,item:268091,4790.714286,4790.714286,4790.714286,0.0,66160.755096
223,C-XXXXX,item:268967,904.836735,904.836735,904.836735,0.0,87215.122451
223,C-XXXXX,item:268091,4955.285714,4955.285714,4955.285714,0.0,64196.428572
224,C-XXXXX,item:268967,858.571429,858.571429,858.571429,0.0,86310.285716
224,C-XXXXX,item:268091,5119.857143,5119.857143,5119.857143,0.0,65375.142858
225,C-XXXXX,item:268967,1220.979592,1220.979592,1220.979592,0.0,85451.714287
225,C-XXXXX,item:268091,5147.183674,5147.183674,5147.183674,0.0,66553.857143
226,C-XXXXX,item:268967,1583.387755,1583.387755,1583.387755,0.0,84230.734695
226,C-XXXXX,item:268091,5174.510204,5174.510204,5174.510204,0.0,79174.0
227,C-XXXXX,item:268967,1945.795918,1945.795918,1945.795918,0.0,82647.34694
227,C-XXXXX,item:268091,5201.836735,5201.836735,5201.836735,0.0,73999.489796
228,C-XXXXX,item:268967,2308.204082,2308.204082,2308.204082,0.0,80701.551021
228,C-XXXXX,item:268091,5229.163265,5229.163265,5229.163265,0.0,80129.163265
229,C-XXXXX,item:268967,2670.612245,2670.612245,2670.612245,0.0,78393.34694
229,C-XXXXX,item:268091,5256.489796,5256.489796,5256.489796,0.0,86258.836735
230,C-XXXXX,item:268967,3033.020408,3033.020408,3033.020408,0.0,75722.734695
230,C-XXXXX,item:268091,5283.816326,5283.816326,5283.816326,0.0,92388.510204
231,C-XXXXX,item:268967,3395.428571,3395.428571,3395.428571,0.0,77960.693877
231,C-XXXXX,item:268091,5311.142857,5311.142857,5311.142857,0.0,98518.183674
232,C-XXXXX,item:268967,4496.32653,4496.32653,4496.32653,0.0,87841.428571
232,C-XXXXX,item:268091,6163.387755,6163.387755,6163.387755,0.0,104647.857143
233,C-XXXXX,item:268967,5597.22449,5597.22449,5597.22449,0.0,96983.673469
233,C-XXXXX,item:268091,7015.632653,7015.632653,7015.632653,0.0,109952.612245
234,C-XXXXX,item:268967,6698.122449,6698.122449,6698.122449,0.0,95796.857143
234,C-XXXXX,item:268091,7867.877551,7867.877551,7867.877551,0.0,113313.22449
235,C-XXXXX,item:268967,7799.020408,7799.020408,7799.020408,0.0,89098.734694
235,C-XXXXX,item:268091,8720.122449,8720.122449,8720.122449,0.0,116673.836735
236,C-XXXXX,item:268967,8899.918367,8899.918367,8899.918367,0.0,85974.693876
236,C-XXXXX,item:268091,9572.367347,9572.367347,9572.367347,0.0,107953.714286
237,C-XXXXX,item:268967,10000.816327,10000.816327,10000.816327,0.0,100286.367347
237,C-XXXXX,item:268091,10424.612245,10424.612245,10424.612245,0.0,111314.326531
238,C-XXXXX,item:268967,11101.714286,11101.714286,11101.714286,0.0,140011.428574
238,C-XXXXX,item:268091,11276.857143,11276.857143,11276.857143,0.0,145944.57143
239,C-XXXXX,item:268967,9594.877551,9594.877551,9594.877551,0.0,155424.000004
239,C-XXXXX,item:268091,11026.44898,11026.44898,11026.44898,0.0,134667.714287
240,C-XXXXX,item:268967,8088.040817,8088.040817,8088.040817,0.0,145829.122453
240,C-XXXXX,item:268091,10776.040816,10776.040816,10776.040816,0.0,146849.551022
241,C-XXXXX,item:268967,6581.204082,6581.204082,6581.204082,0.0,137741.081636
241,C-XXXXX,item:268091,10525.632653,10525.632653,10525.632653,0.0,143594.2449
242,C-XXXXX,item:268967,5074.367347,5074.367347,5074.367347,0.0,131159.877554
242,C-XXXXX,item:268091,10275.22449,10275.22449,10275.22449,0.0,140338.938777
243,C-XXXXX,item:268967,3567.530612,3567.530612,3567.530612,0.0,126085.510207
243,C-XXXXX,item:268091,10024.816327,10024.816327,10024.816327,0.0,137083.632654
244,C-XXXXX,item:268967,2060.693878,2060.693878,2060.693878,0.0,122517.979595
244,C-XXXXX,item:268091,9774.408163,9774.408163,9774.408163,0.0,133828.326531
245,C-XXXXX,item:268967,553.857143,553.857143,553.857143,0.0,120457.285717
245,C-XXXXX,item:268091,9524.0,9524.0,9524.0,0.0,130322.612245
246,C-XXXXX,item:268967,907.591837,907.591837,907.591837,0.0,119903.428574
246,C-XXXXX,item:268091,9462.020408,9462.020408,9462.020408,0.0,127317.714286
247,C-XXXXX,item:268967,1261.326531,1261.326531,1261.326531,0.0,118995.836737
247,C-XXXXX,item:268091,9400.040816,9400.040816,9400.040816,0.0,123873.979592
248,C-XXXXX,item:268967,1615.061225,1615.061225,1615.061225,0.0,117734.510206
248,C-XXXXX,item:268091,9338.061224,9338.061224,9338.061224,0.0,123068.244898
249,C-XXXXX,item:268967,1968.795918,1968.795918,1968.795918,0.0,116119.448982
249,C-XXXXX,item:268091,9276.081633,9276.081633,9276.081633,0.0,132138.857141
250,C-XXXXX,item:268967,2322.530612,2322.530612,2322.530612,0.0,114150.653063
250,C-XXXXX,item:268091,9214.102041,9214.102041,9214.102041,0.0,122862.775508
251,C-XXXXX,item:268967,2676.265306,2676.265306,2676.265306,0.0,111828.122451
251,C-XXXXX,item:268091,9152.122449,9152.122449,9152.122449,0.0,113648.673468
252,C-XXXXX,item:268967,3030.0,3030.0,3030.0,0.0,109151.857145
252,C-XXXXX,item:268091,9090.142857,9090.142857,9090.142857,0.0,124213.30612
253,C-XXXXX,item:268967,3099.979592,3099.979592,3099.979592,0.0,106121.857145
253,C-XXXXX,item:268091,9239.734694,9239.734694,9239.734694,0.0,124888.571426
254,C-XXXXX,item:268967,3169.959184,3169.959184,3169.959184,0.0,103021.877553
254,C-XXXXX,item:268091,9389.32653,9389.32653,9389.32653,0.0,125352.265303
255,C-XXXXX,item:268967,3239.938776,3239.938776,3239.938776,0.0,99851.918369
255,C-XXXXX,item:268091,9538.918367,9538.918367,9538.918367,0.0,129313.673467
256,C-XXXXX,item:268967,3309.918367,3309.918367,3309.918367,0.0,96611.979594
256,C-XXXXX,item:268091,9688.510204,9688.510204,9688.510204,0.0,133275.08163
257,C-XXXXX,item:268967,3379.897959,3379.897959,3379.897959,0.0,93302.061226
257,C-XXXXX,item:268091,9838.102041,9838.102041,9838.102041,0.0,151035.999997
258,C-XXXXX,item:268967,3449.877551,3449.877551,3449.877551,0.0,89922.163267
258,C-XXXXX,item:268091,9987.693877,9987.693877,9987.693877,0.0,141197.897956
259,C-XXXXX,item:268967,3519.857143,3519.857143,3519.857143,0.0,86472.285716
259,C-XXXXX,item:268091,10137.285714,10137.285714,10137.285714,0.0,145159.30612
260,C-XXXXX,item:268967,3901.081633,3901.081633,3901.081633,0.0,82952.428573
260,C-XXXXX,item:268091,10574.979592,10574.979592,10574.979592,0.0,163368.999997
261,C-XXXXX,item:268967,4282.306122,4282.306122,4282.306122,0.0,79051.34694
261,C-XXXXX,item:268091,11012.673469,11012.673469,11012.673469,0.0,161025.285712
262,C-XXXXX,item:268967,4663.530612,4663.530612,4663.530612,0.0,74769.040818
262,C-XXXXX,item:268091,11450.367347,11450.367347,11450.367347,0.0,150012.612243
263,C-XXXXX,item:268967,5044.755102,5044.755102,5044.755102,0.0,70105.510206
263,C-XXXXX,item:268091,11888.061224,11888.061224,11888.061224,0.0,147231.20408
264,C-XXXXX,item:268967,5425.979592,5425.979592,5425.979592,0.0,65060.755104
264,C-XXXXX,item:268091,12325.755102,12325.755102,12325.755102,0.0,148417.08163
265,C-XXXXX,item:268967,5807.204081,5807.204081,5807.204081,0.0,59634.775512
265,C-XXXXX,item:268091,12763.448979,12763.448979,12763.448979,0.0,154107.102038
266,C-XXXXX,item:268967,6188.428571,6188.428571,6188.428571,0.0,70156.510201
266,C-XXXXX,item:268091,13201.142857,13201.142857,13201.142857,0.0,159797.122447
267,C-XXXXX,item:268967,5608.387755,5608.387755,5608.387755,0.0,75112.428567
267,C-XXXXX,item:268091,12428.632653,12428.632653,12428.632653,0.0,165487.142855
268,C-XXXXX,item:268967,5028.346938,5028.346938,5028.346938,0.0,81029.612239
268,C-XXXXX,item:268091,11656.122449,11656.122449,11656.122449,0.0,172387.367345
269,C-XXXXX,item:268967,4448.306122,4448.306122,4448.306122,0.0,76001.265301
269,C-XXXXX,item:268091,10883.612245,10883.612245,10883.612245,0.0,162344.734693
270,C-XXXXX,item:268967,3868.265306,3868.265306,3868.265306,0.0,71552.959179
270,C-XXXXX,item:268091,10111.102041,10111.102041,10111.102041,0.0,152302.102041
271,C-XXXXX,item:268967,3288.22449,3288.22449,3288.22449,0.0,67684.693873
271,C-XXXXX,item:268091,9338.591837,9338.591837,9338.591837,0.0,142259.469389
272,C-XXXXX,item:268967,2708.183673,2708.183673,2708.183673,0.0,64396.469383
272,C-XXXXX,item:268091,8566.081633,8566.081633,8566.081633,0.0,132920.877552
273,C-XXXXX,item:268967,2128.142857,2128.142857,2128.142857,0.0,61688.28571
273,C-XXXXX,item:268091,7793.571429,7793.571429,7793.571429,0.0,124354.795919
274,C-XXXXX,item:268967,2395.32653,2395.32653,2395.32653,0.0,59560.142853
274,C-XXXXX,item:268091,7999.469388,7999.469388,7999.469388,0.0,116561.22449
275,C-XXXXX,item:268967,2662.510204,2662.510204,2662.510204,0.0,57164.816323
275,C-XXXXX,item:268091,8205.367347,8205.367347,8205.367347,0.0,108561.755102
276,C-XXXXX,item:268967,2929.693877,2929.693877,2929.693877,0.0,54502.306119
276,C-XXXXX,item:268091,8411.265306,8411.265306,8411.265306,0.0,110856.857143
277,C-XXXXX,item:268967,3196.877551,3196.877551,3196.877551,0.0,51572.612241
277,C-XXXXX,item:268091,8617.163266,8617.163266,8617.163266,0.0,115789.734698
278,C-XXXXX,item:268967,3464.061224,3464.061224,3464.061224,0.0,48375.734691
278,C-XXXXX,item:268091,8823.061225,8823.061225,8823.061225,0.0,118084.836738
279,C-XXXXX,item:268967,3731.244898,3731.244898,3731.244898,0.0,49203.65306
279,C-XXXXX,item:268091,9028.959184,9028.959184,9028.959184,0.0,131704.000004
280,C-XXXXX,item:268967,3998.428571,3998.428571,3998.428571,0.0,51381.897958
280,C-XXXXX,item:268091,9234.857143,9234.857143,9234.857143,0.0,122675.04082
281,C-XXXXX,item:268967,4080.591836,4080.591836,4080.591836,0.0,53560.142857
281,C-XXXXX,item:268091,9386.244898,9386.244898,9386.244898,0.0,124970.142861
282,C-XXXXX,item:268967,4162.755102,4162.755102,4162.755102,0.0,55923.408164
282,C-XXXXX,item:268091,9537.632653,9537.632653,9537.632653,0.0,127319.755106
283,C-XXXXX,item:268967,4244.918367,4244.918367,4244.918367,0.0,58047.408164
283,C-XXXXX,item:268091,9689.020408,9689.020408,9689.020408,0.0,141124.857146
284,C-XXXXX,item:268967,4327.081633,4327.081633,4327.081633,0.0,66376.0
284,C-XXXXX,item:268091,9840.408164,9840.408164,9840.408164,0.0,131435.836738
285,C-XXXXX,item:268967,4409.244898,4409.244898,4409.244898,0.0,68500.0
285,C-XXXXX,item:268091,9991.795919,9991.795919,9991.795919,0.0,133493.877553
286,C-XXXXX,item:268967,4491.408164,4491.408164,4491.408164,0.0,64090.755102
286,C-XXXXX,item:268091,10143.183674,10143.183674,10143.183674,0.0,135551.918369
287,C-XXXXX,item:268967,4573.571429,4573.571429,4573.571429,0.0,66132.591836
287,C-XXXXX,item:268091,10294.571429,10294.571429,10294.571429,0.0,137609.959185
288,C-XXXXX,item:268967,4794.836735,4794.836735,4794.836735,0.0,68174.428571
288,C-XXXXX,item:268091,10458.816327,10458.816327,10458.816327,0.0,139668.000001
289,C-XXXXX,item:268967,5016.102041,5016.102041,5016.102041,0.0,63379.591836
289,C-XXXXX,item:268091,10623.061225,10623.061225,10623.061225,0.0,141713.183674
290,C-XXXXX,item:268967,5237.367347,5237.367347,5237.367347,0.0,62410.183672
290,C-XXXXX,item:268091,10787.306123,10787.306123,10787.306123,0.0,138619.367347
291,C-XXXXX,item:268967,5458.632653,5458.632653,5458.632653,0.0,73323.142858
291,C-XXXXX,item:268091,10951.55102,10951.55102,10951.55102,0.0,137935.551023
292,C-XXXXX,item:268967,5679.897959,5679.897959,5679.897959,0.0,67864.510205
292,C-XXXXX,item:268091,11115.795918,11115.795918,11115.795918,0.0,140070.734696
293,C-XXXXX,item:268967,5901.163265,5901.163265,5901.163265,0.0,70740.959183
293,C-XXXXX,item:268091,11280.040816,11280.040816,11280.040816,0.0,128954.938777
294,C-XXXXX,item:268967,6122.428571,6122.428571,6122.428571,0.0,73617.408161
294,C-XXXXX,item:268091,11444.285714,11444.285714,11444.285714,0.0,144341.10204
295,C-XXXXX,item:268967,5794.285714,5794.285714,5794.285714,0.0,76715.122445
295,C-XXXXX,item:268091,10861.530612,10861.530612,10861.530612,0.0,146476.285712
296,C-XXXXX,item:268967,5466.142857,5466.142857,5466.142857,0.0,70920.836731
296,C-XXXXX,item:268091,10278.77551,10278.77551,10278.77551,0.0,149358.469384
297,C-XXXXX,item:268967,5138.0,5138.0,5138.0,0.0,66654.979588
297,C-XXXXX,item:268091,9696.020408,9696.020408,9696.020408,0.0,143902.85714
298,C-XXXXX,item:268967,4809.857142,4809.857142,4809.857142,0.0,71387.999994
298,C-XXXXX,item:268091,9113.265306,9113.265306,9113.265306,0.0,134206.836732
299,C-XXXXX,item:268967,4481.714285,4481.714285,4481.714285,0.0,69556.142852
299,C-XXXXX,item:268091,8530.510204,8530.510204,8530.510204,0.0,126631.020406
300,C-XXXXX,item:268967,4153.571428,4153.571428,4153.571428,0.0,77519.999994
300,C-XXXXX,item:268091,7947.755102,7947.755102,7947.755102,0.0,119055.20408
301,C-XXXXX,item:268967,3825.428571,3825.428571,3825.428571,0.0,73366.428566
301,C-XXXXX,item:268091,7365.0,7365.0,7365.0,0.0,117212.244896
302,C-XXXXX,item:268967,4378.857142,4378.857142,4378.857142,0.0,75271.571423
302,C-XXXXX,item:268091,7761.897959,7761.897959,7761.897959,0.0,116493.999998
303,C-XXXXX,item:268967,4932.285714,4932.285714,4932.285714,0.0,76295.142852
303,C-XXXXX,item:268091,8158.795918,8158.795918,8158.795918,0.0,114796.102039
304,C-XXXXX,item:268967,5485.714285,5485.714285,5485.714285,0.0,75756.428566
304,C-XXXXX,item:268091,8555.693877,8555.693877,8555.693877,0.0,113171.20408
305,C-XXXXX,item:268967,6039.142857,6039.142857,6039.142857,0.0,75217.714281
305,C-XXXXX,item:268091,8952.591837,8952.591837,8952.591837,0.0,104615.510202
306,C-XXXXX,item:268967,6592.571428,6592.571428,6592.571428,0.0,74678.999995
306,C-XXXXX,item:268091,9349.489796,9349.489796,9349.489796,0.0,118405.489794
307,C-XXXXX,item:268967,7146.0,7146.0,7146.0,0.0,77955.428566
307,C-XXXXX,item:268091,9746.387755,9746.387755,9746.387755,0.0,109055.999998
308,C-XXXXX,item:268967,7699.428571,7699.428571,7699.428571,0.0,100043.999994
308,C-XXXXX,item:268091,10143.285714,10143.285714,10143.285714,0.0,121146.469385
309,C-XXXXX,item:268967,7148.10204,7148.10204,7148.10204,0.0,107791.999994
309,C-XXXXX,item:268091,9570.959183,9570.959183,9570.959183,0.0,126306.142854
310,C-XXXXX,item:268967,6596.77551,6596.77551,6596.77551,0.0,100643.897954
310,C-XXXXX,item:268091,8998.632653,8998.632653,8998.632653,0.0,132435.040813
311,C-XXXXX,item:268967,6045.448979,6045.448979,6045.448979,0.0,94047.122444
311,C-XXXXX,item:268091,8426.306122,8426.306122,8426.306122,0.0,124994.795915
312,C-XXXXX,item:268967,5494.122449,5494.122449,5494.122449,0.0,88001.673464
312,C-XXXXX,item:268091,7853.979592,7853.979592,7853.979592,0.0,117554.551018
313,C-XXXXX,item:268967,4942.795918,4942.795918,4942.795918,0.0,82507.551016
313,C-XXXXX,item:268091,7281.653061,7281.653061,7281.653061,0.0,120836.734693
314,C-XXXXX,item:268967,4391.469388,4391.469388,4391.469388,0.0,77564.755098
314,C-XXXXX,item:268091,6709.326531,6709.326531,6709.326531,0.0,126318.632653
315,C-XXXXX,item:268967,3840.142857,3840.142857,3840.142857,0.0,73173.28571
315,C-XXXXX,item:268091,6137.0,6137.0,6137.0,0.0,131800.530612
316,C-XXXXX,item:268967,4020.836735,4020.836735,4020.836735,0.0,69333.142853
316,C-XXXXX,item:268091,7410.693878,7410.693878,7410.693878,0.0,125663.530612
317,C-XXXXX,item:268967,4201.530612,4201.530612,4201.530612,0.0,65640.285713
317,C-XXXXX,item:268091,8684.387755,8684.387755,8684.387755,0.0,140918.306123
318,C-XXXXX,item:268967,4382.22449,4382.22449,4382.22449,0.0,68664.571427
318,C-XXXXX,item:268091,9958.081633,9958.081633,9958.081633,0.0,149711.612246
319,C-XXXXX,item:268967,4562.918367,4562.918367,4562.918367,0.0,64282.346937
319,C-XXXXX,item:268091,11231.77551,11231.77551,11231.77551,0.0,158504.918368
320,C-XXXXX,item:268967,4743.612245,4743.612245,4743.612245,0.0,67125.938774
320,C-XXXXX,item:268091,12505.469388,12505.469388,12505.469388,0.0,167298.224491
321,C-XXXXX,item:268967,4924.306122,4924.306122,4924.306122,0.0,69969.53061
321,C-XXXXX,item:268091,13779.163265,13779.163265,13779.163265,0.0,176091.530613
322,C-XXXXX,item:268967,5105.0,5105.0,5105.0,0.0,72813.122447
322,C-XXXXX,item:268091,15052.857143,15052.857143,15052.857143,0.0,162312.367348
323,C-XXXXX,item:268967,5356.346939,5356.346939,5356.346939,0.0,75656.714283
323,C-XXXXX,item:268091,15217.306123,15217.306123,15217.306123,0.0,218798.000001
324,C-XXXXX,item:268967,5607.693877,5607.693877,5607.693877,0.0,78429.653058
324,C-XXXXX,item:268091,15381.755102,15381.755102,15381.755102,0.0,203580.693878
325,C-XXXXX,item:268967,5859.040816,5859.040816,5859.040816,0.0,77431.020406
325,C-XXXXX,item:268091,15546.204082,15546.204082,15546.204082,0.0,198201.530613
326,C-XXXXX,item:268967,6110.387755,6110.387755,6110.387755,0.0,82026.571426
326,C-XXXXX,item:268091,15710.653061,15710.653061,15710.653061,0.0,199798.367348
327,C-XXXXX,item:268967,6361.734694,6361.734694,6361.734694,0.0,75916.183671
327,C-XXXXX,item:268091,15875.102041,15875.102041,15875.102041,0.0,201936.204083
328,C-XXXXX,item:268967,6613.081632,6613.081632,6613.081632,0.0,79183.693874
328,C-XXXXX,item:268091,16039.55102,16039.55102,16039.55102,0.0,204074.040817
329,C-XXXXX,item:268967,6864.428571,6864.428571,6864.428571,0.0,92583.142852
329,C-XXXXX,item:268091,16204.0,16204.0,16204.0,0.0,188034.489797
330,C-XXXXX,item:268967,6506.32653,6506.32653,6506.32653,0.0,85718.714281
330,C-XXXXX,item:268091,15294.591837,15294.591837,15294.591837,0.0,208349.714286
331,C-XXXXX,item:268967,6148.22449,6148.22449,6148.22449,0.0,89595.673464
331,C-XXXXX,item:268091,14385.183673,14385.183673,14385.183673,0.0,195618.0
332,C-XXXXX,item:268967,5790.122449,5790.122449,5790.122449,0.0,84940.346934
332,C-XXXXX,item:268091,13475.77551,13475.77551,13475.77551,0.0,199739.102041
333,C-XXXXX,item:268967,5432.020408,5432.020408,5432.020408,0.0,80285.020405
333,C-XXXXX,item:268091,12566.367347,12566.367347,12566.367347,0.0,187916.795918
334,C-XXXXX,item:268967,5073.918367,5073.918367,5073.918367,0.0,75629.693876
334,C-XXXXX,item:268091,11656.959184,11656.959184,11656.959184,0.0,175350.428571
335,C-XXXXX,item:268967,4715.816327,4715.816327,4715.816327,0.0,71034.857144
335,C-XXXXX,item:268091,10747.55102,10747.55102,10747.55102,0.0,163693.469387
336,C-XXXXX,item:268967,4357.714286,4357.714286,4357.714286,0.0,66319.040817
336,C-XXXXX,item:268091,9838.142857,9838.142857,9838.142857,0.0,152945.918367
337,C-XXXXX,item:268967,4421.510204,4421.510204,4421.510204,0.0,61961.326531
337,C-XXXXX,item:268091,9970.938775,9970.938775,9970.938775,0.0,143851.836734
338,C-XXXXX,item:268967,4485.306123,4485.306123,4485.306123,0.0,59712.489796
338,C-XXXXX,item:268091,10103.734694,10103.734694,10103.734694,0.0,133880.897959
339,C-XXXXX,item:268967,4549.102041,4549.102041,4549.102041,0.0,62588.408162
339,C-XXXXX,item:268091,10236.530612,10236.530612,10236.530612,0.0,143901.959183
340,C-XXXXX,item:268967,4612.897959,4612.897959,4612.897959,0.0,58039.306122
340,C-XXXXX,item:268091,10369.326531,10369.326531,10369.326531,0.0,133665.428571
341,C-XXXXX,item:268967,4676.693877,4676.693877,4676.693877,0.0,68340.244896
341,C-XXXXX,item:268091,10502.122449,10502.122449,10502.122449,0.0,164333.244899
342,C-XXXXX,item:268967,4740.489796,4740.489796,4740.489796,0.0,71216.163263
342,C-XXXXX,item:268091,10634.918368,10634.918368,10634.918368,0.0,174354.306124
343,C-XXXXX,item:268967,4804.285714,4804.285714,4804.285714,0.0,74092.081629
343,C-XXXXX,item:268091,10767.714286,10767.714286,10767.714286,0.0,184375.367348
344,C-XXXXX,item:268967,5160.448979,5160.448979,5160.448979,0.0,76967.999996
344,C-XXXXX,item:268091,12085.469388,12085.469388,12085.469388,0.0,215318.000002
345,C-XXXXX,item:268967,5516.612245,5516.612245,5516.612245,0.0,79551.551016
345,C-XXXXX,item:268091,13403.22449,13403.22449,13403.22449,0.0,203232.530614
346,C-XXXXX,item:268967,5872.77551,5872.77551,5872.77551,0.0,76785.530607
346,C-XXXXX,item:268091,14720.979592,14720.979592,14720.979592,0.0,227515.142858
347,C-XXXXX,item:268967,6228.938775,6228.938775,6228.938775,0.0,74019.510199
347,C-XXXXX,item:268091,16038.734694,16038.734694,16038.734694,0.0,212794.163266
348,C-XXXXX,item:268967,6585.10204,6585.10204,6585.10204,0.0,87205.142852
348,C-XXXXX,item:268091,17356.489796,17356.489796,17356.489796,0.0,217574.979592
349,C-XXXXX,item:268967,6941.265306,6941.265306,6941.265306,0.0,80620.040812
349,C-XXXXX,item:268091,18674.244898,18674.244898,18674.244898,0.0,222355.795918
350,C-XXXXX,item:268967,7297.428571,7297.428571,7297.428571,0.0,85250.16326
350,C-XXXXX,item:268091,19992.0,19992.0,19992.0,0.0,261439.428572
351,C-XXXXX,item:268967,6597.0,6597.0,6597.0,0.0,89880.285709
351,C-XXXXX,item:268091,19545.469388,19545.469388,19545.469388,0.0,241447.428572
352,C-XXXXX,item:268967,5896.571428,5896.571428,5896.571428,0.0,95566.999994
352,C-XXXXX,item:268091,19098.938775,19098.938775,19098.938775,0.0,260342.530612
353,C-XXXXX,item:268967,5196.142857,5196.142857,5196.142857,0.0,89670.428566
353,C-XXXXX,item:268091,18652.408163,18652.408163,18652.408163,0.0,254537.632653
354,C-XXXXX,item:268967,4495.714285,4495.714285,4495.714285,0.0,84474.28571
354,C-XXXXX,item:268091,18205.877551,18205.877551,18205.877551,0.0,235885.224489
355,C-XXXXX,item:268967,3795.285714,3795.285714,3795.285714,0.0,79978.571424
355,C-XXXXX,item:268091,17759.346939,17759.346939,17759.346939,0.0,242927.836733
356,C-XXXXX,item:268967,3094.857142,3094.857142,3094.857142,0.0,76183.28571
356,C-XXXXX,item:268091,17312.816326,17312.816326,17312.816326,0.0,237122.938773
357,C-XXXXX,item:268967,2394.428571,2394.428571,2394.428571,0.0,73088.428568
357,C-XXXXX,item:268091,16866.285714,16866.285714,16866.285714,0.0,219810.122447
358,C-XXXXX,item:268967,2052.367347,2052.367347,2052.367347,0.0,70693.999997
358,C-XXXXX,item:268091,14456.816326,14456.816326,14456.816326,0.0,225513.142854
359,C-XXXXX,item:268967,2076.428571,2076.428571,2076.428571,0.0,68641.63265
359,C-XXXXX,item:268091,12318.77551,12318.77551,12318.77551,0.0,221671.18367
360,C-XXXXX,item:268967,2100.489796,2100.489796,2100.489796,0.0,66565.204079
360,C-XXXXX,item:268091,10180.734694,10180.734694,10180.734694,0.0,209352.40816
361,C-XXXXX,item:268967,2124.55102,2124.55102,2124.55102,0.0,64464.714284
361,C-XXXXX,item:268091,8042.693877,8042.693877,8042.693877,0.0,199171.673466
362,C-XXXXX,item:268967,2148.612245,2148.612245,2148.612245,0.0,62340.163263
362,C-XXXXX,item:268091,5904.653061,5904.653061,5904.653061,0.0,191128.979589
363,C-XXXXX,item:268967,2172.673469,2172.673469,2172.673469,0.0,60191.551018
363,C-XXXXX,item:268091,3766.612245,3766.612245,3766.612245,0.0,185224.326527
364,C-XXXXX,item:268967,2196.734694,2196.734694,2196.734694,0.0,58018.877549
364,C-XXXXX,item:268091,1628.571429,1628.571429,1628.571429,0.0,181457.714283
