day,node_id,output_item_id,desired_qty,planned_qty_after_lot_rule,actual_qty,cap_qty,capacity_limit_mode,max_from_inputs_qty,binding_cause,binding_input_item_id,shortfall_vs_desired_qty,shortfall_vs_lot_plan_qty,lot_policy_mode,lot_fixed_qty,lot_min_qty,lot_max_qty,lot_multiple_qty,max_lots_per_week,started_lots_this_week,requested_lot_starts,actual_lot_starts,campaign_requested_qty,campaign_started_qty,campaign_remaining_start_qty,campaign_remaining_end_qty
0,M-1430,item:268967,2562.857143,107800.0,107800.0,154000.0,finite,142250.0,none,,0.0,0.0,fixed,107800.0,107800.0,107800.0,0.0,10,1,1,1,107800.0,107800.0,107800.0,0.0
0,M-1810,item:268091,1900.0,14400.0,14400.0,203550.0,finite,354000.0,none,,0.0,0.0,min_max,0.0,14400.0,142485.0,14400.0,10,1,1,1,14400.0,14400.0,14400.0,0.0
1,SDC-1450,item:773474,3109461.2576,3200000.0,3200000.0,0.0,unmodeled,127751677.852349,none,,0.0,0.0,fixed,3200000.0,0.0,0.0,0.0,10,1,1,1,3200000.0,3200000.0,3200000.0,0.0
2,M-1810,item:268091,2252.04898,14400.0,14400.0,203550.0,finite,339600.0,none,,0.0,0.0,min_max,0.0,14400.0,142485.0,14400.0,10,2,1,1,14400.0,14400.0,14400.0,0.0
2,SDC-1450,item:773474,3299509.30912,6400000.0,6400000.0,0.0,unmodeled,124551677.852349,none,,0.0,0.0,fixed,3200000.0,0.0,0.0,0.0,10,3,2,2,6400000.0,6400000.0,6400000.0,0.0
3,M-1430,item:268967,3316.751021,107800.0,34450.0,154000.0,finite,34450.0,input_shortage,item:333362,0.0,73350.0,fixed,107800.0,107800.0,107800.0,0.0,10,2,1,1,107800.0,107800.0,107800.0,73350.0
3,M-1810,item:268091,3068.483265,14400.0,14400.0,203550.0,finite,325200.0,none,,0.0,0.0,min_max,0.0,14400.0,142485.0,14400.0,10,3,1,1,14400.0,14400.0,14400.0,0.0
4,M-1430,item:268967,4402.256327,73350.0,0.0,154000.0,finite,0.0,lot_campaign_blocked,,4402.256327,73350.0,fixed,107800.0,107800.0,107800.0,0.0,10,2,0,0,0.0,0.0,73350.0,73350.0
4,M-1810,item:268091,3597.794612,14400.0,14400.0,203550.0,finite,310800.0,none,,0.0,0.0,min_max,0.0,14400.0,142485.0,14400.0,10,4,1,1,14400.0,14400.0,14400.0,0.0
4,SDC-1450,item:773474,3109461.2576,3200000.0,3200000.0,0.0,unmodeled,118151677.852349,none,,0.0,0.0,fixed,3200000.0,0.0,0.0,0.0,10,4,1,1,3200000.0,3200000.0,3200000.0,0.0
5,M-1430,item:268967,5041.51249,73350.0,0.0,154000.0,finite,0.0,lot_campaign_blocked,,5041.51249,73350.0,fixed,107800.0,107800.0,107800.0,0.0,10,2,0,0,0.0,0.0,73350.0,73350.0
5,M-1810,item:268091,4069.681372,14400.0,14400.0,203550.0,finite,296400.0,none,,0.0,0.0,min_max,0.0,14400.0,142485.0,14400.0,10,5,1,1,14400.0,14400.0,14400.0,0.0
5,SDC-1450,item:773474,3731353.50912,6400000.0,6400000.0,0.0,unmodeled,114951677.852349,none,,0.0,0.0,fixed,3200000.0,0.0,0.0,0.0,10,6,2,2,6400000.0,6400000.0,6400000.0,0.0
6,M-1430,item:268967,5591.518825,73350.0,0.0,154000.0,finite,0.0,lot_campaign_blocked,,5591.518825,73350.0,fixed,107800.0,107800.0,107800.0,0.0,10,2,0,0,0.0,0.0,73350.0,73350.0
6,M-1810,item:268091,4530.083213,14400.0,14400.0,203550.0,finite,282000.0,none,,0.0,0.0,min_max,0.0,14400.0,142485.0,14400.0,10,6,1,1,14400.0,14400.0,14400.0,0.0
6,SDC-1450,item:773474,3855731.959424,6400000.0,6400000.0,0.0,unmodeled,108551677.852349,none,,0.0,0.0,fixed,3200000.0,0.0,0.0,0.0,10,8,2,2,6400000.0,6400000.0,6400000.0,0.0
7,M-1430,item:268967,6123.675194,73350.0,0.0,154000.0,finite,0.0,lot_campaign_blocked,,6123.675194,73350.0,fixed,107800.0,107800.0,107800.0,0.0,10,0,0,0,0.0,0.0,73350.0,73350.0
7,M-1810,item:268091,4988.188071,14400.0,14400.0,203550.0,finite,267600.0,none,,0.0,0.0,min_max,0.0,14400.0,142485.0,14400.0,10,1,1,1,14400.0,14400.0,14400.0,0.0
7,SDC-1450,item:773474,3880607.649485,6400000.0,6400000.0,0.0,unmodeled,102151677.852349,none,,0.0,0.0,fixed,3200000.0,0.0,0.0,0.0,10,2,2,2,6400000.0,6400000.0,6400000.0,0.0
8,M-1430,item:268967,5991.608508,73350.0,0.0,154000.0,finite,0.0,lot_campaign_blocked,,5991.608508,73350.0,fixed,107800.0,107800.0,107800.0,0.0,10,0,0,0,0.0,0.0,73350.0,73350.0
8,M-1810,item:268091,5338.453941,14400.0,14400.0,203550.0,finite,253200.0,none,,0.0,0.0,min_max,0.0,14400.0,142485.0,14400.0,10,2,1,1,14400.0,14400.0,14400.0,0.0
8,SDC-1450,item:773474,3885582.787497,6400000.0,6400000.0,0.0,unmodeled,95751677.852349,none,,0.0,0.0,fixed,3200000.0,0.0,0.0,0.0,10,4,2,2,6400000.0,6400000.0,6400000.0,0.0
9,M-1430,item:268967,5726.697212,73350.0,0.0,154000.0,finite,0.0,lot_campaign_blocked,,5726.697212,73350.0,fixed,107800.0,107800.0,107800.0,0.0,10,0,0,0,0.0,0.0,73350.0,73350.0
9,M-1810,item:268091,5667.152013,14400.0,14400.0,203550.0,finite,238800.0,none,,0.0,0.0,min_max,0.0,14400.0,142485.0,14400.0,10,3,1,1,14400.0,14400.0,14400.0,0.0
9,SDC-1450,item:773474,3886577.815099,6400000.0,6400000.0,0.0,unmodeled,89351677.852349,none,,0.0,0.0,fixed,3200000.0,0.0,0.0,0.0,10,6,2,2,6400000.0,6400000.0,6400000.0,0.0
10,M-1430,item:268967,5435.216994,73350.0,0.0,154000.0,finite,0.0,lot_campaign_blocked,,5435.216994,73350.0,fixed,107800.0,107800.0,107800.0,0.0,10,0,0,0,0.0,0.0,73350.0,73350.0
10,M-1810,item:268091,5991.536525,14400.0,14400.0,203550.0,finite,224400.0,none,,0.0,0.0,min_max,0.0,14400.0,142485.0,14400.0,10,4,1,1,14400.0,14400.0,14400.0,0.0
10,SDC-1450,item:773474,3886776.82062,6400000.0,6400000.0,0.0,unmodeled,82951677.852349,none,,0.0,0.0,fixed,3200000.0,0.0,0.0,0.0,10,8,2,2,6400000.0,6400000.0,6400000.0,0.0
11,M-1430,item:268967,5138.422991,73350.0,0.0,154000.0,finite,0.0,lot_campaign_blocked,,5138.422991,73350.0,fixed,107800.0,107800.0,107800.0,0.0,10,0,0,0,0.0,0.0,73350.0,73350.0
11,M-1810,item:268091,6315.058326,14400.0,14400.0,203550.0,finite,210000.0,none,,0.0,0.0,min_max,0.0,14400.0,142485.0,14400.0,10,5,1,1,14400.0,14400.0,14400.0,0.0
11,SDC-1450,item:773474,3886816.621724,6400000.0,6400000.0,0.0,unmodeled,76551677.852349,none,,0.0,0.0,fixed,3200000.0,0.0,0.0,0.0,10,10,2,2,6400000.0,6400000.0,6400000.0,0.0
12,M-1430,item:268967,4840.566231,73350.0,0.0,154000.0,finite,0.0,lot_campaign_blocked,,4840.566231,73350.0,fixed,107800.0,107800.0,107800.0,0.0,10,0,0,0,0.0,0.0,73350.0,73350.0
12,M-1810,item:268091,6638.407584,14400.0,14400.0,203550.0,finite,195600.0,none,,0.0,0.0,min_max,0.0,14400.0,142485.0,14400.0,10,6,1,1,14400.0,14400.0,14400.0,0.0
12,SDC-1450,item:773474,3788669.381945,0.0,0.0,0.0,unmodeled,70151677.852349,weekly_lot_limit,,3788669.381945,0.0,fixed,3200000.0,0.0,0.0,0.0,10,10,2,0,6400000.0,0.0,0.0,0.0
13,M-1430,item:268967,4542.49692,73350.0,0.0,154000.0,finite,0.0,lot_campaign_blocked,,4542.49692,73350.0,fixed,107800.0,107800.0,107800.0,0.0,10,0,0,0,0.0,0.0,73350.0,73350.0
13,M-1810,item:268091,6961.722333,14400.0,14400.0,203550.0,finite,181200.0,none,,0.0,0.0,min_max,0.0,14400.0,142485.0,14400.0,10,7,1,1,14400.0,14400.0,14400.0,0.0
13,SDC-1450,item:773474,3867195.133989,0.0,0.0,0.0,unmodeled,70151677.852349,weekly_lot_limit,,3867195.133989,0.0,fixed,3200000.0,0.0,0.0,0.0,10,10,2,0,6400000.0,0.0,0.0,0.0
14,M-1430,item:268967,4244.385098,73350.0,0.0,154000.0,finite,0.0,lot_campaign_blocked,,4244.385098,73350.0,fixed,107800.0,107800.0,107800.0,0.0,10,0,0,0,0.0,0.0,73350.0,73350.0
14,M-1810,item:268091,7285.030181,14400.0,14400.0,203550.0,finite,216865.0,none,,0.0,0.0,min_max,0.0,14400.0,142485.0,14400.0,10,1,1,1,14400.0,14400.0,14400.0,0.0
14,SDC-1450,item:773474,3882900.284398,6400000.0,6400000.0,0.0,unmodeled,70151677.852349,none,,0.0,0.0,fixed,3200000.0,0.0,0.0,0.0,10,2,2,2,6400000.0,6400000.0,6400000.0,0.0
15,M-1430,item:268967,4154.90151,73350.0,0.0,154000.0,finite,0.0,lot_campaign_blocked,,4154.90151,73350.0,fixed,107800.0,107800.0,107800.0,0.0,10,0,0,0,0.0,0.0,73350.0,73350.0
15,M-1810,item:268091,7841.78971,14400.0,14400.0,203550.0,finite,202465.0,none,,0.0,0.0,min_max,0.0,14400.0,142485.0,14400.0,10,2,1,1,14400.0,14400.0,14400.0,0.0
15,SDC-1450,item:773474,2899859.51448,3200000.0,3200000.0,0.0,unmodeled,63751677.852349,none,,0.0,0.0,fixed,3200000.0,0.0,0.0,0.0,10,3,1,1,3200000.0,3200000.0,3200000.0,0.0
16,M-1430,item:268967,4107.143567,73350.0,0.0,154000.0,finite,0.0,lot_campaign_blocked,,4107.143567,73350.0,fixed,107800.0,107800.0,107800.0,0.0,10,0,0,0,0.0,0.0,73350.0,73350.0
16,M-1810,item:268091,8445.239575,14400.0,14400.0,203550.0,finite,195600.0,none,,0.0,0.0,min_max,0.0,14400.0,142485.0,14400.0,10,3,1,1,14400.0,14400.0,14400.0,0.0
17,M-1430,item:268967,4067.730755,73350.0,0.0,154000.0,finite,0.0,lot_campaign_blocked,,4067.730755,73350.0,fixed,107800.0,107800.0,107800.0,0.0,10,0,0,0,0.0,0.0,73350.0,73350.0
17,M-1810,item:268091,9058.027507,14400.0,14400.0,203550.0,finite,181200.0,none,,0.0,0.0,min_max,0.0,14400.0,142485.0,14400.0,10,4,1,1,14400.0,14400.0,14400.0,0.0
18,M-1430,item:268967,4029.986967,73350.0,0.0,154000.0,finite,0.0,lot_campaign_blocked,,4029.986967,73350.0,fixed,107800.0,107800.0,107800.0,0.0,10,0,0,0,0.0,0.0,73350.0,73350.0
18,M-1810,item:268091,9672.683053,14400.0,14400.0,203550.0,finite,166800.0,none,,0.0,0.0,min_max,0.0,14400.0,142485.0,14400.0,10,5,1,1,14400.0,14400.0,14400.0,0.0
19,M-1430,item:268967,3992.576986,73350.0,0.0,154000.0,finite,0.0,lot_campaign_blocked,,3992.576986,73350.0,fixed,107800.0,107800.0,107800.0,0.0,10,0,0,0,0.0,0.0,73350.0,73350.0
19,M-1810,item:268091,10287.712121,14400.0,14400.0,203550.0,finite,152400.0,none,,0.0,0.0,min_max,0.0,14400.0,142485.0,14400.0,10,6,1,1,14400.0,14400.0,14400.0,0.0
20,M-1430,item:268967,3955.233765,73350.0,0.0,154000.0,finite,0.0,lot_campaign_blocked,,3955.233765,73350.0,fixed,107800.0,107800.0,107800.0,0.0,10,0,0,0,0.0,0.0,73350.0,73350.0
20,M-1810,item:268091,10902.815894,14400.0,14400.0,203550.0,finite,138000.0,none,,0.0,0.0,min_max,0.0,14400.0,142485.0,14400.0,10,7,1,1,14400.0,14400.0,14400.0,0.0
21,M-1430,item:268967,3917.903896,73350.0,0.0,154000.0,finite,0.0,lot_campaign_blocked,,3917.903896,73350.0,fixed,107800.0,107800.0,107800.0,0.0,10,0,0,0,0.0,0.0,73350.0,73350.0
21,M-1810,item:268091,11517.934608,14400.0,14400.0,203550.0,finite,123600.0,none,,0.0,0.0,min_max,0.0,14400.0,142485.0,14400.0,10,1,1,1,14400.0,14400.0,14400.0,0.0
22,M-1430,item:268967,4026.290984,73350.0,0.0,154000.0,finite,0.0,lot_campaign_blocked,,4026.290984,73350.0,fixed,107800.0,107800.0,107800.0,0.0,10,0,0,0,0.0,0.0,73350.0,73350.0
23,M-1430,item:268967,4163.821462,73350.0,0.0,154000.0,finite,0.0,lot_campaign_blocked,,4163.821462,73350.0,fixed,107800.0,107800.0,107800.0,0.0,10,0,0,0,0.0,0.0,73350.0,73350.0
24,M-1430,item:268967,4307.180619,73350.0,0.0,154000.0,finite,0.0,lot_campaign_blocked,,4307.180619,73350.0,fixed,107800.0,107800.0,107800.0,0.0,10,0,0,0,0.0,0.0,73350.0,73350.0
25,M-1430,item:268967,4451.705512,73350.0,0.0,154000.0,finite,0.0,lot_campaign_blocked,,4451.705512,73350.0,fixed,107800.0,107800.0,107800.0,0.0,10,0,0,0,0.0,0.0,73350.0,73350.0
26,M-1430,item:268967,4596.463551,73350.0,0.0,154000.0,finite,0.0,lot_campaign_blocked,,4596.463551,73350.0,fixed,107800.0,107800.0,107800.0,0.0,10,0,0,0,0.0,0.0,73350.0,73350.0
27,M-1430,item:268967,4741.26822,73350.0,0.0,154000.0,finite,0.0,lot_campaign_blocked,,4741.26822,73350.0,fixed,107800.0,107800.0,107800.0,0.0,10,0,0,0,0.0,0.0,73350.0,73350.0
28,M-1430,item:268967,4886.082215,73350.0,0.0,154000.0,finite,0.0,lot_campaign_blocked,,4886.082215,73350.0,fixed,107800.0,107800.0,107800.0,0.0,10,0,0,0,0.0,0.0,73350.0,73350.0
29,M-1430,item:268967,4790.767463,73350.0,0.0,154000.0,finite,0.0,lot_campaign_blocked,,4790.767463,73350.0,fixed,107800.0,107800.0,107800.0,0.0,10,0,0,0,0.0,0.0,73350.0,73350.0
30,M-1430,item:268967,4647.426962,73350.0,0.0,154000.0,finite,0.0,lot_campaign_blocked,,4647.426962,73350.0,fixed,107800.0,107800.0,107800.0,0.0,10,0,0,0,0.0,0.0,73350.0,73350.0
31,M-1430,item:268967,4494.481311,73350.0,0.0,154000.0,finite,0.0,lot_campaign_blocked,,4494.481311,73350.0,fixed,107800.0,107800.0,107800.0,0.0,10,0,0,0,0.0,0.0,73350.0,73350.0
32,M-1430,item:268967,4339.614629,73350.0,0.0,154000.0,finite,0.0,lot_campaign_blocked,,4339.614629,73350.0,fixed,107800.0,107800.0,107800.0,0.0,10,0,0,0,0.0,0.0,73350.0,73350.0
33,M-1430,item:268967,4184.363742,73350.0,0.0,154000.0,finite,0.0,lot_campaign_blocked,,4184.363742,73350.0,fixed,107800.0,107800.0,107800.0,0.0,10,0,0,0,0.0,0.0,73350.0,73350.0
34,M-1430,item:268967,4029.036014,73350.0,0.0,154000.0,finite,0.0,lot_campaign_blocked,,4029.036014,73350.0,fixed,107800.0,107800.0,107800.0,0.0,10,0,0,0,0.0,0.0,73350.0,73350.0
35,M-1430,item:268967,3873.692917,73350.0,0.0,154000.0,finite,0.0,lot_campaign_blocked,,3873.692917,73350.0,fixed,107800.0,107800.0,107800.0,0.0,10,0,0,0,0.0,0.0,73350.0,73350.0
36,M-1430,item:268967,4187.456951,73350.0,0.0,154000.0,finite,0.0,lot_campaign_blocked,,4187.456951,73350.0,fixed,107800.0,107800.0,107800.0,0.0,10,0,0,0,0.0,0.0,73350.0,73350.0
37,M-1430,item:268967,4595.042411,73350.0,0.0,154000.0,finite,0.0,lot_campaign_blocked,,4595.042411,73350.0,fixed,107800.0,107800.0,107800.0,0.0,10,0,0,0,0.0,0.0,73350.0,73350.0
38,M-1430,item:268967,5021.392156,73350.0,0.0,154000.0,finite,0.0,lot_campaign_blocked,,5021.392156,73350.0,fixed,107800.0,107800.0,107800.0,0.0,10,0,0,0,0.0,0.0,73350.0,73350.0
39,M-1430,item:268967,5451.494758,73350.0,0.0,154000.0,finite,0.0,lot_campaign_blocked,,5451.494758,73350.0,fixed,107800.0,107800.0,107800.0,0.0,10,0,0,0,0.0,0.0,73350.0,73350.0
40,M-1430,item:268967,5882.347931,73350.0,0.0,154000.0,finite,0.0,lot_campaign_blocked,,5882.347931,73350.0,fixed,107800.0,107800.0,107800.0,0.0,10,0,0,0,0.0,0.0,73350.0,73350.0
41,M-1430,item:268967,6313.351219,73350.0,0.0,154000.0,finite,0.0,lot_campaign_blocked,,6313.351219,73350.0,fixed,107800.0,107800.0,107800.0,0.0,10,0,0,0,0.0,0.0,73350.0,73350.0
42,M-1430,item:268967,6744.384529,73350.0,0.0,154000.0,finite,0.0,lot_campaign_blocked,,6744.384529,73350.0,fixed,107800.0,107800.0,107800.0,0.0,10,0,0,0,0.0,0.0,73350.0,73350.0
43,M-1430,item:268967,6559.472824,73350.0,0.0,154000.0,finite,0.0,lot_campaign_blocked,,6559.472824,73350.0,fixed,107800.0,107800.0,107800.0,0.0,10,0,0,0,0.0,0.0,73350.0,73350.0
44,M-1430,item:268967,6251.372116,73350.0,0.0,154000.0,finite,0.0,lot_campaign_blocked,,6251.372116,73350.0,fixed,107800.0,107800.0,107800.0,0.0,10,0,0,0,0.0,0.0,73350.0,73350.0
45,M-1430,item:268967,5918.633607,73350.0,0.0,154000.0,finite,0.0,lot_campaign_blocked,,5918.633607,73350.0,fixed,107800.0,107800.0,107800.0,0.0,10,0,0,0,0.0,0.0,73350.0,73350.0
46,M-1430,item:268967,5580.967538,73350.0,0.0,154000.0,finite,0.0,lot_campaign_blocked,,5580.967538,73350.0,fixed,107800.0,107800.0,107800.0,0.0,10,0,0,0,0.0,0.0,73350.0,73350.0
47,M-1430,item:268967,5242.315957,73350.0,0.0,154000.0,finite,0.0,lot_campaign_blocked,,5242.315957,73350.0,fixed,107800.0,107800.0,107800.0,0.0,10,0,0,0,0.0,0.0,73350.0,73350.0
48,M-1430,item:268967,4903.467273,73350.0,0.0,154000.0,finite,0.0,lot_campaign_blocked,,4903.467273,73350.0,fixed,107800.0,107800.0,107800.0,0.0,10,0,0,0,0.0,0.0,73350.0,73350.0
49,M-1430,item:268967,4564.579169,73350.0,0.0,154000.0,finite,0.0,lot_campaign_blocked,,4564.579169,73350.0,fixed,107800.0,107800.0,107800.0,0.0,10,0,0,0,0.0,0.0,73350.0,73350.0
50,M-1430,item:268967,4734.385222,73350.0,0.0,154000.0,finite,0.0,lot_campaign_blocked,,4734.385222,73350.0,fixed,107800.0,107800.0,107800.0,0.0,10,0,0,0,0.0,0.0,73350.0,73350.0
51,M-1430,item:268967,5005.930106,73350.0,0.0,154000.0,finite,0.0,lot_campaign_blocked,,5005.930106,73350.0,fixed,107800.0,107800.0,107800.0,0.0,10,0,0,0,0.0,0.0,73350.0,73350.0
52,M-1430,item:268967,5297.822756,73350.0,0.0,154000.0,finite,0.0,lot_campaign_blocked,,5297.822756,73350.0,fixed,107800.0,107800.0,107800.0,0.0,10,0,0,0,0.0,0.0,73350.0,73350.0
53,M-1430,item:268967,5593.78496,73350.0,0.0,154000.0,finite,0.0,lot_campaign_blocked,,5593.78496,73350.0,fixed,107800.0,107800.0,107800.0,0.0,10,0,0,0,0.0,0.0,73350.0,73350.0
53,M-1810,item:268091,11097.110204,14400.0,14400.0,203550.0,finite,299200.0,none,,0.0,0.0,min_max,0.0,14400.0,142485.0,14400.0,10,1,1,1,14400.0,14400.0,14400.0,0.0
54,M-1430,item:268967,5890.561074,73350.0,0.0,154000.0,finite,0.0,lot_campaign_blocked,,5890.561074,73350.0,fixed,107800.0,107800.0,107800.0,0.0,10,0,0,0,0.0,0.0,73350.0,73350.0
54,M-1810,item:268091,13242.409796,14400.0,14400.0,203550.0,finite,314800.0,none,,0.0,0.0,min_max,0.0,14400.0,142485.0,14400.0,10,2,1,1,14400.0,14400.0,14400.0,0.0
55,M-1430,item:268967,6187.49997,73350.0,0.0,154000.0,finite,0.0,lot_campaign_blocked,,6187.49997,73350.0,fixed,107800.0,107800.0,107800.0,0.0,10,0,0,0,0.0,0.0,73350.0,73350.0
56,M-1430,item:268967,6484.471423,73350.0,0.0,154000.0,finite,0.0,lot_campaign_blocked,,6484.471423,73350.0,fixed,107800.0,107800.0,107800.0,0.0,10,0,0,0,0.0,0.0,73350.0,73350.0
57,M-1430,item:268967,6254.412652,73350.0,0.0,154000.0,finite,0.0,lot_campaign_blocked,,6254.412652,73350.0,fixed,107800.0,107800.0,107800.0,0.0,10,0,0,0,0.0,0.0,73350.0,73350.0
58,M-1430,item:268967,5918.947837,73350.0,73350.0,154000.0,finite,110000.0,none,,0.0,0.0,fixed,107800.0,107800.0,107800.0,0.0,10,0,0,0,0.0,0.0,73350.0,0.0
59,M-1430,item:268967,5562.401812,107800.0,41650.0,154000.0,finite,41650.0,input_shortage,item:333362,0.0,66150.0,fixed,107800.0,107800.0,107800.0,0.0,10,1,1,1,107800.0,107800.0,107800.0,66150.0
60,M-1430,item:268967,5201.639546,66150.0,20000.0,154000.0,finite,20000.0,input_shortage,item:333362,0.0,46150.0,fixed,107800.0,107800.0,107800.0,0.0,10,1,0,0,0.0,0.0,66150.0,46150.0
61,M-1430,item:268967,4840.034032,46150.0,25000.0,154000.0,finite,25000.0,input_shortage,item:333362,0.0,21150.0,fixed,107800.0,107800.0,107800.0,0.0,10,1,0,0,0.0,0.0,46150.0,21150.0
62,M-1430,item:268967,4478.259868,21150.0,21150.0,154000.0,finite,25000.0,none,,0.0,0.0,fixed,107800.0,107800.0,107800.0,0.0,10,1,0,0,0.0,0.0,21150.0,0.0
63,M-1430,item:268967,4116.451974,107800.0,107800.0,154000.0,finite,203850.0,none,,0.0,0.0,fixed,107800.0,107800.0,107800.0,0.0,10,1,1,1,107800.0,107800.0,107800.0,0.0
65,M-1430,item:268967,3713.338776,107800.0,107800.0,154000.0,finite,231050.0,none,,0.0,0.0,fixed,107800.0,107800.0,107800.0,0.0,10,2,1,1,107800.0,107800.0,107800.0,0.0
96,M-1430,item:268967,4241.077551,107800.0,107800.0,154000.0,finite,3832250.0,none,,0.0,0.0,fixed,107800.0,107800.0,107800.0,0.0,10,1,1,1,107800.0,107800.0,107800.0,0.0
159,M-1430,item:268967,1566.938775,107800.0,107800.0,154000.0,finite,6658325.0,none,,0.0,0.0,fixed,107800.0,107800.0,107800.0,0.0,10,1,1,1,107800.0,107800.0,107800.0,0.0
161,M-1430,item:268967,2193.714286,107800.0,107800.0,154000.0,finite,6550525.0,none,,0.0,0.0,fixed,107800.0,107800.0,107800.0,0.0,10,1,1,1,107800.0,107800.0,107800.0,0.0
168,M-1430,item:268967,18948.914286,107800.0,107800.0,154000.0,finite,6442725.0,none,,0.0,0.0,fixed,107800.0,107800.0,107800.0,0.0,10,1,1,1,107800.0,107800.0,107800.0,0.0
169,M-1430,item:268967,20147.856326,107800.0,107800.0,154000.0,finite,6334925.0,none,,0.0,0.0,fixed,107800.0,107800.0,107800.0,0.0,10,2,1,1,107800.0,107800.0,107800.0,0.0
170,M-1430,item:268967,17796.803918,107800.0,107800.0,154000.0,finite,6227125.0,none,,0.0,0.0,fixed,107800.0,107800.0,107800.0,0.0,10,3,1,1,107800.0,107800.0,107800.0,0.0
171,M-1430,item:268967,14735.75262,107800.0,107800.0,154000.0,finite,6119325.0,none,,0.0,0.0,fixed,107800.0,107800.0,107800.0,0.0,10,4,1,1,107800.0,107800.0,107800.0,0.0
236,M-1810,item:268091,7657.893878,14400.0,14400.0,203550.0,finite,2762898.0,none,,0.0,0.0,min_max,0.0,14400.0,142485.0,14400.0,10,1,1,1,14400.0,14400.0,14400.0,0.0
237,M-1810,item:268091,9871.268572,14400.0,14400.0,203550.0,finite,2748498.0,none,,0.0,0.0,min_max,0.0,14400.0,142485.0,14400.0,10,2,1,1,14400.0,14400.0,14400.0,0.0
238,M-1810,item:268091,10995.739429,14400.0,14400.0,203550.0,finite,2734098.0,none,,0.0,0.0,min_max,0.0,14400.0,142485.0,14400.0,10,1,1,1,14400.0,14400.0,14400.0,0.0
239,M-1810,item:268091,11020.30707,14400.0,14400.0,203550.0,finite,2719698.0,none,,0.0,0.0,min_max,0.0,14400.0,142485.0,14400.0,10,2,1,1,14400.0,14400.0,14400.0,0.0
240,M-1810,item:268091,10824.894067,14400.0,14400.0,203550.0,finite,2705298.0,none,,0.0,0.0,min_max,0.0,14400.0,142485.0,14400.0,10,3,1,1,14400.0,14400.0,14400.0,0.0
241,M-1810,item:268091,10585.484936,14400.0,14400.0,203550.0,finite,2690898.0,none,,0.0,0.0,min_max,0.0,14400.0,142485.0,14400.0,10,4,1,1,14400.0,14400.0,14400.0,0.0
242,M-1810,item:268091,10337.276579,14400.0,14400.0,203550.0,finite,2676498.0,none,,0.0,0.0,min_max,0.0,14400.0,142485.0,14400.0,10,5,1,1,14400.0,14400.0,14400.0,0.0
243,M-1810,item:268091,10087.308377,14400.0,14400.0,203550.0,finite,2662098.0,none,,0.0,0.0,min_max,0.0,14400.0,142485.0,14400.0,10,6,1,1,14400.0,14400.0,14400.0,0.0
248,M-1810,item:268091,7470.44898,14400.0,14400.0,203550.0,finite,2647698.0,none,,0.0,0.0,min_max,0.0,14400.0,142485.0,14400.0,10,1,1,1,14400.0,14400.0,14400.0,0.0
249,M-1810,item:268091,8914.955102,14400.0,14400.0,203550.0,finite,2633298.0,none,,0.0,0.0,min_max,0.0,14400.0,142485.0,14400.0,10,2,1,1,14400.0,14400.0,14400.0,0.0
251,M-1810,item:268091,7321.697959,14400.0,14400.0,203550.0,finite,2618898.0,none,,0.0,0.0,min_max,0.0,14400.0,142485.0,14400.0,10,3,1,1,14400.0,14400.0,14400.0,0.0
252,M-1810,item:268091,8736.453877,14400.0,14400.0,203550.0,finite,2604498.0,none,,0.0,0.0,min_max,0.0,14400.0,142485.0,14400.0,10,1,1,1,14400.0,14400.0,14400.0,0.0
253,M-1810,item:268091,9139.07853,14400.0,14400.0,203550.0,finite,2590098.0,none,,0.0,0.0,min_max,0.0,14400.0,142485.0,14400.0,10,2,1,1,14400.0,14400.0,14400.0,0.0
254,M-1810,item:268091,9339.27693,14400.0,14400.0,203550.0,finite,2575698.0,none,,0.0,0.0,min_max,0.0,14400.0,142485.0,14400.0,10,3,1,1,14400.0,14400.0,14400.0,0.0
255,M-1810,item:268091,9498.99008,14400.0,14400.0,203550.0,finite,2561298.0,none,,0.0,0.0,min_max,0.0,14400.0,142485.0,14400.0,10,4,1,1,14400.0,14400.0,14400.0,0.0
256,M-1810,item:268091,9650.606179,14400.0,14400.0,203550.0,finite,2546898.0,none,,0.0,0.0,min_max,0.0,14400.0,142485.0,14400.0,10,5,1,1,14400.0,14400.0,14400.0,0.0
257,M-1810,item:268091,9800.602868,14400.0,14400.0,203550.0,finite,2532498.0,none,,0.0,0.0,min_max,0.0,14400.0,142485.0,14400.0,10,6,1,1,14400.0,14400.0,14400.0,0.0
258,M-1810,item:268091,9950.275675,14400.0,14400.0,203550.0,finite,2518098.0,none,,0.0,0.0,min_max,0.0,14400.0,142485.0,14400.0,10,7,1,1,14400.0,14400.0,14400.0,0.0
259,M-1810,item:268091,10099.883706,14400.0,14400.0,203550.0,finite,2503698.0,none,,0.0,0.0,min_max,0.0,14400.0,142485.0,14400.0,10,1,1,1,14400.0,14400.0,14400.0,0.0
260,M-1810,item:268091,10479.960415,14400.0,14400.0,203550.0,finite,2489298.0,none,,0.0,0.0,min_max,0.0,14400.0,142485.0,14400.0,10,2,1,1,14400.0,14400.0,14400.0,0.0
261,M-1810,item:268091,10906.130858,14400.0,14400.0,203550.0,finite,2474898.0,none,,0.0,0.0,min_max,0.0,14400.0,142485.0,14400.0,10,3,1,1,14400.0,14400.0,14400.0,0.0
263,M-1810,item:268091,9510.448979,14400.0,14400.0,203550.0,finite,2460498.0,none,,0.0,0.0,min_max,0.0,14400.0,142485.0,14400.0,10,4,1,1,14400.0,14400.0,14400.0,0.0
265,M-1810,item:268091,10210.759184,14400.0,14400.0,203550.0,finite,2446098.0,none,,0.0,0.0,min_max,0.0,14400.0,142485.0,14400.0,10,5,1,1,14400.0,14400.0,14400.0,0.0
266,M-1810,item:268091,12603.066122,14400.0,14400.0,203550.0,finite,2431698.0,none,,0.0,0.0,min_max,0.0,14400.0,142485.0,14400.0,10,1,1,1,14400.0,14400.0,14400.0,0.0
267,M-1810,item:268091,12463.519347,14400.0,14400.0,203550.0,finite,2417298.0,none,,0.0,0.0,min_max,0.0,14400.0,142485.0,14400.0,10,2,1,1,14400.0,14400.0,14400.0,0.0
268,M-1810,item:268091,11817.601829,14400.0,14400.0,203550.0,finite,2402898.0,none,,0.0,0.0,min_max,0.0,14400.0,142485.0,14400.0,10,3,1,1,14400.0,14400.0,14400.0,0.0
269,M-1810,item:268091,11070.410162,14400.0,14400.0,203550.0,finite,2388498.0,none,,0.0,0.0,min_max,0.0,14400.0,142485.0,14400.0,10,4,1,1,14400.0,14400.0,14400.0,0.0
270,M-1810,item:268091,10302.963665,14400.0,14400.0,203550.0,finite,2374098.0,none,,0.0,0.0,min_max,0.0,14400.0,142485.0,14400.0,10,5,1,1,14400.0,14400.0,14400.0,0.0
277,M-1810,item:268091,6893.730612,14400.0,14400.0,203550.0,finite,2359698.0,none,,0.0,0.0,min_max,0.0,14400.0,142485.0,14400.0,10,1,1,1,14400.0,14400.0,14400.0,0.0
278,M-1810,item:268091,8437.195102,14400.0,14400.0,203550.0,finite,2345298.0,none,,0.0,0.0,min_max,0.0,14400.0,142485.0,14400.0,10,2,1,1,14400.0,14400.0,14400.0,0.0
279,M-1810,item:268091,8910.606368,14400.0,14400.0,203550.0,finite,2330898.0,none,,0.0,0.0,min_max,0.0,14400.0,142485.0,14400.0,10,3,1,1,14400.0,14400.0,14400.0,0.0
280,M-1810,item:268091,9170.006988,14400.0,14400.0,203550.0,finite,2316498.0,none,,0.0,0.0,min_max,0.0,14400.0,142485.0,14400.0,10,1,1,1,14400.0,14400.0,14400.0,0.0
281,M-1810,item:268091,9342.997316,14400.0,14400.0,203550.0,finite,2302098.0,none,,0.0,0.0,min_max,0.0,14400.0,142485.0,14400.0,10,2,1,1,14400.0,14400.0,14400.0,0.0
282,M-1810,item:268091,9498.705586,14400.0,14400.0,203550.0,finite,2287698.0,none,,0.0,0.0,min_max,0.0,14400.0,142485.0,14400.0,10,3,1,1,14400.0,14400.0,14400.0,0.0
283,M-1810,item:268091,9650.957444,14400.0,14400.0,203550.0,finite,2273298.0,none,,0.0,0.0,min_max,0.0,14400.0,142485.0,14400.0,10,4,1,1,14400.0,14400.0,14400.0,0.0
285,M-1810,item:268091,7993.436735,14400.0,14400.0,203550.0,finite,2258898.0,none,,0.0,0.0,min_max,0.0,14400.0,142485.0,14400.0,10,5,1,1,14400.0,14400.0,14400.0,0.0
287,M-1810,item:268091,8235.657143,14400.0,14400.0,203550.0,finite,2244498.0,none,,0.0,0.0,min_max,0.0,14400.0,142485.0,14400.0,10,1,1,1,14400.0,14400.0,14400.0,0.0
288,M-1810,item:268091,10014.18449,14400.0,14400.0,203550.0,finite,2230098.0,none,,0.0,0.0,min_max,0.0,14400.0,142485.0,14400.0,10,2,1,1,14400.0,14400.0,14400.0,0.0
289,M-1810,item:268091,10501.285878,14400.0,14400.0,203550.0,finite,2215698.0,none,,0.0,0.0,min_max,0.0,14400.0,142485.0,14400.0,10,3,1,1,14400.0,14400.0,14400.0,0.0
290,M-1810,item:268091,10730.102074,14400.0,14400.0,203550.0,finite,2201298.0,none,,0.0,0.0,min_max,0.0,14400.0,142485.0,14400.0,10,4,1,1,14400.0,14400.0,14400.0,0.0
292,M-1810,item:268091,8892.636735,14400.0,14400.0,203550.0,finite,2186898.0,none,,0.0,0.0,min_max,0.0,14400.0,142485.0,14400.0,10,5,1,1,14400.0,14400.0,14400.0,0.0
293,M-1430,item:268967,4720.930612,107800.0,107800.0,154000.0,finite,6011525.0,none,,0.0,0.0,fixed,107800.0,107800.0,107800.0,0.0,10,1,1,1,107800.0,107800.0,107800.0,0.0
293,M-1810,item:268091,10802.56,14400.0,14400.0,203550.0,finite,2172498.0,none,,0.0,0.0,min_max,0.0,14400.0,142485.0,14400.0,10,6,1,1,14400.0,14400.0,14400.0,0.0
294,M-1810,item:268091,11315.940571,14400.0,14400.0,203550.0,finite,2158098.0,none,,0.0,0.0,min_max,0.0,14400.0,142485.0,14400.0,10,1,1,1,14400.0,14400.0,14400.0,0.0
295,M-1810,item:268091,10952.412604,14400.0,14400.0,203550.0,finite,2143698.0,none,,0.0,0.0,min_max,0.0,14400.0,142485.0,14400.0,10,2,1,1,14400.0,14400.0,14400.0,0.0
296,M-1810,item:268091,10413.502929,14400.0,14400.0,203550.0,finite,2129298.0,none,,0.0,0.0,min_max,0.0,14400.0,142485.0,14400.0,10,3,1,1,14400.0,14400.0,14400.0,0.0
297,M-1810,item:268091,9839.516912,14400.0,14400.0,203550.0,finite,2114898.0,none,,0.0,0.0,min_max,0.0,14400.0,142485.0,14400.0,10,4,1,1,14400.0,14400.0,14400.0,0.0
304,M-1810,item:268091,6844.555102,14400.0,14400.0,203550.0,finite,2100498.0,none,,0.0,0.0,min_max,0.0,14400.0,142485.0,14400.0,10,1,1,1,14400.0,14400.0,14400.0,0.0
306,M-1810,item:268091,7479.591837,14400.0,14400.0,203550.0,finite,2086098.0,none,,0.0,0.0,min_max,0.0,14400.0,142485.0,14400.0,10,2,1,1,14400.0,14400.0,14400.0,0.0
307,M-1810,item:268091,9293.028571,14400.0,14400.0,203550.0,finite,2071698.0,none,,0.0,0.0,min_max,0.0,14400.0,142485.0,14400.0,10,3,1,1,14400.0,14400.0,14400.0,0.0
308,M-1810,item:268091,9973.234285,14400.0,14400.0,203550.0,finite,2057298.0,none,,0.0,0.0,min_max,0.0,14400.0,142485.0,14400.0,10,1,1,1,14400.0,14400.0,14400.0,0.0
309,M-1430,item:268967,5718.481632,107800.0,107800.0,154000.0,finite,5903725.0,none,,0.0,0.0,fixed,107800.0,107800.0,107800.0,0.0,10,1,1,1,107800.0,107800.0,107800.0,0.0
309,M-1810,item:268091,9651.414204,14400.0,14400.0,203550.0,finite,2042898.0,none,,0.0,0.0,min_max,0.0,14400.0,142485.0,14400.0,10,2,1,1,14400.0,14400.0,14400.0,0.0
310,M-1810,item:268091,9129.188963,14400.0,14400.0,203550.0,finite,2028498.0,none,,0.0,0.0,min_max,0.0,14400.0,142485.0,14400.0,10,3,1,1,14400.0,14400.0,14400.0,0.0
311,M-1810,item:268091,8566.88269,14400.0,14400.0,203550.0,finite,2014098.0,none,,0.0,0.0,min_max,0.0,14400.0,142485.0,14400.0,10,4,1,1,14400.0,14400.0,14400.0,0.0
313,M-1810,item:268091,5825.322449,14400.0,14400.0,203550.0,finite,1999698.0,none,,0.0,0.0,min_max,0.0,14400.0,142485.0,14400.0,10,5,1,1,14400.0,14400.0,14400.0,0.0
314,M-1810,item:268091,6532.525714,14400.0,14400.0,203550.0,finite,1985298.0,none,,0.0,0.0,min_max,0.0,14400.0,142485.0,14400.0,10,6,1,1,14400.0,14400.0,14400.0,0.0
315,M-1810,item:268091,6216.105143,14400.0,14400.0,203550.0,finite,1970898.0,none,,0.0,0.0,min_max,0.0,14400.0,142485.0,14400.0,10,1,1,1,14400.0,14400.0,14400.0,0.0
317,M-1810,item:268091,6947.510204,14400.0,14400.0,203550.0,finite,1956498.0,none,,0.0,0.0,min_max,0.0,14400.0,142485.0,14400.0,10,2,1,1,14400.0,14400.0,14400.0,0.0
318,M-1810,item:268091,9355.967347,14400.0,14400.0,203550.0,finite,1942098.0,none,,0.0,0.0,min_max,0.0,14400.0,142485.0,14400.0,10,3,1,1,14400.0,14400.0,14400.0,0.0
319,M-1810,item:268091,10856.613878,14400.0,14400.0,203550.0,finite,1927698.0,none,,0.0,0.0,min_max,0.0,14400.0,142485.0,14400.0,10,4,1,1,14400.0,14400.0,14400.0,0.0
320,M-1810,item:268091,12175.698286,14400.0,14400.0,203550.0,finite,1913298.0,none,,0.0,0.0,min_max,0.0,14400.0,142485.0,14400.0,10,5,1,1,14400.0,14400.0,14400.0,0.0
321,M-1810,item:268091,13458.47027,14400.0,14400.0,203550.0,finite,1898898.0,none,,0.0,0.0,min_max,0.0,14400.0,142485.0,14400.0,10,6,1,1,14400.0,14400.0,14400.0,0.0
322,M-1810,item:268091,14733.979768,28800.0,28800.0,203550.0,finite,1884498.0,none,,0.0,0.0,min_max,0.0,14400.0,142485.0,14400.0,10,1,1,1,28800.0,28800.0,28800.0,0.0
323,M-1810,item:268091,15120.640852,28800.0,28800.0,203550.0,finite,1855698.0,none,,0.0,0.0,min_max,0.0,14400.0,142485.0,14400.0,10,2,1,1,28800.0,28800.0,28800.0,0.0
324,M-1810,item:268091,15329.532252,28800.0,28800.0,203550.0,finite,1826898.0,none,,0.0,0.0,min_max,0.0,14400.0,142485.0,14400.0,10,3,1,1,28800.0,28800.0,28800.0,0.0
325,M-1810,item:268091,15502.869716,28800.0,28800.0,203550.0,finite,1798098.0,none,,0.0,0.0,min_max,0.0,14400.0,142485.0,14400.0,10,4,1,1,28800.0,28800.0,28800.0,0.0
327,M-1810,item:268091,12700.081633,14400.0,14400.0,203550.0,finite,1769298.0,none,,0.0,0.0,min_max,0.0,14400.0,142485.0,14400.0,10,5,1,1,14400.0,14400.0,14400.0,0.0
328,M-1810,item:268091,15371.657143,28800.0,28800.0,203550.0,finite,1754898.0,none,,0.0,0.0,min_max,0.0,14400.0,142485.0,14400.0,10,6,1,1,28800.0,28800.0,28800.0,0.0
329,M-1810,item:268091,16037.531429,28800.0,28800.0,203550.0,finite,1726098.0,none,,0.0,0.0,min_max,0.0,14400.0,142485.0,14400.0,10,1,1,1,28800.0,28800.0,28800.0,0.0
330,M-1430,item:268967,5205.061224,107800.0,107800.0,154000.0,finite,5795925.0,none,,0.0,0.0,fixed,107800.0,107800.0,107800.0,0.0,10,1,1,1,107800.0,107800.0,107800.0,0.0
330,M-1810,item:268091,15443.179755,28800.0,28800.0,203550.0,finite,1697298.0,none,,0.0,0.0,min_max,0.0,14400.0,142485.0,14400.0,10,2,1,1,28800.0,28800.0,28800.0,0.0
331,M-1810,item:268091,14596.78289,28800.0,28800.0,203550.0,finite,1668498.0,none,,0.0,0.0,min_max,0.0,14400.0,142485.0,14400.0,10,3,1,1,28800.0,28800.0,28800.0,0.0
332,M-1810,item:268091,13699.976986,14400.0,14400.0,203550.0,finite,1639698.0,none,,0.0,0.0,min_max,0.0,14400.0,142485.0,14400.0,10,4,1,1,14400.0,14400.0,14400.0,0.0
342,M-1810,item:268091,8507.934694,14400.0,14400.0,203550.0,finite,1625298.0,none,,0.0,0.0,min_max,0.0,14400.0,142485.0,14400.0,10,1,1,1,14400.0,14400.0,14400.0,0.0
343,M-1810,item:268091,10315.758368,14400.0,14400.0,203550.0,finite,1610898.0,none,,0.0,0.0,min_max,0.0,14400.0,142485.0,14400.0,10,1,1,1,14400.0,14400.0,14400.0,0.0
344,M-1810,item:268091,11731.527184,14400.0,14400.0,203550.0,finite,1596498.0,none,,0.0,0.0,min_max,0.0,14400.0,142485.0,14400.0,10,2,1,1,14400.0,14400.0,14400.0,0.0
345,M-1810,item:268091,13068.885029,14400.0,14400.0,203550.0,finite,1582098.0,none,,0.0,0.0,min_max,0.0,14400.0,142485.0,14400.0,10,3,1,1,14400.0,14400.0,14400.0,0.0
346,M-1810,item:268091,14390.560679,14400.0,14400.0,203550.0,finite,1567698.0,none,,0.0,0.0,min_max,0.0,14400.0,142485.0,14400.0,10,4,1,1,14400.0,14400.0,14400.0,0.0
347,M-1810,item:268091,15709.099891,28800.0,28800.0,203550.0,finite,1553298.0,none,,0.0,0.0,min_max,0.0,14400.0,142485.0,14400.0,10,5,1,1,28800.0,28800.0,28800.0,0.0
348,M-1810,item:268091,17027.011815,28800.0,28800.0,203550.0,finite,1524498.0,none,,0.0,0.0,min_max,0.0,14400.0,142485.0,14400.0,10,6,1,1,28800.0,28800.0,28800.0,0.0
349,M-1810,item:268091,18344.798281,28800.0,28800.0,203550.0,finite,1495698.0,none,,0.0,0.0,min_max,0.0,14400.0,142485.0,14400.0,10,7,1,1,28800.0,28800.0,28800.0,0.0
350,M-1810,item:268091,19662.559656,28800.0,28800.0,203550.0,finite,1466898.0,none,,0.0,0.0,min_max,0.0,14400.0,142485.0,14400.0,10,1,1,1,28800.0,28800.0,28800.0,0.0
351,M-1430,item:268967,5277.6,107800.0,107800.0,154000.0,finite,5688125.0,none,,0.0,0.0,fixed,107800.0,107800.0,107800.0,0.0,10,1,1,1,107800.0,107800.0,107800.0,0.0
351,M-1810,item:268091,19568.887441,28800.0,28800.0,203550.0,finite,1438098.0,none,,0.0,0.0,min_max,0.0,14400.0,142485.0,14400.0,10,2,1,1,28800.0,28800.0,28800.0,0.0
352,M-1810,item:268091,19192.928509,28800.0,28800.0,203550.0,finite,1409298.0,none,,0.0,0.0,min_max,0.0,14400.0,142485.0,14400.0,10,3,1,1,28800.0,28800.0,28800.0,0.0
353,M-1810,item:268091,18760.512232,28800.0,28800.0,203550.0,finite,1380498.0,none,,0.0,0.0,min_max,0.0,14400.0,142485.0,14400.0,10,4,1,1,28800.0,28800.0,28800.0,0.0
354,M-1810,item:268091,18316.804487,28800.0,28800.0,203550.0,finite,1351698.0,none,,0.0,0.0,min_max,0.0,14400.0,142485.0,14400.0,10,5,1,1,28800.0,28800.0,28800.0,0.0
355,M-1810,item:268091,17870.838448,28800.0,28800.0,203550.0,finite,1322898.0,none,,0.0,0.0,min_max,0.0,14400.0,142485.0,14400.0,10,6,1,1,28800.0,28800.0,28800.0,0.0
356,M-1810,item:268091,17424.420751,28800.0,28800.0,203550.0,finite,1294098.0,none,,0.0,0.0,min_max,0.0,14400.0,142485.0,14400.0,10,7,1,1,28800.0,28800.0,28800.0,0.0
