day,src_node_id,dst_node_id,item_id,shipped_qty,pulled_qty,lead_days,arrival_day,reliability,uom
0,SDC-VD0520132A,M-1430,item:038005,35.460993,35.460993,192,192,1.0,KG
0,SDC-VD0914690A,M-1430,item:042342,180.0,180.0,15,15,1.0,UN
0,SDC-VD0525412A,M-1430,item:333362,45.454545,45.454545,89,89,1.0,UN
0,SDC-VD0993480A,M-1430,item:344135,31.25,31.25,32,32,1.0,UN
0,SDC-VD0520115A,M-1430,item:708073,5.412225,5.412225,18,18,1.0,KG
0,SDC-VD0508918A,M-1430,item:730384,25.714286,25.714286,15,15,1.0,M
0,SDC-VD1095770A,M-1430,item:734545,4.16,4.16,27,27,1.0,UN
0,SDC-1450,M-1430,item:773474,180.0,180.0,7,7,1.0,G
0,SDC-VD0951020A,M-1810,item:001757,3.17898,3.17898,144,144,1.0,KG
0,SDC-VD0519670A,M-1810,item:001848,1.125432,1.125432,17,17,1.0,KG
0,SDC-VD0951020A,M-1810,item:001848,0.482328,0.482328,24,24,1.0,KG
0,SDC-VD0910216A,M-1810,item:001893,7.127736,7.127736,54,54,1.0,KG
0,SDC-VD1091642A,M-1810,item:001893,2.036496,2.036496,73,73,1.0,KG
0,SDC-VD0518684A,M-1810,item:001893,1.018248,1.018248,60,60,1.0,KG
0,SDC-VD0910216A,M-1810,item:002612,1.182982,1.182982,30,30,1.0,KG
0,SDC-VD0990780A,M-1810,item:002612,0.337995,0.337995,64,64,1.0,KG
0,SDC-VD1091642A,M-1810,item:002612,0.084499,0.084499,70,70,1.0,KG
0,SDC-VD0500655A,M-1810,item:002612,0.084499,0.084499,18,18,1.0,KG
0,SDC-VD0514881A,M-1810,item:016332,0.563934,0.563934,20,20,1.0,KG
0,SDC-VD0519670A,M-1810,item:029313,0.053592,0.053592,25,25,1.0,KG
0,SDC-VD1096202A,M-1810,item:039668,0.0338,0.0338,44,44,1.0,KG
0,SDC-VD0520132A,M-1810,item:049371,5.099969,5.099969,121,121,1.0,KG
0,SDC-VD0914320A,M-1810,item:055703,0.056556,0.056556,8,8,1.0,KG
0,SDC-VD0964290A,M-1810,item:055703,0.024238,0.024238,53,53,1.0,KG
0,SDC-VD0505677A,M-1810,item:099439,1.689975,1.689975,20,20,1.0,KG
0,SDC-VD0901566A,M-1810,item:338928,31.25,31.25,38,38,1.0,UN
0,SDC-VD0914360C,M-1810,item:338929,64.935065,64.935065,46,46,1.0,UN
0,SDC-VD0989480A,M-1810,item:426331,7.5075,7.5075,53,53,1.0,UN
0,SDC-1450,M-1810,item:693055,25.714286,25.714286,45,45,1.0,G
0,M-1430,DC-1920,item:268967,20.0,20.0,2,2,1.0,UN
0,M-1810,DC-1920,item:268091,20.0,20.0,2,2,1.0,UN
0,SDC-VD0949099A,SDC-1450,item:021081,180.0,180.0,154,154,1.0,KG
0,SDC-VD0960508A,SDC-1450,item:021081,180.0,180.0,82,82,1.0,KG
0,SDC-VD0972460A,SDC-1450,item:021081,180.0,180.0,132,132,1.0,KG
0,SDC-VD0975221A,SDC-1450,item:021081,180.0,180.0,137,137,1.0,KG
0,SDC-1450,M-1810,item:007923,64.96,64.96,1,1,1.0,G
1,SDC-VD0520132A,M-1430,item:038005,27.194807,27.194807,70,71,1.0,KG
1,SDC-VD0525412A,M-1430,item:333362,45.454545,45.454545,100,101,1.0,UN
1,SDC-VD0993480A,M-1430,item:344135,31.25,31.25,13,14,1.0,UN
1,SDC-VD0520115A,M-1430,item:708073,0.18239,0.18239,6,7,1.0,KG
1,SDC-VD0508918A,M-1430,item:730384,25.714286,25.714286,75,76,1.0,M
1,SDC-VD1095770A,M-1430,item:734545,0.184,0.184,15,16,1.0,UN
1,SDC-1450,M-1430,item:773474,36.0,36.0,5,6,1.0,G
1,SDC-VD0951020A,M-1810,item:001757,0.037352,0.037352,79,80,1.0,KG
1,SDC-VD0519670A,M-1810,item:001848,0.01961,0.01961,22,23,1.0,KG
1,SDC-VD0951020A,M-1810,item:001848,0.008404,0.008404,112,113,1.0,KG
1,SDC-VD0910216A,M-1810,item:001893,0.124195,0.124195,21,22,1.0,KG
1,SDC-VD1091642A,M-1810,item:001893,0.035484,0.035484,50,51,1.0,KG
1,SDC-VD0518684A,M-1810,item:001893,0.017742,0.017742,88,89,1.0,KG
1,SDC-VD0910216A,M-1810,item:002612,0.032683,0.032683,57,58,1.0,KG
1,SDC-VD0990780A,M-1810,item:002612,0.009338,0.009338,8,9,1.0,KG
1,SDC-VD1091642A,M-1810,item:002612,0.002334,0.002334,70,71,1.0,KG
1,SDC-VD0500655A,M-1810,item:002612,0.002334,0.002334,21,22,1.0,KG
1,SDC-VD0514881A,M-1810,item:016332,0.011206,0.011206,98,99,1.0,KG
1,SDC-VD0519670A,M-1810,item:029313,0.000934,0.000934,23,24,1.0,KG
1,SDC-VD1096202A,M-1810,item:039668,0.000934,0.000934,14,15,1.0,KG
1,SDC-VD0520132A,M-1810,item:049371,0.034551,0.034551,231,232,1.0,KG
1,SDC-VD0914320A,M-1810,item:055703,0.001307,0.001307,11,12,1.0,KG
1,SDC-VD0964290A,M-1810,item:055703,0.00056,0.00056,29,30,1.0,KG
1,SDC-VD0505677A,M-1810,item:099439,0.04669,0.04669,32,33,1.0,KG
1,SDC-VD0901566A,M-1810,item:338928,31.25,31.25,75,76,1.0,UN
1,SDC-VD0914360C,M-1810,item:338929,64.935065,64.935065,25,26,1.0,UN
1,SDC-VD0989480A,M-1810,item:426331,0.253,0.253,26,27,1.0,UN
1,SDC-1450,M-1810,item:693055,25.714286,25.714286,34,35,1.0,G
1,M-1430,DC-1920,item:268967,23.0,23.0,2,3,1.0,UN
1,M-1810,DC-1920,item:268091,23.0,23.0,2,3,1.0,UN
1,SDC-1450,M-1810,item:007923,74.704,74.704,1,2,1.0,G
2,SDC-VD0520132A,M-1430,item:038005,0.437479,0.437479,98,100,1.0,KG
2,SDC-VD0525412A,M-1430,item:333362,45.454545,45.454545,39,41,1.0,UN
2,SDC-VD0993480A,M-1430,item:344135,31.25,31.25,22,24,1.0,UN
2,SDC-VD0520115A,M-1430,item:708073,0.19825,0.19825,27,29,1.0,KG
2,SDC-VD0508918A,M-1430,item:730384,25.714286,25.714286,25,27,1.0,M
2,SDC-VD1095770A,M-1430,item:734545,0.2,0.2,19,21,1.0,UN
2,SDC-1450,M-1430,item:773474,43.2,43.2,15,17,1.0,G
2,SDC-VD0951020A,M-1810,item:001757,0.0406,0.0406,73,75,1.0,KG
2,SDC-VD0519670A,M-1810,item:001848,0.021315,0.021315,13,15,1.0,KG
2,SDC-VD0951020A,M-1810,item:001848,0.009135,0.009135,50,52,1.0,KG
2,SDC-VD0910216A,M-1810,item:001893,0.134995,0.134995,19,21,1.0,KG
2,SDC-VD1091642A,M-1810,item:001893,0.03857,0.03857,39,41,1.0,KG
2,SDC-VD0518684A,M-1810,item:001893,0.019285,0.019285,61,63,1.0,KG
2,SDC-VD0910216A,M-1810,item:002612,0.035525,0.035525,35,37,1.0,KG
2,SDC-VD0990780A,M-1810,item:002612,0.01015,0.01015,31,33,1.0,KG
2,SDC-VD1091642A,M-1810,item:002612,0.002538,0.002538,30,32,1.0,KG
2,SDC-VD0500655A,M-1810,item:002612,0.002538,0.002538,20,22,1.0,KG
2,SDC-VD0514881A,M-1810,item:016332,0.01218,0.01218,46,48,1.0,KG
2,SDC-VD0519670A,M-1810,item:029313,0.001015,0.001015,112,114,1.0,KG
2,SDC-VD1096202A,M-1810,item:039668,0.001015,0.001015,39,41,1.0,KG
2,SDC-VD0520132A,M-1810,item:049371,0.037555,0.037555,78,80,1.0,KG
2,SDC-VD0914320A,M-1810,item:055703,0.001421,0.001421,12,14,1.0,KG
2,SDC-VD0964290A,M-1810,item:055703,0.000609,0.000609,15,17,1.0,KG
2,SDC-VD0505677A,M-1810,item:099439,0.05075,0.05075,36,38,1.0,KG
2,SDC-VD0901566A,M-1810,item:338928,31.25,31.25,38,40,1.0,UN
2,SDC-VD0914360C,M-1810,item:338929,50.12987,50.12987,17,19,1.0,UN
2,SDC-VD0989480A,M-1810,item:426331,0.275,0.275,33,35,1.0,UN
2,SDC-1450,M-1810,item:693055,25.714286,25.714286,45,47,1.0,G
2,M-1430,DC-1920,item:268967,25.0,25.0,3,5,1.0,UN
2,M-1810,DC-1920,item:268091,25.0,25.0,3,5,1.0,UN
2,DC-1920,C-XXXXX,item:268967,20.0,20.0,3,5,1.0,UN
2,DC-1920,C-XXXXX,item:268091,20.0,20.0,2,4,1.0,UN
2,SDC-1450,M-1810,item:007923,81.2,81.2,1,3,1.0,G
3,SDC-VD0520132A,M-1430,item:038005,0.437479,0.437479,202,205,1.0,KG
3,SDC-VD0525412A,M-1430,item:333362,43.636364,43.636364,45,48,1.0,UN
3,SDC-VD0993480A,M-1430,item:344135,31.25,31.25,14,17,1.0,UN
3,SDC-VD0520115A,M-1430,item:708073,0.19825,0.19825,11,14,1.0,KG
3,SDC-VD0508918A,M-1430,item:730384,25.714286,25.714286,39,42,1.0,M
3,SDC-VD1095770A,M-1430,item:734545,0.2,0.2,42,45,1.0,UN
3,SDC-1450,M-1430,item:773474,44.64,44.64,9,12,1.0,G
3,SDC-VD0951020A,M-1810,item:001757,0.0406,0.0406,155,158,1.0,KG
3,SDC-VD0519670A,M-1810,item:001848,0.021315,0.021315,25,28,1.0,KG
3,SDC-VD0951020A,M-1810,item:001848,0.009135,0.009135,99,102,1.0,KG
3,SDC-VD0910216A,M-1810,item:001893,0.134995,0.134995,37,40,1.0,KG
3,SDC-VD1091642A,M-1810,item:001893,0.03857,0.03857,21,24,1.0,KG
3,SDC-VD0518684A,M-1810,item:001893,0.019285,0.019285,26,29,1.0,KG
3,SDC-VD0910216A,M-1810,item:002612,0.035525,0.035525,25,28,1.0,KG
3,SDC-VD0990780A,M-1810,item:002612,0.01015,0.01015,50,53,1.0,KG
3,SDC-VD1091642A,M-1810,item:002612,0.002537,0.002537,44,47,1.0,KG
3,SDC-VD0500655A,M-1810,item:002612,0.002537,0.002537,28,31,1.0,KG
3,SDC-VD0514881A,M-1810,item:016332,0.01218,0.01218,44,47,1.0,KG
3,SDC-VD0519670A,M-1810,item:029313,0.001015,0.001015,7,10,1.0,KG
3,SDC-VD1096202A,M-1810,item:039668,0.001015,0.001015,44,47,1.0,KG
3,SDC-VD0520132A,M-1810,item:049371,0.037555,0.037555,219,222,1.0,KG
3,SDC-VD0914320A,M-1810,item:055703,0.001421,0.001421,10,13,1.0,KG
3,SDC-VD0964290A,M-1810,item:055703,0.000609,0.000609,17,20,1.0,KG
3,SDC-VD0505677A,M-1810,item:099439,0.05075,0.05075,65,68,1.0,KG
3,SDC-VD0901566A,M-1810,item:338928,31.25,31.25,37,40,1.0,UN
3,SDC-VD0989480A,M-1810,item:426331,0.275,0.275,21,24,1.0,UN
3,SDC-1450,M-1810,item:693055,25.714286,25.714286,118,121,1.0,G
3,M-1430,DC-1920,item:268967,25.0,25.0,2,5,1.0,UN
3,M-1810,DC-1920,item:268091,25.0,25.0,5,8,1.0,UN
3,DC-1920,C-XXXXX,item:268967,23.0,23.0,2,5,1.0,UN
3,DC-1920,C-XXXXX,item:268091,23.0,23.0,2,5,1.0,UN
3,SDC-1450,M-1810,item:007923,81.2,81.2,3,6,1.0,G
4,SDC-VD0520132A,M-1430,item:038005,0.437479,0.437479,267,271,1.0,KG
4,SDC-VD0993480A,M-1430,item:344135,31.25,31.25,9,13,1.0,UN
4,SDC-VD0520115A,M-1430,item:708073,0.19825,0.19825,22,26,1.0,KG
4,SDC-VD0508918A,M-1430,item:730384,25.714286,25.714286,96,100,1.0,M
4,SDC-VD1095770A,M-1430,item:734545,0.2,0.2,37,41,1.0,UN
4,SDC-1450,M-1430,item:773474,44.928,44.928,21,25,1.0,G
4,SDC-VD0951020A,M-1810,item:001757,0.0406,0.0406,53,57,1.0,KG
4,SDC-VD0519670A,M-1810,item:001848,0.021315,0.021315,20,24,1.0,KG
4,SDC-VD0951020A,M-1810,item:001848,0.009135,0.009135,94,98,1.0,KG
4,SDC-VD0910216A,M-1810,item:001893,0.134995,0.134995,22,26,1.0,KG
4,SDC-VD1091642A,M-1810,item:001893,0.03857,0.03857,53,57,1.0,KG
4,SDC-VD0518684A,M-1810,item:001893,0.019285,0.019285,26,30,1.0,KG
4,SDC-VD0910216A,M-1810,item:002612,0.035525,0.035525,51,55,1.0,KG
4,SDC-VD0990780A,M-1810,item:002612,0.01015,0.01015,42,46,1.0,KG
4,SDC-VD1091642A,M-1810,item:002612,0.002538,0.002538,30,34,1.0,KG
4,SDC-VD0500655A,M-1810,item:002612,0.002538,0.002538,19,23,1.0,KG
4,SDC-VD0514881A,M-1810,item:016332,0.01218,0.01218,5,9,1.0,KG
4,SDC-VD0519670A,M-1810,item:029313,0.001015,0.001015,60,64,1.0,KG
4,SDC-VD1096202A,M-1810,item:039668,0.001015,0.001015,53,57,1.0,KG
4,SDC-VD0520132A,M-1810,item:049371,0.037555,0.037555,120,124,1.0,KG
4,SDC-VD0914320A,M-1810,item:055703,0.001421,0.001421,14,18,1.0,KG
4,SDC-VD0964290A,M-1810,item:055703,0.000609,0.000609,32,36,1.0,KG
4,SDC-VD0505677A,M-1810,item:099439,0.05075,0.05075,50,54,1.0,KG
4,SDC-VD0901566A,M-1810,item:338928,31.25,31.25,52,56,1.0,UN
4,SDC-VD0989480A,M-1810,item:426331,0.275,0.275,25,29,1.0,UN
4,SDC-1450,M-1810,item:693055,25.714286,25.714286,34,38,1.0,G
4,M-1430,DC-1920,item:268967,25.0,25.0,6,10,1.0,UN
4,M-1810,DC-1920,item:268091,25.0,25.0,2,6,1.0,UN
4,SDC-1450,M-1810,item:007923,81.2,81.2,1,5,1.0,G
5,SDC-VD0520132A,M-1430,item:038005,0.437479,0.437479,197,202,1.0,KG
5,SDC-VD0993480A,M-1430,item:344135,23.75,23.75,33,38,1.0,UN
5,SDC-VD0520115A,M-1430,item:708073,0.19825,0.19825,27,32,1.0,KG
5,SDC-VD0508918A,M-1430,item:730384,25.714286,25.714286,23,28,1.0,M
5,SDC-VD1095770A,M-1430,item:734545,0.2,0.2,26,31,1.0,UN
5,SDC-1450,M-1430,item:773474,44.9856,44.9856,18,23,1.0,G
5,SDC-VD0951020A,M-1810,item:001757,0.0406,0.0406,111,116,1.0,KG
5,SDC-VD0519670A,M-1810,item:001848,0.021315,0.021315,13,18,1.0,KG
5,SDC-VD0951020A,M-1810,item:001848,0.009135,0.009135,37,42,1.0,KG
5,SDC-VD0910216A,M-1810,item:001893,0.134995,0.134995,25,30,1.0,KG
5,SDC-VD1091642A,M-1810,item:001893,0.03857,0.03857,25,30,1.0,KG
5,SDC-VD0518684A,M-1810,item:001893,0.019285,0.019285,56,61,1.0,KG
5,SDC-VD0910216A,M-1810,item:002612,0.035525,0.035525,54,59,1.0,KG
5,SDC-VD0990780A,M-1810,item:002612,0.01015,0.01015,16,21,1.0,KG
5,SDC-VD1091642A,M-1810,item:002612,0.002537,0.002537,20,25,1.0,KG
5,SDC-VD0500655A,M-1810,item:002612,0.002537,0.002537,29,34,1.0,KG
5,SDC-VD0514881A,M-1810,item:016332,0.01218,0.01218,33,38,1.0,KG
5,SDC-VD0519670A,M-1810,item:029313,0.001015,0.001015,53,58,1.0,KG
5,SDC-VD1096202A,M-1810,item:039668,0.001015,0.001015,46,51,1.0,KG
5,SDC-VD0520132A,M-1810,item:049371,0.037555,0.037555,171,176,1.0,KG
5,SDC-VD0914320A,M-1810,item:055703,0.001421,0.001421,24,29,1.0,KG
5,SDC-VD0964290A,M-1810,item:055703,0.000609,0.000609,60,65,1.0,KG
5,SDC-VD0505677A,M-1810,item:099439,0.05075,0.05075,64,69,1.0,KG
5,SDC-VD0901566A,M-1810,item:338928,23.75,23.75,140,145,1.0,UN
5,SDC-VD0989480A,M-1810,item:426331,0.275,0.275,27,32,1.0,UN
5,SDC-1450,M-1810,item:693055,25.714286,25.714286,46,51,1.0,G
5,M-1430,DC-1920,item:268967,25.0,25.0,4,9,1.0,UN
5,M-1810,DC-1920,item:268091,25.0,25.0,4,9,1.0,UN
5,DC-1920,C-XXXXX,item:268967,50.0,50.0,1,6,1.0,UN
5,DC-1920,C-XXXXX,item:268091,25.0,25.0,2,7,1.0,UN
5,SDC-1450,M-1810,item:007923,81.2,81.2,2,7,1.0,G
6,SDC-VD0520132A,M-1430,item:038005,0.404458,0.404458,98,104,1.0,KG
6,SDC-VD0520115A,M-1430,item:708073,0.183286,0.183286,40,46,1.0,KG
6,SDC-VD0508918A,M-1430,item:730384,25.714286,25.714286,49,55,1.0,M
6,SDC-VD1095770A,M-1430,item:734545,0.184904,0.184904,19,25,1.0,UN
6,SDC-1450,M-1430,item:773474,44.99712,44.99712,9,15,1.0,G
6,SDC-VD0951020A,M-1810,item:001757,0.037535,0.037535,96,102,1.0,KG
6,SDC-VD0519670A,M-1810,item:001848,0.019706,0.019706,42,48,1.0,KG
6,SDC-VD0951020A,M-1810,item:001848,0.008445,0.008445,47,53,1.0,KG
6,SDC-VD0910216A,M-1810,item:001893,0.124805,0.124805,23,29,1.0,KG
6,SDC-VD1091642A,M-1810,item:001893,0.035659,0.035659,82,88,1.0,KG
6,SDC-VD0518684A,M-1810,item:001893,0.017829,0.017829,50,56,1.0,KG
6,SDC-VD0910216A,M-1810,item:002612,0.032844,0.032844,38,44,1.0,KG
6,SDC-VD0990780A,M-1810,item:002612,0.009384,0.009384,22,28,1.0,KG
6,SDC-VD1091642A,M-1810,item:002612,0.002346,0.002346,32,38,1.0,KG
6,SDC-VD0500655A,M-1810,item:002612,0.002346,0.002346,22,28,1.0,KG
6,SDC-VD0514881A,M-1810,item:016332,0.011261,0.011261,43,49,1.0,KG
6,SDC-VD0519670A,M-1810,item:029313,0.000938,0.000938,54,60,1.0,KG
6,SDC-VD1096202A,M-1810,item:039668,0.000938,0.000938,43,49,1.0,KG
6,SDC-VD0520132A,M-1810,item:049371,0.03472,0.03472,125,131,1.0,KG
6,SDC-VD0914320A,M-1810,item:055703,0.001314,0.001314,3,9,1.0,KG
6,SDC-VD0964290A,M-1810,item:055703,0.000563,0.000563,21,27,1.0,KG
6,SDC-VD0505677A,M-1810,item:099439,0.046919,0.046919,12,18,1.0,KG
6,SDC-VD0989480A,M-1810,item:426331,0.254243,0.254243,18,24,1.0,UN
6,SDC-1450,M-1810,item:693055,25.714286,25.714286,109,115,1.0,G
6,M-1430,DC-1920,item:268967,23.11296,23.11296,4,10,1.0,UN
6,M-1810,DC-1920,item:268091,23.11296,23.11296,2,8,1.0,UN
6,DC-1920,C-XXXXX,item:268091,25.0,25.0,1,7,1.0,UN
6,SDC-1450,M-1810,item:007923,75.070894,75.070894,2,8,1.0,G
7,SDC-VD0520132A,M-1430,item:038005,0.360878,0.360878,196,203,1.0,KG
7,SDC-VD0520115A,M-1430,item:708073,0.163537,0.163537,14,21,1.0,KG
7,SDC-VD1095770A,M-1430,item:734545,0.164981,0.164981,24,31,1.0,UN
7,SDC-1450,M-1430,item:773474,44.999424,44.999424,14,21,1.0,G
7,SDC-VD0951020A,M-1810,item:001757,0.033491,0.033491,46,53,1.0,KG
7,SDC-VD0519670A,M-1810,item:001848,0.017583,0.017583,32,39,1.0,KG
7,SDC-VD0951020A,M-1810,item:001848,0.007535,0.007535,100,107,1.0,KG
7,SDC-VD0910216A,M-1810,item:001893,0.111358,0.111358,21,28,1.0,KG
7,SDC-VD1091642A,M-1810,item:001893,0.031817,0.031817,60,67,1.0,KG
7,SDC-VD0518684A,M-1810,item:001893,0.015908,0.015908,76,83,1.0,KG
7,SDC-VD0910216A,M-1810,item:002612,0.029305,0.029305,16,23,1.0,KG
7,SDC-VD0990780A,M-1810,item:002612,0.008373,0.008373,68,75,1.0,KG
7,SDC-VD1091642A,M-1810,item:002612,0.002093,0.002093,17,24,1.0,KG
7,SDC-VD0500655A,M-1810,item:002612,0.002093,0.002093,46,53,1.0,KG
7,SDC-VD0514881A,M-1810,item:016332,0.010047,0.010047,44,51,1.0,KG
7,SDC-VD0519670A,M-1810,item:029313,0.000837,0.000837,57,64,1.0,KG
7,SDC-VD1096202A,M-1810,item:039668,0.000837,0.000837,68,75,1.0,KG
7,SDC-VD0520132A,M-1810,item:049371,0.030979,0.030979,66,73,1.0,KG
7,SDC-VD0914320A,M-1810,item:055703,0.001172,0.001172,13,20,1.0,KG
7,SDC-VD0964290A,M-1810,item:055703,0.000502,0.000502,59,66,1.0,KG
7,SDC-VD0505677A,M-1810,item:099439,0.041864,0.041864,52,59,1.0,KG
7,SDC-VD0989480A,M-1810,item:426331,0.226849,0.226849,20,27,1.0,UN
7,M-1430,DC-1920,item:268967,20.622592,20.622592,3,10,1.0,UN
7,M-1810,DC-1920,item:268091,20.622592,20.622592,3,10,1.0,UN
7,SDC-1450,M-1810,item:007923,66.982179,66.982179,1,8,1.0,G
8,SDC-VD0520132A,M-1430,item:038005,0.40466,0.40466,146,154,1.0,KG
8,SDC-VD0520115A,M-1430,item:708073,0.183377,0.183377,24,32,1.0,KG
8,SDC-VD1095770A,M-1430,item:734545,0.184996,0.184996,13,21,1.0,UN
8,SDC-1450,M-1430,item:773474,44.999885,44.999885,8,16,1.0,G
8,SDC-VD0951020A,M-1810,item:001757,0.037554,0.037554,116,124,1.0,KG
8,SDC-VD0519670A,M-1810,item:001848,0.019716,0.019716,4,12,1.0,KG
8,SDC-VD0951020A,M-1810,item:001848,0.00845,0.00845,23,31,1.0,KG
8,SDC-VD0910216A,M-1810,item:001893,0.124868,0.124868,28,36,1.0,KG
8,SDC-VD1091642A,M-1810,item:001893,0.035677,0.035677,57,65,1.0,KG
8,SDC-VD0518684A,M-1810,item:001893,0.017838,0.017838,56,64,1.0,KG
8,SDC-VD0910216A,M-1810,item:002612,0.03286,0.03286,15,23,1.0,KG
8,SDC-VD0990780A,M-1810,item:002612,0.009389,0.009389,48,56,1.0,KG
8,SDC-VD1091642A,M-1810,item:002612,0.002347,0.002347,40,48,1.0,KG
8,SDC-VD0500655A,M-1810,item:002612,0.002347,0.002347,30,38,1.0,KG
8,SDC-VD0514881A,M-1810,item:016332,0.011266,0.011266,74,82,1.0,KG
8,SDC-VD0519670A,M-1810,item:029313,0.000939,0.000939,78,86,1.0,KG
8,SDC-VD1096202A,M-1810,item:039668,0.000939,0.000939,24,32,1.0,KG
8,SDC-VD0520132A,M-1810,item:049371,0.034738,0.034738,86,94,1.0,KG
8,SDC-VD0914320A,M-1810,item:055703,0.001314,0.001314,12,20,1.0,KG
8,SDC-VD0964290A,M-1810,item:055703,0.000563,0.000563,24,32,1.0,KG
8,SDC-VD0505677A,M-1810,item:099439,0.046943,0.046943,35,43,1.0,KG
8,SDC-VD0989480A,M-1810,item:426331,0.25437,0.25437,20,28,1.0,UN
8,M-1430,DC-1920,item:268967,23.124518,23.124518,2,10,1.0,UN
8,M-1810,DC-1920,item:268091,23.124518,23.124518,3,11,1.0,UN
8,DC-1920,C-XXXXX,item:268091,48.11296,48.11296,3,11,1.0,UN
8,SDC-1450,M-1810,item:007923,75.108436,75.108436,3,11,1.0,G
9,SDC-VD0520132A,M-1430,item:038005,0.437479,0.437479,308,317,1.0,KG
9,SDC-VD0520115A,M-1430,item:708073,0.19825,0.19825,27,36,1.0,KG
9,SDC-VD1095770A,M-1430,item:734545,0.2,0.2,12,21,1.0,UN
9,SDC-1450,M-1430,item:773474,44.999977,44.999977,18,27,1.0,G
9,SDC-VD0951020A,M-1810,item:001757,0.0406,0.0406,33,42,1.0,KG
9,SDC-VD0519670A,M-1810,item:001848,0.021315,0.021315,8,17,1.0,KG
9,SDC-VD0951020A,M-1810,item:001848,0.009135,0.009135,62,71,1.0,KG
9,SDC-VD0910216A,M-1810,item:001893,0.134995,0.134995,44,53,1.0,KG
9,SDC-VD1091642A,M-1810,item:001893,0.03857,0.03857,70,79,1.0,KG
9,SDC-VD0518684A,M-1810,item:001893,0.019285,0.019285,58,67,1.0,KG
9,SDC-VD0910216A,M-1810,item:002612,0.035525,0.035525,33,42,1.0,KG
9,SDC-VD0990780A,M-1810,item:002612,0.01015,0.01015,43,52,1.0,KG
9,SDC-VD1091642A,M-1810,item:002612,0.002538,0.002538,52,61,1.0,KG
9,SDC-VD0500655A,M-1810,item:002612,0.002538,0.002538,17,26,1.0,KG
9,SDC-VD0514881A,M-1810,item:016332,0.01218,0.01218,64,73,1.0,KG
9,SDC-VD0519670A,M-1810,item:029313,0.001015,0.001015,32,41,1.0,KG
9,SDC-VD1096202A,M-1810,item:039668,0.001015,0.001015,41,50,1.0,KG
9,SDC-VD0520132A,M-1810,item:049371,0.037555,0.037555,94,103,1.0,KG
9,SDC-VD0914320A,M-1810,item:055703,0.001421,0.001421,15,24,1.0,KG
9,SDC-VD0964290A,M-1810,item:055703,0.000609,0.000609,57,66,1.0,KG
9,SDC-VD0505677A,M-1810,item:099439,0.05075,0.05075,58,67,1.0,KG
9,SDC-VD0989480A,M-1810,item:426331,0.275,0.275,37,46,1.0,UN
9,M-1430,DC-1920,item:268967,25.0,25.0,3,12,1.0,UN
9,M-1810,DC-1920,item:268091,25.0,25.0,4,13,1.0,UN
9,DC-1920,C-XXXXX,item:268967,25.0,25.0,2,11,1.0,UN
9,DC-1920,C-XXXXX,item:268091,25.0,25.0,4,13,1.0,UN
9,SDC-1450,M-1810,item:007923,81.2,81.2,1,10,1.0,G
10,SDC-VD0520132A,M-1430,item:038005,0.437479,0.437479,208,218,1.0,KG
10,SDC-VD0520115A,M-1430,item:708073,0.19825,0.19825,28,38,1.0,KG
10,SDC-VD1095770A,M-1430,item:734545,0.2,0.2,7,17,1.0,UN
10,SDC-1450,M-1430,item:773474,44.999995,44.999995,8,18,1.0,G
10,SDC-VD0951020A,M-1810,item:001757,0.0406,0.0406,36,46,1.0,KG
10,SDC-VD0519670A,M-1810,item:001848,0.021315,0.021315,39,49,1.0,KG
10,SDC-VD0951020A,M-1810,item:001848,0.009135,0.009135,112,122,1.0,KG
10,SDC-VD0910216A,M-1810,item:001893,0.134995,0.134995,37,47,1.0,KG
10,SDC-VD1091642A,M-1810,item:001893,0.03857,0.03857,13,23,1.0,KG
10,SDC-VD0518684A,M-1810,item:001893,0.019285,0.019285,54,64,1.0,KG
10,SDC-VD0910216A,M-1810,item:002612,0.035525,0.035525,40,50,1.0,KG
10,SDC-VD0990780A,M-1810,item:002612,0.01015,0.01015,35,45,1.0,KG
10,SDC-VD1091642A,M-1810,item:002612,0.002538,0.002538,28,38,1.0,KG
10,SDC-VD0500655A,M-1810,item:002612,0.002538,0.002538,37,47,1.0,KG
10,SDC-VD0514881A,M-1810,item:016332,0.01218,0.01218,38,48,1.0,KG
10,SDC-VD0519670A,M-1810,item:029313,0.001015,0.001015,40,50,1.0,KG
10,SDC-VD1096202A,M-1810,item:039668,0.001015,0.001015,62,72,1.0,KG
10,SDC-VD0520132A,M-1810,item:049371,0.037555,0.037555,138,148,1.0,KG
10,SDC-VD0914320A,M-1810,item:055703,0.001421,0.001421,8,18,1.0,KG
10,SDC-VD0964290A,M-1810,item:055703,0.000609,0.000609,37,47,1.0,KG
10,SDC-VD0505677A,M-1810,item:099439,0.05075,0.05075,38,48,1.0,KG
10,SDC-VD0989480A,M-1810,item:426331,0.275,0.275,17,27,1.0,UN
10,M-1430,DC-1920,item:268967,25.0,25.0,4,14,1.0,UN
10,M-1810,DC-1920,item:268091,25.0,25.0,4,14,1.0,UN
10,DC-1920,C-XXXXX,item:268967,91.86007,91.86007,3,13,1.0,UN
10,DC-1920,C-XXXXX,item:268091,20.622592,20.622592,2,12,1.0,UN
10,SDC-1450,M-1810,item:007923,81.2,81.2,1,11,1.0,G
11,SDC-VD0520132A,M-1430,item:038005,0.218957,0.218957,183,194,1.0,KG
11,SDC-VD0520115A,M-1430,item:708073,0.099223,0.099223,15,26,1.0,KG
11,SDC-VD1095770A,M-1430,item:734545,0.100099,0.100099,23,34,1.0,UN
11,SDC-1450,M-1430,item:773474,44.999999,44.999999,10,21,1.0,G
11,SDC-VD0951020A,M-1810,item:001757,0.0406,0.0406,154,165,1.0,KG
11,SDC-VD0519670A,M-1810,item:001848,0.021315,0.021315,30,41,1.0,KG
11,SDC-VD0951020A,M-1810,item:001848,0.009135,0.009135,39,50,1.0,KG
11,SDC-VD0910216A,M-1810,item:001893,0.134995,0.134995,31,42,1.0,KG
11,SDC-VD1091642A,M-1810,item:001893,0.03857,0.03857,84,95,1.0,KG
11,SDC-VD0518684A,M-1810,item:001893,0.019285,0.019285,39,50,1.0,KG
11,SDC-VD0910216A,M-1810,item:002612,0.035525,0.035525,31,42,1.0,KG
11,SDC-VD0990780A,M-1810,item:002612,0.01015,0.01015,36,47,1.0,KG
11,SDC-VD1091642A,M-1810,item:002612,0.002538,0.002538,25,36,1.0,KG
11,SDC-VD0500655A,M-1810,item:002612,0.002538,0.002538,32,43,1.0,KG
11,SDC-VD0514881A,M-1810,item:016332,0.01218,0.01218,49,60,1.0,KG
11,SDC-VD0519670A,M-1810,item:029313,0.001015,0.001015,60,71,1.0,KG
11,SDC-VD1096202A,M-1810,item:039668,0.001015,0.001015,38,49,1.0,KG
11,SDC-VD0520132A,M-1810,item:049371,0.037555,0.037555,138,149,1.0,KG
11,SDC-VD0914320A,M-1810,item:055703,0.001421,0.001421,7,18,1.0,KG
11,SDC-VD0964290A,M-1810,item:055703,0.000609,0.000609,47,58,1.0,KG
11,SDC-VD0505677A,M-1810,item:099439,0.05075,0.05075,53,64,1.0,KG
11,SDC-VD0989480A,M-1810,item:426331,0.275,0.275,49,60,1.0,UN
11,M-1430,DC-1920,item:268967,12.512411,12.512411,4,15,1.0,UN
11,M-1810,DC-1920,item:268091,25.0,25.0,1,12,1.0,UN
11,DC-1920,C-XXXXX,item:268091,23.124518,23.124518,3,14,1.0,UN
11,SDC-1450,M-1810,item:007923,81.2,81.2,3,14,1.0,G
12,SDC-VD0520132A,M-1430,item:038005,0.08091,0.08091,161,173,1.0,KG
12,SDC-VD0520115A,M-1430,item:708073,0.036666,0.036666,41,53,1.0,KG
12,SDC-VD1095770A,M-1430,item:734545,0.036989,0.036989,27,39,1.0,UN
12,SDC-1450,M-1430,item:773474,45.0,45.0,10,22,1.0,G
12,SDC-VD0951020A,M-1810,item:001757,0.0406,0.0406,66,78,1.0,KG
12,SDC-VD0519670A,M-1810,item:001848,0.021315,0.021315,27,39,1.0,KG
12,SDC-VD0951020A,M-1810,item:001848,0.009135,0.009135,109,121,1.0,KG
12,SDC-VD0910216A,M-1810,item:001893,0.134995,0.134995,24,36,1.0,KG
12,SDC-VD1091642A,M-1810,item:001893,0.03857,0.03857,60,72,1.0,KG
12,SDC-VD0518684A,M-1810,item:001893,0.019285,0.019285,21,33,1.0,KG
12,SDC-VD0910216A,M-1810,item:002612,0.035525,0.035525,70,82,1.0,KG
12,SDC-VD0990780A,M-1810,item:002612,0.01015,0.01015,53,65,1.0,KG
12,SDC-VD1091642A,M-1810,item:002612,0.002538,0.002538,16,28,1.0,KG
12,SDC-VD0500655A,M-1810,item:002612,0.002538,0.002538,56,68,1.0,KG
12,SDC-VD0514881A,M-1810,item:016332,0.01218,0.01218,67,79,1.0,KG
12,SDC-VD0519670A,M-1810,item:029313,0.001015,0.001015,18,30,1.0,KG
12,SDC-VD1096202A,M-1810,item:039668,0.001015,0.001015,26,38,1.0,KG
12,SDC-VD0520132A,M-1810,item:049371,0.037555,0.037555,76,88,1.0,KG
12,SDC-VD0914320A,M-1810,item:055703,0.001421,0.001421,12,24,1.0,KG
12,SDC-VD0964290A,M-1810,item:055703,0.000609,0.000609,24,36,1.0,KG
12,SDC-VD0505677A,M-1810,item:099439,0.05075,0.05075,70,82,1.0,KG
12,SDC-VD0989480A,M-1810,item:426331,0.275,0.275,19,31,1.0,UN
12,M-1430,DC-1920,item:268967,4.623646,4.623646,2,14,1.0,UN
12,M-1810,DC-1920,item:268091,25.0,25.0,2,14,1.0,UN
12,DC-1920,C-XXXXX,item:268967,25.0,25.0,1,13,1.0,UN
12,DC-1920,C-XXXXX,item:268091,25.0,25.0,5,17,1.0,UN
12,SDC-1450,M-1810,item:007923,81.2,81.2,1,13,1.0,G
13,SDC-1450,M-1430,item:773474,45.0,45.0,8,21,1.0,G
13,SDC-VD0951020A,M-1810,item:001757,0.037536,0.037536,105,118,1.0,KG
13,SDC-VD0519670A,M-1810,item:001848,0.019706,0.019706,14,27,1.0,KG
13,SDC-VD0951020A,M-1810,item:001848,0.008445,0.008445,34,47,1.0,KG
13,SDC-VD0910216A,M-1810,item:001893,0.124806,0.124806,28,41,1.0,KG
13,SDC-VD1091642A,M-1810,item:001893,0.035659,0.035659,47,60,1.0,KG
13,SDC-VD0518684A,M-1810,item:001893,0.017829,0.017829,39,52,1.0,KG
13,SDC-VD0910216A,M-1810,item:002612,0.032844,0.032844,48,61,1.0,KG
13,SDC-VD0990780A,M-1810,item:002612,0.009384,0.009384,12,25,1.0,KG
13,SDC-VD1091642A,M-1810,item:002612,0.002346,0.002346,35,48,1.0,KG
13,SDC-VD0500655A,M-1810,item:002612,0.002346,0.002346,20,33,1.0,KG
13,SDC-VD0514881A,M-1810,item:016332,0.011261,0.011261,58,71,1.0,KG
13,SDC-VD0519670A,M-1810,item:029313,0.000938,0.000938,70,83,1.0,KG
13,SDC-VD1096202A,M-1810,item:039668,0.000938,0.000938,47,60,1.0,KG
13,SDC-VD0520132A,M-1810,item:049371,0.03472,0.03472,189,202,1.0,KG
13,SDC-VD0914320A,M-1810,item:055703,0.001314,0.001314,13,26,1.0,KG
13,SDC-VD0964290A,M-1810,item:055703,0.000563,0.000563,53,66,1.0,KG
13,SDC-VD0505677A,M-1810,item:099439,0.046919,0.046919,32,45,1.0,KG
13,SDC-VD0989480A,M-1810,item:426331,0.254243,0.254243,41,54,1.0,UN
13,M-1810,DC-1920,item:268091,23.113,23.113,2,15,1.0,UN
13,DC-1920,C-XXXXX,item:268091,25.0,25.0,2,15,1.0,UN
13,SDC-1450,M-1810,item:007923,75.071023,75.071023,2,15,1.0,G
14,SDC-1450,M-1430,item:773474,45.0,45.0,11,25,1.0,G
14,SDC-VD0951020A,M-1810,item:001757,0.033491,0.033491,151,165,1.0,KG
14,SDC-VD0519670A,M-1810,item:001848,0.017583,0.017583,37,51,1.0,KG
14,SDC-VD0951020A,M-1810,item:001848,0.007535,0.007535,44,58,1.0,KG
14,SDC-VD0910216A,M-1810,item:001893,0.111358,0.111358,41,55,1.0,KG
14,SDC-VD1091642A,M-1810,item:001893,0.031817,0.031817,35,49,1.0,KG
14,SDC-VD0518684A,M-1810,item:001893,0.015908,0.015908,12,26,1.0,KG
14,SDC-VD0910216A,M-1810,item:002612,0.029305,0.029305,33,47,1.0,KG
14,SDC-VD0990780A,M-1810,item:002612,0.008373,0.008373,46,60,1.0,KG
14,SDC-VD1091642A,M-1810,item:002612,0.002093,0.002093,63,77,1.0,KG
14,SDC-VD0500655A,M-1810,item:002612,0.002093,0.002093,13,27,1.0,KG
14,SDC-VD0514881A,M-1810,item:016332,0.010047,0.010047,13,27,1.0,KG
14,SDC-VD0519670A,M-1810,item:029313,0.000837,0.000837,62,76,1.0,KG
14,SDC-VD1096202A,M-1810,item:039668,0.000837,0.000837,22,36,1.0,KG
14,SDC-VD0520132A,M-1810,item:049371,0.030979,0.030979,264,278,1.0,KG
14,SDC-VD0914320A,M-1810,item:055703,0.001172,0.001172,8,22,1.0,KG
14,SDC-VD0964290A,M-1810,item:055703,0.000502,0.000502,22,36,1.0,KG
14,SDC-VD0505677A,M-1810,item:099439,0.041864,0.041864,26,40,1.0,KG
14,SDC-VD0989480A,M-1810,item:426331,0.226849,0.226849,13,27,1.0,UN
14,M-1810,DC-1920,item:268091,20.6226,20.6226,2,16,1.0,UN
14,DC-1920,C-XXXXX,item:268967,29.623646,29.623646,3,17,1.0,UN
14,DC-1920,C-XXXXX,item:268091,50.0,50.0,3,17,1.0,UN
14,SDC-1450,M-1810,item:007923,66.982205,66.982205,1,15,1.0,G
15,SDC-VD0520132A,M-1430,item:038005,0.081557,0.081557,152,167,1.0,KG
15,SDC-VD0520115A,M-1430,item:708073,0.036959,0.036959,23,38,1.0,KG
15,SDC-VD1095770A,M-1430,item:734545,0.037285,0.037285,10,25,1.0,UN
15,SDC-1450,M-1430,item:773474,45.0,45.0,11,26,1.0,G
15,SDC-VD0951020A,M-1810,item:001757,0.037554,0.037554,68,83,1.0,KG
15,SDC-VD0519670A,M-1810,item:001848,0.019716,0.019716,13,28,1.0,KG
15,SDC-VD0951020A,M-1810,item:001848,0.00845,0.00845,108,123,1.0,KG
15,SDC-VD0910216A,M-1810,item:001893,0.124868,0.124868,37,52,1.0,KG
15,SDC-VD1091642A,M-1810,item:001893,0.035677,0.035677,49,64,1.0,KG
15,SDC-VD0518684A,M-1810,item:001893,0.017838,0.017838,92,107,1.0,KG
15,SDC-VD0910216A,M-1810,item:002612,0.03286,0.03286,17,32,1.0,KG
15,SDC-VD0990780A,M-1810,item:002612,0.009389,0.009389,14,29,1.0,KG
15,SDC-VD1091642A,M-1810,item:002612,0.002347,0.002347,22,37,1.0,KG
15,SDC-VD0500655A,M-1810,item:002612,0.002347,0.002347,15,30,1.0,KG
15,SDC-VD0514881A,M-1810,item:016332,0.011266,0.011266,6,21,1.0,KG
15,SDC-VD0519670A,M-1810,item:029313,0.000939,0.000939,29,44,1.0,KG
15,SDC-VD1096202A,M-1810,item:039668,0.000939,0.000939,24,39,1.0,KG
15,SDC-VD0520132A,M-1810,item:049371,0.034738,0.034738,31,46,1.0,KG
15,SDC-VD0914320A,M-1810,item:055703,0.001314,0.001314,7,22,1.0,KG
15,SDC-VD0964290A,M-1810,item:055703,0.000563,0.000563,24,39,1.0,KG
15,SDC-VD0505677A,M-1810,item:099439,0.046943,0.046943,53,68,1.0,KG
15,SDC-VD0989480A,M-1810,item:426331,0.25437,0.25437,43,58,1.0,UN
15,M-1430,DC-1920,item:268967,4.660635,4.660635,5,20,1.0,UN
15,M-1810,DC-1920,item:268091,23.12452,23.12452,2,17,1.0,UN
15,DC-1920,C-XXXXX,item:268967,12.512411,12.512411,4,19,1.0,UN
15,DC-1920,C-XXXXX,item:268091,23.113,23.113,3,18,1.0,UN
15,SDC-1450,M-1810,item:007923,75.108441,75.108441,1,16,1.0,G
16,SDC-VD0520132A,M-1430,item:038005,0.081562,0.081562,207,223,1.0,KG
16,SDC-VD0520115A,M-1430,item:708073,0.036961,0.036961,12,28,1.0,KG
16,SDC-VD1095770A,M-1430,item:734545,0.037287,0.037287,8,24,1.0,UN
16,SDC-1450,M-1430,item:773474,45.0,45.0,13,29,1.0,G
16,SDC-VD0951020A,M-1810,item:001757,0.0406,0.0406,64,80,1.0,KG
16,SDC-VD0519670A,M-1810,item:001848,0.021315,0.021315,22,38,1.0,KG
16,SDC-VD0951020A,M-1810,item:001848,0.009135,0.009135,66,82,1.0,KG
16,SDC-VD0910216A,M-1810,item:001893,0.134995,0.134995,39,55,1.0,KG
16,SDC-VD1091642A,M-1810,item:001893,0.03857,0.03857,54,70,1.0,KG
16,SDC-VD0518684A,M-1810,item:001893,0.019285,0.019285,81,97,1.0,KG
16,SDC-VD0910216A,M-1810,item:002612,0.035525,0.035525,33,49,1.0,KG
16,SDC-VD0990780A,M-1810,item:002612,0.01015,0.01015,28,44,1.0,KG
16,SDC-VD1091642A,M-1810,item:002612,0.002538,0.002538,31,47,1.0,KG
16,SDC-VD0500655A,M-1810,item:002612,0.002538,0.002538,26,42,1.0,KG
16,SDC-VD0514881A,M-1810,item:016332,0.01218,0.01218,41,57,1.0,KG
16,SDC-VD0519670A,M-1810,item:029313,0.001015,0.001015,25,41,1.0,KG
16,SDC-VD1096202A,M-1810,item:039668,0.001015,0.001015,61,77,1.0,KG
16,SDC-VD0520132A,M-1810,item:049371,0.037555,0.037555,168,184,1.0,KG
16,SDC-VD0914320A,M-1810,item:055703,0.001421,0.001421,9,25,1.0,KG
16,SDC-VD0964290A,M-1810,item:055703,0.000609,0.000609,34,50,1.0,KG
16,SDC-VD0505677A,M-1810,item:099439,0.05075,0.05075,54,70,1.0,KG
16,SDC-VD0989480A,M-1810,item:426331,0.275,0.275,41,57,1.0,UN
16,M-1430,DC-1920,item:268967,4.660922,4.660922,3,19,1.0,UN
16,M-1810,DC-1920,item:268091,25.0,25.0,3,19,1.0,UN
16,DC-1920,C-XXXXX,item:268091,20.6226,20.6226,3,19,1.0,UN
16,SDC-1450,M-1810,item:007923,81.2,81.2,1,17,1.0,G
17,SDC-VD0520132A,M-1430,item:038005,0.0783,0.0783,126,143,1.0,KG
17,SDC-VD0520115A,M-1430,item:708073,0.035483,0.035483,32,49,1.0,KG
17,SDC-VD1095770A,M-1430,item:734545,0.035796,0.035796,40,57,1.0,UN
17,SDC-1450,M-1430,item:773474,45.0,45.0,18,35,1.0,G
17,SDC-VD0951020A,M-1810,item:001757,0.0406,0.0406,105,122,1.0,KG
17,SDC-VD0519670A,M-1810,item:001848,0.021315,0.021315,42,59,1.0,KG
17,SDC-VD0951020A,M-1810,item:001848,0.009135,0.009135,39,56,1.0,KG
17,SDC-VD0910216A,M-1810,item:001893,0.134995,0.134995,39,56,1.0,KG
17,SDC-VD1091642A,M-1810,item:001893,0.03857,0.03857,84,101,1.0,KG
17,SDC-VD0518684A,M-1810,item:001893,0.019285,0.019285,49,66,1.0,KG
17,SDC-VD0910216A,M-1810,item:002612,0.035525,0.035525,44,61,1.0,KG
17,SDC-VD0990780A,M-1810,item:002612,0.01015,0.01015,53,70,1.0,KG
17,SDC-VD1091642A,M-1810,item:002612,0.002538,0.002538,31,48,1.0,KG
17,SDC-VD0500655A,M-1810,item:002612,0.002538,0.002538,23,40,1.0,KG
17,SDC-VD0514881A,M-1810,item:016332,0.01218,0.01218,79,96,1.0,KG
17,SDC-VD0519670A,M-1810,item:029313,0.001015,0.001015,30,47,1.0,KG
17,SDC-VD1096202A,M-1810,item:039668,0.001015,0.001015,47,64,1.0,KG
17,SDC-VD0520132A,M-1810,item:049371,0.037555,0.037555,190,207,1.0,KG
17,SDC-VD0914320A,M-1810,item:055703,0.001421,0.001421,10,27,1.0,KG
17,SDC-VD0964290A,M-1810,item:055703,0.000609,0.000609,65,82,1.0,KG
17,SDC-VD0505677A,M-1810,item:099439,0.05075,0.05075,32,49,1.0,KG
17,SDC-VD0989480A,M-1810,item:426331,0.275,0.275,38,55,1.0,UN
17,M-1430,DC-1920,item:268967,4.474496,4.474496,4,21,1.0,UN
17,M-1810,DC-1920,item:268091,25.0,25.0,3,20,1.0,UN
17,DC-1920,C-XXXXX,item:268091,23.12452,23.12452,2,19,1.0,UN
17,SDC-1450,M-1810,item:007923,81.2,81.2,1,18,1.0,G
18,SDC-VD0520132A,M-1430,item:038005,0.081562,0.081562,25,43,1.0,KG
18,SDC-VD0520115A,M-1430,item:708073,0.036961,0.036961,16,34,1.0,KG
18,SDC-VD1095770A,M-1430,item:734545,0.037287,0.037287,30,48,1.0,UN
18,SDC-1450,M-1430,item:773474,45.0,45.0,19,37,1.0,G
18,SDC-VD0951020A,M-1810,item:001757,0.0406,0.0406,32,50,1.0,KG
18,SDC-VD0519670A,M-1810,item:001848,0.021315,0.021315,42,60,1.0,KG
18,SDC-VD0951020A,M-1810,item:001848,0.009135,0.009135,63,81,1.0,KG
18,SDC-VD0910216A,M-1810,item:001893,0.134995,0.134995,40,58,1.0,KG
18,SDC-VD1091642A,M-1810,item:001893,0.03857,0.03857,32,50,1.0,KG
18,SDC-VD0518684A,M-1810,item:001893,0.019285,0.019285,68,86,1.0,KG
18,SDC-VD0910216A,M-1810,item:002612,0.035525,0.035525,41,59,1.0,KG
18,SDC-VD0990780A,M-1810,item:002612,0.01015,0.01015,30,48,1.0,KG
18,SDC-VD1091642A,M-1810,item:002612,0.002537,0.002537,28,46,1.0,KG
18,SDC-VD0500655A,M-1810,item:002612,0.002537,0.002537,16,34,1.0,KG
18,SDC-VD0514881A,M-1810,item:016332,0.01218,0.01218,23,41,1.0,KG
18,SDC-VD0519670A,M-1810,item:029313,0.001015,0.001015,82,100,1.0,KG
18,SDC-VD1096202A,M-1810,item:039668,0.001015,0.001015,62,80,1.0,KG
18,SDC-VD0520132A,M-1810,item:049371,0.037555,0.037555,76,94,1.0,KG
18,SDC-VD0914320A,M-1810,item:055703,0.001421,0.001421,13,31,1.0,KG
18,SDC-VD0964290A,M-1810,item:055703,0.000609,0.000609,54,72,1.0,KG
18,SDC-VD0505677A,M-1810,item:099439,0.05075,0.05075,56,74,1.0,KG
18,SDC-VD0989480A,M-1810,item:426331,0.275,0.275,43,61,1.0,UN
18,M-1430,DC-1920,item:268967,4.660933,4.660933,3,21,1.0,UN
18,M-1810,DC-1920,item:268091,25.0,25.0,3,21,1.0,UN
18,SDC-1450,M-1810,item:007923,81.2,81.2,2,20,1.0,G
19,SDC-1450,M-1430,item:773474,45.0,45.0,13,32,1.0,G
19,SDC-VD0951020A,M-1810,item:001757,0.0406,0.0406,32,51,1.0,KG
19,SDC-VD0519670A,M-1810,item:001848,0.021315,0.021315,16,35,1.0,KG
19,SDC-VD0951020A,M-1810,item:001848,0.009135,0.009135,20,39,1.0,KG
19,SDC-VD0910216A,M-1810,item:001893,0.134995,0.134995,21,40,1.0,KG
19,SDC-VD1091642A,M-1810,item:001893,0.03857,0.03857,15,34,1.0,KG
19,SDC-VD0518684A,M-1810,item:001893,0.019285,0.019285,22,41,1.0,KG
19,SDC-VD0910216A,M-1810,item:002612,0.035525,0.035525,69,88,1.0,KG
19,SDC-VD0990780A,M-1810,item:002612,0.01015,0.01015,36,55,1.0,KG
19,SDC-VD1091642A,M-1810,item:002612,0.002538,0.002538,39,58,1.0,KG
19,SDC-VD0500655A,M-1810,item:002612,0.002538,0.002538,49,68,1.0,KG
19,SDC-VD0514881A,M-1810,item:016332,0.01218,0.01218,37,56,1.0,KG
19,SDC-VD0519670A,M-1810,item:029313,0.001015,0.001015,30,49,1.0,KG
19,SDC-VD1096202A,M-1810,item:039668,0.001015,0.001015,16,35,1.0,KG
19,SDC-VD0520132A,M-1810,item:049371,0.037555,0.037555,116,135,1.0,KG
19,SDC-VD0914320A,M-1810,item:055703,0.001421,0.001421,11,30,1.0,KG
19,SDC-VD0964290A,M-1810,item:055703,0.000609,0.000609,28,47,1.0,KG
19,SDC-VD0505677A,M-1810,item:099439,0.05075,0.05075,32,51,1.0,KG
19,SDC-VD0989480A,M-1810,item:426331,0.275,0.275,15,34,1.0,UN
19,M-1810,DC-1920,item:268091,25.0,25.0,2,21,1.0,UN
19,DC-1920,C-XXXXX,item:268967,4.660922,4.660922,2,21,1.0,UN
19,DC-1920,C-XXXXX,item:268091,25.0,25.0,4,23,1.0,UN
19,SDC-1450,M-1810,item:007923,81.2,81.2,1,20,1.0,G
20,SDC-1450,M-1430,item:773474,45.0,45.0,14,34,1.0,G
20,SDC-VD0951020A,M-1810,item:001757,0.037536,0.037536,121,141,1.0,KG
20,SDC-VD0519670A,M-1810,item:001848,0.019706,0.019706,42,62,1.0,KG
20,SDC-VD0951020A,M-1810,item:001848,0.008445,0.008445,44,64,1.0,KG
20,SDC-VD0910216A,M-1810,item:001893,0.124806,0.124806,15,35,1.0,KG
20,SDC-VD1091642A,M-1810,item:001893,0.035659,0.035659,36,56,1.0,KG
20,SDC-VD0518684A,M-1810,item:001893,0.017829,0.017829,47,67,1.0,KG
20,SDC-VD0910216A,M-1810,item:002612,0.032844,0.032844,62,82,1.0,KG
20,SDC-VD0990780A,M-1810,item:002612,0.009384,0.009384,64,84,1.0,KG
20,SDC-VD1091642A,M-1810,item:002612,0.002346,0.002346,47,67,1.0,KG
20,SDC-VD0500655A,M-1810,item:002612,0.002346,0.002346,36,56,1.0,KG
20,SDC-VD0514881A,M-1810,item:016332,0.011261,0.011261,40,60,1.0,KG
20,SDC-VD0519670A,M-1810,item:029313,0.000938,0.000938,32,52,1.0,KG
20,SDC-VD1096202A,M-1810,item:039668,0.000938,0.000938,23,43,1.0,KG
20,SDC-VD0520132A,M-1810,item:049371,0.03472,0.03472,58,78,1.0,KG
20,SDC-VD0914320A,M-1810,item:055703,0.001314,0.001314,5,25,1.0,KG
20,SDC-VD0964290A,M-1810,item:055703,0.000563,0.000563,78,98,1.0,KG
20,SDC-VD0505677A,M-1810,item:099439,0.046919,0.046919,11,31,1.0,KG
20,SDC-VD0989480A,M-1810,item:426331,0.254243,0.254243,44,64,1.0,UN
20,M-1810,DC-1920,item:268091,23.113,23.113,3,23,1.0,UN
20,DC-1920,C-XXXXX,item:268967,4.660635,4.660635,4,24,1.0,UN
20,DC-1920,C-XXXXX,item:268091,25.0,25.0,2,22,1.0,UN
20,SDC-1450,M-1810,item:007923,75.071024,75.071024,2,22,1.0,G
21,SDC-VD0520132A,M-1430,item:038005,0.244686,0.244686,142,163,1.0,KG
21,SDC-VD0520115A,M-1430,item:708073,0.110883,0.110883,43,64,1.0,KG
21,SDC-VD1095770A,M-1430,item:734545,0.111862,0.111862,23,44,1.0,UN
21,SDC-1450,M-1430,item:773474,45.0,45.0,18,39,1.0,G
21,SDC-VD0951020A,M-1810,item:001757,0.033491,0.033491,156,177,1.0,KG
21,SDC-VD0519670A,M-1810,item:001848,0.017583,0.017583,42,63,1.0,KG
21,SDC-VD0951020A,M-1810,item:001848,0.007535,0.007535,53,74,1.0,KG
21,SDC-VD0910216A,M-1810,item:001893,0.111358,0.111358,24,45,1.0,KG
21,SDC-VD1091642A,M-1810,item:001893,0.031817,0.031817,28,49,1.0,KG
21,SDC-VD0518684A,M-1810,item:001893,0.015908,0.015908,112,133,1.0,KG
21,SDC-VD0910216A,M-1810,item:002612,0.029305,0.029305,16,37,1.0,KG
21,SDC-VD0990780A,M-1810,item:002612,0.008373,0.008373,55,76,1.0,KG
21,SDC-VD1091642A,M-1810,item:002612,0.002093,0.002093,32,53,1.0,KG
21,SDC-VD0500655A,M-1810,item:002612,0.002093,0.002093,18,39,1.0,KG
21,SDC-VD0514881A,M-1810,item:016332,0.010047,0.010047,39,60,1.0,KG
21,SDC-VD0519670A,M-1810,item:029313,0.000837,0.000837,19,40,1.0,KG
21,SDC-VD1096202A,M-1810,item:039668,0.000837,0.000837,23,44,1.0,KG
21,SDC-VD0520132A,M-1810,item:049371,0.030979,0.030979,122,143,1.0,KG
21,SDC-VD0914320A,M-1810,item:055703,0.001172,0.001172,29,50,1.0,KG
21,SDC-VD0964290A,M-1810,item:055703,0.000502,0.000502,54,75,1.0,KG
21,SDC-VD0505677A,M-1810,item:099439,0.041864,0.041864,18,39,1.0,KG
21,SDC-VD0989480A,M-1810,item:426331,0.226849,0.226849,51,72,1.0,UN
21,M-1430,DC-1920,item:268967,13.982741,13.982741,2,23,1.0,UN
21,M-1810,DC-1920,item:268091,20.6226,20.6226,3,24,1.0,UN
21,DC-1920,C-XXXXX,item:268967,9.135429,9.135429,1,22,1.0,UN
21,DC-1920,C-XXXXX,item:268091,50.0,50.0,4,25,1.0,UN
21,SDC-1450,M-1810,item:007923,66.982205,66.982205,2,23,1.0,G
22,SDC-VD0520132A,M-1430,item:038005,0.081562,0.081562,71,93,1.0,KG
22,SDC-VD0520115A,M-1430,item:708073,0.036961,0.036961,21,43,1.0,KG
22,SDC-VD1095770A,M-1430,item:734545,0.037287,0.037287,19,41,1.0,UN
22,SDC-1450,M-1430,item:773474,45.0,45.0,10,32,1.0,G
22,SDC-VD0951020A,M-1810,item:001757,0.037554,0.037554,168,190,1.0,KG
22,SDC-VD0519670A,M-1810,item:001848,0.019716,0.019716,5,27,1.0,KG
22,SDC-VD0951020A,M-1810,item:001848,0.00845,0.00845,37,59,1.0,KG
22,SDC-VD0910216A,M-1810,item:001893,0.124868,0.124868,26,48,1.0,KG
22,SDC-VD1091642A,M-1810,item:001893,0.035677,0.035677,28,50,1.0,KG
22,SDC-VD0518684A,M-1810,item:001893,0.017838,0.017838,73,95,1.0,KG
22,SDC-VD0910216A,M-1810,item:002612,0.03286,0.03286,37,59,1.0,KG
22,SDC-VD0990780A,M-1810,item:002612,0.009389,0.009389,30,52,1.0,KG
22,SDC-VD1091642A,M-1810,item:002612,0.002347,0.002347,44,66,1.0,KG
22,SDC-VD0500655A,M-1810,item:002612,0.002347,0.002347,19,41,1.0,KG
22,SDC-VD0514881A,M-1810,item:016332,0.011266,0.011266,81,103,1.0,KG
22,SDC-VD0519670A,M-1810,item:029313,0.000939,0.000939,83,105,1.0,KG
22,SDC-VD1096202A,M-1810,item:039668,0.000939,0.000939,56,78,1.0,KG
22,SDC-VD0520132A,M-1810,item:049371,0.034738,0.034738,113,135,1.0,KG
22,SDC-VD0914320A,M-1810,item:055703,0.001314,0.001314,12,34,1.0,KG
22,SDC-VD0964290A,M-1810,item:055703,0.000563,0.000563,24,46,1.0,KG
22,SDC-VD0505677A,M-1810,item:099439,0.046943,0.046943,34,56,1.0,KG
22,SDC-VD0989480A,M-1810,item:426331,0.25437,0.25437,35,57,1.0,UN
22,M-1430,DC-1920,item:268967,4.660934,4.660934,1,23,1.0,UN
22,M-1810,DC-1920,item:268091,23.12452,23.12452,3,25,1.0,UN
22,SDC-1450,M-1810,item:007923,75.108441,75.108441,1,23,1.0,G
23,SDC-VD0520132A,M-1430,item:038005,0.081536,0.081536,48,71,1.0,KG
23,SDC-VD0520115A,M-1430,item:708073,0.036949,0.036949,29,52,1.0,KG
23,SDC-VD1095770A,M-1430,item:734545,0.037276,0.037276,23,46,1.0,UN
23,SDC-1450,M-1430,item:773474,45.0,45.0,16,39,1.0,G
23,SDC-VD0951020A,M-1810,item:001757,0.0406,0.0406,68,91,1.0,KG
23,SDC-VD0519670A,M-1810,item:001848,0.021315,0.021315,11,34,1.0,KG
23,SDC-VD0951020A,M-1810,item:001848,0.009135,0.009135,112,135,1.0,KG
23,SDC-VD0910216A,M-1810,item:001893,0.134995,0.134995,28,51,1.0,KG
23,SDC-VD1091642A,M-1810,item:001893,0.03857,0.03857,44,67,1.0,KG
23,SDC-VD0518684A,M-1810,item:001893,0.019285,0.019285,82,105,1.0,KG
23,SDC-VD0910216A,M-1810,item:002612,0.035525,0.035525,41,64,1.0,KG
23,SDC-VD0990780A,M-1810,item:002612,0.01015,0.01015,38,61,1.0,KG
23,SDC-VD1091642A,M-1810,item:002612,0.002537,0.002537,14,37,1.0,KG
23,SDC-VD0500655A,M-1810,item:002612,0.002537,0.002537,21,44,1.0,KG
23,SDC-VD0514881A,M-1810,item:016332,0.01218,0.01218,44,67,1.0,KG
23,SDC-VD0519670A,M-1810,item:029313,0.001015,0.001015,45,68,1.0,KG
23,SDC-VD1096202A,M-1810,item:039668,0.001015,0.001015,14,37,1.0,KG
23,SDC-VD0520132A,M-1810,item:049371,0.037555,0.037555,119,142,1.0,KG
23,SDC-VD0914320A,M-1810,item:055703,0.001421,0.001421,14,37,1.0,KG
23,SDC-VD0964290A,M-1810,item:055703,0.000609,0.000609,22,45,1.0,KG
23,SDC-VD0505677A,M-1810,item:099439,0.05075,0.05075,13,36,1.0,KG
23,SDC-VD0989480A,M-1810,item:426331,0.275,0.275,23,46,1.0,UN
23,M-1430,DC-1920,item:268967,4.659442,4.659442,3,26,1.0,UN
23,M-1810,DC-1920,item:268091,25.0,25.0,4,27,1.0,UN
23,DC-1920,C-XXXXX,item:268967,18.643675,18.643675,2,25,1.0,UN
23,DC-1920,C-XXXXX,item:268091,23.113,23.113,3,26,1.0,UN
23,SDC-1450,M-1810,item:007923,81.2,81.2,1,24,1.0,G
24,SDC-1450,M-1430,item:773474,45.0,45.0,7,31,1.0,G
24,SDC-VD0951020A,M-1810,item:001757,0.0406,0.0406,124,148,1.0,KG
24,SDC-VD0519670A,M-1810,item:001848,0.021315,0.021315,18,42,1.0,KG
24,SDC-VD0951020A,M-1810,item:001848,0.009135,0.009135,38,62,1.0,KG
24,SDC-VD0910216A,M-1810,item:001893,0.134995,0.134995,26,50,1.0,KG
24,SDC-VD1091642A,M-1810,item:001893,0.03857,0.03857,30,54,1.0,KG
24,SDC-VD0518684A,M-1810,item:001893,0.019285,0.019285,56,80,1.0,KG
24,SDC-VD0910216A,M-1810,item:002612,0.035525,0.035525,68,92,1.0,KG
24,SDC-VD0990780A,M-1810,item:002612,0.01015,0.01015,15,39,1.0,KG
24,SDC-VD1091642A,M-1810,item:002612,0.002538,0.002538,28,52,1.0,KG
24,SDC-VD0500655A,M-1810,item:002612,0.002538,0.002538,30,54,1.0,KG
24,SDC-VD0514881A,M-1810,item:016332,0.01218,0.01218,95,119,1.0,KG
24,SDC-VD0519670A,M-1810,item:029313,0.001015,0.001015,94,118,1.0,KG
24,SDC-VD1096202A,M-1810,item:039668,0.001015,0.001015,17,41,1.0,KG
24,SDC-VD0520132A,M-1810,item:049371,0.037555,0.037555,74,98,1.0,KG
24,SDC-VD0914320A,M-1810,item:055703,0.001421,0.001421,3,27,1.0,KG
24,SDC-VD0964290A,M-1810,item:055703,0.000609,0.000609,35,59,1.0,KG
24,SDC-VD0505677A,M-1810,item:099439,0.05075,0.05075,38,62,1.0,KG
24,SDC-VD0989480A,M-1810,item:426331,0.275,0.275,12,36,1.0,UN
24,M-1810,DC-1920,item:268091,25.0,25.0,3,27,1.0,UN
24,DC-1920,C-XXXXX,item:268091,20.6226,20.6226,2,26,1.0,UN
24,SDC-1450,M-1810,item:007923,81.2,81.2,1,25,1.0,G
25,SDC-VD0520132A,M-1430,item:038005,0.162994,0.162994,249,274,1.0,KG
25,SDC-VD0520115A,M-1430,item:708073,0.073863,0.073863,16,41,1.0,KG
25,SDC-VD1095770A,M-1430,item:734545,0.074515,0.074515,19,44,1.0,UN
25,SDC-1450,M-1430,item:773474,45.0,45.0,4,29,1.0,G
25,SDC-VD0951020A,M-1810,item:001757,0.0406,0.0406,44,69,1.0,KG
25,SDC-VD0519670A,M-1810,item:001848,0.021315,0.021315,16,41,1.0,KG
25,SDC-VD0951020A,M-1810,item:001848,0.009135,0.009135,45,70,1.0,KG
25,SDC-VD0910216A,M-1810,item:001893,0.134995,0.134995,56,81,1.0,KG
25,SDC-VD1091642A,M-1810,item:001893,0.03857,0.03857,28,53,1.0,KG
25,SDC-VD0518684A,M-1810,item:001893,0.019285,0.019285,61,86,1.0,KG
25,SDC-VD0910216A,M-1810,item:002612,0.035525,0.035525,26,51,1.0,KG
25,SDC-VD0990780A,M-1810,item:002612,0.01015,0.01015,36,61,1.0,KG
25,SDC-VD1091642A,M-1810,item:002612,0.002537,0.002537,45,70,1.0,KG
25,SDC-VD0500655A,M-1810,item:002612,0.002537,0.002537,33,58,1.0,KG
25,SDC-VD0514881A,M-1810,item:016332,0.01218,0.01218,54,79,1.0,KG
25,SDC-VD0519670A,M-1810,item:029313,0.001015,0.001015,70,95,1.0,KG
25,SDC-VD1096202A,M-1810,item:039668,0.001015,0.001015,45,70,1.0,KG
25,SDC-VD0520132A,M-1810,item:049371,0.037555,0.037555,130,155,1.0,KG
25,SDC-VD0914320A,M-1810,item:055703,0.001421,0.001421,11,36,1.0,KG
25,SDC-VD0964290A,M-1810,item:055703,0.000609,0.000609,30,55,1.0,KG
25,SDC-VD0505677A,M-1810,item:099439,0.05075,0.05075,35,60,1.0,KG
25,SDC-VD0989480A,M-1810,item:426331,0.275,0.275,38,63,1.0,UN
25,M-1430,DC-1920,item:268967,9.31441,9.31441,3,28,1.0,UN
25,M-1810,DC-1920,item:268091,25.0,25.0,2,27,1.0,UN
25,DC-1920,C-XXXXX,item:268091,23.12452,23.12452,2,27,1.0,UN
25,SDC-1450,M-1810,item:007923,81.2,81.2,2,27,1.0,G
26,SDC-VD0520132A,M-1430,item:038005,0.081562,0.081562,127,153,1.0,KG
26,SDC-VD0520115A,M-1430,item:708073,0.036961,0.036961,22,48,1.0,KG
26,SDC-VD1095770A,M-1430,item:734545,0.037287,0.037287,15,41,1.0,UN
26,SDC-1450,M-1430,item:773474,45.0,45.0,5,31,1.0,G
26,SDC-VD0951020A,M-1810,item:001757,0.0406,0.0406,71,97,1.0,KG
26,SDC-VD0519670A,M-1810,item:001848,0.021315,0.021315,14,40,1.0,KG
26,SDC-VD0951020A,M-1810,item:001848,0.009135,0.009135,30,56,1.0,KG
26,SDC-VD0910216A,M-1810,item:001893,0.134995,0.134995,32,58,1.0,KG
26,SDC-VD1091642A,M-1810,item:001893,0.03857,0.03857,66,92,1.0,KG
26,SDC-VD0518684A,M-1810,item:001893,0.019285,0.019285,58,84,1.0,KG
26,SDC-VD0910216A,M-1810,item:002612,0.035525,0.035525,26,52,1.0,KG
26,SDC-VD0990780A,M-1810,item:002612,0.01015,0.01015,28,54,1.0,KG
26,SDC-VD1091642A,M-1810,item:002612,0.002538,0.002538,35,61,1.0,KG
26,SDC-VD0500655A,M-1810,item:002612,0.002538,0.002538,36,62,1.0,KG
26,SDC-VD0514881A,M-1810,item:016332,0.01218,0.01218,52,78,1.0,KG
26,SDC-VD0519670A,M-1810,item:029313,0.001015,0.001015,51,77,1.0,KG
26,SDC-VD1096202A,M-1810,item:039668,0.001015,0.001015,51,77,1.0,KG
26,SDC-VD0520132A,M-1810,item:049371,0.037555,0.037555,120,146,1.0,KG
26,SDC-VD0914320A,M-1810,item:055703,0.001421,0.001421,12,38,1.0,KG
26,SDC-VD0964290A,M-1810,item:055703,0.000609,0.000609,46,72,1.0,KG
26,SDC-VD0505677A,M-1810,item:099439,0.05075,0.05075,36,62,1.0,KG
26,SDC-VD0989480A,M-1810,item:426331,0.275,0.275,20,46,1.0,UN
26,M-1430,DC-1920,item:268967,4.660934,4.660934,4,30,1.0,UN
26,M-1810,DC-1920,item:268091,25.0,25.0,5,31,1.0,UN
26,DC-1920,C-XXXXX,item:268967,4.659442,4.659442,2,28,1.0,UN
26,SDC-1450,M-1810,item:007923,81.2,81.2,2,28,1.0,G
27,SDC-VD0520132A,M-1430,item:038005,0.081562,0.081562,77,104,1.0,KG
27,SDC-VD0520115A,M-1430,item:708073,0.036961,0.036961,27,54,1.0,KG
27,SDC-VD1095770A,M-1430,item:734545,0.037287,0.037287,25,52,1.0,UN
27,SDC-1450,M-1430,item:773474,45.0,45.0,8,35,1.0,G
27,SDC-VD0951020A,M-1810,item:001757,0.037536,0.037536,46,73,1.0,KG
27,SDC-VD0519670A,M-1810,item:001848,0.019706,0.019706,32,59,1.0,KG
27,SDC-VD0951020A,M-1810,item:001848,0.008445,0.008445,44,71,1.0,KG
27,SDC-VD0910216A,M-1810,item:001893,0.124806,0.124806,30,57,1.0,KG
27,SDC-VD1091642A,M-1810,item:001893,0.035659,0.035659,31,58,1.0,KG
27,SDC-VD0518684A,M-1810,item:001893,0.017829,0.017829,46,73,1.0,KG
27,SDC-VD0910216A,M-1810,item:002612,0.032844,0.032844,59,86,1.0,KG
27,SDC-VD0990780A,M-1810,item:002612,0.009384,0.009384,34,61,1.0,KG
27,SDC-VD1091642A,M-1810,item:002612,0.002346,0.002346,57,84,1.0,KG
27,SDC-VD0500655A,M-1810,item:002612,0.002346,0.002346,32,59,1.0,KG
27,SDC-VD0514881A,M-1810,item:016332,0.011261,0.011261,56,83,1.0,KG
27,SDC-VD0519670A,M-1810,item:029313,0.000938,0.000938,69,96,1.0,KG
27,SDC-VD1096202A,M-1810,item:039668,0.000938,0.000938,8,35,1.0,KG
27,SDC-VD0520132A,M-1810,item:049371,0.03472,0.03472,77,104,1.0,KG
27,SDC-VD0914320A,M-1810,item:055703,0.001314,0.001314,10,37,1.0,KG
27,SDC-VD0964290A,M-1810,item:055703,0.000563,0.000563,84,111,1.0,KG
27,SDC-VD0505677A,M-1810,item:099439,0.046919,0.046919,18,45,1.0,KG
27,SDC-VD0989480A,M-1810,item:426331,0.254243,0.254243,22,49,1.0,UN
27,M-1430,DC-1920,item:268967,4.660931,4.660931,3,30,1.0,UN
27,M-1810,DC-1920,item:268091,23.113,23.113,2,29,1.0,UN
27,DC-1920,C-XXXXX,item:268091,75.0,75.0,2,29,1.0,UN
27,SDC-1450,M-1810,item:007923,75.071024,75.071024,2,29,1.0,G
28,SDC-1450,M-1430,item:773474,45.0,45.0,13,41,1.0,G
28,SDC-VD0951020A,M-1810,item:001757,0.033491,0.033491,100,128,1.0,KG
28,SDC-VD0519670A,M-1810,item:001848,0.017583,0.017583,14,42,1.0,KG
28,SDC-VD0951020A,M-1810,item:001848,0.007535,0.007535,36,64,1.0,KG
28,SDC-VD0910216A,M-1810,item:001893,0.111358,0.111358,21,49,1.0,KG
28,SDC-VD1091642A,M-1810,item:001893,0.031817,0.031817,26,54,1.0,KG
28,SDC-VD0518684A,M-1810,item:001893,0.015908,0.015908,42,70,1.0,KG
28,SDC-VD0910216A,M-1810,item:002612,0.029305,0.029305,70,98,1.0,KG
28,SDC-VD0990780A,M-1810,item:002612,0.008373,0.008373,25,53,1.0,KG
28,SDC-VD1091642A,M-1810,item:002612,0.002093,0.002093,47,75,1.0,KG
28,SDC-VD0500655A,M-1810,item:002612,0.002093,0.002093,20,48,1.0,KG
28,SDC-VD0514881A,M-1810,item:016332,0.010047,0.010047,70,98,1.0,KG
28,SDC-VD0519670A,M-1810,item:029313,0.000837,0.000837,52,80,1.0,KG
28,SDC-VD1096202A,M-1810,item:039668,0.000837,0.000837,34,62,1.0,KG
28,SDC-VD0520132A,M-1810,item:049371,0.030979,0.030979,156,184,1.0,KG
28,SDC-VD0914320A,M-1810,item:055703,0.001172,0.001172,15,43,1.0,KG
28,SDC-VD0964290A,M-1810,item:055703,0.000502,0.000502,51,79,1.0,KG
28,SDC-VD0505677A,M-1810,item:099439,0.041864,0.041864,23,51,1.0,KG
28,SDC-VD0989480A,M-1810,item:426331,0.226849,0.226849,30,58,1.0,UN
28,M-1810,DC-1920,item:268091,20.6226,20.6226,1,29,1.0,UN
28,DC-1920,C-XXXXX,item:268967,9.31441,9.31441,3,31,1.0,UN
28,SDC-1450,M-1810,item:007923,66.982205,66.982205,2,30,1.0,G
29,SDC-VD0520132A,M-1430,item:038005,0.163125,0.163125,134,163,1.0,KG
29,SDC-VD0520115A,M-1430,item:708073,0.073922,0.073922,56,85,1.0,KG
29,SDC-VD1095770A,M-1430,item:734545,0.074575,0.074575,13,42,1.0,UN
29,SDC-1450,M-1430,item:773474,45.0,45.0,8,37,1.0,G
29,SDC-VD0951020A,M-1810,item:001757,0.037554,0.037554,95,124,1.0,KG
29,SDC-VD0519670A,M-1810,item:001848,0.019716,0.019716,31,60,1.0,KG
29,SDC-VD0951020A,M-1810,item:001848,0.00845,0.00845,112,141,1.0,KG
29,SDC-VD0910216A,M-1810,item:001893,0.124868,0.124868,24,53,1.0,KG
29,SDC-VD1091642A,M-1810,item:001893,0.035677,0.035677,84,113,1.0,KG
29,SDC-VD0518684A,M-1810,item:001893,0.017838,0.017838,112,141,1.0,KG
29,SDC-VD0910216A,M-1810,item:002612,0.03286,0.03286,6,35,1.0,KG
29,SDC-VD0990780A,M-1810,item:002612,0.009389,0.009389,16,45,1.0,KG
29,SDC-VD1091642A,M-1810,item:002612,0.002347,0.002347,25,54,1.0,KG
29,SDC-VD0500655A,M-1810,item:002612,0.002347,0.002347,30,59,1.0,KG
29,SDC-VD0514881A,M-1810,item:016332,0.011266,0.011266,98,127,1.0,KG
29,SDC-VD0519670A,M-1810,item:029313,0.000939,0.000939,54,83,1.0,KG
29,SDC-VD1096202A,M-1810,item:039668,0.000939,0.000939,17,46,1.0,KG
29,SDC-VD0520132A,M-1810,item:049371,0.034738,0.034738,139,168,1.0,KG
29,SDC-VD0914320A,M-1810,item:055703,0.001314,0.001314,7,36,1.0,KG
29,SDC-VD0964290A,M-1810,item:055703,0.000563,0.000563,70,99,1.0,KG
29,SDC-VD0505677A,M-1810,item:099439,0.046943,0.046943,54,83,1.0,KG
29,SDC-VD0989480A,M-1810,item:426331,0.25437,0.25437,55,84,1.0,UN
29,M-1430,DC-1920,item:268967,9.321867,9.321867,5,34,1.0,UN
29,M-1810,DC-1920,item:268091,23.12452,23.12452,2,31,1.0,UN
29,DC-1920,C-XXXXX,item:268091,43.7356,43.7356,2,31,1.0,UN
29,SDC-1450,M-1810,item:007923,75.108441,75.108441,1,30,1.0,G
30,SDC-1450,M-1430,item:773474,45.0,45.0,7,37,1.0,G
30,SDC-VD0951020A,M-1810,item:001757,0.038367,0.038367,129,159,1.0,KG
30,SDC-VD0519670A,M-1810,item:001848,0.020143,0.020143,16,46,1.0,KG
30,SDC-VD0951020A,M-1810,item:001848,0.008633,0.008633,11,41,1.0,KG
30,SDC-VD0910216A,M-1810,item:001893,0.12757,0.12757,39,69,1.0,KG
30,SDC-VD1091642A,M-1810,item:001893,0.036449,0.036449,20,50,1.0,KG
30,SDC-VD0518684A,M-1810,item:001893,0.018224,0.018224,49,79,1.0,KG
30,SDC-VD0910216A,M-1810,item:002612,0.033571,0.033571,70,100,1.0,KG
30,SDC-VD0990780A,M-1810,item:002612,0.009592,0.009592,26,56,1.0,KG
30,SDC-VD1091642A,M-1810,item:002612,0.002398,0.002398,42,72,1.0,KG
30,SDC-VD0500655A,M-1810,item:002612,0.002398,0.002398,14,44,1.0,KG
30,SDC-VD0514881A,M-1810,item:016332,0.01151,0.01151,74,104,1.0,KG
30,SDC-VD0519670A,M-1810,item:029313,0.000959,0.000959,50,80,1.0,KG
30,SDC-VD1096202A,M-1810,item:039668,0.000959,0.000959,34,64,1.0,KG
30,SDC-VD0520132A,M-1810,item:049371,0.035489,0.035489,191,221,1.0,KG
30,SDC-VD0914320A,M-1810,item:055703,0.001343,0.001343,7,37,1.0,KG
30,SDC-VD0964290A,M-1810,item:055703,0.000576,0.000576,39,69,1.0,KG
30,SDC-VD0505677A,M-1810,item:099439,0.047959,0.047959,14,44,1.0,KG
30,SDC-VD0989480A,M-1810,item:426331,0.259874,0.259874,11,41,1.0,UN
30,M-1810,DC-1920,item:268091,23.624904,23.624904,3,33,1.0,UN
30,DC-1920,C-XXXXX,item:268967,9.321865,9.321865,2,32,1.0,UN
30,SDC-1450,M-1810,item:007923,76.733688,76.733688,2,32,1.0,G
31,SDC-VD0520132A,M-1430,item:038005,0.163125,0.163125,93,124,1.0,KG
31,SDC-VD0520115A,M-1430,item:708073,0.073922,0.073922,12,43,1.0,KG
31,SDC-VD1095770A,M-1430,item:734545,0.074575,0.074575,37,68,1.0,UN
31,SDC-1450,M-1430,item:773474,45.0,45.0,11,42,1.0,G
31,SDC-VD0951020A,M-1810,item:001757,0.038529,0.038529,30,61,1.0,KG
31,SDC-VD0519670A,M-1810,item:001848,0.020228,0.020228,37,68,1.0,KG
31,SDC-VD0951020A,M-1810,item:001848,0.008669,0.008669,48,79,1.0,KG
31,SDC-VD0910216A,M-1810,item:001893,0.12811,0.12811,43,74,1.0,KG
31,SDC-VD1091642A,M-1810,item:001893,0.036603,0.036603,14,45,1.0,KG
31,SDC-VD0518684A,M-1810,item:001893,0.018301,0.018301,21,52,1.0,KG
31,SDC-VD0910216A,M-1810,item:002612,0.033713,0.033713,31,62,1.0,KG
31,SDC-VD0990780A,M-1810,item:002612,0.009632,0.009632,55,86,1.0,KG
31,SDC-VD1091642A,M-1810,item:002612,0.002408,0.002408,44,75,1.0,KG
31,SDC-VD0500655A,M-1810,item:002612,0.002408,0.002408,56,87,1.0,KG
31,SDC-VD0514881A,M-1810,item:016332,0.011559,0.011559,41,72,1.0,KG
31,SDC-VD0519670A,M-1810,item:029313,0.000963,0.000963,73,104,1.0,KG
31,SDC-VD1096202A,M-1810,item:039668,0.000963,0.000963,45,76,1.0,KG
31,SDC-VD0520132A,M-1810,item:049371,0.03564,0.03564,83,114,1.0,KG
31,SDC-VD0914320A,M-1810,item:055703,0.001349,0.001349,11,42,1.0,KG
31,SDC-VD0964290A,M-1810,item:055703,0.000578,0.000578,11,42,1.0,KG
31,SDC-VD0505677A,M-1810,item:099439,0.048162,0.048162,47,78,1.0,KG
31,SDC-VD0989480A,M-1810,item:426331,0.260975,0.260975,30,61,1.0,UN
31,M-1430,DC-1920,item:268967,9.321867,9.321867,2,33,1.0,UN
31,M-1810,DC-1920,item:268091,23.724981,23.724981,2,33,1.0,UN
31,DC-1920,C-XXXXX,item:268091,48.12452,48.12452,3,34,1.0,UN
31,SDC-1450,M-1810,item:007923,77.058738,77.058738,2,33,1.0,G
32,SDC-VD0520132A,M-1430,item:038005,0.163125,0.163125,242,274,1.0,KG
32,SDC-VD0520115A,M-1430,item:708073,0.073922,0.073922,33,65,1.0,KG
32,SDC-VD1095770A,M-1430,item:734545,0.074575,0.074575,7,39,1.0,UN
32,SDC-1450,M-1430,item:773474,45.0,45.0,9,41,1.0,G
32,SDC-VD0951020A,M-1810,item:001757,0.038562,0.038562,52,84,1.0,KG
32,SDC-VD0519670A,M-1810,item:001848,0.020245,0.020245,8,40,1.0,KG
32,SDC-VD0951020A,M-1810,item:001848,0.008676,0.008676,40,72,1.0,KG
32,SDC-VD0910216A,M-1810,item:001893,0.128218,0.128218,41,73,1.0,KG
32,SDC-VD1091642A,M-1810,item:001893,0.036634,0.036634,49,81,1.0,KG
32,SDC-VD0518684A,M-1810,item:001893,0.018317,0.018317,43,75,1.0,KG
32,SDC-VD0910216A,M-1810,item:002612,0.033742,0.033742,18,50,1.0,KG
32,SDC-VD0990780A,M-1810,item:002612,0.00964,0.00964,22,54,1.0,KG
32,SDC-VD1091642A,M-1810,item:002612,0.00241,0.00241,13,45,1.0,KG
32,SDC-VD0500655A,M-1810,item:002612,0.00241,0.00241,56,88,1.0,KG
32,SDC-VD0514881A,M-1810,item:016332,0.011569,0.011569,60,92,1.0,KG
32,SDC-VD0519670A,M-1810,item:029313,0.000964,0.000964,56,88,1.0,KG
32,SDC-VD1096202A,M-1810,item:039668,0.000964,0.000964,58,90,1.0,KG
32,SDC-VD0520132A,M-1810,item:049371,0.03567,0.03567,130,162,1.0,KG
32,SDC-VD0914320A,M-1810,item:055703,0.00135,0.00135,9,41,1.0,KG
32,SDC-VD0964290A,M-1810,item:055703,0.000578,0.000578,41,73,1.0,KG
32,SDC-VD0505677A,M-1810,item:099439,0.048202,0.048202,26,58,1.0,KG
32,SDC-VD0989480A,M-1810,item:426331,0.261195,0.261195,48,80,1.0,UN
32,M-1430,DC-1920,item:268967,9.321867,9.321867,3,35,1.0,UN
32,M-1810,DC-1920,item:268091,23.744996,23.744996,3,35,1.0,UN
32,SDC-1450,M-1810,item:007923,77.123748,77.123748,1,33,1.0,G
33,SDC-1450,M-1430,item:773474,45.0,45.0,13,46,1.0,G
33,SDC-VD0951020A,M-1810,item:001757,0.038568,0.038568,122,155,1.0,KG
33,SDC-VD0519670A,M-1810,item:001848,0.020248,0.020248,15,48,1.0,KG
33,SDC-VD0951020A,M-1810,item:001848,0.008678,0.008678,66,99,1.0,KG
33,SDC-VD0910216A,M-1810,item:001893,0.12824,0.12824,17,50,1.0,KG
33,SDC-VD1091642A,M-1810,item:001893,0.03664,0.03664,61,94,1.0,KG
33,SDC-VD0518684A,M-1810,item:001893,0.01832,0.01832,55,88,1.0,KG
33,SDC-VD0910216A,M-1810,item:002612,0.033747,0.033747,27,60,1.0,KG
33,SDC-VD0990780A,M-1810,item:002612,0.009642,0.009642,8,41,1.0,KG
33,SDC-VD1091642A,M-1810,item:002612,0.002411,0.002411,23,56,1.0,KG
33,SDC-VD0500655A,M-1810,item:002612,0.002411,0.002411,17,50,1.0,KG
33,SDC-VD0514881A,M-1810,item:016332,0.011571,0.011571,54,87,1.0,KG
33,SDC-VD0519670A,M-1810,item:029313,0.000964,0.000964,47,80,1.0,KG
33,SDC-VD1096202A,M-1810,item:039668,0.000964,0.000964,29,62,1.0,KG
33,SDC-VD0520132A,M-1810,item:049371,0.035676,0.035676,150,183,1.0,KG
33,SDC-VD0914320A,M-1810,item:055703,0.00135,0.00135,5,38,1.0,KG
33,SDC-VD0964290A,M-1810,item:055703,0.000579,0.000579,41,74,1.0,KG
33,SDC-VD0505677A,M-1810,item:099439,0.04821,0.04821,31,64,1.0,KG
33,SDC-VD0989480A,M-1810,item:426331,0.261239,0.261239,18,51,1.0,UN
33,M-1810,DC-1920,item:268091,23.748999,23.748999,2,35,1.0,UN
33,DC-1920,C-XXXXX,item:268967,9.321867,9.321867,3,36,1.0,UN
33,DC-1920,C-XXXXX,item:268091,47.349885,47.349885,2,35,1.0,UN
33,SDC-1450,M-1810,item:007923,77.13675,77.13675,1,34,1.0,G
34,SDC-VD0520132A,M-1430,item:038005,0.081562,0.081562,154,188,1.0,KG
34,SDC-VD0520115A,M-1430,item:708073,0.036961,0.036961,38,72,1.0,KG
34,SDC-VD1095770A,M-1430,item:734545,0.037287,0.037287,38,72,1.0,UN
34,SDC-1450,M-1430,item:773474,45.0,45.0,13,47,1.0,G
34,SDC-VD0951020A,M-1810,item:001757,0.03857,0.03857,46,80,1.0,KG
34,SDC-VD0519670A,M-1810,item:001848,0.020249,0.020249,12,46,1.0,KG
34,SDC-VD0951020A,M-1810,item:001848,0.008678,0.008678,56,90,1.0,KG
34,SDC-VD0910216A,M-1810,item:001893,0.128244,0.128244,30,64,1.0,KG
34,SDC-VD1091642A,M-1810,item:001893,0.036641,0.036641,81,115,1.0,KG
34,SDC-VD0518684A,M-1810,item:001893,0.018321,0.018321,73,107,1.0,KG
34,SDC-VD0910216A,M-1810,item:002612,0.033748,0.033748,31,65,1.0,KG
34,SDC-VD0990780A,M-1810,item:002612,0.009642,0.009642,23,57,1.0,KG
34,SDC-VD1091642A,M-1810,item:002612,0.002411,0.002411,6,40,1.0,KG
34,SDC-VD0500655A,M-1810,item:002612,0.002411,0.002411,24,58,1.0,KG
34,SDC-VD0514881A,M-1810,item:016332,0.011571,0.011571,64,98,1.0,KG
34,SDC-VD0519670A,M-1810,item:029313,0.000964,0.000964,55,89,1.0,KG
34,SDC-VD1096202A,M-1810,item:039668,0.000964,0.000964,6,40,1.0,KG
34,SDC-VD0520132A,M-1810,item:049371,0.035677,0.035677,28,62,1.0,KG
34,SDC-VD0914320A,M-1810,item:055703,0.00135,0.00135,8,42,1.0,KG
34,SDC-VD0964290A,M-1810,item:055703,0.000579,0.000579,10,44,1.0,KG
34,SDC-VD0505677A,M-1810,item:099439,0.048212,0.048212,47,81,1.0,KG
34,SDC-VD0989480A,M-1810,item:426331,0.261248,0.261248,13,47,1.0,UN
34,M-1430,DC-1920,item:268967,4.660934,4.660934,2,36,1.0,UN
34,M-1810,DC-1920,item:268091,23.7498,23.7498,5,39,1.0,UN
34,DC-1920,C-XXXXX,item:268967,9.321867,9.321867,2,36,1.0,UN
34,SDC-1450,M-1810,item:007923,77.13935,77.13935,1,35,1.0,G
35,SDC-VD0520132A,M-1430,item:038005,0.163125,0.163125,207,242,1.0,KG
35,SDC-VD0520115A,M-1430,item:708073,0.073922,0.073922,36,71,1.0,KG
35,SDC-VD1095770A,M-1430,item:734545,0.074575,0.074575,18,53,1.0,UN
35,SDC-1450,M-1430,item:773474,45.0,45.0,6,41,1.0,G
35,SDC-VD0951020A,M-1810,item:001757,0.03857,0.03857,76,111,1.0,KG
35,SDC-VD0519670A,M-1810,item:001848,0.020249,0.020249,24,59,1.0,KG
35,SDC-VD0951020A,M-1810,item:001848,0.008678,0.008678,24,59,1.0,KG
35,SDC-VD0910216A,M-1810,item:001893,0.128245,0.128245,9,44,1.0,KG
35,SDC-VD1091642A,M-1810,item:001893,0.036641,0.036641,84,119,1.0,KG
35,SDC-VD0518684A,M-1810,item:001893,0.018321,0.018321,54,89,1.0,KG
35,SDC-VD0910216A,M-1810,item:002612,0.033749,0.033749,14,49,1.0,KG
35,SDC-VD0990780A,M-1810,item:002612,0.009642,0.009642,70,105,1.0,KG
35,SDC-VD1091642A,M-1810,item:002612,0.002411,0.002411,10,45,1.0,KG
35,SDC-VD0500655A,M-1810,item:002612,0.002411,0.002411,21,56,1.0,KG
35,SDC-VD0514881A,M-1810,item:016332,0.011571,0.011571,56,91,1.0,KG
35,SDC-VD0519670A,M-1810,item:029313,0.000964,0.000964,79,114,1.0,KG
35,SDC-VD1096202A,M-1810,item:039668,0.000964,0.000964,14,49,1.0,KG
35,SDC-VD0520132A,M-1810,item:049371,0.035677,0.035677,96,131,1.0,KG
35,SDC-VD0914320A,M-1810,item:055703,0.00135,0.00135,9,44,1.0,KG
35,SDC-VD0964290A,M-1810,item:055703,0.000579,0.000579,33,68,1.0,KG
35,SDC-VD0505677A,M-1810,item:099439,0.048212,0.048212,18,53,1.0,KG
35,SDC-VD0989480A,M-1810,item:426331,0.26125,0.26125,41,76,1.0,UN
35,M-1430,DC-1920,item:268967,9.321867,9.321867,3,38,1.0,UN
35,M-1810,DC-1920,item:268091,23.74996,23.74996,2,37,1.0,UN
35,DC-1920,C-XXXXX,item:268967,9.321867,9.321867,2,37,1.0,UN
35,DC-1920,C-XXXXX,item:268091,47.493995,47.493995,2,37,1.0,UN
35,SDC-1450,M-1810,item:007923,77.13987,77.13987,2,37,1.0,G
36,SDC-1450,M-1430,item:773474,45.0,45.0,5,41,1.0,G
36,SDC-VD0951020A,M-1810,item:001757,0.03857,0.03857,142,178,1.0,KG
36,SDC-VD0519670A,M-1810,item:001848,0.020249,0.020249,9,45,1.0,KG
36,SDC-VD0951020A,M-1810,item:001848,0.008678,0.008678,79,115,1.0,KG
36,SDC-VD0910216A,M-1810,item:001893,0.128245,0.128245,42,78,1.0,KG
36,SDC-VD1091642A,M-1810,item:001893,0.036641,0.036641,31,67,1.0,KG
36,SDC-VD0518684A,M-1810,item:001893,0.018321,0.018321,39,75,1.0,KG
36,SDC-VD0910216A,M-1810,item:002612,0.033749,0.033749,21,57,1.0,KG
36,SDC-VD0990780A,M-1810,item:002612,0.009642,0.009642,39,75,1.0,KG
36,SDC-VD1091642A,M-1810,item:002612,0.002411,0.002411,9,45,1.0,KG
36,SDC-VD0500655A,M-1810,item:002612,0.002411,0.002411,12,48,1.0,KG
36,SDC-VD0514881A,M-1810,item:016332,0.011571,0.011571,38,74,1.0,KG
36,SDC-VD0519670A,M-1810,item:029313,0.000964,0.000964,41,77,1.0,KG
36,SDC-VD1096202A,M-1810,item:039668,0.000964,0.000964,15,51,1.0,KG
36,SDC-VD0520132A,M-1810,item:049371,0.035677,0.035677,294,330,1.0,KG
36,SDC-VD0914320A,M-1810,item:055703,0.00135,0.00135,12,48,1.0,KG
36,SDC-VD0964290A,M-1810,item:055703,0.000579,0.000579,35,71,1.0,KG
36,SDC-VD0505677A,M-1810,item:099439,0.048212,0.048212,26,62,1.0,KG
36,SDC-VD0989480A,M-1810,item:426331,0.26125,0.26125,11,47,1.0,UN
36,M-1810,DC-1920,item:268091,23.749992,23.749992,3,39,1.0,UN
36,DC-1920,C-XXXXX,item:268967,4.660934,4.660934,1,37,1.0,UN
36,SDC-1450,M-1810,item:007923,77.139974,77.139974,1,37,1.0,G
37,SDC-VD0520132A,M-1430,item:038005,0.244687,0.244687,178,215,1.0,KG
37,SDC-VD0520115A,M-1430,item:708073,0.110884,0.110884,13,50,1.0,KG
37,SDC-VD1095770A,M-1430,item:734545,0.111862,0.111862,26,63,1.0,UN
37,SDC-1450,M-1430,item:773474,45.0,45.0,8,45,1.0,G
37,SDC-VD0951020A,M-1810,item:001757,0.03857,0.03857,148,185,1.0,KG
37,SDC-VD0519670A,M-1810,item:001848,0.020249,0.020249,16,53,1.0,KG
37,SDC-VD0951020A,M-1810,item:001848,0.008678,0.008678,34,71,1.0,KG
37,SDC-VD0910216A,M-1810,item:001893,0.128245,0.128245,56,93,1.0,KG
37,SDC-VD1091642A,M-1810,item:001893,0.036641,0.036641,31,68,1.0,KG
37,SDC-VD0518684A,M-1810,item:001893,0.018321,0.018321,56,93,1.0,KG
37,SDC-VD0910216A,M-1810,item:002612,0.033749,0.033749,23,60,1.0,KG
37,SDC-VD0990780A,M-1810,item:002612,0.009642,0.009642,62,99,1.0,KG
37,SDC-VD1091642A,M-1810,item:002612,0.002411,0.002411,17,54,1.0,KG
37,SDC-VD0500655A,M-1810,item:002612,0.002411,0.002411,33,70,1.0,KG
37,SDC-VD0514881A,M-1810,item:016332,0.011571,0.011571,66,103,1.0,KG
37,SDC-VD0519670A,M-1810,item:029313,0.000964,0.000964,79,116,1.0,KG
37,SDC-VD1096202A,M-1810,item:039668,0.000964,0.000964,26,63,1.0,KG
37,SDC-VD0520132A,M-1810,item:049371,0.035677,0.035677,261,298,1.0,KG
37,SDC-VD0914320A,M-1810,item:055703,0.00135,0.00135,10,47,1.0,KG
37,SDC-VD0964290A,M-1810,item:055703,0.000579,0.000579,52,89,1.0,KG
37,SDC-VD0505677A,M-1810,item:099439,0.048212,0.048212,45,82,1.0,KG
37,SDC-VD0989480A,M-1810,item:426331,0.26125,0.26125,25,62,1.0,UN
37,M-1430,DC-1920,item:268967,13.982801,13.982801,7,44,1.0,UN
37,M-1810,DC-1920,item:268091,23.749998,23.749998,3,40,1.0,UN
37,DC-1920,C-XXXXX,item:268091,23.74996,23.74996,2,39,1.0,UN
37,SDC-1450,M-1810,item:007923,77.139995,77.139995,2,39,1.0,G
38,SDC-1450,M-1430,item:773474,45.0,45.0,5,43,1.0,G
38,SDC-VD0951020A,M-1810,item:001757,0.03857,0.03857,108,146,1.0,KG
38,SDC-VD0519670A,M-1810,item:001848,0.020249,0.020249,27,65,1.0,KG
38,SDC-VD0951020A,M-1810,item:001848,0.008678,0.008678,49,87,1.0,KG
38,SDC-VD0910216A,M-1810,item:001893,0.128245,0.128245,29,67,1.0,KG
38,SDC-VD1091642A,M-1810,item:001893,0.036641,0.036641,48,86,1.0,KG
38,SDC-VD0518684A,M-1810,item:001893,0.018321,0.018321,52,90,1.0,KG
38,SDC-VD0910216A,M-1810,item:002612,0.033749,0.033749,56,94,1.0,KG
38,SDC-VD0990780A,M-1810,item:002612,0.009642,0.009642,36,74,1.0,KG
38,SDC-VD1091642A,M-1810,item:002612,0.002411,0.002411,31,69,1.0,KG
38,SDC-VD0500655A,M-1810,item:002612,0.002411,0.002411,13,51,1.0,KG
38,SDC-VD0514881A,M-1810,item:016332,0.011571,0.011571,25,63,1.0,KG
38,SDC-VD0519670A,M-1810,item:029313,0.000964,0.000964,53,91,1.0,KG
38,SDC-VD1096202A,M-1810,item:039668,0.000964,0.000964,35,73,1.0,KG
38,SDC-VD0520132A,M-1810,item:049371,0.035677,0.035677,134,172,1.0,KG
38,SDC-VD0914320A,M-1810,item:055703,0.00135,0.00135,8,46,1.0,KG
38,SDC-VD0964290A,M-1810,item:055703,0.000579,0.000579,81,119,1.0,KG
38,SDC-VD0505677A,M-1810,item:099439,0.048212,0.048212,47,85,1.0,KG
38,SDC-VD0989480A,M-1810,item:426331,0.26125,0.26125,16,54,1.0,UN
38,M-1810,DC-1920,item:268091,23.75,23.75,3,41,1.0,UN
38,DC-1920,C-XXXXX,item:268967,9.321867,9.321867,2,40,1.0,UN
38,SDC-1450,M-1810,item:007923,75.877372,75.877372,1,39,1.0,G
39,SDC-VD0520132A,M-1430,item:038005,0.163125,0.163125,139,178,1.0,KG
39,SDC-VD0520115A,M-1430,item:708073,0.073922,0.073922,34,73,1.0,KG
39,SDC-VD1095770A,M-1430,item:734545,0.074575,0.074575,25,64,1.0,UN
39,SDC-1450,M-1430,item:773474,45.0,45.0,14,53,1.0,G
39,SDC-VD0951020A,M-1810,item:001757,0.03857,0.03857,128,167,1.0,KG
39,SDC-VD0519670A,M-1810,item:001848,0.020249,0.020249,8,47,1.0,KG
39,SDC-VD0951020A,M-1810,item:001848,0.008678,0.008678,43,82,1.0,KG
39,SDC-VD0910216A,M-1810,item:001893,0.128245,0.128245,19,58,1.0,KG
39,SDC-VD1091642A,M-1810,item:001893,0.036641,0.036641,44,83,1.0,KG
39,SDC-VD0518684A,M-1810,item:001893,0.018321,0.018321,65,104,1.0,KG
39,SDC-VD0910216A,M-1810,item:002612,0.033749,0.033749,40,79,1.0,KG
39,SDC-VD0990780A,M-1810,item:002612,0.009642,0.009642,67,106,1.0,KG
39,SDC-VD1091642A,M-1810,item:002612,0.002411,0.002411,62,101,1.0,KG
39,SDC-VD0500655A,M-1810,item:002612,0.002411,0.002411,21,60,1.0,KG
39,SDC-VD0514881A,M-1810,item:016332,0.011571,0.011571,20,59,1.0,KG
39,SDC-VD0519670A,M-1810,item:029313,0.000964,0.000964,27,66,1.0,KG
39,SDC-VD1096202A,M-1810,item:039668,0.000964,0.000964,20,59,1.0,KG
39,SDC-VD0520132A,M-1810,item:049371,0.035677,0.035677,150,189,1.0,KG
39,SDC-VD0914320A,M-1810,item:055703,0.00135,0.00135,6,45,1.0,KG
39,SDC-VD0964290A,M-1810,item:055703,0.000579,0.000579,25,64,1.0,KG
39,SDC-VD0505677A,M-1810,item:099439,0.048212,0.048212,48,87,1.0,KG
39,SDC-VD0989480A,M-1810,item:426331,0.26125,0.26125,28,67,1.0,UN
39,M-1430,DC-1920,item:268967,9.321867,9.321867,2,41,1.0,UN
39,M-1810,DC-1920,item:268091,23.75,23.75,1,40,1.0,UN
39,DC-1920,C-XXXXX,item:268091,47.499792,47.499792,4,43,1.0,UN
40,SDC-1450,M-1430,item:773474,45.0,45.0,11,51,1.0,G
40,SDC-VD0951020A,M-1810,item:001757,0.03857,0.03857,113,153,1.0,KG
40,SDC-VD0519670A,M-1810,item:001848,0.020249,0.020249,40,80,1.0,KG
40,SDC-VD0951020A,M-1810,item:001848,0.008678,0.008678,87,127,1.0,KG
40,SDC-VD0910216A,M-1810,item:001893,0.128245,0.128245,20,60,1.0,KG
40,SDC-VD1091642A,M-1810,item:001893,0.036641,0.036641,23,63,1.0,KG
40,SDC-VD0518684A,M-1810,item:001893,0.018321,0.018321,84,124,1.0,KG
40,SDC-VD0910216A,M-1810,item:002612,0.033749,0.033749,38,78,1.0,KG
40,SDC-VD0990780A,M-1810,item:002612,0.009642,0.009642,17,57,1.0,KG
40,SDC-VD1091642A,M-1810,item:002612,0.002411,0.002411,63,103,1.0,KG
40,SDC-VD0500655A,M-1810,item:002612,0.002411,0.002411,40,80,1.0,KG
40,SDC-VD0514881A,M-1810,item:016332,0.011571,0.011571,90,130,1.0,KG
40,SDC-VD0519670A,M-1810,item:029313,0.000964,0.000964,41,81,1.0,KG
40,SDC-VD1096202A,M-1810,item:039668,0.000964,0.000964,33,73,1.0,KG
40,SDC-VD0520132A,M-1810,item:049371,0.035677,0.035677,259,299,1.0,KG
40,SDC-VD0914320A,M-1810,item:055703,0.00135,0.00135,7,47,1.0,KG
40,SDC-VD0964290A,M-1810,item:055703,0.000579,0.000579,49,89,1.0,KG
40,SDC-VD0505677A,M-1810,item:099439,0.048212,0.048212,50,90,1.0,KG
40,SDC-VD0989480A,M-1810,item:426331,0.26125,0.26125,16,56,1.0,UN
40,M-1810,DC-1920,item:268091,23.75,23.75,2,42,1.0,UN
40,DC-1920,C-XXXXX,item:268091,47.499998,47.499998,1,41,1.0,UN
41,SDC-VD0520132A,M-1430,item:038005,0.32625,0.32625,108,149,1.0,KG
41,SDC-VD0520115A,M-1430,item:708073,0.147845,0.147845,22,63,1.0,KG
41,SDC-VD1095770A,M-1430,item:734545,0.14915,0.14915,15,56,1.0,UN
41,SDC-1450,M-1430,item:773474,45.0,45.0,20,61,1.0,G
41,SDC-VD0951020A,M-1810,item:001757,0.03857,0.03857,112,153,1.0,KG
41,SDC-VD0519670A,M-1810,item:001848,0.020249,0.020249,42,83,1.0,KG
41,SDC-VD0951020A,M-1810,item:001848,0.008678,0.008678,79,120,1.0,KG
41,SDC-VD0910216A,M-1810,item:001893,0.128245,0.128245,44,85,1.0,KG
41,SDC-VD1091642A,M-1810,item:001893,0.036641,0.036641,42,83,1.0,KG
41,SDC-VD0518684A,M-1810,item:001893,0.018321,0.018321,39,80,1.0,KG
41,SDC-VD0910216A,M-1810,item:002612,0.033749,0.033749,33,74,1.0,KG
41,SDC-VD0990780A,M-1810,item:002612,0.009642,0.009642,36,77,1.0,KG
41,SDC-VD1091642A,M-1810,item:002612,0.002411,0.002411,4,45,1.0,KG
41,SDC-VD0500655A,M-1810,item:002612,0.002411,0.002411,41,82,1.0,KG
41,SDC-VD0514881A,M-1810,item:016332,0.011571,0.011571,47,88,1.0,KG
41,SDC-VD0519670A,M-1810,item:029313,0.000964,0.000964,45,86,1.0,KG
41,SDC-VD1096202A,M-1810,item:039668,0.000964,0.000964,37,78,1.0,KG
41,SDC-VD0520132A,M-1810,item:049371,0.035677,0.035677,133,174,1.0,KG
41,SDC-VD0914320A,M-1810,item:055703,0.00135,0.00135,8,49,1.0,KG
41,SDC-VD0964290A,M-1810,item:055703,0.000579,0.000579,33,74,1.0,KG
41,SDC-VD0505677A,M-1810,item:099439,0.048212,0.048212,39,80,1.0,KG
41,SDC-VD0989480A,M-1810,item:426331,0.26125,0.26125,22,63,1.0,UN
41,M-1430,DC-1920,item:268967,18.643735,18.643735,5,46,1.0,UN
41,M-1810,DC-1920,item:268091,23.75,23.75,2,43,1.0,UN
41,DC-1920,C-XXXXX,item:268967,9.321867,9.321867,3,44,1.0,UN
41,DC-1920,C-XXXXX,item:268091,23.75,23.75,3,44,1.0,UN
42,SDC-VD0520132A,M-1430,item:038005,0.081562,0.081562,197,239,1.0,KG
42,SDC-VD0520115A,M-1430,item:708073,0.036961,0.036961,23,65,1.0,KG
42,SDC-VD1095770A,M-1430,item:734545,0.037287,0.037287,12,54,1.0,UN
42,SDC-1450,M-1430,item:773474,45.0,45.0,8,50,1.0,G
42,SDC-VD0951020A,M-1810,item:001757,0.002149,0.002149,54,96,1.0,KG
42,SDC-VD0519670A,M-1810,item:001848,0.001128,0.001128,21,63,1.0,KG
42,SDC-VD0951020A,M-1810,item:001848,0.000484,0.000484,36,78,1.0,KG
42,SDC-VD0910216A,M-1810,item:001893,0.007147,0.007147,5,47,1.0,KG
42,SDC-VD1091642A,M-1810,item:001893,0.002042,0.002042,74,116,1.0,KG
42,SDC-VD0518684A,M-1810,item:001893,0.001021,0.001021,50,92,1.0,KG
42,SDC-VD0910216A,M-1810,item:002612,0.001881,0.001881,14,56,1.0,KG
42,SDC-VD0990780A,M-1810,item:002612,0.000537,0.000537,52,94,1.0,KG
42,SDC-VD1091642A,M-1810,item:002612,0.000134,0.000134,27,69,1.0,KG
42,SDC-VD0500655A,M-1810,item:002612,0.000134,0.000134,14,56,1.0,KG
42,SDC-VD0514881A,M-1810,item:016332,0.000645,0.000645,75,117,1.0,KG
42,SDC-VD0519670A,M-1810,item:029313,5.4e-05,5.4e-05,59,101,1.0,KG
42,SDC-VD1096202A,M-1810,item:039668,5.4e-05,5.4e-05,45,87,1.0,KG
42,SDC-VD0520132A,M-1810,item:049371,0.001988,0.001988,212,254,1.0,KG
42,SDC-VD0914320A,M-1810,item:055703,7.5e-05,7.5e-05,6,48,1.0,KG
42,SDC-VD0964290A,M-1810,item:055703,3.2e-05,3.2e-05,57,99,1.0,KG
42,SDC-VD0505677A,M-1810,item:099439,0.002687,0.002687,15,57,1.0,KG
42,SDC-VD0989480A,M-1810,item:426331,0.014559,0.014559,43,85,1.0,UN
42,M-1430,DC-1920,item:268967,4.660934,4.660934,3,45,1.0,UN
42,M-1810,DC-1920,item:268091,1.323515,1.323515,2,44,1.0,UN
42,DC-1920,C-XXXXX,item:268091,23.75,23.75,2,44,1.0,UN
43,SDC-VD0520132A,M-1430,item:038005,0.081562,0.081562,167,210,1.0,KG
43,SDC-VD0520115A,M-1430,item:708073,0.036961,0.036961,34,77,1.0,KG
43,SDC-VD1095770A,M-1430,item:734545,0.037287,0.037287,29,72,1.0,UN
43,SDC-1450,M-1430,item:773474,45.0,45.0,13,56,1.0,G
43,M-1430,DC-1920,item:268967,4.660934,4.660934,3,46,1.0,UN
43,DC-1920,C-XXXXX,item:268091,23.75,23.75,4,47,1.0,UN
44,SDC-1450,M-1430,item:773474,45.0,45.0,4,48,1.0,G
44,DC-1920,C-XXXXX,item:268967,13.982801,13.982801,1,45,1.0,UN
44,DC-1920,C-XXXXX,item:268091,1.323515,1.323515,3,47,1.0,UN
45,SDC-VD0520132A,M-1430,item:038005,0.081562,0.081562,307,352,1.0,KG
45,SDC-VD0520115A,M-1430,item:708073,0.036961,0.036961,23,68,1.0,KG
45,SDC-VD1095770A,M-1430,item:734545,0.037287,0.037287,33,78,1.0,UN
45,SDC-1450,M-1430,item:773474,45.0,45.0,4,49,1.0,G
45,M-1430,DC-1920,item:268967,4.660934,4.660934,5,50,1.0,UN
45,DC-1920,C-XXXXX,item:268967,4.660934,4.660934,3,48,1.0,UN
46,SDC-VD0520132A,M-1430,item:038005,0.081562,0.081562,136,182,1.0,KG
46,SDC-VD0520115A,M-1430,item:708073,0.036961,0.036961,12,58,1.0,KG
46,SDC-VD1095770A,M-1430,item:734545,0.037287,0.037287,26,72,1.0,UN
46,SDC-1450,M-1430,item:773474,45.0,45.0,8,54,1.0,G
46,SDC-VD0951020A,M-1810,item:001757,0.03857,0.03857,51,97,1.0,KG
46,SDC-VD0519670A,M-1810,item:001848,0.020249,0.020249,23,69,1.0,KG
46,SDC-VD0951020A,M-1810,item:001848,0.008678,0.008678,69,115,1.0,KG
46,SDC-VD0910216A,M-1810,item:001893,0.128245,0.128245,38,84,1.0,KG
46,SDC-VD1091642A,M-1810,item:001893,0.036641,0.036641,58,104,1.0,KG
46,SDC-VD0518684A,M-1810,item:001893,0.018321,0.018321,23,69,1.0,KG
46,SDC-VD0910216A,M-1810,item:002612,0.033749,0.033749,33,79,1.0,KG
46,SDC-VD0990780A,M-1810,item:002612,0.009642,0.009642,26,72,1.0,KG
46,SDC-VD1091642A,M-1810,item:002612,0.002411,0.002411,53,99,1.0,KG
46,SDC-VD0500655A,M-1810,item:002612,0.002411,0.002411,40,86,1.0,KG
46,SDC-VD0514881A,M-1810,item:016332,0.011571,0.011571,27,73,1.0,KG
46,SDC-VD0519670A,M-1810,item:029313,0.000964,0.000964,58,104,1.0,KG
46,SDC-VD1096202A,M-1810,item:039668,0.000964,0.000964,51,97,1.0,KG
46,SDC-VD0520132A,M-1810,item:049371,0.035677,0.035677,71,117,1.0,KG
46,SDC-VD0914320A,M-1810,item:055703,0.00135,0.00135,8,54,1.0,KG
46,SDC-VD0964290A,M-1810,item:055703,0.000579,0.000579,73,119,1.0,KG
46,SDC-VD0505677A,M-1810,item:099439,0.048212,0.048212,13,59,1.0,KG
46,SDC-VD0989480A,M-1810,item:426331,0.26125,0.26125,32,78,1.0,UN
46,M-1430,DC-1920,item:268967,4.660934,4.660934,3,49,1.0,UN
46,M-1810,DC-1920,item:268091,23.75,23.75,3,49,1.0,UN
46,DC-1920,C-XXXXX,item:268967,23.304668,23.304668,2,48,1.0,UN
47,SDC-VD0520132A,M-1430,item:038005,0.081562,0.081562,68,115,1.0,KG
47,SDC-VD0520115A,M-1430,item:708073,0.036961,0.036961,41,88,1.0,KG
47,SDC-VD1095770A,M-1430,item:734545,0.037287,0.037287,22,69,1.0,UN
47,SDC-1450,M-1430,item:773474,45.0,45.0,10,57,1.0,G
47,SDC-VD0951020A,M-1810,item:001757,0.03857,0.03857,44,91,1.0,KG
47,SDC-VD0519670A,M-1810,item:001848,0.020249,0.020249,42,89,1.0,KG
47,SDC-VD0951020A,M-1810,item:001848,0.008678,0.008678,112,159,1.0,KG
47,SDC-VD0910216A,M-1810,item:001893,0.128245,0.128245,25,72,1.0,KG
47,SDC-VD1091642A,M-1810,item:001893,0.036641,0.036641,37,84,1.0,KG
47,SDC-VD0518684A,M-1810,item:001893,0.018321,0.018321,39,86,1.0,KG
47,SDC-VD0910216A,M-1810,item:002612,0.033749,0.033749,29,76,1.0,KG
47,SDC-VD0990780A,M-1810,item:002612,0.009642,0.009642,60,107,1.0,KG
47,SDC-VD1091642A,M-1810,item:002612,0.002411,0.002411,34,81,1.0,KG
47,SDC-VD0500655A,M-1810,item:002612,0.002411,0.002411,54,101,1.0,KG
47,SDC-VD0514881A,M-1810,item:016332,0.011571,0.011571,54,101,1.0,KG
47,SDC-VD0519670A,M-1810,item:029313,0.000964,0.000964,34,81,1.0,KG
47,SDC-VD1096202A,M-1810,item:039668,0.000964,0.000964,26,73,1.0,KG
47,SDC-VD0520132A,M-1810,item:049371,0.035677,0.035677,140,187,1.0,KG
47,SDC-VD0914320A,M-1810,item:055703,0.00135,0.00135,11,58,1.0,KG
47,SDC-VD0964290A,M-1810,item:055703,0.000579,0.000579,25,72,1.0,KG
47,SDC-VD0505677A,M-1810,item:099439,0.048212,0.048212,55,102,1.0,KG
47,SDC-VD0989480A,M-1810,item:426331,0.26125,0.26125,18,65,1.0,UN
47,M-1430,DC-1920,item:268967,4.660934,4.660934,5,52,1.0,UN
47,M-1810,DC-1920,item:268091,23.75,23.75,4,51,1.0,UN
48,SDC-VD0520132A,M-1430,item:038005,0.081562,0.081562,224,272,1.0,KG
48,SDC-VD0520115A,M-1430,item:708073,0.036961,0.036961,30,78,1.0,KG
48,SDC-VD1095770A,M-1430,item:734545,0.037287,0.037287,21,69,1.0,UN
48,SDC-1450,M-1430,item:773474,45.0,45.0,5,53,1.0,G
48,SDC-VD0951020A,M-1810,item:001757,0.03857,0.03857,116,164,1.0,KG
48,SDC-VD0519670A,M-1810,item:001848,0.020249,0.020249,9,57,1.0,KG
48,SDC-VD0951020A,M-1810,item:001848,0.008678,0.008678,63,111,1.0,KG
48,SDC-VD0910216A,M-1810,item:001893,0.128245,0.128245,19,67,1.0,KG
48,SDC-VD1091642A,M-1810,item:001893,0.036641,0.036641,72,120,1.0,KG
48,SDC-VD0518684A,M-1810,item:001893,0.018321,0.018321,83,131,1.0,KG
48,SDC-VD0910216A,M-1810,item:002612,0.033749,0.033749,25,73,1.0,KG
48,SDC-VD0990780A,M-1810,item:002612,0.009642,0.009642,21,69,1.0,KG
48,SDC-VD1091642A,M-1810,item:002612,0.002411,0.002411,40,88,1.0,KG
48,SDC-VD0500655A,M-1810,item:002612,0.002411,0.002411,16,64,1.0,KG
48,SDC-VD0514881A,M-1810,item:016332,0.011571,0.011571,43,91,1.0,KG
48,SDC-VD0519670A,M-1810,item:029313,0.000964,0.000964,42,90,1.0,KG
48,SDC-VD1096202A,M-1810,item:039668,0.000964,0.000964,17,65,1.0,KG
48,SDC-VD0520132A,M-1810,item:049371,0.035677,0.035677,198,246,1.0,KG
48,SDC-VD0914320A,M-1810,item:055703,0.00135,0.00135,20,68,1.0,KG
48,SDC-VD0964290A,M-1810,item:055703,0.000579,0.000579,18,66,1.0,KG
48,SDC-VD0505677A,M-1810,item:099439,0.048212,0.048212,28,76,1.0,KG
48,SDC-VD0989480A,M-1810,item:426331,0.26125,0.26125,38,86,1.0,UN
48,M-1430,DC-1920,item:268967,4.660934,4.660934,3,51,1.0,UN
48,M-1810,DC-1920,item:268091,23.75,23.75,4,52,1.0,UN
49,SDC-VD0520132A,M-1430,item:038005,0.081562,0.081562,146,195,1.0,KG
49,SDC-VD0520115A,M-1430,item:708073,0.036961,0.036961,52,101,1.0,KG
49,SDC-VD1095770A,M-1430,item:734545,0.037287,0.037287,11,60,1.0,UN
49,SDC-1450,M-1430,item:773474,45.0,45.0,9,58,1.0,G
49,SDC-VD0951020A,M-1810,item:001757,0.03857,0.03857,106,155,1.0,KG
49,SDC-VD0519670A,M-1810,item:001848,0.020249,0.020249,15,64,1.0,KG
49,SDC-VD0951020A,M-1810,item:001848,0.008678,0.008678,28,77,1.0,KG
49,SDC-VD0910216A,M-1810,item:001893,0.128245,0.128245,51,100,1.0,KG
49,SDC-VD1091642A,M-1810,item:001893,0.036641,0.036641,13,62,1.0,KG
49,SDC-VD0518684A,M-1810,item:001893,0.018321,0.018321,31,80,1.0,KG
49,SDC-VD0910216A,M-1810,item:002612,0.033749,0.033749,63,112,1.0,KG
49,SDC-VD0990780A,M-1810,item:002612,0.009642,0.009642,10,59,1.0,KG
49,SDC-VD1091642A,M-1810,item:002612,0.002411,0.002411,20,69,1.0,KG
49,SDC-VD0500655A,M-1810,item:002612,0.002411,0.002411,17,66,1.0,KG
49,SDC-VD0514881A,M-1810,item:016332,0.011571,0.011571,59,108,1.0,KG
49,SDC-VD0519670A,M-1810,item:029313,0.000964,0.000964,41,90,1.0,KG
49,SDC-VD1096202A,M-1810,item:039668,0.000964,0.000964,38,87,1.0,KG
49,SDC-VD0520132A,M-1810,item:049371,0.035677,0.035677,103,152,1.0,KG
49,SDC-VD0914320A,M-1810,item:055703,0.00135,0.00135,7,56,1.0,KG
49,SDC-VD0964290A,M-1810,item:055703,0.000579,0.000579,44,93,1.0,KG
49,SDC-VD0505677A,M-1810,item:099439,0.048212,0.048212,60,109,1.0,KG
49,SDC-VD0989480A,M-1810,item:426331,0.26125,0.26125,23,72,1.0,UN
49,M-1430,DC-1920,item:268967,4.660934,4.660934,3,52,1.0,UN
49,M-1810,DC-1920,item:268091,23.75,23.75,3,52,1.0,UN
49,DC-1920,C-XXXXX,item:268967,4.660934,4.660934,2,51,1.0,UN
49,DC-1920,C-XXXXX,item:268091,23.75,23.75,2,51,1.0,UN
50,SDC-VD0520132A,M-1430,item:038005,0.081562,0.081562,242,292,1.0,KG
50,SDC-VD0520115A,M-1430,item:708073,0.036961,0.036961,36,86,1.0,KG
50,SDC-VD1095770A,M-1430,item:734545,0.037287,0.037287,37,87,1.0,UN
50,SDC-1450,M-1430,item:773474,45.0,45.0,4,54,1.0,G
50,SDC-VD0951020A,M-1810,item:001757,0.03857,0.03857,52,102,1.0,KG
50,SDC-VD0519670A,M-1810,item:001848,0.020249,0.020249,36,86,1.0,KG
50,SDC-VD0951020A,M-1810,item:001848,0.008678,0.008678,105,155,1.0,KG
50,SDC-VD0910216A,M-1810,item:001893,0.128245,0.128245,16,66,1.0,KG
50,SDC-VD1091642A,M-1810,item:001893,0.036641,0.036641,72,122,1.0,KG
50,SDC-VD0518684A,M-1810,item:001893,0.018321,0.018321,78,128,1.0,KG
50,SDC-VD0910216A,M-1810,item:002612,0.033749,0.033749,39,89,1.0,KG
50,SDC-VD0990780A,M-1810,item:002612,0.009642,0.009642,21,71,1.0,KG
50,SDC-VD1091642A,M-1810,item:002612,0.002411,0.002411,70,120,1.0,KG
50,SDC-VD0500655A,M-1810,item:002612,0.002411,0.002411,21,71,1.0,KG
50,SDC-VD0514881A,M-1810,item:016332,0.011571,0.011571,21,71,1.0,KG
50,SDC-VD0519670A,M-1810,item:029313,0.000964,0.000964,35,85,1.0,KG
50,SDC-VD1096202A,M-1810,item:039668,0.000964,0.000964,3,53,1.0,KG
50,SDC-VD0520132A,M-1810,item:049371,0.035677,0.035677,88,138,1.0,KG
50,SDC-VD0914320A,M-1810,item:055703,0.00135,0.00135,15,65,1.0,KG
50,SDC-VD0964290A,M-1810,item:055703,0.000579,0.000579,80,130,1.0,KG
50,SDC-VD0505677A,M-1810,item:099439,0.048212,0.048212,9,59,1.0,KG
50,SDC-VD0989480A,M-1810,item:426331,0.26125,0.26125,56,106,1.0,UN
50,M-1430,DC-1920,item:268967,4.660934,4.660934,5,55,1.0,UN
50,M-1810,DC-1920,item:268091,23.75,23.75,2,52,1.0,UN
50,DC-1920,C-XXXXX,item:268967,4.660934,4.660934,1,51,1.0,UN
51,SDC-VD0520132A,M-1430,item:038005,0.081562,0.081562,86,137,1.0,KG
51,SDC-VD0520115A,M-1430,item:708073,0.036961,0.036961,39,90,1.0,KG
51,SDC-VD1095770A,M-1430,item:734545,0.037287,0.037287,35,86,1.0,UN
51,SDC-1450,M-1430,item:773474,45.0,45.0,12,63,1.0,G
51,SDC-VD0951020A,M-1810,item:001757,0.03857,0.03857,62,113,1.0,KG
51,SDC-VD0519670A,M-1810,item:001848,0.020249,0.020249,11,62,1.0,KG
51,SDC-VD0951020A,M-1810,item:001848,0.008678,0.008678,112,163,1.0,KG
51,SDC-VD0910216A,M-1810,item:001893,0.128245,0.128245,24,75,1.0,KG
51,SDC-VD1091642A,M-1810,item:001893,0.036641,0.036641,50,101,1.0,KG
51,SDC-VD0518684A,M-1810,item:001893,0.018321,0.018321,62,113,1.0,KG
51,SDC-VD0910216A,M-1810,item:002612,0.033749,0.033749,18,69,1.0,KG
51,SDC-VD0990780A,M-1810,item:002612,0.009642,0.009642,23,74,1.0,KG
51,SDC-VD1091642A,M-1810,item:002612,0.002411,0.002411,20,71,1.0,KG
51,SDC-VD0500655A,M-1810,item:002612,0.002411,0.002411,12,63,1.0,KG
51,SDC-VD0514881A,M-1810,item:016332,0.011571,0.011571,61,112,1.0,KG
51,SDC-VD0519670A,M-1810,item:029313,0.000964,0.000964,52,103,1.0,KG
51,SDC-VD1096202A,M-1810,item:039668,0.000964,0.000964,24,75,1.0,KG
51,SDC-VD0520132A,M-1810,item:049371,0.035677,0.035677,99,150,1.0,KG
51,SDC-VD0914320A,M-1810,item:055703,0.00135,0.00135,16,67,1.0,KG
51,SDC-VD0964290A,M-1810,item:055703,0.000579,0.000579,84,135,1.0,KG
51,SDC-VD0505677A,M-1810,item:099439,0.048212,0.048212,30,81,1.0,KG
51,SDC-VD0989480A,M-1810,item:426331,0.26125,0.26125,13,64,1.0,UN
51,M-1430,DC-1920,item:268967,4.660934,4.660934,6,57,1.0,UN
51,M-1810,DC-1920,item:268091,23.75,23.75,4,55,1.0,UN
51,DC-1920,C-XXXXX,item:268967,4.660934,4.660934,1,52,1.0,UN
51,DC-1920,C-XXXXX,item:268091,23.75,23.75,2,53,1.0,UN
52,SDC-1450,M-1430,item:773474,45.0,45.0,6,58,1.0,G
52,SDC-VD0951020A,M-1810,item:001757,8.9e-05,8.9e-05,123,175,1.0,KG
52,SDC-VD0519670A,M-1810,item:001848,4.7e-05,4.7e-05,25,77,1.0,KG
52,SDC-VD0951020A,M-1810,item:001848,2e-05,2e-05,55,107,1.0,KG
52,SDC-VD0910216A,M-1810,item:001893,0.000297,0.000297,13,65,1.0,KG
52,SDC-VD1091642A,M-1810,item:001893,8.5e-05,8.5e-05,25,77,1.0,KG
52,SDC-VD0518684A,M-1810,item:001893,4.2e-05,4.2e-05,81,133,1.0,KG
52,SDC-VD0910216A,M-1810,item:002612,7.8e-05,7.8e-05,24,76,1.0,KG
52,SDC-VD0990780A,M-1810,item:002612,2.2e-05,2.2e-05,23,75,1.0,KG
52,SDC-VD1091642A,M-1810,item:002612,6e-06,6e-06,40,92,1.0,KG
52,SDC-VD0500655A,M-1810,item:002612,6e-06,6e-06,15,67,1.0,KG
52,SDC-VD0514881A,M-1810,item:016332,2.7e-05,2.7e-05,44,96,1.0,KG
52,SDC-VD0519670A,M-1810,item:029313,2e-06,2e-06,73,125,1.0,KG
52,SDC-VD1096202A,M-1810,item:039668,2e-06,2e-06,21,73,1.0,KG
52,SDC-VD0520132A,M-1810,item:049371,8.3e-05,8.3e-05,81,133,1.0,KG
52,SDC-VD0914320A,M-1810,item:055703,3e-06,3e-06,5,57,1.0,KG
52,SDC-VD0964290A,M-1810,item:055703,1e-06,1e-06,31,83,1.0,KG
52,SDC-VD0505677A,M-1810,item:099439,0.000112,0.000112,35,87,1.0,KG
52,SDC-VD0989480A,M-1810,item:426331,0.000605,0.000605,12,64,1.0,UN
52,M-1810,DC-1920,item:268091,0.054987,0.054987,2,54,1.0,UN
52,DC-1920,C-XXXXX,item:268967,9.321867,9.321867,2,54,1.0,UN
52,DC-1920,C-XXXXX,item:268091,71.25,71.25,2,54,1.0,UN
53,SDC-VD0520132A,M-1430,item:038005,0.163125,0.163125,97,150,1.0,KG
53,SDC-VD0520115A,M-1430,item:708073,0.073922,0.073922,11,64,1.0,KG
53,SDC-VD1095770A,M-1430,item:734545,0.074575,0.074575,28,81,1.0,UN
53,SDC-1450,M-1430,item:773474,45.0,45.0,8,61,1.0,G
53,M-1430,DC-1920,item:268967,9.321867,9.321867,3,56,1.0,UN
54,SDC-VD0520132A,M-1430,item:038005,0.163125,0.163125,273,327,1.0,KG
54,SDC-VD0520115A,M-1430,item:708073,0.073922,0.073922,30,84,1.0,KG
54,SDC-VD1095770A,M-1430,item:734545,0.074575,0.074575,21,75,1.0,UN
54,SDC-1450,M-1430,item:773474,45.0,45.0,10,64,1.0,G
54,M-1430,DC-1920,item:268967,9.321867,9.321867,6,60,1.0,UN
54,DC-1920,C-XXXXX,item:268091,0.054987,0.054987,3,57,1.0,UN
55,SDC-1450,M-1430,item:773474,45.0,45.0,17,72,1.0,G
55,DC-1920,C-XXXXX,item:268967,4.660934,4.660934,3,58,1.0,UN
55,DC-1920,C-XXXXX,item:268091,23.75,23.75,4,59,1.0,UN
56,SDC-VD0520132A,M-1430,item:038005,0.081562,0.081562,138,194,1.0,KG
56,SDC-VD0520115A,M-1430,item:708073,0.036961,0.036961,26,82,1.0,KG
56,SDC-VD1095770A,M-1430,item:734545,0.037287,0.037287,26,82,1.0,UN
56,SDC-1450,M-1430,item:773474,45.0,45.0,7,63,1.0,G
56,M-1430,DC-1920,item:268967,4.660934,4.660934,3,59,1.0,UN
56,DC-1920,C-XXXXX,item:268967,9.321867,9.321867,2,58,1.0,UN
57,SDC-VD0520132A,M-1430,item:038005,0.081562,0.081562,145,202,1.0,KG
57,SDC-VD0520115A,M-1430,item:708073,0.036961,0.036961,46,103,1.0,KG
57,SDC-VD1095770A,M-1430,item:734545,0.037287,0.037287,22,79,1.0,UN
57,SDC-1450,M-1430,item:773474,45.0,45.0,9,66,1.0,G
57,M-1430,DC-1920,item:268967,4.660934,4.660934,3,60,1.0,UN
57,DC-1920,C-XXXXX,item:268967,4.660934,4.660934,6,63,1.0,UN
58,SDC-VD0520132A,M-1430,item:038005,0.163125,0.163125,170,228,1.0,KG
58,SDC-VD0520115A,M-1430,item:708073,0.073922,0.073922,20,78,1.0,KG
58,SDC-VD1095770A,M-1430,item:734545,0.074575,0.074575,17,75,1.0,UN
58,SDC-1450,M-1430,item:773474,45.0,45.0,9,67,1.0,G
58,M-1430,DC-1920,item:268967,9.321867,9.321867,3,61,1.0,UN
59,SDC-1450,M-1430,item:773474,45.0,45.0,7,66,1.0,G
59,DC-1920,C-XXXXX,item:268967,4.660934,4.660934,3,62,1.0,UN
