snapshot_dt,day,sim_day,real_value_eur,day_sim,physical_stock_value_eur,mrp_target_excess_eur,physical_minus_future_need_7d_eur,useful_for_future_need_7d_eur,physical_minus_future_need_14d_eur,useful_for_future_need_14d_eur,physical_minus_future_need_21d_eur,useful_for_future_need_21d_eur,physical_minus_future_need_30d_eur,useful_for_future_need_30d_eur,physical_minus_future_need_45d_eur,useful_for_future_need_45d_eur,physical_minus_future_need_60d_eur,useful_for_future_need_60d_eur,physical_minus_future_need_90d_eur,useful_for_future_need_90d_eur,physical_minus_future_need_120d_eur,useful_for_future_need_120d_eur,physical_minus_future_need_180d_eur,useful_for_future_need_180d_eur,physical_minus_future_need_270d_eur,useful_for_future_need_270d_eur,physical_minus_future_need_365d_eur,useful_for_future_need_365d_eur,physical_minus_future_need_540d_eur,useful_for_future_need_540d_eur,physical_minus_future_need_730d_eur,useful_for_future_need_730d_eur,physical_minus_future_need_lead_only_eur,useful_for_future_need_lead_only_eur,physical_minus_future_need_safety_only_eur,useful_for_future_need_safety_only_eur,physical_minus_future_need_lead_plus_safety_eur,useful_for_future_need_lead_plus_safety_eur
2025-01-06 00:05:56,5,4,656921.88,4,720013.072068915,656527.512055595,720013.072068915,0.0,720013.072068915,0.0,699390.661198515,20622.4108704,699390.661198515,20622.4108704,699390.661198515,20622.4108704,671894.113371315,48118.9586976,671894.113371315,48118.9586976,671894.113371315,48118.9586976,671894.113371315,48118.9586976,543899.191860515,176113.88020839996,515481.400819715,204531.67124919998,461855.68273308506,258157.38933582997,421854.18388316507,298158.88818574994,689170.120654515,30842.9514144,718296.861348915,1716.21072,673968.983796915,46044.08827199999
2025-01-13 00:06:03,12,11,720134.07,11,720013.072068915,654947.2134358791,720013.072068915,0.0,699390.661198515,20622.4108704,699390.661198515,20622.4108704,699390.661198515,20622.4108704,671894.113371315,48118.9586976,671894.113371315,48118.9586976,671894.113371315,48118.9586976,671894.113371315,48118.9586976,671894.113371315,48118.9586976,543899.191860515,176113.88020839996,510841.27081051504,209171.8012584,461855.68273308506,258157.38933582997,421854.18388316507,298158.88818574994,678105.371700915,41907.700368,705866.866164915,14146.205903999999,672862.768913715,47150.303155199996
2025-01-20 00:06:36,19,18,606978.55,18,784028.8452989149,716298.7087516171,763406.434428515,20622.4108704,763406.434428515,20622.4108704,763406.434428515,20622.4108704,763406.434428515,20622.4108704,735909.886601315,48118.9586976,735909.886601315,48118.9586976,735909.886601315,48118.9586976,735909.886601315,48118.9586976,735909.886601315,48118.9586976,594417.234240515,189611.61105839998,518576.253860515,265452.5914384,458850.41718308505,325178.42811582994,419743.7423331651,364285.10296575,737358.648511715,46670.196787199995,762138.817980515,21890.0273184,736363.878713315,47664.9665856
2025-01-27 00:06:40,26,25,692705.41,25,763406.434428515,695735.8161661961,763406.434428515,0.0,763406.434428515,0.0,763406.434428515,0.0,735909.886601315,27496.547827199996,735909.886601315,27496.547827199996,735909.886601315,27496.547827199996,735909.886601315,27496.547827199996,735909.886601315,27496.547827199996,735909.886601315,27496.547827199996,591802.028020515,171604.40640799998,509998.377458915,253408.05696959997,458357.313245315,305049.1211831999,417911.710266115,345494.72416239994,736363.878713315,27042.555715199996,761976.171132515,1430.2632959999996,736284.0562013149,27122.3782272
2025-02-03 00:06:15,33,32,613334.5,32,929681.890428515,862201.0075785599,929681.8904285149,0.0,929681.8904285149,0.0,909059.479558115,20622.4108704,902185.342601315,27496.547827199996,902185.342601315,27496.547827199996,902185.342601315,27496.547827199996,902185.342601315,27496.547827199996,902185.342601315,27496.547827199996,902185.342601315,27496.547827199996,750231.865360515,179450.025068,664494.611500515,265187.27892799996,620016.6813605151,309665.20906799997,581798.315233165,347883.5751953499,902559.5122013149,27122.3782272,927822.618300515,1859.2721279999996,902559.5122013149,27122.3782272
2025-02-10 00:06:11,40,39,656472.97,39,940114.390428515,871899.952270469,940114.3904285149,0.0,919491.979558115,20622.4108704,912617.842601315,27496.547827199996,912617.842601315,27496.547827199996,912617.842601315,27496.547827199996,912617.842601315,27496.547827199996,912617.842601315,27496.547827199996,912617.842601315,27496.547827199996,912617.842601315,27496.547827199996,756741.556030515,183372.83439799998,671621.559783085,268492.83064542996,628044.968920515,312069.421508,590972.823267715,349141.5671607999,912992.0122013149,27122.3782272,935390.265372515,4724.125055999999,912617.842601315,27496.547827199996
2025-02-17 00:06:22,47,46,695644.81,46,961834.390428515,892745.1642847783,941211.979558115,20622.4108704,934337.842601315,27496.547827199996,934337.842601315,27496.547827199996,934337.842601315,27496.547827199996,934337.842601315,27496.547827199996,934337.842601315,27496.547827199996,934337.842601315,27496.547827199996,934337.842601315,27496.547827199996,934337.842601315,27496.547827199996,778461.556030515,183372.83439799998,693341.559783085,268492.83064542996,648562.862700515,313271.52772799996,609729.932133165,352104.45829534996,934712.0122013149,27122.3782272,934887.844294115,26946.5461344,934337.842601315,27496.547827199996
2025-02-24 00:07:08,54,53,740448.32,53,969561.979558115,885428.326214115,962687.842601315,6874.136956799999,962687.842601315,6874.136956799999,962687.842601315,6874.136956799999,962687.842601315,6874.136956799999,962687.842601315,6874.136956799999,962687.842601315,6874.136956799999,962687.842601315,6874.136956799999,962687.842601315,6874.136956799999,962687.842601315,6874.136956799999,804562.478681315,164999.50087679998,718686.294233085,250875.68532502998,676612.576533085,292949.40302503,636180.365936515,333381.6136215999,962781.385001315,6780.5945568,962687.842601315,6874.136956799999,961737.1302653151,7824.849292799999
2025-03-03 00:06:40,61,60,715265.49,60,989057.842601315,923532.3283909104,989057.842601315,0.0,989057.842601315,0.0,989057.842601315,0.0,989057.842601315,0.0,989057.842601315,0.0,989057.842601315,0.0,989057.842601315,0.0,989057.842601315,0.0,968435.431730915,20622.4108704,822720.731150515,166337.11145079997,741149.208630515,247908.6339708,702982.576533085,286075.26606823,661334.751603715,327723.09099759994,989057.842601315,0.0,989057.842601315,0.0,986522.609705315,2535.2328960000004
2025-03-10 00:06:22,68,67,823262.17,67,1015427.842601315,950497.5550193116,1015427.842601315,0.0,1015427.842601315,0.0,1015427.842601315,0.0,1015427.842601315,0.0,1015427.842601315,0.0,1015427.842601315,0.0,1015427.842601315,0.0,1015427.842601315,0.0,960434.746946915,54993.09565439999,846475.5249305151,168952.3176708,766918.155520515,248509.6870808,726347.3109830851,289080.53161823,684488.607483165,330939.23511814995,1015427.842601315,0.0,1015427.842601315,0.0,1011624.993257315,3802.8493440000016
2025-03-17 00:06:59,75,74,899331.26,74,1032767.842601315,968217.303729895,1032767.842601315,0.0,1032767.842601315,0.0,1032767.842601315,0.0,1032767.842601315,0.0,1032767.842601315,0.0,1032767.842601315,0.0,1032767.842601315,0.0,1032767.842601315,0.0,950278.199119715,82489.6434816,855812.993897315,176954.84870399997,782755.763133085,250012.07946823,740682.0454330851,292085.79716822994,701828.607483165,330939.23511814995,1032767.842601315,0.0,1032767.842601315,0.0,1026746.664473315,6021.178128
2025-03-24 00:06:50,82,81,826291.24,81,1032767.842601315,968595.164107115,1032767.842601315,0.0,1032767.842601315,0.0,1032767.842601315,0.0,1032767.842601315,0.0,1032767.842601315,0.0,1032767.842601315,0.0,1032767.842601315,0.0,1032767.842601315,0.0,902159.2404221151,130608.6021792,844515.3030269151,188252.5395744,782755.763133085,250012.07946823,740682.0454330851,292085.79716822994,699718.165933165,333049.67666814994,1032767.842601315,0.0,1032767.842601315,0.0,1026244.899629315,6522.942971999999
2025-03-31 00:07:56,89,88,860620.24,88,1043627.842601315,980136.230017715,1043627.842601315,0.0,1043627.842601315,0.0,1043627.842601315,0.0,1043627.842601315,0.0,1043627.842601315,0.0,1043627.842601315,0.0,1043627.842601315,0.0,1043627.842601315,0.0,902135.1902405149,141492.65236079998,851138.668950515,192489.1736508,793615.763133085,250012.07946823,748566.113833165,295061.7287681499,710578.165933165,333049.67666814994,1043627.842601315,0.0,1043627.842601315,0.0,1037104.899629315,6522.942971999999
2025-04-07 00:06:16,96,95,844469.28,95,1043627.842601315,980100.929314155,1043627.842601315,0.0,1043627.842601315,0.0,1043627.842601315,0.0,1043627.842601315,0.0,1043627.842601315,0.0,1043627.842601315,0.0,1043627.842601315,0.0,1043627.842601315,0.0,902135.1902405149,141492.65236079998,847843.509113315,195784.33348799997,793615.763133085,250012.07946823,747510.724256515,296117.11834479996,708467.724383165,335160.11821814993,1042043.322041315,1584.5205599999997,1043627.842601315,0.0,1037104.899629315,6522.942971999999
2025-04-14 00:06:44,103,102,949947.4,102,1043627.842601315,979805.095094735,1043627.842601315,0.0,1043627.842601315,0.0,1043627.842601315,0.0,1043627.842601315,0.0,1043627.842601315,0.0,1043627.842601315,0.0,1043627.842601315,0.0,1043627.842601315,0.0,902135.1902405149,141492.65236079998,835447.431630515,208180.41097079997,790610.497583085,253017.34501822997,744978.194396515,298649.6482047999,708467.724383165,335160.11821814993,1040775.7055933151,2852.1370080000006,1043627.842601315,0.0,1037104.899629315,6522.942971999999
2025-04-21 00:06:39,110,109,986757.36,109,1096367.842601315,1033033.103597915,1096367.8426013151,0.0,1096367.8426013151,0.0,1096367.8426013151,0.0,1096367.8426013151,0.0,1096367.8426013151,0.0,1096367.8426013151,0.0,1096367.8426013151,0.0,1096367.8426013151,0.0,954875.190240515,141492.65236079998,881649.416080515,214718.42652079999,840345.232033085,256022.61056822998,796603.881258115,299763.96134319995,761207.724383165,335160.11821814993,1091931.185033315,4436.657568000002,1096367.8426013151,0.0,1089624.827329315,6743.015271999998
2025-04-28 00:07:06,117,116,950013.26,116,1096367.842601315,1033419.568079675,1096367.8426013151,0.0,1096367.8426013151,0.0,1096367.8426013151,0.0,1096367.8426013151,0.0,1096367.8426013151,0.0,1096367.8426013151,0.0,1096367.8426013151,0.0,1096367.8426013151,0.0,952259.984020515,144107.85858079998,876419.003640515,219948.8389608,840345.232033085,256022.61056822998,794974.7891831651,301393.05341814994,759097.282833165,337270.5597681499,1089844.8996293151,6522.942971999999,1096367.8426013151,0.0,1088854.574279315,7513.268321999995
2025-05-05 00:06:41,124,123,952816.2,123,1122737.8426013151,1059328.060677815,1122737.8426013151,0.0,1122737.8426013151,0.0,1122737.8426013151,0.0,1122737.8426013151,0.0,1122737.8426013151,0.0,1122737.8426013151,0.0,1122737.8426013151,0.0,1081493.020860515,41244.8217408,969476.762250515,153261.08035079998,891020.575650515,231717.26695079997,863709.9664830851,259027.87611822996,821344.7891831651,301393.05341814994,785467.282833165,337270.5597681499,1116214.8996293151,6522.942971999999,1122737.8426013151,0.0,1115004.501979315,7733.340621999998
2025-05-12 00:06:56,131,130,904276.21,130,1149107.8426013151,1084814.003950355,1149107.8426013151,0.0,1149107.8426013151,0.0,1149107.8426013151,0.0,1149107.8426013151,0.0,1149107.8426013151,0.0,1149107.8426013151,0.0,1149107.8426013151,0.0,1080366.473033315,68741.369568,993231.556030515,155876.28657079997,909637.9942949151,239469.8483064,885403.532899715,263704.3097016,847714.7891831651,301393.05341814994,811659.8369413151,337448.0056599999,1142584.8996293151,6522.942971999999,1149107.8426013151,0.0,1141374.501979315,7733.340621999998
2025-05-19 00:07:01,138,137,977680.69,137,1149107.8426013151,1084227.0874868715,1149107.8426013151,0.0,1149107.8426013151,0.0,1149107.8426013151,0.0,1149107.8426013151,0.0,1149107.8426013151,0.0,1149107.8426013151,0.0,1149107.8426013151,0.0,1045995.7882493151,103112.05435199999,993231.556030515,155876.28657079997,908111.559783085,240996.28281822999,883167.6153305151,265940.2272708,845697.0382597151,303410.8043415999,805995.7073221151,343112.1352792,1142584.8996293151,6522.942971999999,1149107.8426013151,0.0,1140536.458297315,8571.384303999996
2025-05-26 00:06:36,145,144,964313.13,144,1149107.8426013151,1084771.0059410715,1149107.8426013151,0.0,1149107.8426013151,0.0,1149107.8426013151,0.0,1149107.8426013151,0.0,1149107.8426013151,0.0,1149107.8426013151,0.0,1149107.8426013151,0.0,1007615.1902405149,141492.65236079998,989308.746700515,159799.0959008,905106.294233085,244001.54836823,881064.169833085,268043.67276822997,844481.423926915,304626.41867439996,805931.9841436851,343175.85845763,1142584.8996293151,6522.942971999999,1149107.8426013151,0.0,1139351.358507315,9756.484093999994
2025-06-02 00:06:28,152,151,913515.99,151,1175477.8426013151,1111759.247992695,1175477.8426013151,0.0,1175477.8426013151,0.0,1175477.8426013151,0.0,1175477.8426013151,0.0,1175477.8426013151,0.0,1175477.8426013151,0.0,1147981.294774115,27496.547827199996,1033985.1902405149,141492.65236079998,1009140.731150515,166337.11145079997,928771.314850515,246706.52775079999,907434.169833085,268043.67276822997,869863.906083165,305613.93651815,831414.827268915,344063.0153324,1168624.791179315,6853.051421999998,1175477.8426013151,0.0,1164993.350975315,10484.491625999994
2025-06-09 00:06:41,159,158,901349.11,158,1201847.8426013151,1138133.955171775,1201847.8426013151,0.0,1201847.8426013151,0.0,1201847.8426013151,0.0,1201847.8426013151,0.0,1201847.8426013151,0.0,1201847.8426013151,0.0,1139980.609990115,61867.2326112,1060355.190240515,141492.65236079998,1032895.524930515,168952.3176708,953939.208630515,247908.6339708,933804.169833085,268043.67276822997,894123.464533165,307724.37806814996,856897.9541936851,344949.88840763,1193589.619089315,8258.223511999999,1201847.8426013151,0.0,1187559.311119315,14288.531481999988
2025-06-16 00:06:31,166,165,1030088.41,165,1201847.8426013151,1137017.2460860235,1201847.8426013151,0.0,1201847.8426013151,0.0,1201847.8426013151,0.0,1201847.8426013151,0.0,1201847.8426013151,0.0,1201847.8426013151,0.0,1112484.062162915,89363.78043839999,1060355.190240515,141492.65236079998,1022434.7000505151,179413.1425508,952136.0493005151,249711.79330079997,933804.169833085,268043.67276822997,894123.464533165,307724.37806814996,855655.9913289151,346191.85127239994,1192971.647707315,8876.194893999998,1201847.8426013151,0.0,1174395.764031315,27452.078569999983
2025-06-23 13:27:48,173,172,1018792.36,172,1201847.8426013151,1137473.306519775,1201847.8426013151,0.0,1201847.8426013151,0.0,1201847.8426013151,0.0,1201847.8426013151,0.0,1201847.8426013151,0.0,1201847.8426013151,0.0,1064365.103465315,137482.739136,1060355.190240515,141492.65236079998,1011973.875170515,189873.96743079997,951835.763133085,250012.07946823,930798.904283085,271048.93831823,890113.4567865151,311734.3858147999,855655.9913289151,346191.85127239994,1182052.372517315,19795.470083999997,1201847.8426013151,0.0,1166036.235731315,35811.60686999999
2025-06-30 00:06:46,180,179,1056984.52,179,1201847.8426013151,1138007.638838215,1201847.8426013151,0.0,1201847.8426013151,0.0,1201847.8426013151,0.0,1201847.8426013151,0.0,1201847.8426013151,0.0,1188099.5686877149,13748.273913599998,1060355.190240515,141492.65236079998,1055020.169551715,146827.67304959998,1009358.668950515,192489.1736508,951835.763133085,250012.07946823,927793.638733085,274054.20386823,889902.581433165,311945.26116814994,855123.924243685,346723.91835762997,1172636.795181315,29211.04741999999,1201847.8426013151,0.0,1153108.173109315,48739.66949199998
2025-07-07 00:08:05,187,186,955981.86,186,1201847.8426013151,1138313.237179575,1201847.8426013151,0.0,1201847.8426013151,0.0,1201847.8426013151,0.0,1201847.8426013151,0.0,1201847.8426013151,0.0,1153728.883903715,48118.9586976,1060355.190240515,141492.65236079998,1047279.159140515,154568.6834608,1002820.6534005151,199027.18920079997,951835.763133085,250012.07946823,927793.638733085,274054.20386823,888003.0152365151,313844.8273648,853349.8942936851,348497.94830762997,1162126.315707315,39721.52689399999,1201847.8426013151,0.0,1136997.0262201151,64850.81638119999
2025-07-14 00:08:02,194,193,943812.41,193,1201847.8426013151,1138285.146162535,1201847.8426013151,0.0,1201847.8426013151,0.0,1201847.8426013151,0.0,1201847.8426013151,0.0,1194973.705644515,6874.136956799999,1119358.199119715,82489.6434816,1060355.190240515,141492.65236079998,1045971.556030515,155876.28657079997,991052.225410515,210795.6171908,951835.763133085,250012.07946823,924788.373183085,277059.46941822994,887792.139883165,314055.7027181499,853349.8942936851,348497.94830762997,1147426.313030115,54421.52957119999,1201847.8426013151,0.0,1114376.190685715,87471.65191559998
2025-07-21 00:06:34,201,200,979933.29,200,1201847.8426013151,1138405.8727582751,1201847.8426013151,0.0,1201847.8426013151,0.0,1201847.8426013151,0.0,1201847.8426013151,0.0,1153728.883903715,48118.9586976,1078113.377378915,123734.46522239999,1060355.190240515,141492.65236079998,1044663.9529205151,157183.8896808,985821.812970515,216026.02963079998,946798.697683715,255049.1449176,924295.2692453151,277552.57335599995,887792.139883165,314055.7027181499,853349.8942936851,348497.94830762997,1127595.899071715,74251.94352959999,1200897.130265315,950.7123359999995,1095542.100056115,106305.74254519999
2025-07-28 00:07:35,208,207,927498.18,207,1201847.8426013151,1139017.997966475,1201847.8426013151,0.0,1201847.8426013151,0.0,1201847.8426013151,0.0,1201847.8426013151,0.0,1126232.336076515,75615.5065248,1060355.190240515,141492.65236079998,1057739.984020515,144107.85858079998,1038125.937370515,163721.90523079998,980591.400530515,221256.44207079997,945825.232033085,256022.61056822998,919679.1813605151,282168.6612408,886280.8949317151,315566.94766959996,848559.8715289151,353287.9710724,1109188.512412115,92659.33018919999,1199312.609705315,2535.2328960000004,1069648.7870813152,132199.05551999997
2025-08-04 00:06:53,215,214,927498.18,214,1201847.8426013151,1139333.0756706551,1201847.8426013151,0.0,1201847.8426013151,0.0,1201847.8426013151,0.0,1160603.020860515,41244.8217408,1084987.514335715,116860.32826559998,1060355.190240515,141492.65236079998,1047488.3756381151,154359.4669632,1034203.128040515,167644.7145608,968404.5395453151,233443.30305599998,943336.631770115,258511.21083119998,917274.968920515,284572.87368079997,885065.2805989151,316782.56200239994,848205.065538915,353642.77706239995,1087498.948425315,114348.89417599999,1197801.022985315,4046.8196160000016,1054381.866659315,147465.97594199996
2025-08-11 00:06:43,222,221,927498.18,221,1201847.8426013151,1138957.9601840351,1201847.8426013151,0.0,1201847.8426013151,0.0,1167477.157817315,34370.684784,1126232.336076515,75615.5065248,1060355.190240515,141492.65236079998,1060355.190240515,141492.65236079998,1045971.556030515,155876.28657079997,1030280.318710515,171567.5238908,962353.9521705151,239493.89043079998,939874.5658565151,261973.27674479998,916072.8627005151,285774.9799008,881460.815233165,320387.02736814995,847495.4535589151,354352.38904239994,1060177.432159315,141670.41044199996,1194521.367977315,7326.4746239999995,1048259.238628115,153588.60397319996
2025-08-18 00:06:33,229,228,927498.18,228,1201847.8426013151,1138263.523175575,1201847.8426013151,0.0,1167477.157817315,34370.684784,1139980.609990115,61867.2326112,1091861.651292515,109986.19130879999,1060355.190240515,141492.65236079998,1060355.190240515,141492.65236079998,1044663.9529205151,157183.8896808,1019819.493830515,182028.3487708,960851.559783085,240996.28281822999,935907.6153305151,265940.2272708,915772.576533085,286075.26606823,881418.4376005151,320429.4050008,846253.774493685,355594.06810762995,1054470.1706045151,147377.67199679997,1183946.9023493151,17900.940252,1043591.476874115,158256.36572719997
2025-08-25 00:08:15,236,235,951028.42,235,1201847.8426013151,1137554.843374495,1167477.157817315,34370.684784,1139980.609990115,61867.2326112,1105609.925206115,96237.9173952,1060355.190240515,141492.65236079998,1060355.190240515,141492.65236079998,1057739.984020515,144107.85858079998,1040741.143590515,161106.6990108,1009358.668950515,192489.1736508,957846.294233085,244001.54836823,935306.562220515,266541.28038079996,915772.576533085,286075.26606823,877771.5946021151,324076.24799919996,844479.744543685,357368.09805762995,1048303.908740515,153543.93386079997,1146858.041945315,54989.800656,1042528.325274115,159319.51732719995
2025-09-01 00:08:34,243,242,936323.01,242,1167477.157817315,1083343.504473315,1139980.609990115,27496.547827199996,1105609.925206115,61867.2326112,1060355.190240515,107121.96757679999,1060355.190240515,107121.96757679999,1060355.190240515,107121.96757679999,1049894.365360515,117582.79245679999,1035510.731150515,131966.4266668,1008051.0658405151,159426.09197679997,954841.028683085,212636.12913423,933804.169833085,233672.98798422999,912767.3109830851,254709.84683422997,876555.9802693151,290921.17754799995,844479.744543685,322997.41327362997,1046547.086678515,120930.07113879998,1119539.283142115,47937.87467519999,1039596.8141165151,127880.34370079997
2025-09-08 00:08:41,250,249,954057.28,249,1139980.609990115,1075283.284364315,1105609.925206115,34370.684784,1060355.190240515,79625.41974959998,1060355.190240515,79625.41974959998,1060355.190240515,79625.41974959998,1057739.9840205149,82240.62596959999,1045971.5560305151,94009.0539596,1032895.524930515,107085.0850596,998531.715199715,141448.8947904,953722.829510915,186257.7804792,933804.169833085,206176.44015702998,909762.0454330851,230218.56455702995,875129.4905831651,264851.11940694996,844479.744543685,295500.86544643,1043861.6874005151,96118.92258959998,1082405.490718115,57575.11927199999,1032090.9428445151,107889.66714559997
2025-09-15 00:09:32,257,256,1070103.57,256,1105609.925206115,1032096.0918621151,1060355.190240515,45254.73496559999,1060355.190240515,45254.73496559999,1060355.190240515,45254.73496559999,1060355.190240515,45254.73496559999,1051254.272594915,54355.65261119999,1045971.556030515,59638.36917559999,1021127.0969405151,84482.8282656,988437.0191905149,117172.90601559999,951991.796554115,153618.12865199998,933804.169833085,171805.75537302997,909762.0454330851,195847.87977302997,870908.607483165,234701.31772294996,842705.714593685,262904.21061242995,1038533.727580515,67076.19762559998,1060135.117940515,45474.807265599986,1029631.404644115,75978.52056199998
2025-09-22 00:06:49,264,263,1134444.24,263,1060355.190240515,1007303.936896515,1060355.190240515,0.0,1060355.190240515,0.0,1060355.190240515,0.0,1058786.066508515,1569.1237320000002,1045971.556030515,14383.634210000002,1043722.478681315,16632.7115592,1010666.272060515,49688.91817999999,984514.2098605148,75840.98038,951835.763133085,108519.42710742999,933804.169833085,126551.02040742998,906786.113833165,153569.07640734996,870908.607483165,189446.58275734997,842705.714593685,217649.47564683,1033629.530598115,26725.659642399987,1059347.922510515,1007.2677299999974,1026075.479234115,34279.711006399986
2025-09-29 00:06:39,271,270,991637.45,270,1060355.190240515,1007303.936896515,1060355.190240515,0.0,1060355.190240515,0.0,1060355.190240515,0.0,1052509.571580515,7845.618660000002,1045971.556030515,14383.634210000002,1035510.731150515,24844.45909,1008051.065840515,52304.12439999999,975936.3334589149,84418.85678159998,951835.763133085,108519.42710742999,929488.368115715,130866.82212479998,905730.724256515,154624.46598399995,868798.165933165,191557.02430734996,842705.714593685,217649.47564683,1029317.580824115,31037.609416399988,1059060.080690515,1295.109549999998,1016438.590184115,43916.6000564
2025-10-06 00:07:10,278,277,896029.67,277,1060355.190240515,1007303.936896515,1060355.190240515,0.0,1060355.190240515,0.0,1056432.3809105149,3922.809330000001,1045971.556030515,14383.634210000002,1044663.952920515,15691.237320000004,1032895.524930515,27459.665310000004,1002297.612156515,58057.578084,964157.1115005149,96198.07874,951835.763133085,108519.42710742999,927793.638733085,132561.55150742998,903198.1943965149,157156.99584399996,868798.165933165,191557.02430734996,837560.885838915,222794.30440159998,1022276.841634115,38078.34860639999,1058840.526040515,1514.664199999998,1012458.158014115,47897.03222639999
2025-10-13 00:06:49,285,284,888479.56,284,1060355.190240515,1007303.936896515,1060355.190240515,0.0,1056432.3809105149,3922.809330000001,1047279.1591405149,13076.031100000004,1045971.556030515,14383.634210000002,1036190.6847677149,24164.505472800003,1024892.993897315,35462.196343200005,991052.225410515,69302.96483,960851.559783085,99503.63045743,951835.763133085,108519.42710742999,926026.302202115,134328.88803839998,902083.881258115,158271.30898239996,866831.065606915,193524.12463359997,837560.885838915,222794.30440159998,1014261.4898805149,46093.70035999999,1055650.694118515,4704.496121999999,1008260.729754115,52094.46048639999
2025-10-20 00:07:14,292,291,878742.0,291,1060355.190240515,1007303.936896515,1056432.3809105149,3922.809330000001,1047279.1591405149,13076.031100000004,1045971.556030515,14383.634210000002,1044663.952920515,15691.237320000004,1032895.524930515,27459.665310000004,1013595.303026915,46759.8872136,985821.812970515,74533.37727,960851.559783085,99503.63045743,945825.232033085,114529.95820743,924788.373183085,135566.81705743,900454.7891831651,159900.40105734998,866687.724383165,193667.46585734998,837383.6247436849,222971.56549682998,1011672.055814115,48683.1344264,1049670.837460515,10684.352779999997,998336.105514115,62019.08472639999
2025-10-27 00:07:23,299,298,820347.49,298,1056432.380910515,1003381.127566515,1047279.159140515,9153.221770000002,1045971.556030515,10460.824880000002,1044663.952920515,11768.427990000004,1036818.3342605149,19614.046650000004,1028658.890854115,27773.490056400005,1009358.668950515,47073.71195999999,980591.400530515,75840.98038,957846.294233085,98586.08667743,945825.2320330851,110607.14887743,919679.1813605151,136753.19954999996,900454.7891831651,155977.59172734997,866687.724383165,189744.65652735,837383.624743685,219048.75616683,1004762.225264115,51670.15564639999,1044888.856090515,11543.524819999997,990704.943834115,65727.43707639998
2025-11-03 00:07:33,306,305,839166.59,305,1047279.159140515,994227.905796515,1045971.556030515,1307.6031100000002,1044663.9529205151,2615.2062200000005,1039433.540480515,7845.618659999999,1034203.1280405151,13076.0311,1014589.0813905151,32690.077749999997,1006063.509113315,41215.65002719999,966561.323940515,80717.8352,953939.208630515,93339.95051,942819.9664830851,104459.19265742999,919679.1813605151,127599.97777999997,900454.7891831651,146824.36995734996,864577.282833165,182701.87630734997,834367.6319289152,212911.52721159998,997573.927222115,49705.231918399986,1043354.469880515,3924.689259999994,985971.369080755,61307.79005975998
2025-11-10 00:07:18,313,312,922272.23,312,1045971.556030515,992920.302686515,1044663.952920515,1307.6031100000002,1039433.540480515,6538.015549999998,1035510.731150515,10460.824879999998,1028972.715600515,16998.840430000004,1009358.668950515,36612.88707999999,993667.431630515,52304.1244,961752.8990605151,84218.65696999998,953338.1555205149,92633.40050999999,939814.7009330849,106156.85509742999,916072.8627005151,129898.69332999997,898437.0382597151,147534.51777079995,864577.282833165,181394.27319734995,834012.8259389149,211958.73009159998,990622.440296115,55349.11573439998,1040165.036470515,5806.519559999992,976422.312784755,69549.24324576
2025-11-17 00:07:25,320,319,940190.38,319,1044663.952920515,991612.699576515,1039433.5404805149,5230.412439999998,1035510.731150515,9153.221769999998,1031587.9218205151,13076.031100000002,1015896.684500515,28767.26842,1006743.462730515,37920.49018999999,987129.416080515,57534.53684,960851.559783085,83812.39313743,951835.763133085,92828.18978742999,935907.615330515,108756.33758999998,915772.576533085,128891.37638742998,897221.423926915,147442.52899359996,864577.282833165,180086.67008734995,833835.564843685,210828.38807683,985054.079051715,59609.87386879998,1033678.146630515,10985.806289999993,970604.492868355,74059.46005216
2025-11-24 00:07:21,327,326,1054580.85,326,1039433.540480515,937282.116590115,1035510.731150515,3922.80933,1031587.9218205151,7845.618660000005,1021127.096940515,18306.443540000004,1009358.668950515,30074.871529999997,994765.8182429151,44667.7222376,981899.0036405149,57534.53683999999,957846.294233085,81587.24624743,951835.763133085,87597.77734742999,934681.4669861151,104752.07349439999,915772.576533085,123660.96394742998,896233.906083165,143199.63439734996,858849.245238915,180584.2952416,832061.534893685,207372.00558683,975313.955597955,64119.58488255998,1029399.287500515,10034.252979999996,968492.930341315,70940.6101392
2025-12-01 00:07:45,334,333,1185097.87,333,1035510.731150515,982459.4778065151,1031587.921820515,3922.8093300000046,1021127.096940515,14383.634210000004,1009358.668950515,26152.062199999993,1008051.0658405151,27459.665309999993,987234.0243293149,48276.7068212,970130.575650515,65380.15549999999,954841.028683085,80669.70246743,951835.763133085,83674.96801743,933804.169833085,101706.56131742998,915772.576533085,119738.15461742997,894123.4645331651,141387.26661734996,858671.984143685,176838.74700682997,832061.5348936849,203449.19625683,972596.9295519551,62913.801598559985,1023245.299070515,12265.43208,965592.088267955,69918.64288255999
2025-12-08 00:07:59,341,340,1273667.17,340,1031587.9218205151,978491.502459575,1021127.096940515,10460.824879999998,1009358.668950515,22229.25286999999,1008051.0658405151,23536.85597999999,996282.6378505151,35305.28396999999,981899.003640515,49688.91817999999,962377.994294915,69209.9275256,953338.155520515,78249.76629999999,951835.763133085,79752.15868743,933804.169833085,97783.75198742999,912178.038547715,119409.88327279997,894123.464533165,137464.45728734997,857784.827268915,173803.0945516,832061.534893685,199526.38692683002,969505.118703955,62082.80311655999,1011707.306340515,19880.615479999986,961434.129752755,70153.79206775999
2025-12-15 00:07:28,348,347,1241546.58,347,1021127.0969405151,928867.373050115,1009358.668950515,11768.427989999991,1008051.0658405151,13076.03109999999,998897.844070515,22229.252869999993,988437.0191905149,32690.07775,972170.436502115,48956.66043839999,960851.559783085,60275.53715742999,951835.763133085,69291.33380743,948830.497583085,72296.59935743,933804.169833085,87322.92710742998,909762.0454330851,111365.05150742996,890113.4567865151,131013.64015399998,856897.954193685,164229.14274682998,827271.512128915,193855.58481159998,966300.701760115,54826.39518039999,1006098.334670515,15028.76226999999,959184.4217595351,61942.67518097998
2025-12-22 00:06:55,355,354,1434836.3,354,1009358.668950515,923457.895060115,1008051.065840515,1307.6031099999987,998897.844070515,10460.82488,990999.9212861148,18358.74766440001,983468.127372515,25890.541578,962955.005280515,46403.66367,957846.2942330849,51512.37471743,951835.7631330849,57522.90581743,945825.2320330851,63533.43691743,933804.169833085,75554.49911743,908715.9726341149,100642.69631639996,889902.581433165,119456.08751734998,855670.183568515,153688.48538199998,826739.445043685,182619.22390683,961872.6107174249,47486.05823308999,1001235.221908515,8123.447041999997,956513.348833375,52845.32011713999
2025-12-29 00:06:59,362,361,1435465.25,361,1008051.0658405151,954999.812496515,998897.844070515,9153.221770000002,990999.921286115,17051.14455440001,984514.209860515,23536.855980000004,974053.384980515,33997.68086,960851.559783085,47199.50605743,955141.314850515,52909.75099000001,951835.763133085,56215.302707430004,945825.2320330851,62225.83380743,927793.638733085,80257.42710742999,906786.113833165,101264.95200734996,888003.0152365151,120048.05060399997,855655.9913289151,152395.0745116,826739.445043685,181311.62079683,958360.3742573049,49690.69158321,990439.369520515,17611.696320000006,953613.201866735,54437.86397378
