month_index,year,month,temp_c,humidity_pct,precip_mm,wind_ms,heat_index_c,heatwave,drought,storm_stress,climate_event,operational_feedback_event,backlog_end,capacity_utilization,grid_share,scarcity,outbound_mode,regime_environnemental,evt_canicule,evt_secheresse,evt_tempete_inondation,evt_maintenance_corrective,evt_congestion_logistique,evt_overtime_energetique,evt_capacite_appoint,evt_recalage_qualite,evt_stress_biomasse_locale,evt_stress_hydrique_matiere_locale
1,2026,1,1.0,77.0,94.65247584249853,5.152627944162883,1.0,0.0,0.0,0.0,aucun,aucun,0.0,0.47757828773246314,0.8645955998100266,0.1,truck,nominal,0,0,0,0,0,0,0,0,0,0
2,2026,2,2.7500379516391167,75.66025403784438,99.84661307031165,4.75,2.7500379516391167,0.0,0.0,0.0,aucun,aucun,0.0,0.49821405248375017,0.9225623906476066,0.10117154811715481,truck,nominal,0,0,0,0,0,0,0,0,0,0
3,2026,3,7.51673640167364,72.0,97.57927281399283,4.2,7.51673640167364,0.0,0.0,0.0,aucun,aucun,0.0,0.514100333487795,0.9157808858515856,0.10234309623430964,truck,nominal,0,0,0,0,0,0,0,0,0,0
4,2026,4,14.02510460251046,67.0,88.45798706418924,3.6500000000000004,14.02510460251046,0.0,0.0,0.0,aucun,aucun,0.0,0.5203074499660305,0.9000730818952798,0.10351464435146444,truck,nominal,0,0,0,0,0,0,0,0,0,0
5,2026,5,20.53347280334728,62.0,74.9267969714943,3.2473720558371175,20.53347280334728,0.0,0.0,0.0,aucun,aucun,0.0,0.5152418139506395,0.883867167701894,0.10468619246861925,truck,nominal,0,0,0,0,0,0,0,0,0,0
6,2026,6,25.300171253381805,58.33974596215561,60.61137399387759,3.1,26.367350930354252,0.0,0.0,0.0,aucun,aucun,0.0,0.5014733918142263,0.872462490592901,0.10585774058577406,truck,nominal,0,0,0,0,0,0,0,0,0,0
7,2026,7,27.05020920502092,57.0,49.347524157501475,3.2473720558371175,28.01020920502092,0.0,0.0,0.0,aucun,aucun,0.0,0.4817215089018237,0.8646173059980957,0.10702928870292888,truck,nominal,0,0,0,0,0,0,0,0,0,0
8,2026,8,25.316907655055445,58.33974596215561,44.15338692968835,3.6499999999999995,26.384087332027892,0.0,0.0,0.0,aucun,aucun,0.0,0.4604504933920255,0.8594760188373092,0.10820083682008369,truck,nominal,0,0,0,0,0,0,0,0,0,0
9,2026,9,20.566945606694564,61.99999999999999,46.42072718600717,4.2,20.566945606694564,0.0,0.0,0.0,aucun,aucun,0.0,0.44448737661844234,0.8608648350449867,0.1093723849372385,truck,nominal,0,0,0,0,0,0,0,0,0,0
10,2026,10,14.075313807531382,67.0,55.542012935810746,4.75,14.075313807531382,0.0,0.0,0.0,aucun,aucun,0.0,0.43943264101847945,0.8735699419032088,0.1105439330543933,truck,nominal,0,0,0,0,0,0,0,0,0,0
11,2026,11,7.583682008368199,72.0,69.0732030285057,5.152627944162883,7.583682008368199,0.0,0.0,0.0,aucun,aucun,0.0,0.4456720626398962,0.8901754630410343,0.11171548117154813,truck,nominal,0,0,0,0,0,0,0,0,0,0
12,2026,12,2.833719960007321,75.66025403784438,83.3886260061224,5.300000000000001,2.833719960007321,0.0,0.0,0.0,aucun,aucun,0.0,0.4617845398550084,0.9050074685668363,0.11288702928870294,truck,nominal,0,0,0,0,0,0,0,0,0,0
13,2027,1,1.100418410041841,77.0,94.65247584249853,5.152627944162883,1.100418410041841,0.0,0.0,0.0,aucun,aucun,0.0,0.48449057974117865,0.913255406367365,0.11405857740585774,truck,nominal,0,0,0,0,0,0,0,0,0,0
14,2027,2,2.850456361680958,75.66025403784438,99.84661307031165,4.75,2.850456361680958,0.0,0.0,0.0,aucun,aucun,0.0,0.5050433478537721,0.9128595179787774,0.11523012552301257,truck,nominal,0,0,0,0,0,0,0,0,0,0
15,2027,3,7.617154811715481,72.0,97.57927281399283,4.2,7.617154811715481,0.0,0.0,0.0,aucun,aucun,0.0,0.5209268918488706,0.9060866920533808,0.11640167364016737,truck,nominal,0,0,0,0,0,0,0,0,0,0
16,2027,4,14.125523012552302,67.0,88.45798706418924,3.6500000000000004,14.125523012552302,0.0,0.0,0.0,aucun,aucun,0.0,0.5271295928971362,0.8945996673563454,0.11757322175732218,truck,nominal,0,0,0,0,0,0,0,0,0,0
17,2027,5,20.63389121338912,62.0,74.9267969714943,3.2473720558371175,20.63389121338912,0.0,0.0,0.0,aucun,aucun,0.0,0.5220594629070864,0.8803678279989552,0.11874476987447699,truck,nominal,0,0,0,0,0,0,0,0,0,0
18,2027,6,25.400589663423645,58.33974596215561,60.61137399387759,3.1,26.467769340396092,0.0,0.0,0.0,aucun,aucun,0.0,0.5083895318285276,0.8726263737645472,0.11991631799163181,truck,nominal,0,0,0,0,0,0,0,0,0,0
19,2027,7,27.15062761506276,57.0,49.347524157501475,3.2473720558371175,28.11062761506276,0.0,0.0,0.0,aucun,aucun,0.0,0.4887125560704061,0.8671365043032626,0.12108786610878662,truck,nominal,0,0,0,0,0,0,0,0,0,0
20,2027,8,25.417326065097285,58.33974596215561,44.15338692968835,3.6499999999999995,26.484505742069732,0.0,0.0,0.0,aucun,aucun,0.0,0.4675223313564765,0.8622144629742656,0.12225941422594143,truck,nominal,0,0,0,0,0,0,0,0,0,0
21,2027,9,20.667364016736407,61.99999999999999,46.42072718600717,4.2,20.667364016736407,0.0,0.0,0.0,aucun,aucun,0.0,0.45157236856673616,0.8634945076684319,0.12343096234309624,truck,nominal,0,0,0,0,0,0,0,0,0,0
22,2027,10,14.175732217573223,67.0,55.542012935810746,4.75,14.175732217573223,0.0,0.0,0.0,aucun,aucun,0.0,0.44653505533134874,0.8767860107336137,0.12460251046025106,truck,nominal,0,0,0,0,0,0,0,0,0,0
23,2027,11,7.68410041841004,72.0,69.0732030285057,5.152627944162883,7.68410041841004,0.0,0.0,0.0,aucun,aucun,0.0,0.4527478259660976,0.8923185526174855,0.12577405857740587,truck,nominal,0,0,0,0,0,0,0,0,0,0
24,2027,12,2.9341383700491623,75.66025403784438,83.3886260061224,5.300000000000001,2.9341383700491623,0.0,0.0,0.0,aucun,aucun,0.0,0.4687337164463435,0.9067416552182569,0.12694560669456068,truck,nominal,0,0,0,0,0,0,0,0,0,0
25,2028,1,1.200836820083682,77.0,94.65247584249853,5.152627944162883,1.200836820083682,0.0,0.0,0.0,aucun,aucun,0.0,0.4913489727905103,0.9147649308631296,0.12811715481171548,truck,nominal,0,0,0,0,0,0,0,0,0,0
26,2028,2,2.9508747717227988,75.66025403784438,99.84661307031165,4.75,2.9508747717227988,0.0,0.0,0.0,aucun,aucun,0.0,0.511819408730834,0.914325534278454,0.1292887029288703,truck,nominal,0,0,0,0,0,0,0,0,0,0
27,2028,3,7.7175732217573225,72.0,97.57927281399283,4.2,7.7175732217573225,0.0,0.0,0.0,aucun,aucun,0.0,0.5277002543296477,0.9076426571063766,0.1304602510460251,truck,nominal,0,0,0,0,0,0,0,0,0,0
28,2028,4,14.225941422594142,67.0,88.45798706418924,3.6500000000000004,14.225941422594142,0.0,0.0,0.0,aucun,aucun,0.0,0.533876597473429,0.8963185933222939,0.13163179916317994,truck,nominal,0,0,0,0,0,0,0,0,0,0
29,2028,5,20.734309623430963,62.0,74.9267969714943,3.2473720558371175,20.734309623430963,0.0,0.0,0.0,aucun,aucun,0.0,0.5288240198862252,0.8823526063024291,0.13280334728033474,truck,nominal,0,0,0,0,0,0,0,0,0,0
30,2028,6,25.50100807346549,58.33974596215561,60.61137399387759,3.1,26.568187750437936,0.0,0.0,0.0,aucun,aucun,0.0,0.5152518303434023,0.8749236592626776,0.13397489539748955,truck,nominal,0,0,0,0,0,0,0,0,0,0
31,2028,7,27.251046025104603,57.0,49.347524157501475,3.2473720558371175,28.211046025104604,0.0,0.0,0.0,aucun,aucun,0.0,0.4956491962424685,0.8695995065285466,0.13514644351464436,truck,nominal,0,0,0,0,0,0,0,0,0,0
32,2028,8,25.51774447513913,58.33974596215561,44.15338692968835,3.6499999999999995,26.584924152111576,0.0,0.0,0.0,aucun,aucun,0.0,0.4745391514200372,0.8648843808440457,0.13631799163179917,truck,nominal,0,0,0,0,0,0,0,0,0,0
33,2028,9,20.767782426778247,61.99999999999999,46.42072718600717,4.2,20.767782426778247,0.0,0.0,0.0,aucun,aucun,0.0,0.4586022581400315,0.8660545969398786,0.13748953974895398,truck,nominal,0,0,0,0,0,0,0,0,0,0
34,2028,10,14.276150627615065,67.0,55.542012935810746,4.75,14.276150627615065,0.0,0.0,0.0,aucun,aucun,0.0,0.4535822496639581,0.8791276073755423,0.1386610878661088,truck,nominal,0,0,0,0,0,0,0,0,0,0
35,2028,11,7.784518828451881,72.0,69.0732030285057,5.152627944162883,7.784518828451881,0.0,0.0,0.0,aucun,aucun,0.0,0.45976859433427447,0.8943683153900664,0.13983263598326362,truck,nominal,0,0,0,0,0,0,0,0,0,0
36,2028,12,3.034556780091003,75.66025403784438,83.3886260061224,5.300000000000001,3.034556780091003,0.0,0.0,0.0,aucun,aucun,0.0,0.47564996316529273,0.9084289535982976,0.14100418410041843,truck,nominal,0,0,0,0,0,0,0,0,0,0
37,2029,1,1.301255230125523,77.0,94.65247584249853,5.152627944162883,1.301255230125523,0.0,0.0,0.0,aucun,aucun,0.0,0.49815409485208095,0.9162276989659967,0.14217573221757324,truck,nominal,0,0,0,0,0,0,0,0,0,0
38,2029,2,3.0512931817646396,75.66025403784438,99.84661307031165,4.75,3.0512931817646396,0.0,0.0,0.0,aucun,aucun,0.0,0.5185741001451049,0.9157597024861809,0.14334728033472804,truck,nominal,0,0,0,0,0,0,0,0,0,0
39,2029,3,7.817991631799163,72.0,97.57927281399283,4.2,7.817991631799163,0.0,0.0,0.0,aucun,aucun,0.0,0.5344210403093341,0.9091519489737724,0.14451882845188285,truck,nominal,0,0,0,0,0,0,0,0,0,0
40,2029,4,14.326359832635983,67.0,88.45798706418924,3.6500000000000004,14.326359832635983,0.0,0.0,0.0,aucun,aucun,0.0,0.5405712470781571,0.897986532759143,0.14569037656903766,truck,nominal,0,0,0,0,0,0,0,0,0,0
41,2029,5,20.834728033472803,62.0,74.9267969714943,3.2473720558371175,20.834728033472803,0.0,0.0,0.0,aucun,aucun,0.0,0.5355361026578763,0.8842733295388803,0.14686192468619247,truck,nominal,0,0,0,0,0,0,0,0,0,0
42,2029,6,25.60142648350733,58.33974596215561,60.61137399387759,3.1,26.668606160479776,0.0,0.0,0.0,aucun,aucun,0.0,0.5220609136475636,0.8771441855672775,0.14803347280334728,truck,nominal,0,0,0,0,0,0,0,0,0,0
43,2029,7,32.413807531380755,57.844832635983266,49.347524157501475,3.2473720558371175,33.44139414225942,0.051725941422594346,0.0,0.0,canicule,site en surchauffe,1.1633536153974902,0.5903368733366127,0.8871759567278042,0.14920502092050208,truck,tendu,1,0,0,0,0,0,0,0,0,0
44,2029,8,30.69389510275419,58.582609248119574,44.15338692968835,3.6499999999999995,31.780503842603757,0.0,0.0,0.0,aucun,capacite d'appoint,0.0,0.5820827471814326,0.882891045213655,0.15037656903765692,truck,nominal,0,0,0,0,0,0,1,0,0,0
45,2029,9,20.868200836820087,61.99999999999999,46.42072718600717,4.2,20.868200836820087,0.0,0.0,0.0,aucun,aucun,0.0,0.46557768567294705,0.8684905414505033,0.15154811715481173,truck,nominal,0,0,0,0,0,0,0,0,0,0
46,2029,10,14.376569037656905,67.0,55.542012935810746,4.75,14.376569037656905,0.0,0.0,0.0,aucun,aucun,0.0,0.4605748655105207,0.8813767833272352,0.15271966527196654,truck,nominal,0,0,0,0,0,0,0,0,0,0
47,2029,11,7.884937238493722,72.0,69.0732030285057,5.152627944162883,7.884937238493722,0.0,0.0,0.0,aucun,aucun,0.0,0.4667350064184435,0.8963774293038876,0.15389121338912135,truck,nominal,0,0,0,0,0,0,0,0,0,0
48,2029,12,3.1349751901328444,75.66025403784438,83.3886260061224,5.300000000000001,3.1349751901328444,0.0,0.0,0.0,aucun,aucun,0.0,0.4825526700200472,0.9101136296319177,0.15506276150627618,truck,nominal,0,0,0,0,0,0,0,0,0,0
49,2030,1,1.401673640167364,77.0,94.65247584249853,5.152627944162883,1.401673640167364,0.0,0.0,0.0,aucun,aucun,0.0,0.5049065641800017,0.9176793655002615,0.156234309623431,truck,nominal,0,0,0,0,0,0,0,0,0,0
50,2030,2,3.151711591806481,75.66025403784438,99.84661307031165,4.75,3.151711591806481,0.0,0.0,0.0,aucun,aucun,0.0,0.5253063545355892,0.917190774046085,0.1574058577405858,truck,nominal,0,0,0,0,0,0,0,0,0,0
51,2030,3,7.918410041841004,72.0,97.57927281399283,4.2,7.918410041841004,0.0,0.0,0.0,aucun,aucun,0.0,0.5410898595887662,0.9106468878167071,0.1585774058577406,truck,nominal,0,0,0,0,0,0,0,0,0,0
52,2030,4,14.426778242677825,67.0,88.45798706418924,3.6500000000000004,14.426778242677825,0.0,0.0,0.0,aucun,aucun,0.0,0.5472141487472058,0.8996392401724117,0.1597489539748954,truck,nominal,0,0,0,0,0,0,0,0,0,0
53,2030,5,20.935146443514643,62.0,74.9267969714943,3.2473720558371175,20.935146443514643,0.0,0.0,0.0,aucun,aucun,0.0,0.5421963194445286,0.8861730698509958,0.16092050209205022,truck,nominal,0,0,0,0,0,0,0,0,0,0
54,2030,6,25.70184489354917,58.33974596215561,60.61137399387759,3.1,26.769024570521616,0.0,0.0,0.0,aucun,aucun,0.0,0.528817398353853,0.8793430148044116,0.16209205020920503,truck,nominal,0,0,0,0,0,0,0,0,0,0
55,2030,7,27.451882845188283,57.0,49.347524157501475,3.2473720558371175,28.411882845188284,0.0,0.0,0.0,aucun,aucun,0.0,0.5093617764746382,0.8743349955410635,0.16326359832635984,truck,nominal,0,0,0,0,0,0,0,0,0,0
56,2030,8,25.71858129522281,58.33974596215561,44.15338692968835,3.6499999999999995,26.785760972195256,0.0,0.0,0.0,aucun,aucun,0.0,0.48841028620758775,0.8700002326891051,0.16443514644351465,truck,nominal,0,0,0,0,0,0,0,0,0,0
57,2030,9,20.968619246861927,61.99999999999999,46.42072718600717,4.2,20.968619246861927,0.0,0.0,0.0,aucun,aucun,0.0,0.4724992816167699,0.8709509804074533,0.16560669456066945,truck,nominal,0,0,0,0,0,0,0,0,0,0
58,2030,10,13.637891213389123,75.39096234309623,115.67724306133374,10.059811244069879,13.637891213389123,0.0,0.0,0.11196224881397576,tempete / inondation,desorganisation logistique,5.767679999999999,0.5747158096328996,0.890583862934794,0.1869314474643399,truck,tendu,0,0,1,0,0,0,0,0,0,0
59,2030,11,7.143748953974894,80.4160669456067,129.38834947202034,11.571461592301079,7.143748953974894,0.0,0.0,0.41429231846021575,tempete / inondation,desorganisation logistique + capacite d'appoint,7.690892593262365,0.9098425575242856,0.9354107672405396,0.2425224081178179,truck,tendu,0,0,1,0,0,0,1,0,0,0
60,2030,12,3.2353936001746852,75.66025403784438,83.3886260061224,5.300000000000001,3.2353936001746852,0.0,0.0,0.0,aucun,capacite d'appoint,0.0,0.7990945561389726,0.9374487484846209,0.1691213389121339,truck,nominal,0,0,0,0,0,0,1,0,0,0
61,2031,1,1.502092050209205,77.0,94.65247584249853,5.152627944162883,1.502092050209205,0.0,0.0,0.0,aucun,aucun,0.0,0.5116069894981158,0.92011766047506,0.17029288702928871,truck,nominal,0,0,0,0,0,0,0,0,0,0
62,2031,2,3.2521300018483217,75.66025403784438,99.84661307031165,4.75,3.2521300018483217,0.0,0.0,0.0,aucun,aucun,0.0,0.5319867373790826,0.9191397855780271,0.17146443514644352,truck,nominal,0,0,0,0,0,0,0,0,0,0
63,2031,3,8.018828451882845,72.0,97.57927281399283,4.2,8.018828451882845,0.0,0.0,0.0,aucun,aucun,0.0,0.5477073125748501,0.9129569725033689,0.17263598326359836,truck,nominal,0,0,0,0,0,0,0,0,0,0
64,2031,4,14.527196652719665,67.0,88.45798706418924,3.6500000000000004,14.527196652719665,0.0,0.0,0.0,aucun,aucun,0.0,0.5538059001681256,0.9025680546928737,0.17380753138075317,truck,nominal,0,0,0,0,0,0,0,0,0,0
65,2031,5,21.035564853556487,50.615564853556485,38.24361705517631,3.2473720558371175,21.035564853556487,0.0,0.04384435146443515,0.0,secheresse,stress matiere / eau,1.6964512516844081,0.6106958392539503,0.8945143227720306,0.1990934728033473,truck,tendu,0,1,0,0,0,0,0,0,0,0
66,2031,6,25.802263303591012,46.92367901654892,23.826269391367134,3.1,25.956157624914926,0.0,0.2561409250552397,0.0,secheresse,stress matiere / eau + capacite d'appoint,1.7903381909790745,0.7012945696436947,0.8979161312771617,0.31702813639544464,truck,tendu,0,1,0,0,0,0,1,0,0,0
67,2031,7,27.552301255230127,45.55230125523013,12.460494868798548,3.2473720558371175,27.596485355648536,0.0,0.515671593077518,0.0,secheresse,stress matiere / eau + capacite d'appoint,1.7384220566730235,0.6866019727150706,0.8995145574603357,0.4609415519248525,truck,tendu,0,1,0,0,0,0,1,0,0,0
68,2031,8,25.818999705264652,58.33974596215561,44.15338692968835,3.6499999999999995,26.8861793822371,0.0,0.0,0.0,aucun,capacite d'appoint,0.0,0.5840495329346771,0.884595601420749,0.1784937238493724,truck,nominal,0,0,0,0,0,0,1,0,0,0
69,2031,9,21.06903765690377,61.99999999999999,46.42072718600717,4.2,21.06903765690377,0.0,0.0,0.0,aucun,aucun,0.0,0.47936766672940573,0.8761786194340732,0.1796652719665272,truck,nominal,0,0,0,0,0,0,0,0,0,0
70,2031,10,14.577405857740587,67.0,55.542012935810746,4.75,14.577405857740587,0.0,0.0,0.0,aucun,aucun,0.0,0.4743988784222977,0.888262769783943,0.18083682008368201,truck,nominal,0,0,0,0,0,0,0,0,0,0
71,2031,11,8.085774058577403,72.0,69.0732030285057,5.152627944162883,8.085774058577403,0.0,0.0,0.0,aucun,aucun,0.0,0.48050726736321675,0.9028222857813455,0.18200836820083682,truck,nominal,0,0,0,0,0,0,0,0,0,0
72,2031,12,3.335812010216526,75.66025403784438,83.3886260061224,5.300000000000001,3.335812010216526,0.0,0.0,0.0,aucun,aucun,0.0,0.49619903970872403,0.9150199764361154,0.18317991631799163,truck,nominal,0,0,0,0,0,0,0,0,0,0
73,2032,1,1.602510460251046,77.0,94.65247584249853,5.152627944162883,1.602510460251046,0.0,0.0,0.0,aucun,aucun,0.0,0.518255970182927,0.9219161465982749,0.18435146443514644,truck,nominal,0,0,0,0,0,0,0,0,0,0
74,2032,2,3.352548411890163,75.66025403784438,99.84661307031165,4.75,3.352548411890163,0.0,0.0,0.0,aucun,aucun,0.0,0.5386158458748327,0.9207899862864664,0.18552301255230128,truck,nominal,0,0,0,0,0,0,0,0,0,0
75,2032,3,8.119246861924687,72.0,97.57927281399283,4.2,8.119246861924687,0.0,0.0,0.0,aucun,aucun,0.0,0.5542739904607602,0.9142090440221174,0.18669456066945606,truck,nominal,0,0,0,0,0,0,0,0,0,0
76,2032,4,14.627615062761507,67.0,88.45798706418924,3.6500000000000004,14.627615062761507,0.0,0.0,0.0,aucun,aucun,0.0,0.5213748971012363,0.8962474502008555,0.1878661087866109,truck,nominal,0,0,0,0,0,0,0,0,0,0
77,2032,5,21.135983263598327,50.23598326359833,37.02052082086668,3.2473720558371175,21.135983263598327,0.0,0.04764016736401672,0.0,secheresse,stress matiere / eau,1.7233312516844066,0.6180699047988659,0.8963251799084484,0.2152397489539749,truck,tendu,0,1,0,0,0,0,0,0,0,0
78,2032,6,25.90268171363285,46.54409742659075,22.603173157057505,3.1,26.02620950776011,0.0,0.28253554299655603,0.0,secheresse,stress matiere / eau + capacite d'appoint,1.8194682203235644,0.7105381174974033,0.9007582904892834,0.3456037536690264,truck,tendu,0,1,0,0,0,0,1,0,0,0
79,2032,7,33.19707112970711,46.291694560669455,11.237398634488919,3.2473720558371175,33.30040669456067,0.149633891213389,0.702254541543097,0.0,canicule + secheresse,site en surchauffe + stress matiere / eau + capacite d'appoint,3.00780599627031,0.8295710883599495,0.9280987208942939,0.5776207509867788,truck,tendu,1,1,0,0,0,0,1,0,0,0
80,2032,8,31.47715870108055,58.8567515075338,44.15338692968835,3.6499999999999995,32.58569882168325,0.0,0.0,0.0,aucun,capacite d'appoint,0.0,0.725341710185335,0.901743254428992,0.19255230125523015,truck,nominal,0,0,0,0,0,0,1,0,0,0
81,2032,9,21.16945606694561,61.99999999999999,46.42072718600717,4.2,21.16945606694561,0.0,0.0,0.0,aucun,aucun,0.0,0.4861834522609627,0.8791534769497988,0.19372384937238496,truck,nominal,0,0,0,0,0,0,0,0,0,0
82,2032,10,14.677824267782428,67.0,55.542012935810746,4.75,14.677824267782428,0.0,0.0,0.0,aucun,aucun,0.0,0.48123150974202306,0.8906581758715042,0.19489539748953977,truck,nominal,0,0,0,0,0,0,0,0,0,0
83,2032,11,8.186192468619245,72.0,69.0732030285057,5.152627944162883,8.186192468619245,0.0,0.0,0.0,aucun,aucun,0.0,0.48731434506753973,0.9048800692530542,0.19606694560669458,truck,nominal,0,0,0,0,0,0,0,0,0,0
84,2032,12,3.4362304202583673,75.66025403784438,83.3886260061224,5.300000000000001,3.4362304202583673,0.0,0.0,0.0,aucun,aucun,0.0,0.5029439193713692,0.9169039203171094,0.19723849372384938,truck,nominal,0,0,0,0,0,0,0,0,0,0
85,2033,1,1.702928870292887,77.0,94.65247584249853,5.152627944162883,1.702928870292887,0.0,0.0,0.0,aucun,aucun,0.0,0.5248540964423312,0.9233500162261399,0.1984100418410042,truck,nominal,0,0,0,0,0,0,0,0,0,0
86,2033,2,3.4529668219320038,75.66025403784438,99.84661307031165,4.75,3.4529668219320038,0.0,0.0,0.0,aucun,aucun,0.0,0.5451942680896948,0.9224559407790831,0.199581589958159,truck,nominal,0,0,0,0,0,0,0,0,0,0
87,2033,3,8.219665271966527,72.0,97.57927281399283,4.2,8.219665271966527,0.0,0.0,0.0,aucun,aucun,0.0,0.560790475402003,0.9158889760662751,0.2007531380753138,truck,nominal,0,0,0,0,0,0,0,0,0,0
88,2033,4,14.728033472803347,67.0,88.45798706418924,3.6500000000000004,14.728033472803347,0.0,0.0,0.0,aucun,aucun,0.0,0.5327670411033157,0.8990458236914569,0.20192468619246862,truck,nominal,0,0,0,0,0,0,0,0,0,0
89,2033,5,21.236401673640167,62.0,74.9267969714943,3.2473720558371175,21.236401673640167,0.0,0.0,0.0,aucun,aucun,0.0,0.5618717167381945,0.8931847174076751,0.20309623430962345,truck,nominal,0,0,0,0,0,0,0,0,0,0
90,2033,6,26.00310012367469,58.33974596215561,60.61137399387759,3.1,27.07027980064714,0.0,0.0,0.0,aucun,aucun,0.0,0.5487772857549327,0.8870795716383421,0.20426778242677823,truck,nominal,0,0,0,0,0,0,0,0,0,0
91,2033,7,27.753138075313807,57.0,49.347524157501475,3.2473720558371175,28.713138075313807,0.0,0.0,0.0,aucun,aucun,0.0,0.5295380972562537,0.8827650019264315,0.20543933054393307,truck,nominal,0,0,0,0,0,0,0,0,0,0
92,2033,8,26.01983652534833,58.33974596215561,44.15338692968835,3.6499999999999995,27.08701620232078,0.0,0.0,0.0,aucun,aucun,0.0,0.5088200261511409,0.878831592004443,0.20661087866108788,truck,nominal,0,0,0,0,0,0,0,0,0,0
93,2033,9,21.26987447698745,61.99999999999999,46.42072718600717,4.2,21.26987447698745,0.0,0.0,0.0,aucun,aucun,0.0,0.49294724013508956,0.8791986459776926,0.2077824267782427,truck,nominal,0,0,0,0,0,0,0,0,0,0
94,2033,10,14.77824267782427,67.0,55.542012935810746,4.75,14.77824267782427,0.0,0.0,0.0,aucun,aucun,0.0,0.488012031452079,0.8905874447227469,0.20895397489539752,truck,nominal,0,0,0,0,0,0,0,0,0,0
95,2033,11,8.286610878661087,72.0,69.0732030285057,5.152627944162883,8.286610878661087,0.0,0.0,0.0,aucun,aucun,0.0,0.4940695245408039,0.9048132420742412,0.21012552301255233,truck,nominal,0,0,0,0,0,0,0,0,0,0
96,2033,12,3.536648830300208,75.66025403784438,83.3886260061224,5.300000000000001,3.536648830300208,0.0,0.0,0.0,aucun,aucun,0.0,0.5096373913414549,0.9172145228883553,0.21129707112970714,truck,nominal,0,0,0,0,0,0,0,0,0,0
97,2034,1,1.803347280334728,77.0,94.65247584249853,5.152627944162883,1.803347280334728,0.0,0.0,0.0,aucun,aucun,0.0,0.531401949490263,0.9239235779814496,0.21246861924686195,truck,nominal,0,0,0,0,0,0,0,0,0,0
98,2034,2,3.553385231973845,75.66025403784438,99.84661307031165,4.75,3.553385231973845,0.0,0.0,0.0,aucun,aucun,0.0,0.5517225831320339,0.9232668839924885,0.21364016736401675,truck,nominal,0,0,0,0,0,0,0,0,0,0
99,2034,3,8.320083682008368,72.0,97.57927281399283,4.2,8.320083682008368,0.0,0.0,0.0,aucun,aucun,0.0,0.5672573406884598,0.9170128307742214,0.21481171548117156,truck,nominal,0,0,0,0,0,0,0,0,0,0
100,2034,4,14.828451882845188,67.0,88.45798706418924,3.6500000000000004,14.828451882845188,0.0,0.0,0.0,aucun,aucun,0.0,0.5732800933284915,0.906688211815332,0.21598326359832637,truck,nominal,0,0,0,0,0,0,0,0,0,0
101,2034,5,21.336820083682007,62.0,74.9267969714943,3.2473720558371175,21.336820083682007,0.0,0.0,0.0,aucun,aucun,0.0,0.5614859712180685,0.8929984533630199,0.21715481171548118,truck,nominal,0,0,0,0,0,0,0,0,0,0
102,2034,6,26.103518533716535,58.33974596215561,60.61137399387759,3.1,27.170698210688982,0.0,0.0,0.0,aucun,aucun,0.0,0.5553293551065442,0.8888296842275754,0.21832635983263599,truck,nominal,0,0,0,0,0,0,0,0,0,0
103,2034,7,27.85355648535565,57.0,49.347524157501475,3.2473720558371175,28.81355648535565,0.0,0.0,0.0,aucun,aucun,0.0,0.5361612458506809,0.8846099156215467,0.2194979079497908,truck,nominal,0,0,0,0,0,0,0,0,0,0
104,2034,8,26.120254935390175,58.33974596215561,44.15338692968835,3.6499999999999995,27.187434612362622,0.0,0.0,0.0,aucun,aucun,0.0,0.5155198305016573,0.8809019815582123,0.22066945606694563,truck,nominal,0,0,0,0,0,0,0,0,0,0
105,2034,9,21.370292887029294,61.99999999999999,46.42072718600717,4.2,21.370292887029294,0.0,0.0,0.0,aucun,aucun,0.0,0.49965962312617884,0.8811730552781585,0.22184100418410044,truck,nominal,0,0,0,0,0,0,0,0,0,0
106,2034,10,13.919062761506277,76.59598326359833,124.31322632493207,11.333116683400423,13.919062761506277,0.0,0.0,0.36662333668008457,tempete / inondation,desorganisation logistique,6.197759999999999,0.6192473770980605,0.9010774390322651,0.28900475290367045,truck,tendu,0,0,1,0,0,0,0,0,0,0
107,2034,11,7.424920502092048,81.62108786610878,138.02433273561866,12.844767031631623,7.424920502092048,0.0,0.0,0.6689534063263245,tempete / inondation,desorganisation logistique + maintenance corrective + capacite d'appoint + recalage qualite,8.258598193262365,0.9778919277847429,0.9489289171240423,0.34459571355714846,truck,crise,0,0,1,1,0,0,1,1,0,0
108,2034,12,3.6370672403420494,75.66025403784438,83.3886260061224,5.300000000000001,3.6370672403420494,0.0,0.0,0.0,aucun,maintenance corrective + capacite d'appoint + recalage qualite,0.0,0.9503676987241788,0.953802667835285,0.22535564853556486,truck,tendu,0,0,0,1,0,0,1,1,0,0
109,2035,1,1.9037656903765692,77.0,94.65247584249853,5.152627944162883,1.9037656903765692,0.0,0.0,0.0,aucun,aucun,0.0,0.6090354412560745,0.9257386034957433,0.2265271966527197,truck,nominal,0,0,0,0,0,0,0,0,0,0
110,2035,2,3.653803642015686,75.66025403784438,99.84661307031165,4.75,3.653803642015686,0.0,0.0,0.0,aucun,aucun,0.0,0.5582013613216665,0.9246801234954819,0.2276987447698745,truck,nominal,0,0,0,0,0,0,0,0,0,0
111,2035,3,8.42050209205021,72.0,97.57927281399283,4.2,8.42050209205021,0.0,0.0,0.0,aucun,aucun,0.0,0.5736751509125154,0.9190864692421854,0.22887029288702931,truck,nominal,0,0,0,0,0,0,0,0,0,0
112,2035,4,14.92887029288703,67.0,88.45798706418924,3.6500000000000004,14.92887029288703,0.0,0.0,0.0,aucun,aucun,0.0,0.5796730398544312,0.909411981771776,0.23004184100418412,truck,nominal,0,0,0,0,0,0,0,0,0,0
113,2035,5,21.43723849372385,62.0,74.9267969714943,3.2473720558371175,21.43723849372385,0.0,0.0,0.0,aucun,aucun,0.0,0.5747400558752888,0.8973943020411617,0.23121338912133893,truck,nominal,0,0,0,0,0,0,0,0,0,0
114,2035,6,26.203936943758375,58.33974596215561,60.61137399387759,3.1,27.271116620730822,0.0,0.0,0.0,aucun,aucun,0.0,0.5618317701538985,0.8914346898041658,0.23238493723849374,truck,nominal,0,0,0,0,0,0,0,0,0,0
115,2035,7,33.980334728033476,58.39311715481172,49.347524157501475,3.2473720558371175,35.051784100418416,0.24754184100418453,0.0,0.0,canicule,site en surchauffe,1.2899790132217568,0.6507349637585432,0.9085662442492893,0.23355648535564855,truck,tendu,1,0,0,0,0,0,0,0,0,0
116,2035,8,32.26042229940691,59.13089376694803,44.15338692968835,3.6499999999999995,33.390893800762754,0.03255278742586398,0.0,0.0,canicule,site en surchauffe + capacite d'appoint,1.3149519583752927,0.7359521669069502,0.904295569513506,0.23472803347280335,truck,tendu,1,0,0,0,0,0,1,0,0,0
117,2035,9,21.470711297071134,61.99999999999999,46.42072718600717,4.2,21.470711297071134,0.0,0.0,0.0,aucun,capacite d'appoint,0.0,0.6108465200849366,0.8899546872732352,0.23589958158995816,truck,nominal,0,0,0,0,0,0,1,0,0,0
118,2035,10,14.979079497907952,67.0,55.542012935810746,4.75,14.979079497907952,0.0,0.0,0.0,aucun,aucun,0.0,0.5014191125038355,0.8954017649135216,0.237071129707113,truck,nominal,0,0,0,0,0,0,0,0,0,0
119,2035,11,8.487447698744768,72.0,69.0732030285057,5.152627944162883,8.487447698744768,0.0,0.0,0.0,aucun,aucun,0.0,0.5074265449123969,0.909047526872891,0.2382426778242678,truck,nominal,0,0,0,0,0,0,0,0,0,0
120,2035,12,3.7374856503838902,75.66025403784438,83.3886260061224,5.300000000000001,3.7374856503838902,0.0,0.0,0.0,aucun,aucun,0.0,0.5228724453167639,0.9204590989937663,0.23941422594142261,truck,nominal,0,0,0,0,0,0,0,0,0,0
121,2036,1,1.2711297071129706,84.3305439330544,147.18804069605503,12.470767434156908,1.2711297071129706,0.0,0.0,0.5941534868313816,tempete / inondation,desorganisation logistique,6.857068898186888,0.6930828882842931,0.9344861412382107,0.3475334016882261,truck,tendu,0,0,1,0,0,0,0,0,0,0
122,2036,2,3.019058872141209,83.01188583700757,152.5333076309811,12.50595331340736,3.019058872141209,0.0,0.0,0.601190662681472,tempete / inondation,desorganisation logistique + maintenance corrective + capacite d'appoint + recalage qualite,9.303382047419802,1.0,0.9558652238929765,0.3499716414583972,truck,crise,0,0,1,1,0,0,1,1,0,0
123,2036,3,8.52092050209205,72.0,97.57927281399283,4.2,8.52092050209205,0.0,0.0,0.0,aucun,maintenance corrective + capacite d'appoint + recalage qualite,0.0,1.0,0.9517220749402582,0.24292887029288704,truck,crise,0,0,0,1,0,0,1,1,0,0
124,2036,4,15.02928870292887,67.0,88.45798706418924,3.6500000000000004,15.02928870292887,0.0,0.0,0.0,aucun,aucun,0.0,0.6635164067908564,0.9104542681731385,0.24410041841004185,truck,nominal,0,0,0,0,0,0,0,0,0,0
125,2036,5,21.53765690376569,48.717656903765686,32.12813588362819,3.2473720558371175,21.53765690376569,0.0,0.09310358578600478,0.0,secheresse,stress matiere / eau,1.8308512516844075,0.6476837607445959,0.9038693426341526,0.2964789387094993,truck,tendu,0,1,0,0,0,0,0,0,0,0
126,2036,6,26.304355353800215,45.025771066758125,17.710788219819015,3.1,26.306417039140864,0.0,0.3913651689165202,0.0,secheresse,stress matiere / eau + capacite d'appoint,1.9359883377015308,0.7470386701743044,0.9097632783829813,0.4616943575484376,truck,tendu,0,1,0,0,0,0,1,0,0,0
127,2036,7,28.05439330543933,43.65439330543933,6.34501369725043,3.2473720558371175,28.05439330543933,0.0,0.6726136167292339,0.0,secheresse,stress matiere / eau + capacite d'appoint,1.8851253152727452,0.7338624282521458,0.9124419436772345,0.617552551962585,truck,tendu,0,1,0,0,0,0,1,0,0,0
128,2036,8,26.321091755473855,58.33974596215561,44.15338692968835,3.6499999999999995,27.388271432446302,0.0,0.0,0.0,aucun,capacite d'appoint,0.0,0.6231639262878478,0.8968237740115333,0.2487866108786611,truck,nominal,0,0,0,0,0,0,1,0,0,0
129,2036,9,21.571129707112974,61.99999999999999,46.42072718600717,4.2,21.571129707112974,0.0,0.0,0.0,aucun,aucun,0.0,0.5129325008456825,0.8881765701047013,0.24995815899581592,truck,nominal,0,0,0,0,0,0,0,0,0,0
130,2036,10,15.079497907949794,67.0,55.542012935810746,4.75,15.079497907949794,0.0,0.0,0.0,aucun,aucun,0.0,0.5080468327710256,0.8990219290879685,0.2511297071129707,truck,nominal,0,0,0,0,0,0,0,0,0,0
131,2036,11,8.58786610878661,72.0,69.0732030285057,5.152627944162883,8.58786610878661,0.0,0.0,0.0,aucun,aucun,0.0,0.5140295416694654,0.9120640808991658,0.25230125523012553,truck,nominal,0,0,0,0,0,0,0,0,0,0
132,2036,12,3.837904060425731,75.66025403784438,83.3886260061224,5.300000000000001,3.837904060425731,0.0,0.0,0.0,aucun,aucun,0.0,0.5294151719016834,0.9231346004804484,0.2534728033472804,truck,nominal,0,0,0,0,0,0,0,0,0,0
133,2037,1,1.3462426778242675,84.58359832635983,149.00159718141066,12.73816157641632,1.3462426778242675,0.0,0.0,0.6476323152832641,tempete / inondation,desorganisation logistique,6.964028054672244,0.7038556079417535,0.9369183417383591,0.37121816821542275,truck,tendu,0,0,1,0,0,0,0,0,0,0
134,2037,2,3.094171842852506,83.264940230313,154.34686411633675,12.773347455666773,3.094171842852506,0.0,0.0,0.6546694911333546,tempete / inondation,desorganisation logistique + maintenance corrective + capacite d'appoint + recalage qualite,9.445128977495116,1.0,0.9564653886041227,0.3736564079855938,truck,crise,0,0,1,1,0,0,1,1,0,0
135,2037,3,8.621338912133892,72.0,97.57927281399283,4.2,8.621338912133892,0.0,0.0,0.0,aucun,maintenance corrective + capacite d'appoint + recalage qualite,0.0,1.0,0.952234453234307,0.2569874476987448,truck,crise,0,0,0,1,0,0,1,1,0,0
136,2037,4,15.129707112970712,67.0,88.45798706418924,3.6500000000000004,15.129707112970712,0.0,0.0,0.0,aucun,aucun,0.0,0.6706460489360156,0.9124270665957939,0.25815899581589963,truck,nominal,0,0,0,0,0,0,0,0,0,0
137,2037,5,21.63807531380753,48.33807531380753,30.90503964931856,3.2473720558371175,21.63807531380753,0.0,0.11668478194647741,0.0,secheresse,stress matiere / eau,1.857731251684406,0.6552289986275341,0.9063189859753242,0.323507174003617,truck,tendu,0,1,0,0,0,0,0,0,0,0
138,2037,6,26.404773763842055,44.64618947679996,16.487691985509386,3.1,26.404773763842055,0.0,0.41938536393518633,0.0,secheresse,stress matiere / eau + capacite d'appoint,1.9651586228211038,0.7560644881626111,0.9122250640043879,0.4911640422145618,truck,tendu,0,1,0,0,0,0,1,0,0,0
139,2037,7,28.15481171548117,43.27481171548117,5.121917462940807,3.2473720558371175,28.15481171548117,0.0,0.7049773677059868,0.0,secheresse,stress matiere / eau + capacite d'appoint,1.9144817553765954,0.7431828301070071,0.9149770325993134,0.6494111924056569,truck,tendu,0,1,0,0,0,0,1,0,0,0
140,2037,8,26.4215101655157,58.33974596215561,44.15338692968835,3.6499999999999995,27.488689842488146,0.0,0.0,0.0,aucun,capacite d'appoint,0.0,0.6308076766550068,0.8993633813003378,0.26284518828451886,truck,nominal,0,0,0,0,0,0,1,0,0,0
141,2037,9,21.671548117154813,61.99999999999999,46.42072718600717,4.2,21.671548117154813,0.0,0.0,0.0,aucun,aucun,0.0,0.5194941369157122,0.8907025938979557,0.26401673640167367,truck,nominal,0,0,0,0,0,0,0,0,0,0
142,2037,10,15.179916317991633,67.0,55.542012935810746,4.75,15.179916317991633,0.0,0.0,0.0,aucun,aucun,0.0,0.5146247656146321,0.9013063808553904,0.2651882845188285,truck,nominal,0,0,0,0,0,0,0,0,0,0
143,2037,11,8.68828451882845,72.0,69.0732030285057,5.152627944162883,8.68828451882845,0.0,0.0,0.0,aucun,aucun,0.0,0.5205829522463885,0.9140546951214459,0.2663598326359833,truck,nominal,0,0,0,0,0,0,0,0,0,0
144,2037,12,3.938322470467572,75.66025403784438,83.3886260061224,5.300000000000001,3.938322470467572,0.0,0.0,0.0,aucun,aucun,0.0,0.5359087802834073,0.9248237201280429,0.2675313807531381,truck,nominal,0,0,0,0,0,0,0,0,0,0
145,2038,1,2.205020920502092,77.0,94.65247584249853,5.152627944162883,2.205020920502092,0.0,0.0,0.0,aucun,aucun,0.0,0.5571019485072035,0.9305458772867562,0.2687029288702929,truck,nominal,0,0,0,0,0,0,0,0,0,0
146,2038,2,3.9550588721412088,75.66025403784438,99.84661307031165,4.75,3.9550588721412088,0.0,0.0,0.0,aucun,aucun,0.0,0.5773460496059596,0.9294644263957366,0.2698744769874477,truck,nominal,0,0,0,0,0,0,0,0,0,0
147,2038,3,8.721757322175732,72.0,97.57927281399283,4.2,8.721757322175732,0.0,0.0,0.0,aucun,aucun,0.0,0.5926397700964233,0.923158279174295,0.2710460251046025,truck,nominal,0,0,0,0,0,0,0,0,0,0
148,2038,4,15.230125523012552,67.0,88.45798706418924,3.6500000000000004,15.230125523012552,0.0,0.0,0.0,aucun,aucun,0.0,0.5245691890103862,0.901495881664444,0.2722175732217573,truck,nominal,0,0,0,0,0,0,0,0,0,0
149,2038,5,21.738493723849373,62.0,74.9267969714943,3.2473720558371175,21.738493723849373,0.0,0.0,0.0,aucun,aucun,0.0,0.5936808560512066,0.902428866076961,0.27338912133891213,truck,nominal,0,0,0,0,0,0,0,0,0,0
150,2038,6,26.5051921738839,58.33974596215561,60.61137399387759,3.1,27.572371850856346,0.0,0.0,0.0,aucun,aucun,0.0,0.5810466705411782,0.8980951240717707,0.27456066945606694,truck,nominal,0,0,0,0,0,0,0,0,0,0
151,2038,7,34.76359832635983,58.66725941422594,49.347524157501475,3.2473720558371175,35.85697907949791,0.3454497907949792,0.0,0.0,canicule,site en surchauffe,1.3532917121338919,0.6806678691881823,0.9184158448724116,0.27573221757322175,truck,tendu,1,0,0,0,0,0,0,0,0,0
152,2038,8,33.04368589773327,59.405036026362254,44.15338692968835,3.6499999999999995,34.19608877984225,0.13046073721665863,0.0,0.0,canicule,site en surchauffe + capacite d'appoint,1.3820634192221561,0.7711146017001931,0.9154347804386666,0.2769037656903766,truck,tendu,1,0,0,0,0,0,1,0,0,0
153,2038,9,21.771966527196657,61.99999999999999,46.42072718600717,4.2,21.771966527196657,0.0,0.0,0.0,aucun,capacite d'appoint,0.0,0.6345056008514574,0.8971516913572426,0.27807531380753137,truck,nominal,0,0,0,0,0,0,1,0,0,0
154,2038,10,14.200234309623433,77.80100418410042,132.9492095885304,12.606422122730967,14.200234309623433,0.0,0.0,0.6212844245461934,tempete / inondation,desorganisation logistique,6.627839999999999,0.6640213931663085,0.910380880821252,0.39107805834300097,truck,tendu,0,0,1,0,0,0,0,0,0,0
155,2038,11,7.706092050209204,82.82610878661087,146.660315999217,14.118072470962167,7.706092050209204,0.0,0.0,0.9236144941924334,tempete / inondation,desorganisation logistique + maintenance corrective + capacite d'appoint + recalage qualite,8.826303793262365,1.0,0.9517192382349836,0.44666901899647904,truck,crise,0,0,1,1,0,0,1,1,0,0
156,2038,12,4.038740880509414,75.66025403784438,83.3886260061224,5.300000000000001,4.038740880509414,0.0,0.0,0.0,aucun,maintenance corrective + capacite d'appoint + recalage qualite,0.0,0.9973897417990516,0.9572158646933314,0.2815899581589958,truck,crise,0,0,0,1,0,0,1,1,0,0
157,2039,1,2.3054393305439334,77.0,94.65247584249853,5.152627944162883,2.3054393305439334,0.0,0.0,0.0,aucun,aucun,0.0,0.6379153653204521,0.9313074946932695,0.28276150627615065,truck,nominal,0,0,0,0,0,0,0,0,0,0
158,2039,2,4.05547728218305,75.66025403784438,99.84661307031165,4.75,4.05547728218305,0.0,0.0,0.0,aucun,aucun,0.0,0.4911449434499887,0.9176577779822309,0.28393305439330546,truck,nominal,0,0,0,0,0,0,0,0,0,0
159,2039,3,8.822175732217573,72.0,97.57927281399283,4.2,8.822175732217573,0.0,0.0,0.0,aucun,aucun,0.0,0.5988668377185883,0.9247638476214183,0.28510460251046027,truck,nominal,0,0,0,0,0,0,0,0,0,0
160,2039,4,15.330543933054393,67.0,88.45798706418924,3.6500000000000004,15.330543933054393,0.0,0.0,0.0,aucun,aucun,0.0,0.6047672784240895,0.916041690609726,0.2862761506276151,truck,nominal,0,0,0,0,0,0,0,0,0,0
161,2039,5,21.838912133891213,62.0,74.9267969714943,3.2473720558371175,21.838912133891213,0.0,0.0,0.0,aucun,aucun,0.0,0.5999001613743115,0.9053215671679247,0.2874476987447699,truck,nominal,0,0,0,0,0,0,0,0,0,0
162,2039,6,26.60561058392574,58.33974596215561,60.61137399387759,3.1,27.672790260898186,0.0,0.0,0.0,aucun,aucun,0.0,0.587356007778088,0.9015455898912531,0.28861924686192475,truck,nominal,0,0,0,0,0,0,0,0,0,0
163,2039,7,35.02468619246862,58.758640167364014,49.347524157501475,3.2473720558371175,36.12537740585774,0.3780857740585777,0.0,0.0,canicule,site en surchauffe,1.3743959451046024,0.690606461920441,0.9242325370144464,0.28979079497907956,truck,tendu,1,0,0,0,0,0,0,0,0,0
164,2039,8,33.30477376384206,59.49641677950033,44.15338692968835,3.6499999999999995,34.464487106202085,0.16309672048025714,0.0,0.0,canicule,site en surchauffe + capacite d'appoint,1.404433906171107,0.7827870049954022,0.9215776712228348,0.2909623430962343,truck,tendu,1,0,0,0,0,0,1,0,0,0
165,2039,9,21.872384937238497,61.99999999999999,46.42072718600717,4.2,21.872384937238497,0.0,0.0,0.0,aucun,capacite d'appoint,0.0,0.6422726366523221,0.9010088158858895,0.2921338912133892,truck,nominal,0,0,0,0,0,0,1,0,0,0
166,2039,10,14.27052719665272,78.10225941422594,135.10820540443,12.924748482563604,14.27052719665272,0.0,0.0,0.6849496965127209,tempete / inondation,desorganisation logistique,6.735359999999998,0.6752530119655111,0.9141101398298039,0.4165963847028337,truck,tendu,0,0,1,0,0,0,0,0,0,0
167,2039,11,7.7763849372384914,83.12736401673641,148.81931181511658,14.436398830794802,7.7763849372384914,0.0,0.0,0.9872797661589605,tempete / inondation,desorganisation logistique + maintenance corrective + capacite d'appoint + recalage qualite,8.968230193262368,1.0,0.9526000835885068,0.4721873453563117,truck,crise,0,0,1,1,0,0,1,1,0,0
168,2039,12,4.139159290551254,75.66025403784438,83.3886260061224,5.300000000000001,4.139159290551254,0.0,0.0,0.0,aucun,maintenance corrective + capacite d'appoint + recalage qualite,0.0,1.0,0.9578557179269998,0.2956485355648536,truck,crise,0,0,0,1,0,0,1,1,0,0
169,2040,1,2.405857740585774,77.0,94.65247584249853,5.152627944162883,2.405857740585774,0.0,0.0,0.0,aucun,aucun,0.0,0.6450008914015982,0.9331219473497762,0.2968200836820084,truck,nominal,0,0,0,0,0,0,0,0,0,0
170,2040,2,4.155895692224891,75.66025403784438,99.84661307031165,4.75,4.155895692224891,0.0,0.0,0.0,aucun,aucun,0.0,0.5898715660899212,0.9321686776298428,0.2979916317991632,truck,nominal,0,0,0,0,0,0,0,0,0,0
171,2040,3,8.922594142259413,72.0,97.57927281399283,4.2,8.922594142259413,0.0,0.0,0.0,aucun,aucun,0.0,0.6050475484010193,0.9266303669479629,0.299163179916318,truck,nominal,0,0,0,0,0,0,0,0,0,0
172,2040,4,15.430962343096235,67.0,88.45798706418924,3.6500000000000004,15.430962343096235,0.0,0.0,0.0,aucun,aucun,0.0,0.6109241166563985,0.9181362679329679,0.30033472803347283,truck,nominal,0,0,0,0,0,0,0,0,0,0
173,2040,5,21.939330543933053,62.0,74.9267969714943,3.2473720558371175,21.939330543933053,0.0,0.0,0.0,aucun,aucun,0.0,0.6060731962482795,0.9077285221263572,0.30150627615062764,truck,nominal,0,0,0,0,0,0,0,0,0,0
174,2040,6,34.532807236645404,59.9262284949815,60.61137399387759,3.1,35.726905516243924,0.31660090458067547,0.0,0.0,canicule,site en surchauffe,1.4392113734536736,0.7167557491771376,0.928835734042168,0.30267782426778245,truck,tendu,1,0,0,0,0,0,0,0,0,0
175,2040,7,36.29456066945607,59.203096234309626,49.347524157501475,3.2473720558371175,37.430808368200836,0.5368200836820085,0.0,0.0,canicule,site en surchauffe + capacite d'appoint + recalage qualite,1.485501170886998,0.8522406934322408,0.9387254009796728,0.30384937238493726,truck,tendu,1,0,0,0,0,0,1,1,0,0
176,2040,8,34.572974600662135,59.940287072387356,44.15338692968835,3.6499999999999995,35.768197566453125,0.32162182508276693,0.0,0.0,canicule,site en surchauffe + capacite d'appoint,1.4358467103177723,0.8414190257031379,0.935161489380165,0.30502092050209206,truck,tendu,1,0,0,0,0,0,1,0,0,0
177,2040,9,21.972803347280337,61.99999999999999,46.42072718600717,4.2,21.972803347280337,0.0,0.0,0.0,aucun,capacite d'appoint,0.0,0.6502184229757452,0.90274004975692,0.30619246861924687,truck,nominal,0,0,0,0,0,0,1,0,0,0
178,2040,10,14.340820083682011,78.40351464435146,137.26720122032958,13.24307484239624,14.340820083682011,0.0,0.0,0.748614968479248,tempete / inondation,desorganisation logistique,6.842879999999999,0.6864999390162965,0.9162356900363554,0.4421147110626663,truck,tendu,0,0,1,0,0,0,0,0,0,0
179,2040,11,7.846677824267781,83.42861924686193,150.97830763101615,14.754725190627436,7.846677824267781,0.0,0.0,1.0509450381254872,tempete / inondation,desorganisation logistique + maintenance corrective + capacite d'appoint + recalage qualite,9.110156593262367,1.0,0.9530219517053976,0.4977056717161442,truck,crise,0,0,1,1,0,0,1,1,0,0
180,2040,12,4.239577700593095,75.66025403784438,83.3886260061224,5.300000000000001,4.239577700593095,0.0,0.0,0.0,aucun,maintenance corrective + capacite d'appoint + recalage qualite,0.0,1.0,0.9581707596043744,0.3097071129707113,truck,crise,0,0,0,1,0,0,1,1,0,0
181,2041,1,1.6466945606694559,85.5958158995816,156.25582312283325,13.807738145453978,1.6466945606694559,0.0,0.0,0.8615476290907956,tempete / inondation,desorganisation logistique,7.3918646806136685,0.8457141998635422,0.9492589549690713,0.4659572343242093,truck,tendu,0,0,1,0,0,0,0,0,0,0
182,2041,2,3.394623725697694,84.27715780353476,161.60109005775934,13.842924024704429,3.394623725697694,0.0,0.0,0.8685848049408857,tempete / inondation,desorganisation logistique + maintenance corrective + capacite d'appoint + recalage qualite,10.012116697796372,1.0,0.9579639726176423,0.4683954740943804,truck,crise,0,0,1,1,0,0,1,1,0,0
183,2041,3,9.023012552301255,72.0,97.57927281399283,4.2,9.023012552301255,0.0,0.0,0.0,aucun,maintenance corrective + capacite d'appoint + recalage qualite,0.0,1.0,0.9536852442682915,0.3132217573221757,truck,crise,0,0,0,1,0,0,1,1,0,0
184,2041,4,15.531380753138075,67.0,88.45798706418924,3.6500000000000004,15.531380753138075,0.0,0.0,0.0,aucun,aucun,0.0,0.6986359882761761,0.9189164970769388,0.3143933054393306,truck,nominal,0,0,0,0,0,0,0,0,0,0
185,2041,5,22.039748953974897,46.819748953974894,26.01265471208007,3.2473720558371175,22.039748953974897,0.0,0.21100956658836756,0.0,secheresse,stress matiere / eau,1.965251251684407,0.6849643352001509,0.9150199925993683,0.4316201151800876,truck,tendu,0,1,0,0,0,0,0,0,0,0
186,2041,6,34.77381142074582,44.79869711422836,11.595307048270897,3.1,34.77381142074582,0.3467264275932278,0.7542673552311606,0.0,canicule + secheresse,site en surchauffe + stress matiere / eau + maintenance corrective + capacite d'appoint + recalage qualite,3.553229834294136,0.9643861368770801,0.9514376722861948,0.7315834470507785,truck,crise,1,1,0,1,0,0,1,1,0,0
187,2041,7,36.53556485355649,44.04393305439331,0.22953252570231086,3.2473720558371175,36.53556485355649,0.5669456066945608,1.1028097128177636,0.0,canicule + secheresse,site en surchauffe + stress matiere / eau + maintenance corrective + capacite d'appoint + recalage qualite,3.6777885516067954,1.0,0.9473334994109273,0.924453291840565,truck,crise,1,1,0,1,0,0,1,1,0,0
188,2041,8,34.81397878476256,60.02463853682251,44.15338692968835,3.6499999999999995,36.015949867708365,0.35174734809532016,0.0,0.0,canicule,site en surchauffe + maintenance corrective + capacite d'appoint + recalage qualite,1.588415552826234,1.0,0.9400232495864868,0.3190794979079498,truck,crise,1,0,0,1,0,0,1,1,0,0
189,2041,9,22.07322175732218,61.99999999999999,46.42072718600717,4.2,22.07322175732218,0.0,0.0,0.0,aucun,capacite d'appoint,0.0,0.748230809807351,0.9056751973157104,0.3202510460251047,truck,nominal,0,0,0,0,0,0,1,0,0,0
190,2041,10,14.411112970711297,78.704769874477,139.42619703622915,13.561401202228875,14.411112970711297,0.0,0.0,0.8122802404457751,tempete / inondation,desorganisation logistique,6.950399999999998,0.6977622056368179,0.9182468183087071,0.46763303742249895,truck,tendu,0,0,1,0,0,0,0,0,0,0
191,2041,11,7.916970711297068,83.72987447698745,153.13730344691572,15.073051550460072,7.916970711297068,0.0,0.0,1.1146103100920144,tempete / inondation,desorganisation logistique + maintenance corrective + capacite d'appoint + recalage qualite,9.252082993262366,1.0,0.9535371449486879,0.5232239980759769,truck,crise,0,0,1,1,0,0,1,1,0,0
192,2041,12,4.339996110634936,75.66025403784438,83.3886260061224,5.300000000000001,4.339996110634936,0.0,0.0,0.0,aucun,maintenance corrective + capacite d'appoint + recalage qualite,0.0,1.0,0.9585921908093173,0.3237656903765691,truck,crise,0,0,0,1,0,0,1,1,0,0
193,2042,1,1.7218075313807528,85.84887029288703,158.0693796081889,14.07513228771339,1.7218075313807528,0.0,0.0,0.9150264575426782,tempete / inondation,desorganisation logistique,7.498823837099023,0.8579049471294379,0.9489942750069327,0.48964200085140597,truck,tendu,0,0,1,0,0,0,0,0,0,0
194,2042,2,3.469736696408992,84.5302121968402,163.414646543115,14.110318166963843,3.469736696408992,0.0,0.0,0.9220636333927686,tempete / inondation,desorganisation logistique + maintenance corrective + capacite d'appoint + recalage qualite,10.153863627871687,1.0,0.9584989713737767,0.49208024062157707,truck,crise,0,0,1,1,0,0,1,1,0,0
195,2042,3,9.123430962343097,72.0,97.57927281399283,4.2,9.123430962343097,0.0,0.0,0.0,aucun,maintenance corrective + capacite d'appoint + recalage qualite,0.0,1.0,0.9541044922199048,0.32728033472803353,truck,crise,0,0,0,1,0,0,1,1,0,0
196,2042,4,15.631799163179917,50.72845188284519,36.027443131134845,3.6500000000000004,15.631799163179917,0.0,0.042715481171548074,0.0,secheresse,stress matiere / eau,2.00704,0.7849899063305389,0.9238873945562956,0.3519453974895398,truck,tendu,0,1,0,0,0,0,0,0,0,0
197,2042,5,22.140167364016737,45.70962343096234,22.435583582372956,3.2473720558371175,22.140167364016737,0.0,0.2799752077402259,0.0,secheresse,stress matiere / eau + capacite d'appoint,2.1526944516844075,0.8089496819261719,0.9317532252236055,0.4836097952194674,truck,tendu,0,1,0,0,0,0,1,0,0,0
198,2042,6,35.01481560484624,43.785726402931296,8.059491148689311,3.1,35.01481560484624,0.37685195060578014,0.8750988786562955,0.0,canicule + secheresse,site en surchauffe + stress matiere / eau + maintenance corrective + capacite d'appoint + recalage qualite,3.6259471400387397,0.9862830854850023,0.9543001043306202,0.8120993623404605,truck,crise,1,1,0,1,0,0,1,1,0,0
199,2042,7,36.776569037656905,43.04376569037657,0.0,3.2473720558371175,36.776569037656905,0.5970711297071132,1.1195623430962343,0.0,canicule + secheresse,site en surchauffe + stress matiere / eau + maintenance corrective + capacite d'appoint + recalage qualite,3.7349949164480662,1.0,0.9486391274496023,0.9477258158995816,truck,crise,1,1,0,1,0,0,1,1,0,0
200,2042,8,35.05498296886297,60.10899000125765,44.15338692968835,3.6499999999999995,36.26370216896358,0.3818728711078716,0.0,0.0,canicule,site en surchauffe + maintenance corrective + capacite d'appoint + recalage qualite,1.6128795343819817,1.0,0.9412792376477928,0.33313807531380757,truck,crise,1,0,0,1,0,0,1,1,0,0
201,2042,9,22.17364016736402,61.99999999999999,46.42072718600717,4.2,22.17364016736402,0.0,0.0,0.0,aucun,capacite d'appoint,0.0,0.7568595698067697,0.9074261322692264,0.3343096234309624,truck,nominal,0,0,0,0,0,0,1,0,0,0
202,2042,10,14.481405857740587,79.00602510460251,141.58519285212873,13.879727562061511,14.481405857740587,0.0,0.0,0.8759455124123022,tempete / inondation,desorganisation logistique,7.0579199999999975,0.7090398432307166,0.9204951968754252,0.4931513637823316,truck,tendu,0,0,1,0,0,0,0,0,0,0
203,2042,11,7.987263598326358,84.03112970711297,155.29629926281532,15.39137791029271,7.987263598326358,0.0,0.0,1.1782755820585422,tempete / inondation,desorganisation logistique + maintenance corrective + capacite d'appoint + recalage qualite,9.394009393262365,1.0,0.9540320951191509,0.5487423244358096,truck,crise,0,0,1,1,0,0,1,1,0,0
204,2042,12,4.440414520676777,75.66025403784438,83.3886260061224,5.300000000000001,4.440414520676777,0.0,0.0,0.0,aucun,maintenance corrective + capacite d'appoint + recalage qualite,0.0,1.0,0.9590971750871896,0.3378242677824268,truck,crise,0,0,0,1,0,0,1,1,0,0
205,2043,1,1.7969205020920502,86.10192468619246,159.88293609354457,14.342526429972807,1.7969205020920502,0.0,0.0,0.9685052859945614,tempete / inondation,desorganisation logistique,7.605782993584381,0.8700943699362216,0.9502971511102078,0.5133267673786026,truck,tendu,0,0,1,0,0,0,0,0,0,0
206,2043,2,3.544849667120288,84.78326659014564,165.22820302847066,14.37771230922326,3.544849667120288,0.0,0.0,0.9755424618446519,tempete / inondation,desorganisation logistique + maintenance corrective + capacite d'appoint + recalage qualite,10.295610557947,1.0,0.9589608936513141,0.5157650071487737,truck,crise,0,0,1,1,0,0,1,1,0,0
207,2043,3,9.223849372384937,72.0,97.57927281399283,4.2,9.223849372384937,0.0,0.0,0.0,aucun,maintenance corrective + capacite d'appoint + recalage qualite,0.0,1.0,0.95447857725525,0.3413389121338912,truck,crise,0,0,0,1,0,0,1,1,0,0
208,2043,4,15.732217573221757,50.502510460251045,35.2994096583315,3.6500000000000004,15.732217573221757,0.0,0.04497489539748955,0.0,secheresse,stress matiere / eau,2.0339199999999984,0.7926300691953313,0.9252592236285754,0.3672466527196653,truck,tendu,0,1,0,0,0,0,0,0,0,0
209,2043,5,22.240585774058577,45.483682008368206,21.707550109569617,3.2473720558371175,22.240585774058577,0.0,0.2940116340262212,0.0,secheresse,stress matiere / eau + capacite d'appoint,2.1817248516844074,0.8171371840411039,0.933058991370321,0.5053884070826226,truck,tendu,0,1,0,0,0,0,1,0,0,0
210,2043,6,35.25581978894666,43.6441364447723,7.331457675885964,3.1,35.25581978894666,0.4069774736183325,0.8979275274379839,0.0,canicule + secheresse,site en surchauffe + stress matiere / eau + maintenance corrective + capacite d'appoint + recalage qualite,3.677247035223342,0.9996951203003774,0.9558831615085095,0.8387136965762468,truck,crise,1,1,0,1,0,0,1,1,0,0
211,2043,7,37.01757322175732,42.90217573221757,0.0,3.2473720558371175,37.01757322175732,0.6271966527196646,1.1209782426778243,0.0,canicule + secheresse,site en surchauffe + stress matiere / eau + maintenance corrective + capacite d'appoint + recalage qualite,3.789305647381628,1.0,0.9499993144479251,0.9625631380753139,truck,crise,1,1,0,1,0,0,1,1,0,0
212,2043,8,35.29598715296339,60.1933414656928,44.15338692968835,3.6499999999999995,36.511454470218816,0.41199839412042394,0.0,0.0,canicule,site en surchauffe + maintenance corrective + capacite d'appoint + recalage qualite,1.6371697779032672,1.0,0.9424409067700253,0.3471966527196653,truck,crise,1,0,0,1,0,0,1,1,0,0
213,2043,9,22.27405857740586,61.99999999999999,46.42072718600717,4.2,22.27405857740586,0.0,0.0,0.0,aucun,capacite d'appoint,0.0,0.7654187835657996,0.9090081248843795,0.3483682008368201,truck,nominal,0,0,0,0,0,0,1,0,0,0
214,2043,10,14.551698744769876,79.30728033472803,143.7441886680283,14.198053921894145,14.551698744769876,0.0,0.0,0.939610784378829,tempete / inondation,desorganisation logistique,7.1654399999999985,0.720332883287412,0.9221734653027293,0.5186696901421641,truck,tendu,0,0,1,0,0,0,0,0,0,0
215,2043,11,8.057556485355647,84.33238493723849,157.4552950787149,15.709704270125346,8.057556485355647,0.0,0.0,1.2419408540250694,tempete / inondation,desorganisation logistique + maintenance corrective + capacite d'appoint + recalage qualite,9.535935793262365,1.0,0.9543547052175034,0.5742606507956421,truck,crise,0,0,1,1,0,0,1,1,0,0
216,2043,12,4.540832930718619,75.66025403784438,83.3886260061224,5.300000000000001,4.540832930718619,0.0,0.0,0.0,aucun,maintenance corrective + capacite d'appoint + recalage qualite,0.0,1.0,0.9594221325155865,0.3518828451882845,truck,crise,0,0,0,1,0,0,1,1,0,0
217,2044,1,1.8720334728033476,86.35497907949791,161.69649257890023,14.609920572232223,1.8720334728033476,0.0,0.0,1.0219841144464445,tempete / inondation,desorganisation logistique,7.712742150069733,0.8822824684997251,0.9512525463042997,0.5370115339057995,truck,tendu,0,0,1,0,0,0,0,0,0,0
218,2044,2,3.619962637831586,85.03632098345108,167.0417595138263,14.645106451482672,3.619962637831586,0.0,0.0,1.0290212902965343,tempete / inondation,desorganisation logistique + maintenance corrective + capacite d'appoint + recalage qualite,10.437357488022315,1.0,0.9592517801534585,0.5394497736759702,truck,crise,0,0,1,1,0,0,1,1,0,0
219,2044,3,9.324267782426778,72.0,97.57927281399283,4.2,9.324267782426778,0.0,0.0,0.0,aucun,maintenance corrective + capacite d'appoint + recalage qualite,0.0,1.0,0.9547248741542185,0.35539748953974903,truck,crise,0,0,0,1,0,0,1,1,0,0
220,2044,4,15.832635983263598,50.276569037656905,34.57137618552815,3.6500000000000004,15.832635983263598,0.0,0.04723430962343094,0.0,secheresse,stress matiere / eau,2.0608000000000004,0.8002152431697941,0.934680224948231,0.3825479079497909,truck,tendu,0,1,0,0,0,0,0,0,0,0
221,2044,5,22.34100418410042,45.25774058577406,20.97951663676627,3.2473720558371175,22.34100418410042,0.0,0.3080480603122168,0.0,secheresse,stress matiere / eau + capacite d'appoint,2.2107552516844073,0.8252705060524215,0.9341143872689935,0.5271670189457779,truck,tendu,0,1,0,0,0,0,1,0,0,0
222,2044,6,35.49682397304708,43.5025464866133,6.603424203082618,3.1,35.49682397304708,0.4371029966308848,0.9207561762196724,0.0,canicule + secheresse,site en surchauffe + stress matiere / eau + maintenance corrective + capacite d'appoint + recalage qualite,3.728546930407944,1.0,0.956597720208346,0.8653280308120334,truck,crise,1,1,0,1,0,0,1,1,0,0
223,2044,7,37.25857740585774,42.760585774058576,0.0,3.2473720558371175,37.25857740585774,0.6573221757322179,1.1223941422594141,0.0,canicule + secheresse,site en surchauffe + stress matiere / eau + maintenance corrective + capacite d'appoint + recalage qualite,3.8436163783151898,1.0,0.9507274416168279,0.9774004602510461,truck,crise,1,1,0,1,0,0,1,1,0,0
224,2044,8,35.53699133706382,60.27769293012795,44.15338692968835,3.6499999999999995,36.759206771474055,0.44212391713297716,0.0,0.0,canicule,site en surchauffe + maintenance corrective + capacite d'appoint + recalage qualite,1.6614600214245527,1.0,0.9432481648377501,0.3612552301255231,truck,crise,1,0,0,1,0,0,1,1,0,0
225,2044,9,22.374476987447704,61.99999999999999,46.42072718600717,4.2,22.374476987447704,0.0,0.0,0.0,aucun,capacite d'appoint,0.0,0.7739142489054679,0.9103308856964623,0.3624267782426779,truck,nominal,0,0,0,0,0,0,1,0,0,0
226,2044,10,14.621991631799165,79.60853556485355,145.9031844839279,14.516380281726782,14.621991631799165,0.0,0.0,1.0032760563453564,tempete / inondation,desorganisation logistique,7.272959999999998,0.7316413573823973,0.9236439555048239,0.5441880165019968,truck,tendu,0,0,1,0,0,0,0,0,0,0
227,2044,11,8.127849372384935,84.63364016736402,159.6142908946145,16.028030629957982,8.127849372384935,0.0,0.0,1.3056061259915963,tempete / inondation,desorganisation logistique + maintenance corrective + capacite d'appoint + recalage qualite,9.677862193262367,1.0,0.9546171868851719,0.5997789771554748,truck,crise,0,0,1,1,0,0,1,1,0,0
228,2044,12,4.641251340760459,75.66025403784438,83.3886260061224,5.300000000000001,4.641251340760459,0.0,0.0,0.0,aucun,maintenance corrective + capacite d'appoint + recalage qualite,0.0,1.0,0.9596816044535659,0.3659414225941423,truck,crise,0,0,0,1,0,0,1,1,0,0
229,2045,1,1.9471464435146446,86.60803347280334,163.51004906425584,14.877314714491634,1.9471464435146446,0.0,0.0,1.075462942898327,tempete / inondation,desorganisation logistique,7.819701306555089,0.8944692430357323,0.9520862125494454,0.5606963004329959,truck,tendu,0,0,1,0,0,0,0,0,0,0
230,2045,2,3.6950756085428824,85.28937537675651,168.85531599918193,14.912500593742086,3.6950756085428824,0.0,0.0,1.0825001187484173,tempete / inondation,desorganisation logistique + maintenance corrective + capacite d'appoint + recalage qualite,10.579104418097629,1.0,0.9594678113987468,0.563134540203167,truck,crise,0,0,1,1,0,0,1,1,0,0
231,2045,3,9.42468619246862,72.0,97.57927281399283,4.2,9.42468619246862,0.0,0.0,0.0,aucun,maintenance corrective + capacite d'appoint + recalage qualite,0.0,1.0,0.9549003086991584,0.36945606694560673,truck,crise,0,0,0,1,0,0,1,1,0,0
232,2045,4,15.93305439330544,50.050627615062766,33.843342712724805,3.6500000000000004,15.93305439330544,0.0,0.05202788584941226,0.0,secheresse,stress matiere / eau,2.087679999999999,0.8078123230908926,0.9355105358990757,0.3992429522799383,truck,tendu,0,1,0,0,0,0,0,0,0,0
233,2045,5,22.44142259414226,45.03179916317992,20.251483163962924,3.2473720558371175,22.44142259414226,0.0,0.3220844865982123,0.0,secheresse,stress matiere / eau + capacite d'appoint,2.2397856516844072,0.8333501839849637,0.9350548727909433,0.5489456308089331,truck,tendu,0,1,0,0,0,0,1,0,0,0
234,2045,6,35.7378281571475,43.36095652845431,5.875390730279264,3.1,35.7378281571475,0.46722851964343715,0.9435848250013609,0.0,canicule + secheresse,site en surchauffe + stress matiere / eau + maintenance corrective + capacite d'appoint + recalage qualite,3.7798468255925464,1.0,0.9571710236834732,0.8919423650478197,truck,crise,1,1,0,1,0,0,1,1,0,0
235,2045,7,37.49958158995816,42.61899581589958,0.0,3.2473720558371175,37.49958158995816,0.6874476987447702,1.1238100418410042,0.0,canicule + secheresse,site en surchauffe + stress matiere / eau + maintenance corrective + capacite d'appoint + recalage qualite,3.897927109248748,1.0,0.9511847603633121,0.9922377824267783,truck,crise,1,1,0,1,0,0,1,1,0,0
236,2045,8,35.77799552116423,60.36204439456309,44.15338692968835,3.6499999999999995,37.00695907272927,0.4722494401455286,0.0,0.0,canicule,site en surchauffe + maintenance corrective + capacite d'appoint + recalage qualite,1.6857502649458382,1.0,0.9437556229795847,0.37531380753138077,truck,crise,1,0,0,1,0,0,1,1,0,0
237,2045,9,22.474895397489544,61.99999999999999,46.42072718600717,4.2,22.474895397489544,0.0,0.0,0.0,aucun,capacite d'appoint,0.0,0.7823466753740272,0.9114018136810857,0.3764853556485356,truck,nominal,0,0,0,0,0,0,1,0,0,0
238,2045,10,14.692284518828455,79.90979079497907,148.06218029982747,14.834706641559418,14.692284518828455,0.0,0.0,1.0669413283118836,tempete / inondation,desorganisation logistique,7.380479999999999,0.7429652971775313,0.9249036939637181,0.5697063428618294,truck,tendu,0,0,1,0,0,0,0,0,0,0
239,2045,11,8.198142259414224,84.93489539748954,161.77328671051407,16.34635698979062,8.198142259414224,0.0,0.0,1.3692713979581241,tempete / inondation,desorganisation logistique + maintenance corrective + capacite d'appoint + recalage qualite,9.819788593262366,1.0,0.9548107397476392,0.6252973035153075,truck,crise,0,0,1,1,0,0,1,1,0,0
240,2045,12,4.7416697508023,75.66025403784438,83.3886260061224,5.300000000000001,4.7416697508023,0.0,0.0,0.0,aucun,maintenance corrective + capacite d'appoint + recalage qualite,0.0,1.0,0.95990697240246,0.38,truck,crise,0,0,0,1,0,0,1,1,0,0
