capacity_node::M-1430,capacity_node::M-1810,capacity_node::SDC-1450,case_dir,demand_item::item:268091,demand_item::item:268967,error,factor::capacity_scale,factor::demand_scale,factor::lead_time_scale,factor::production_stock_scale,factor::supplier_stock_scale,factor::transport_cost_scale,is_baseline,kpi::avg_inventory,kpi::cost_share_holding,kpi::cost_share_purchase,kpi::cost_share_transport,kpi::ending_backlog,kpi::ending_inventory,kpi::fill_rate,kpi::total_arrived,kpi::total_cost,kpi::total_demand,kpi::total_external_procured_arrived_qty,kpi::total_external_procured_ordered_qty,kpi::total_external_procured_qty,kpi::total_external_procured_rejected_qty,kpi::total_external_procurement_cost,kpi::total_holding_cost,kpi::total_logistics_cost,kpi::total_opening_stock_bootstrap_qty,kpi::total_produced,kpi::total_purchase_cost,kpi::total_served,kpi::total_shipped,kpi::total_transport_cost,kpi::total_unreliable_loss_qty,run_id,status
1.0,1.0,1.0,,1.0,1.0,,1.0,1.0,1.0,1.0,1.0,1.0,True,1045717.0788,0.980377,0.002157,0.017466,315.8476,1035949.2243,0.787666,15989.339,1273360.3167,1487.5,42489.9504,42871.1216,42871.1216,18148.2001,3318.2119,1248373.7888,1270613.7549,1060029.4897,2610.2267,2746.5618,1171.6524,45988.6462,22239.9661,0.0,run_0000,ok
1.160689,0.825096,0.975583,,1.082204,1.058765,,1.0,1.0,1.067436,0.949402,0.956918,0.854784,False,1099089.8792,0.981843,0.002148,0.016008,454.9646,1083886.779,0.71428,15558.2631,1336169.8298,1592.3457,46925.4728,47361.9917,47361.9917,18186.4064,3311.9637,1311909.4215,1333299.2719,1116136.8563,2548.2934,2870.5579,1137.3811,51327.8761,21389.8504,0.0,run_0001,ok
1.0138,0.899197,1.028095,,0.889185,1.048961,,1.0,1.0,0.854587,0.851513,1.055188,0.961977,False,921682.6178,0.981038,0.002119,0.016843,374.4907,920357.7503,0.740207,18031.2527,1122284.5196,1441.4961,40138.3693,40486.9302,40486.9302,18007.7566,2939.8181,1101004.1132,1119906.4588,934061.573,2270.4255,2378.0608,1067.0054,40443.78,18902.3455,0.0,run_0002,ok
1.212241,0.946144,0.829206,,0.947477,0.867291,,1.0,1.0,1.130928,1.087211,1.221302,0.827926,False,981103.6945,0.981661,0.002241,0.016098,321.1164,962989.2092,0.762089,14786.7466,1189940.447,1349.7337,41453.6,42331.455,42331.455,9482.3169,2937.8571,1168117.6655,1187273.4486,991651.9188,2713.5776,2666.9984,1028.6173,47815.8442,19155.7831,0.0,run_0003,ok
1.230436,0.961029,1.016041,,1.079436,1.011073,,1.0,1.0,0.898344,1.12991,1.101867,1.208685,False,967667.155,0.972687,0.002483,0.024831,309.674,957372.5018,0.800829,18189.784,1186318.4506,1554.8161,46591.6882,47213.9584,47213.9584,15859.0549,4008.8941,1153916.3174,1183373.3432,982530.3041,2839.0883,2945.1074,1245.1421,50158.1785,29457.0257,0.0,run_0004,ok
0.902538,0.928232,0.819844,,1.069398,0.790821,,1.0,1.0,1.140033,1.048212,1.264804,1.097419,False,948858.2709,0.978192,0.002106,0.019703,339.086,933279.0177,0.754914,15993.6545,1156571.971,1383.5379,35531.0987,37168.9941,37168.9941,13231.01,3001.6952,1131349.0691,1154136.6961,957991.1453,2620.4019,2435.2749,1044.4519,43228.8432,22787.627,0.0,run_0005,ok
0.894194,0.919217,1.193219,,0.956261,0.958133,,1.0,1.0,0.952575,1.066232,0.95829,0.910092,False,1174544.5915,0.98565,0.001757,0.012593,378.5604,1172718.6277,0.734125,19595.8204,1423595.9822,1423.8305,38964.1279,39350.5668,39350.5668,16927.9813,2887.1078,1403167.371,1421094.2159,1185340.9142,2569.9417,2501.7663,1045.2702,40665.8961,17926.8449,0.0,run_0006,ok
1.256574,1.045441,1.017601,,0.871501,0.961346,,1.0,1.0,1.070229,1.098429,0.902665,1.093718,False,1159785.4138,0.978211,0.002089,0.0197,245.4136,1138369.9278,0.81997,14458.9267,1413583.7041,1363.18,44937.0521,45763.6055,45763.6055,12704.3816,3721.1791,1382782.7288,1410630.907,1175373.4762,2779.8191,2952.7971,1117.7663,52465.2133,27848.1782,0.0,run_0007,ok
0.91953,0.894877,1.198628,,0.776013,0.938289,,1.0,1.0,1.082496,0.951343,1.200667,1.205795,False,1344045.3757,0.983495,0.001405,0.0151,287.6641,1333384.6468,0.774383,12811.9175,1633245.1766,1275.0121,38624.4512,39144.0883,39144.0883,16552.7111,3186.1539,1606288.7936,1630951.252,1356088.6459,2372.3331,2293.9246,987.348,42095.7536,24662.4585,0.0,run_0008,ok
0.918354,0.910696,1.019013,,1.175978,0.987391,,1.0,1.0,1.163821,0.998905,1.128753,0.994323,False,1161497.2285,0.982112,0.001886,0.016001,500.6552,1146895.875,0.688842,17615.5549,1412156.2478,1609.0057,39926.5512,40583.215,40583.215,17614.6872,3138.3115,1386896.0725,1409492.4954,1173852.8825,2604.6732,2663.7524,1108.3505,47173.6365,22596.4229,0.0,run_0009,ok
1.002872,0.827921,0.792092,,0.89869,1.278947,,1.0,1.0,0.962093,0.99985,1.297835,1.084248,False,811272.5832,0.974781,0.00241,0.022809,526.9703,807821.2808,0.674633,16021.8817,992468.3931,1619.6175,43480.8145,43845.0554,43845.0554,18891.8563,3266.6995,967439.0074,990076.5394,822668.1794,2471.4893,2391.8536,1092.6473,42672.2371,22637.5321,0.0,run_0010,ok
1.273577,1.008865,1.227848,,0.806934,0.962091,,1.0,1.0,0.904713,1.005592,1.211611,1.10098,False,1169531.8234,0.979273,0.00191,0.018818,187.3371,1153177.7228,0.857615,14893.5026,1425608.1746,1315.7123,44573.3049,45441.203,45441.203,11884.9927,3588.7528,1396059.2192,1422885.6842,1184102.7763,2584.9373,2722.4904,1128.3752,50010.5269,26826.465,0.0,run_0011,ok
1.045782,0.841702,0.979746,,1.011304,0.919154,,1.0,1.0,1.15549,1.081497,1.165768,0.837118,False,1128560.1243,0.983575,0.001964,0.014462,411.9353,1110895.8913,0.713093,17511.1555,1368624.3452,1435.7781,41187.0097,43108.7126,43108.7126,15449.0591,2988.5743,1346144.432,1365936.9955,1140724.7321,2702.5171,2687.3497,1023.8429,48731.8884,19792.5636,0.0,run_0012,ok
1.174593,1.147335,0.931776,,1.000176,0.879325,,1.0,1.0,1.013746,0.962293,1.277157,1.294719,False,1010972.697,0.973176,0.002231,0.024594,223.1997,991267.4968,0.84033,14709.1454,1238712.5047,1397.8789,41189.8792,42084.467,42084.467,10752.0842,3779.3852,1205484.8607,1235949.5525,1023042.718,2638.7404,2762.9522,1174.6791,48925.251,30464.6918,0.0,run_0013,ok
1.009249,0.710146,0.941553,,1.012056,1.100382,,1.0,1.0,1.067282,1.111258,0.891524,1.093655,False,1053536.3248,0.978329,0.00204,0.019631,550.3278,1042434.9869,0.649724,15427.5657,1284858.1077,1571.1258,43886.3225,44213.5649,44213.5649,19163.8913,3460.5541,1257013.914,1282237.302,1068370.2005,2612.8094,2620.8056,1020.7979,47072.2437,25223.388,0.0,run_0014,ok
1.151817,1.202281,0.824168,,0.935271,0.80211,,1.0,1.0,0.844132,1.141097,1.279747,1.269553,False,750978.4485,0.967347,0.002765,0.029888,187.9587,736200.0903,0.854541,15342.2597,923555.9282,1292.1771,38904.4574,39720.1153,39720.1153,8011.9742,3467.5324,893398.6135,921002.0245,760447.8157,2754.4856,2553.9037,1104.2184,45110.5483,27603.411,0.0,run_0015,ok
1.015333,0.918427,1.148468,,0.852021,0.992491,,1.0,1.0,1.022329,1.112584,1.19055,0.891135,False,1221129.9576,0.984788,0.001756,0.013456,275.7039,1209814.2766,0.799029,14603.8559,1480687.6472,1371.8558,42182.8067,42802.6011,42802.6011,17908.5981,3022.766,1458162.9818,1478087.0178,1234015.2423,2674.9218,2600.6294,1096.1519,45944.3083,19924.036,0.0,run_0016,ok
1.270451,1.048958,0.980817,,0.890282,0.936873,,1.0,1.0,1.005841,1.098728,1.07072,0.959423,False,1055482.6885,0.979188,0.002249,0.018562,286.4952,1033871.0834,0.789178,13350.1866,1284624.557,1358.9465,44026.9598,44913.732,44913.732,11080.8073,3408.4587,1257889.4964,1281735.1533,1069366.1988,2773.0254,2889.4037,1072.4513,51276.6701,23845.6569,0.0,run_0017,ok
0.899096,0.813043,1.042315,,1.027779,0.903521,,1.0,1.0,1.030995,0.983871,0.932223,0.920501,False,1115674.1721,0.984451,0.001805,0.013743,422.2857,1106920.3116,0.706012,15646.3491,1353652.828,1436.4044,38084.3568,38525.2982,38525.2982,16335.7152,2834.1917,1332605.3522,1351208.929,1127608.4516,2435.8132,2443.899,1014.1186,41729.8208,18603.5768,0.0,run_0018,ok
0.896374,0.854325,1.192262,,0.90698,1.055902,,1.0,1.0,0.951308,0.884177,1.263049,1.249337,False,1174322.4989,0.981715,0.001567,0.016718,436.9092,1170770.557,0.700725,16216.3434,1429962.0783,1459.8935,38808.6179,39156.3174,39156.3174,16974.6395,3231.5865,1403815.1303,1427721.6201,1184193.4435,2286.7297,2240.4582,1022.9843,39424.5429,23906.4898,0.0,run_0019,ok
0.978548,0.976123,0.989939,,0.885132,0.832089,,1.0,1.0,1.04634,1.130072,1.206483,1.044249,False,1089687.5221,0.980751,0.001922,0.017327,325.8977,1070857.1817,0.744831,12783.6976,1325317.6343,1277.1831,37822.6714,39401.2574,39401.2574,13760.2903,3095.3052,1299806.3813,1322769.8603,1100841.1264,2720.784,2547.774,951.2854,45509.1559,22963.479,0.0,run_0020,ok
1.142206,0.911561,0.885034,,0.969206,0.947132,,1.0,1.0,1.09841,0.899206,1.420414,1.120013,False,1031336.4772,0.97601,0.002119,0.021871,353.5169,1008961.3819,0.751966,11856.2022,1260434.4393,1425.2764,43093.6357,44473.0041,44473.0041,14843.2704,3517.9456,1230196.9148,1257764.1419,1046276.4919,2532.5425,2670.2974,1071.7595,50836.5816,27567.2271,0.0,run_0021,ok
1.142022,1.015498,0.795425,,1.182475,0.982424,,1.0,1.0,1.01241,0.958053,0.958555,1.027511,False,863365.7477,0.973461,0.002809,0.023731,445.328,847023.628,0.723423,14675.9511,1057280.7712,1610.1436,45149.4053,45598.8886,45598.8886,16573.43,3611.4469,1029221.4859,1054311.3177,879766.9404,2667.959,2969.4535,1164.8156,50586.866,25089.8318,0.0,run_0022,ok
0.995661,0.896149,0.968677,,1.13497,0.87302,,1.0,1.0,1.289626,1.194905,1.388638,1.201623,False,1113919.0299,0.978002,0.001879,0.020119,506.3136,1094017.6308,0.660976,12108.6974,1357545.2085,1493.4426,38959.494,40874.9795,40874.9795,14677.5703,3385.8313,1327681.6476,1354994.4897,1125842.04,2852.8835,2550.7188,987.129,47037.0007,27312.8421,0.0,run_0023,ok
0.975937,1.212348,1.271296,,1.102852,0.986184,,1.0,1.0,0.876574,0.962851,1.423342,1.013935,False,1153373.5428,0.983819,0.001827,0.014354,355.0768,1150362.3147,0.771467,17832.117,1401184.1613,1553.7205,39663.3451,40149.1505,40149.1505,17472.995,3098.5916,1378512.237,1398624.5168,1163457.1791,2582.1657,2559.6444,1198.6437,41393.3932,20112.2798,0.0,run_0024,ok
1.012938,1.087011,0.801438,,1.224951,1.024777,,1.0,1.0,1.041863,0.972252,0.892747,1.140035,False,887104.2729,0.972979,0.002689,0.024333,472.471,873668.1067,0.71763,13442.4351,1087310.9442,1673.2352,43634.9312,43857.7395,43857.7395,18681.0525,3706.188,1057930.5289,1084387.5292,904387.1373,2693.1334,2923.415,1200.7642,48269.8021,26457.0002,0.0,run_0025,ok
0.882889,1.030012,1.058211,,1.215977,0.820084,,1.0,1.0,1.050253,0.925472,1.257282,1.054579,False,1158564.5541,0.983077,0.001774,0.015149,420.6413,1145742.085,0.722224,14306.6164,1407912.7812,1514.3204,35992.7746,36613.2089,36613.2089,14402.2188,2959.7299,1384086.6408,1405415.3711,1169504.5327,2512.1515,2497.4101,1093.6791,42418.9216,21328.7303,0.0,run_0026,ok
0.974701,1.02625,1.006914,,1.02984,1.038253,,1.0,1.0,0.953364,0.956913,1.290512,0.919943,False,1005048.5857,0.982373,0.002071,0.015556,360.3018,998147.552,0.765756,14315.4967,1221708.6826,1538.1442,41729.4157,42139.9157,42139.9157,18327.8021,3003.0495,1200174.0642,1219178.4647,1016521.3773,2523.7404,2530.2179,1177.8424,42730.3909,19004.4005,0.0,run_0027,ok
0.932378,0.938562,1.08866,,0.966911,1.056904,,1.0,1.0,1.201035,0.954495,1.163068,0.95656,False,1236453.6901,0.983602,0.001779,0.01462,435.2533,1221828.0005,0.710836,16277.9805,1501582.6337,1505.2124,40839.9508,41489.1817,41489.1817,17911.0284,3123.1123,1476959.0157,1498911.9196,1250154.1543,2547.7994,2670.7141,1069.9591,47567.3279,21952.9039,0.0,run_0028,ok
0.918486,1.190395,1.153561,,0.814834,0.895877,,1.0,1.0,0.885172,1.275802,1.475136,1.039429,False,1059927.015,0.981632,0.001728,0.01664,301.1667,1051196.184,0.763297,15379.4673,1287896.5483,1272.3413,37855.9454,37915.6196,37915.6196,15784.4275,2723.7983,1264240.8744,1285671.6138,1068834.0226,2799.2992,2224.9345,971.1746,42511.1441,21430.7394,0.0,run_0029,ok
1.252062,1.050432,0.737525,,1.068996,1.035618,,1.0,1.0,1.165429,1.142081,0.894575,1.01101,False,880134.9184,0.971496,0.002979,0.025525,367.2993,857070.1443,0.76535,16501.5895,1077586.8116,1565.3067,48082.8226,49341.8927,49341.8927,16443.216,3857.0729,1046871.0362,1074376.5674,896940.3029,2997.631,3210.2442,1198.0073,56216.8613,27505.5313,0.0,run_0030,ok
0.838804,1.016416,0.921411,,0.855475,0.844143,,1.0,1.0,1.134367,1.20429,1.133061,0.98954,False,1053819.9286,0.98204,0.00194,0.01602,254.6181,1039139.1563,0.798576,16021.6727,1279668.0575,1264.0909,35258.3656,37914.6229,37914.6229,15168.7852,2913.7321,1256685.119,1277185.987,1063181.8546,2762.2333,2482.0705,1009.4728,42831.6131,20500.868,0.0,run_0031,ok
1.169465,1.133563,0.828894,,0.917984,0.99654,,1.0,1.0,1.056534,1.065769,0.921051,1.139667,False,940617.228,0.971768,0.00263,0.025602,260.7414,919542.6022,0.816886,15451.3197,1153118.6594,1423.9272,45750.1687,46923.8282,46923.8282,16404.6507,3909.7975,1120563.497,1150085.4737,957238.8659,2792.8189,3033.1856,1163.1858,53420.8232,29521.9767,0.0,run_0032,ok
1.08418,1.015927,0.977459,,1.044423,0.917145,,1.0,1.0,1.005953,1.114711,0.729171,0.982213,False,1035316.279,0.979033,0.002299,0.018669,328.6138,1015042.5882,0.774755,10761.4389,1261281.7854,1458.9162,42643.745,42889.1103,42889.1103,14977.2062,3355.5938,1234835.93,1258382.4706,1052715.4793,2826.5511,2899.3148,1130.3024,49748.8297,23546.5406,0.0,run_0033,ok
1.025868,0.863269,0.85146,,1.014004,1.127452,,1.0,1.0,0.831096,1.179955,1.283765,0.895022,False,753218.2196,0.977095,0.002648,0.020257,506.3649,751327.2882,0.682073,18263.2732,918441.108,1592.7079,41648.272,42063.677,42063.677,18976.437,2873.3664,897404.2982,916009.4242,764484.8471,2731.1475,2431.6838,1086.343,42674.7106,18605.126,0.0,run_0034,ok
0.911932,0.836025,1.101055,,1.165116,0.894458,,1.0,1.0,0.975573,1.15545,1.214429,1.244294,False,1116263.483,0.979773,0.001724,0.018503,495.0423,1108079.1363,0.676825,16336.3362,1360234.5443,1531.8082,37786.2865,38289.2439,38289.2439,16221.7754,3209.7083,1332720.959,1357889.6112,1125672.7411,2662.4542,2344.9331,1036.7659,41752.6645,25168.6522,0.0,run_0035,ok
1.234556,1.115444,1.1539,,1.187655,1.143888,,1.0,1.0,1.168168,0.924319,1.110468,1.022549,False,1325979.8984,0.979868,0.002079,0.018053,385.6285,1302333.6078,0.777618,17556.2269,1616047.304,1734.0851,50603.741,52144.4175,52144.4175,20210.0176,4106.026,1583513.0891,1612687.6175,1344662.5671,2818.5924,3359.6865,1348.4566,59070.914,29174.5284,0.0,run_0036,ok
1.115433,0.919146,1.104366,,1.111327,1.143576,,1.0,1.0,0.849786,1.198129,0.982355,1.148555,False,984001.563,0.975872,0.002339,0.021789,456.4891,980004.9857,0.727808,18010.0025,1203126.5171,1677.0841,45552.3921,45983.5225,45983.5225,19979.3417,3754.8146,1174097.4753,1200312.5991,999645.3026,2856.3033,2813.9181,1220.595,46839.6915,26215.1238,0.0,run_0037,ok
0.934381,1.108068,0.902404,,1.118301,0.987845,,1.0,1.0,0.903969,0.949142,1.262171,1.224843,False,856678.2584,0.974438,0.002431,0.023131,370.6812,852638.3416,0.763362,15813.0221,1049323.6885,1566.4461,39907.5392,40321.1504,40321.1504,17597.286,3441.6876,1022500.9672,1046773.106,868234.4492,2543.8843,2550.5826,1195.7648,41264.2066,24272.1388,0.0,run_0038,ok
1.045966,0.96822,1.24175,,1.222799,0.924148,,1.0,1.0,0.848646,1.157357,0.980683,0.952235,False,1092760.0759,0.982663,0.002042,0.015295,446.7481,1085660.148,0.720221,15689.0567,1327763.2775,1596.7918,41852.1424,42241.7747,42241.7747,15622.9347,3179.5751,1304743.5383,1325051.874,1105651.3522,2787.9046,2711.4036,1150.0438,44096.7486,20308.3356,0.0,run_0039,ok
0.918595,0.839687,0.979681,,0.879282,1.217879,,1.0,1.0,1.036243,1.233367,0.866379,1.27924,False,1056797.7625,0.976512,0.002022,0.021466,490.3669,1044546.3617,0.685615,12559.5036,1291115.8822,1559.7635,40757.2539,41108.6502,41108.6502,17559.5598,3605.7747,1260789.802,1288505.1741,1070047.5012,2794.5081,2610.7081,1069.3966,44505.2853,27715.3721,0.0,run_0040,ok
0.914126,1.071049,0.717448,,0.963316,1.023931,,1.0,1.0,1.098212,1.029285,1.103117,0.994014,False,835451.4054,0.975742,0.002639,0.021619,362.6346,822132.7011,0.754648,14299.4395,1020273.3279,1478.015,40164.7434,40748.7154,40748.7154,17463.0335,3170.921,995523.039,1017580.4888,849584.9583,2649.2369,2692.839,1115.3803,46061.9619,22057.4498,0.0,run_0041,ok
0.812229,1.05416,0.943795,,1.056511,0.956047,,1.0,1.0,1.194341,1.103258,1.164996,1.067176,False,1074726.0877,0.980843,0.001987,0.01717,457.9884,1058585.326,0.69403,13994.7011,1307531.214,1496.84,35962.5691,37215.7994,37215.7994,15722.8063,3060.922,1282483.4508,1304933.1142,1085766.9506,2751.2632,2598.0999,1038.8516,43968.9557,22449.6634,0.0,run_0042,ok
0.969132,0.93069,0.851366,,0.935948,0.971129,,1.0,1.0,0.977177,0.973298,1.165189,1.209012,False,882315.5465,0.974647,0.002293,0.023059,323.8069,873992.8043,0.771708,13873.9336,1080104.2332,1418.3885,40645.2011,41153.7269,41153.7269,17472.9639,3419.278,1052720.6038,1077627.2631,894088.7379,2481.0425,2476.9701,1094.5816,42468.952,24906.6593,0.0,run_0043,ok
1.014743,0.708548,0.927254,,1.036927,0.932747,,1.0,1.0,1.005156,1.179256,1.140733,1.280364,False,984251.5517,0.974439,0.002028,0.023533,442.549,972089.0268,0.697907,15321.7273,1204337.258,1464.945,40595.4523,41114.6635,41114.6635,16000.5565,3484.4073,1173553.2442,1201895.332,995970.2487,2664.1273,2441.926,1022.396,45336.881,28342.0878,0.0,run_0044,ok
0.991845,1.16663,1.108387,,0.982115,0.896128,,1.0,1.0,1.007567,1.016713,1.128358,1.082504,False,1164214.4516,0.981415,0.001909,0.016676,261.5551,1150511.1934,0.812766,13724.723,1416454.1784,1396.9432,39925.2069,40600.0537,40600.0537,15251.8538,3327.1584,1390128.8121,1413749.9861,1177162.01,2636.5556,2704.1924,1135.3882,45339.9211,23621.1739,0.0,run_0045,ok
1.088351,1.057313,0.901085,,0.94563,1.119213,,1.0,1.0,0.930266,1.065354,1.059751,0.900874,False,890624.5397,0.978826,0.002539,0.018634,339.4135,890435.0769,0.778988,23663.273,1085212.2318,1535.727,46186.242,46585.4587,46585.4587,19911.4758,3292.0006,1062234.4632,1082456.4409,902609.9469,2684.1352,2755.7909,1196.3135,46062.9015,20221.9777,0.0,run_0046,ok
0.973129,1.041848,0.887078,,1.13554,0.814495,,1.0,1.0,0.941113,1.019412,0.942409,0.854139,False,884251.6706,0.980506,0.002505,0.016988,280.5395,868995.927,0.80657,14997.6316,1075534.9048,1450.3385,37869.4604,38383.584,38383.584,13407.341,2855.5223,1054568.7218,1072840.1794,895988.3592,2659.0011,2694.7254,1169.799,44717.5919,18271.4576,0.0,run_0047,ok
1.096551,0.838513,0.976634,,0.731592,1.088278,,1.0,1.0,1.086583,1.072863,0.941984,1.051647,False,1113555.4865,0.979081,0.002022,0.018897,298.8284,1101592.6845,0.779223,14631.2561,1357086.3928,1353.5283,46009.8603,46443.9075,46443.9075,19601.0916,3563.1413,1328697.2552,1354342.2357,1131889.7061,2614.6422,2744.157,1054.6999,49764.1546,25644.9805,0.0,run_0048,ok
0.986641,1.110936,1.055386,,0.911792,1.134775,,1.0,1.0,0.932622,0.870865,1.060891,1.29956,False,1031024.5429,0.976365,0.002053,0.021582,439.9708,1030405.7132,0.710951,21869.9016,1261310.4033,1522.1342,42906.7265,43402.2658,43402.2658,18625.0141,3786.5912,1231499.8162,1258721.3134,1042805.8696,2373.2305,2589.0898,1082.1634,43106.8528,27221.4973,0.0,run_0049,ok
1.001437,1.125365,1.014723,,1.03595,1.07521,,1.0,1.0,1.257384,1.172383,1.358635,1.088405,False,1163314.8351,0.978725,0.002094,0.019181,429.1776,1144483.4553,0.726669,17301.0229,1417738.826,1570.1752,43104.3166,46637.017,46637.017,18349.5166,3744.2498,1387576.079,1414770.048,1177288.5748,2988.8461,2968.778,1140.9976,51693.2344,27193.969,0.0,run_0050,ok
1.094687,1.006459,1.040799,,0.910958,1.044616,,1.0,1.0,1.175828,0.960994,1.0416,1.151962,False,1195538.7672,0.977718,0.002042,0.020241,284.8072,1177782.1962,0.804183,19516.1813,1459611.4576,1454.4582,45300.8889,47560.6562,47560.6562,18595.3313,3940.6619,1427087.6983,1456631.094,1211410.262,2649.7049,2980.3636,1169.651,52833.1244,29543.3957,0.0,run_0051,ok
0.857821,0.904027,1.065289,,0.939891,1.012298,,1.0,1.0,0.96571,0.964838,0.961868,0.896426,False,1066862.5995,0.985,0.001852,0.013148,410.3091,1059167.2759,0.717406,11964.6222,1293939.1897,1451.9406,37703.6196,38080.6316,38080.6316,16359.9118,2755.9459,1274530.0692,1291543.1722,1078463.3584,2411.4229,2396.0175,1041.6315,39241.5977,17013.103,0.0,run_0052,ok
0.975002,1.169122,1.026384,,0.973568,0.892951,,1.0,1.0,1.09015,1.038068,1.013214,0.887792,False,1168589.7597,0.983879,0.001947,0.014174,256.3575,1150942.7165,0.815334,12870.07,1417759.3657,1388.2235,39714.7099,40341.97,40341.97,15540.0251,3022.9168,1394903.6262,1414998.4756,1182878.4667,2684.2993,2760.89,1131.866,47102.4026,20094.8494,0.0,run_0053,ok
1.089347,1.137583,1.208444,,0.732578,0.951628,,1.0,1.0,1.086291,0.995034,1.193794,1.21457,False,1366194.3578,0.981363,0.001515,0.017122,230.9067,1350799.8496,0.815662,13387.9454,1662499.5932,1252.6282,42659.38,43195.5158,43195.5158,15522.7287,3519.4899,1631514.8975,1659980.6053,1381137.0821,2490.4736,2518.9879,1021.7215,48031.7563,28465.7078,0.0,run_0054,ok
0.98009,0.77228,0.945974,,0.899241,0.898736,,1.0,1.0,1.004794,1.056049,1.073917,1.153837,False,1000113.5073,0.977908,0.002003,0.020089,286.1145,986097.2739,0.786042,11591.0876,1220246.4676,1337.2454,39351.3582,39935.1107,39935.1107,15495.0715,3245.1073,1193288.5931,1217801.9686,1012553.5377,2523.7944,2444.499,1051.1309,43669.3818,24513.3756,0.0,run_0055,ok
0.76967,0.966315,1.019983,,0.851568,1.039244,,1.0,1.0,1.080617,1.017349,0.899024,1.021894,False,1139039.1802,0.984232,0.001701,0.014066,455.2574,1129321.9635,0.676271,14819.3317,1382182.5154,1406.2914,34279.3465,34744.4005,34744.4005,14745.4677,2759.8551,1360388.7583,1379831.101,1149863.3732,2463.0063,2351.4144,951.034,39563.1171,19442.3427,0.0,run_0056,ok
0.895189,0.942554,1.092687,,0.795138,0.961225,,1.0,1.0,0.85206,1.015843,0.880466,1.107186,False,966273.9709,0.980928,0.001936,0.017136,315.0558,964830.7511,0.758817,17107.5419,1176211.3819,1306.295,36348.837,36835.7785,36835.7785,16483.6404,2950.654,1153779.2122,1173934.8093,976838.9813,2393.1812,2276.5726,991.2392,37451.8421,20155.5971,0.0,run_0057,ok
1.012068,1.295927,0.950984,,0.821421,0.759068,,1.0,1.0,0.994712,0.958831,1.240712,1.156038,False,1001457.3898,0.978903,0.001842,0.019255,190.5404,985639.6586,0.837905,13828.1062,1219604.7599,1175.4887,35385.9604,35921.9973,35921.9973,8778.8896,2901.7209,1193875.2089,1217358.4348,1010401.7789,2408.2373,2246.3251,984.9483,42167.5704,23483.2259,0.0,run_0058,ok
0.760567,0.865616,0.850731,,1.204764,0.889433,,1.0,1.0,1.070918,1.107997,1.126773,1.170862,False,951203.2631,0.978804,0.001963,0.019233,585.09,938022.9056,0.624355,12027.1416,1159378.8024,1557.559,33366.1556,33986.0683,33986.0683,14564.4654,2856.9945,1134804.2209,1157102.6901,960675.7293,2591.8278,2276.1123,972.469,39667.4676,22298.4691,0.0,run_0059,ok
1.034114,1.08699,0.843582,,1.095163,0.873787,,1.0,1.0,1.077332,1.087679,0.928717,1.076508,False,964273.8263,0.976269,0.002449,0.021282,341.122,945915.5476,0.767058,14561.2757,1177334.8381,1464.4066,40537.8492,41863.3139,41863.3139,14507.6779,3460.5469,1149394.9731,1174451.152,979133.3165,2824.3954,2883.6861,1123.2846,48498.0194,25056.179,0.0,run_0060,ok
1.213231,0.967204,1.073511,,0.936965,1.059007,,1.0,1.0,1.135365,0.850674,0.86107,1.307984,False,1236249.7049,0.975001,0.002023,0.022976,389.5299,1215220.8279,0.737603,14775.1892,1514138.6626,1484.5042,48292.1281,48700.6014,48700.6014,17749.9524,4358.4995,1476287.0509,1511076.0367,1255102.4703,2526.2506,3062.6259,1094.9743,54791.2834,34788.9858,0.0,run_0061,ok
1.03181,0.847614,1.246074,,1.09763,1.135844,,1.0,1.0,0.887176,0.900946,1.113861,1.127507,False,1148429.9682,0.98166,0.001749,0.016591,596.7343,1148351.8845,0.64077,19114.3049,1398380.9034,1661.1463,42486.0161,42844.2182,42844.2182,19161.9254,3352.5007,1372734.2703,1395934.9226,1161706.0726,2361.1568,2445.9808,1064.412,42219.6492,23200.6523,0.0,run_0062,ok
1.135451,1.121169,0.83783,,1.001794,0.947834,,1.0,1.0,1.119432,0.992502,1.021828,1.004183,False,981893.2709,0.976602,0.002492,0.020906,320.476,959856.1875,0.778988,14944.6078,1198312.0275,1450.0358,43809.2124,45222.7855,45222.7855,15387.3037,3554.3098,1170274.3543,1195325.8227,996395.117,2727.9753,2986.2048,1129.5599,51713.0812,25051.4684,0.0,run_0063,ok
1.221166,0.920488,1.114193,,0.979978,1.081101,,1.0,1.0,1.223307,1.090468,1.238242,1.104264,False,1283167.4711,0.978621,0.001975,0.019404,356.199,1261321.9731,0.767635,18059.9785,1564288.2049,1532.9275,48325.7532,50904.1032,50904.1032,18394.1785,4049.4633,1530845.4872,1561198.8306,1299741.2755,2882.6112,3089.3742,1176.7285,56460.5027,30353.3434,0.0,run_0064,ok
1.125448,0.824897,1.154033,,0.919798,1.136624,,1.0,1.0,1.0368,1.099137,1.024847,1.04792,False,1251725.1493,0.981403,0.001862,0.016735,377.8085,1244026.758,0.75298,18713.9164,1523197.4973,1529.4639,47534.7305,47994.0845,47994.0845,20464.5525,3685.1229,1494869.9147,1520360.7527,1267708.8549,2705.9889,2836.7446,1151.6553,49684.4367,25490.838,0.0,run_0065,ok
0.880918,0.895401,1.109238,,0.771875,1.136206,,1.0,1.0,0.956161,0.994676,1.1052,1.041573,False,1100133.3848,0.983423,0.00168,0.014897,457.9042,1095137.3863,0.677336,14520.6408,1336272.4051,1419.1352,38294.7408,38779.1,38779.1,16566.1379,2901.0977,1314120.702,1334027.0313,1110497.6498,2379.2334,2245.3738,961.231,39197.0679,19906.3292,0.0,run_0066,ok
0.824138,1.07553,0.996554,,0.742746,1.203311,,1.0,1.0,0.984483,0.966213,1.154274,1.230521,False,1020882.5627,0.98061,0.001664,0.017727,513.4547,1016038.377,0.645252,13523.4083,1242970.4291,1447.3799,35792.1225,36126.9137,36126.9137,15252.7459,2932.7877,1218868.75,1240902.4312,1029802.337,2286.7875,2067.9979,933.9252,36792.2582,22033.6812,0.0,run_0067,ok
0.899718,1.064462,0.93477,,1.10694,0.82942,,1.0,1.0,1.109539,1.023636,1.123651,1.127505,False,1072052.3893,0.979446,0.002061,0.018493,364.5914,1057357.8609,0.746841,18477.1718,1306266.3364,1440.1678,36736.0181,39299.3209,39299.3209,14693.4161,3324.4674,1279416.8101,1303573.7103,1082562.2144,2690.4917,2692.6262,1075.5763,44714.2522,24156.9002,0.0,run_0068,ok
1.068729,0.920828,0.912727,,1.08615,0.944013,,1.0,1.0,1.049467,1.006445,1.066836,1.044448,False,1013136.2463,0.977686,0.002264,0.02005,375.8443,998130.7787,0.751086,16949.4967,1236177.9846,1509.9337,42570.9386,43226.1615,43226.1615,16136.4364,3427.131,1208593.924,1233379.8137,1027473.1031,2647.3461,2798.1709,1134.0895,49116.4914,24785.8898,0.0,run_0069,ok
0.897356,0.995222,1.077346,,1.093104,0.882557,,1.0,1.0,0.909843,1.036143,0.86939,0.95202,False,1017683.3312,0.982802,0.00207,0.015128,399.1021,1014327.5657,0.728391,17673.8477,1236568.938,1469.3979,38177.4125,38408.3499,38408.3499,16134.1128,2942.6139,1215302.0866,1234009.4724,1030534.1571,2593.4553,2559.4657,1070.2958,40865.8819,18707.3858,0.0,run_0070,ok
0.879721,0.750465,1.010422,,0.886926,0.902354,,1.0,1.0,1.240764,0.900263,0.960614,1.062232,False,1147829.6029,0.981945,0.001775,0.01628,391.6325,1132872.9983,0.705711,16043.0125,1395949.8012,1330.777,37410.1428,40352.3244,40352.3244,16357.2434,3159.3896,1370745.6992,1393472.4046,1160747.6249,2343.7543,2477.3966,939.1445,43992.9605,22726.7054,0.0,run_0071,ok
0.997251,1.148638,1.023109,,0.850766,1.146127,,1.0,1.0,0.965623,1.086957,1.077322,1.321456,False,1036863.4693,0.975401,0.002063,0.022536,368.1072,1030483.9665,0.752148,16213.069,1268462.6736,1485.1892,43260.5962,43860.5327,43860.5327,18668.5842,3853.3353,1237259.5732,1265845.8783,1049363.7801,2627.2943,2616.7953,1117.082,44332.781,28586.3051,0.0,run_0072,ok
1.121061,0.968565,0.815476,,1.197002,0.993243,,1.0,1.0,1.017882,0.871678,0.91035,1.033547,False,885841.2537,0.974743,0.002666,0.022591,488.1169,872038.1211,0.700357,13627.9683,1084099.3731,1628.9947,45109.9052,45438.7123,45438.7123,16891.632,3585.6404,1056718.6267,1081209.059,903442.5526,2506.843,2890.3141,1140.8779,48976.8128,24490.4323,0.0,run_0073,ok
0.846018,1.094087,1.033799,,0.93386,1.266913,,1.0,1.0,1.064239,1.043926,0.889228,0.880207,False,1143049.4706,0.985178,0.001861,0.012961,600.4985,1131917.4241,0.633132,13294.2245,1385459.7392,1636.8249,37870.9065,38248.0339,38248.0339,16169.2709,2837.1385,1364925.0357,1382881.3324,1155844.7366,2594.3959,2578.4068,1036.3264,42352.1053,17956.2968,0.0,run_0074,ok
1.25764,0.934454,1.03882,,0.982294,1.141349,,1.0,1.0,1.122831,1.012906,1.062998,0.964567,False,1201666.6698,0.979203,0.002172,0.018625,307.7007,1180026.0115,0.805186,16541.673,1464494.4214,1579.4595,50672.4738,51291.3571,51291.3571,19609.0284,3842.2509,1434037.5812,1461313.7899,1220830.743,2788.2793,3180.6315,1271.7588,58164.3866,27276.2087,0.0,run_0075,ok
0.868138,0.87688,0.81624,,0.894896,1.052769,,1.0,1.0,1.058018,0.944149,1.355211,1.150243,False,909122.7115,0.976851,0.002041,0.021107,450.8751,898154.1818,0.688746,13279.5789,1110510.9873,1448.5758,37981.7511,38367.4684,38367.4684,16375.2241,3016.4218,1084804.2402,1108244.226,920130.3528,2410.3437,2266.7613,997.7007,42156.7975,23439.9857,0.0,run_0076,ok
1.068781,0.985877,1.062786,,0.904122,1.070331,,1.0,1.0,0.816358,0.970663,1.096917,1.036848,False,910666.1463,0.979243,0.002205,0.018552,340.0791,909158.5936,0.768417,18461.3999,1110388.2761,1468.4994,40439.9451,40823.5769,40823.5769,16913.1314,3111.081,1087339.6613,1107939.7448,922057.5045,2453.7137,2448.5313,1128.4204,40937.1588,20600.0835,0.0,run_0077,ok
1.013681,1.048155,1.171602,,1.190731,0.976632,,1.0,1.0,1.193167,1.074561,1.112732,1.174343,False,1332359.6884,0.980468,0.001857,0.017675,397.2301,1314361.0524,0.753576,19126.2197,1622828.789,1611.9762,42335.4912,46087.475,46087.475,17750.2662,3922.629,1591132.1334,1619815.5018,1346443.7664,2870.9968,3013.2872,1214.7462,50617.4953,28683.3685,0.0,run_0078,ok
0.927925,0.849612,1.063277,,1.087426,1.021535,,1.0,1.0,1.138738,0.975389,0.899553,0.89257,False,1207988.789,0.984835,0.001792,0.013373,534.3774,1194841.6925,0.659315,14495.3731,1465232.3975,1568.5397,40734.166,41145.5568,41145.5568,17858.2105,2996.9315,1443011.6038,1462606.0908,1221607.8864,2503.8114,2626.3067,1034.1624,45304.4695,19594.487,0.0,run_0079,ok
0.978864,0.940869,0.912288,,0.820331,0.784705,,1.0,1.0,1.087774,1.024445,1.052998,1.282707,False,1047345.5284,0.977156,0.001908,0.020936,218.4452,1032331.4005,0.817009,14093.7625,1278392.4372,1193.7455,36141.0096,37289.4566,37289.4566,11565.5092,3315.4664,1249188.8824,1275953.8823,1059104.9793,2506.2962,2438.5549,975.3003,43185.0706,26764.9999,0.0,run_0080,ok
1.057123,0.920254,0.785098,,1.205881,1.291227,,1.0,1.0,0.895565,1.047572,1.243843,1.30439,False,754008.8713,0.967018,0.002772,0.03021,742.699,752184.7504,0.600103,18525.2452,929399.303,1857.2241,44041.4727,44441.0988,44441.0988,19801.6973,3798.517,898746.2993,926823.0161,766944.6373,2627.3901,2576.2869,1114.525,44250.2579,28076.7168,0.0,run_0081,ok
1.043604,0.997507,0.828155,,0.880743,1.026796,,1.0,1.0,1.108794,1.187799,1.126642,1.043517,False,964946.3903,0.975418,0.002426,0.022156,378.6217,947786.5307,0.733127,19094.2114,1178692.7505,1418.7321,43632.8299,44918.6815,44918.6815,18765.2634,3511.9531,1149718.2198,1175832.976,978097.6133,2889.4103,2859.7745,1040.1104,51559.4275,26114.7562,0.0,run_0082,ok
0.92777,1.200676,1.116811,,0.943649,1.065184,,1.0,1.0,0.986537,1.153918,1.136755,0.999993,False,1147187.4715,0.98254,0.00192,0.01554,332.4547,1135092.356,0.777484,13027.221,1393664.3271,1494.0695,40733.0383,41382.9318,41382.9318,17510.7406,3201.4637,1369331.3009,1390988.5678,1159620.0996,2779.6669,2675.7593,1161.6148,44797.3172,21657.267,0.0,run_0083,ok
1.004411,1.253756,1.051764,,1.226742,0.969725,,1.0,1.0,1.04022,0.979798,0.974744,1.038279,False,1140578.7507,0.98099,0.002129,0.016881,382.6583,1125659.4492,0.765761,10739.5703,1388568.7843,1633.6223,42592.0721,42889.1033,42889.1033,17675.4091,3504.0056,1362171.5914,1385612.2754,1157283.4323,2756.046,2956.5089,1250.964,47243.644,23440.684,0.0,run_0084,ok
1.09215,0.891417,1.015148,,1.090619,1.040334,,1.0,1.0,1.038063,0.990205,0.912179,1.024739,False,1107350.4201,0.980089,0.002097,0.017814,500.1378,1094251.7989,0.684435,13153.9747,1348994.495,1584.8963,45418.9319,45723.8902,45723.8902,18619.8842,3542.2958,1322134.2777,1346165.5522,1123624.0216,2595.6248,2828.9428,1084.7585,48235.5742,24031.2745,0.0,run_0085,ok
0.907542,0.868843,1.01566,,1.230476,1.034664,,1.0,1.0,1.195841,0.910194,1.152581,1.032778,False,1155849.5776,0.981837,0.001827,0.016336,647.604,1141905.3024,0.615596,15802.6562,1406112.7656,1684.6979,39734.0902,40350.454,40350.454,17440.1299,3141.2053,1380573.1555,1403544.0076,1169136.1456,2447.5459,2568.758,1037.0939,46084.7695,22970.8521,0.0,run_0086,ok
1.126178,0.999512,1.074143,,0.988202,0.845409,,1.0,1.0,1.040843,1.185717,1.444348,0.90576,False,1177230.4067,0.98378,0.00178,0.014441,271.7482,1158006.816,0.800734,13355.6987,1427261.1794,1363.7482,39338.4987,40014.5171,40014.5171,10214.3752,2843.8709,1404110.5027,1424720.97,1187162.5297,2856.1703,2540.2094,1092.0,47296.5421,20610.4673,0.0,run_0087,ok
0.962765,1.181409,1.002483,,0.909455,1.015795,,1.0,1.0,1.028579,1.245564,1.242881,0.981138,False,1082344.9681,0.981494,0.002005,0.016501,331.6563,1071025.0853,0.768381,14546.4888,1315217.983,1431.9047,41197.2842,41924.7857,41924.7857,17710.5496,3149.0011,1290878.5918,1312580.8246,1094185.001,2881.2508,2637.1584,1100.2484,45621.4685,21702.2328,0.0,run_0088,ok
1.00233,1.120275,0.925635,,0.973294,1.19121,,1.0,1.0,1.16546,1.12252,0.957487,1.219352,False,1064993.5747,0.974639,0.002272,0.023088,506.0539,1048201.0553,0.685651,14900.1953,1303117.6068,1609.8499,44575.6237,45062.6184,45062.6184,19282.9255,3913.5553,1270069.4767,1300156.281,1081115.4623,2853.7026,2961.3258,1103.7959,51027.5432,30086.8043,0.0,run_0089,ok
0.949243,1.016002,1.013325,,0.863546,1.011806,,1.0,1.0,0.972788,1.023316,1.479046,1.085143,False,1036027.2762,0.980455,0.001842,0.017703,351.4146,1029593.4394,0.748052,16580.6131,1261493.4993,1394.7931,40325.1554,40626.2769,40626.2769,17470.9491,3043.3994,1236837.1999,1259169.695,1045084.9117,2524.9019,2323.8043,1043.3784,42401.3267,22332.4951,0.0,run_0090,ok
1.098998,0.788637,1.085633,,1.022374,0.90504,,1.0,1.0,1.014171,1.086985,0.912783,0.996503,False,1155939.5345,0.981283,0.001924,0.016793,423.1058,1139591.0994,0.704847,17371.4565,1405875.9884,1433.5142,41614.9151,42391.8985,42391.8985,14348.5451,3248.6471,1379562.9007,1403171.7669,1169374.3953,2656.7574,2704.2215,1010.4083,48760.4891,23608.8662,0.0,run_0091,ok
0.998595,0.78163,1.000688,,1.120374,1.24124,,1.0,1.0,1.089724,1.075397,1.004451,1.187252,False,1139445.089,0.978565,0.001904,0.019531,723.846,1128761.2866,0.587893,14555.2168,1390170.1811,1756.4504,44043.968,44450.8706,44450.8706,18920.2611,3652.9602,1360371.6565,1387523.4343,1154316.0359,2610.7984,2646.7468,1032.6044,46803.845,27151.7778,0.0,run_0092,ok
1.076482,0.971654,1.050722,,1.007889,0.986787,,1.0,1.0,1.052063,1.010252,1.27567,1.223161,False,1161141.9014,0.977175,0.001968,0.020857,366.9214,1145234.5637,0.752672,15952.3088,1418591.827,1483.5403,43342.6703,44072.3951,44072.3951,17058.52,3761.3197,1386213.1271,1415800.1571,1175608.5988,2680.841,2791.6698,1116.6188,50070.5195,29587.03,0.0,run_0093,ok
1.136653,1.136971,1.140882,,1.064812,1.048943,,1.0,1.0,0.924242,0.984,1.389011,1.043178,False,1106668.9122,0.980355,0.002039,0.017605,320.9118,1098948.3593,0.795871,14884.1601,1348209.3054,1572.1053,45792.737,46265.4884,46265.4884,18095.1608,3515.3123,1321724.3988,1345459.7286,1120848.1219,2664.8422,2749.5768,1251.1934,47003.8167,23735.3298,0.0,run_0094,ok
0.810976,1.042335,1.180699,,1.148438,0.780386,,1.0,1.0,0.994938,1.110027,1.16457,0.994934,False,1209768.303,0.985269,0.001679,0.013051,275.1553,1196276.5257,0.808196,12031.0945,1466723.4147,1434.5629,33839.875,34461.6936,34461.6936,14192.3273,2754.2436,1445117.5114,1464260.1153,1219401.042,2704.5532,2463.2994,1159.4076,40405.4701,19142.6039,0.0,run_0095,ok
0.982599,1.065309,1.168153,,1.043241,1.148555,,1.0,1.0,1.28035,0.899219,1.024173,1.153472,False,1322922.5117,0.980436,0.00184,0.017724,466.5374,1302245.2369,0.713807,12657.0552,1611941.4652,1630.1483,43626.0529,45317.0429,45317.0429,19036.4083,3820.1114,1580405.5653,1608975.1426,1340995.3938,2610.2529,2966.3226,1163.6109,51390.23,28569.5773,0.0,run_0096,ok
1.020477,1.106748,0.87492,,0.861872,1.0095,,1.0,1.0,0.867817,0.993608,0.965346,1.178809,False,807405.2162,0.973641,0.002536,0.023823,334.5924,806499.8727,0.759603,18751.8472,988956.1988,1391.8329,40787.7546,41324.3336,41324.3336,17684.7295,3425.5761,962887.975,986448.3718,819619.9577,2464.8856,2507.827,1057.2405,41074.1447,23560.3968,0.0,run_0097,ok
0.988109,0.913813,0.91438,,1.174737,0.860503,,1.0,1.0,0.888864,0.955187,1.10998,1.223936,False,857000.1497,0.97412,0.002354,0.023526,396.2077,850412.5527,0.738254,16227.0651,1049724.1035,1513.7097,38998.9902,39457.6263,39457.6263,14475.4806,3351.8457,1022557.0366,1047253.1028,868718.1356,2465.473,2471.0007,1117.5021,41789.5968,24696.0662,0.0,run_0098,ok
0.949403,1.027535,1.045067,,0.868629,0.981978,,1.0,1.0,0.830655,1.080095,1.301213,1.183463,False,905939.5837,0.976907,0.00211,0.020983,281.2687,902942.7025,0.795647,17224.1525,1106558.1928,1376.389,39154.3808,39616.8425,39616.8425,17266.6425,3194.0989,1081004.398,1104223.0678,915497.3865,2569.5062,2335.125,1095.1203,40427.023,23218.6698,0.0,run_0099,ok
0.906633,1.022414,1.023352,,0.963144,0.994919,,1.0,1.0,1.00614,0.941144,1.251246,0.973239,False,1074418.293,0.982998,0.001876,0.015126,353.0729,1065843.0482,0.757556,13958.3972,1305498.0499,1456.3094,39372.367,39847.5897,39847.5897,17216.6749,2949.9608,1283301.8186,1303048.6001,1085847.123,2467.0008,2449.4498,1103.2364,42037.9831,19746.7815,0.0,run_0100,ok
1.062185,1.085618,0.793957,,0.922276,1.020478,,1.0,1.0,1.266891,1.073581,1.406073,0.988222,False,930147.1903,0.975744,0.002507,0.021749,356.9599,911720.648,0.752956,18506.2715,1135010.6643,1444.9233,43308.7041,47323.4181,47323.4181,17249.43,3516.0753,1107480.0058,1132165.426,944083.8818,2807.2703,2845.2383,1087.9634,51428.7973,24685.4202,0.0,run_0101,ok
0.951829,1.044249,1.038773,,1.109723,1.034052,,1.0,1.0,1.057021,0.969173,1.304199,1.052458,False,1146046.5531,0.981284,0.001918,0.016798,430.514,1134813.3014,0.729989,15793.3453,1394957.7424,1594.4327,41418.6083,41987.6251,41987.6251,18152.9441,3296.1755,1368849.3046,1392281.9204,1159237.8063,2623.065,2675.822,1163.9187,46289.844,23432.6158,0.0,run_0102,ok
1.047693,0.935813,0.981688,,1.04132,1.168139,,1.0,1.0,1.080147,1.144278,1.130775,1.1412,False,1114776.446,0.97744,0.002118,0.020443,443.3579,1103050.9104,0.7302,17294.9104,1361022.758,1643.2851,45788.2249,46352.7845,46352.7845,19925.6748,3787.3222,1330317.5607,1358140.7532,1129803.7677,2843.3918,2882.0048,1199.9272,50196.645,27823.1925,0.0,run_0103,ok
0.854236,1.012065,1.228363,,1.086802,0.877807,,1.0,1.0,1.048875,0.971788,0.847078,1.146556,False,1324927.0856,0.983756,0.001614,0.01463,384.7045,1311507.6965,0.736716,13304.8887,1609817.551,1461.1779,37056.2003,37355.0429,37355.0429,15995.4308,3204.3143,1583667.4049,1607218.9431,1338142.5553,2554.0161,2598.6078,1076.4734,42932.2911,23551.5382,0.0,run_0104,ok
1.113366,1.086413,0.946919,,1.12236,0.994504,,1.0,1.0,1.034723,0.960303,1.239595,1.255906,False,1037133.2157,0.973985,0.002303,0.023711,331.4523,1022540.6499,0.789476,15005.0237,1270899.5246,1574.4176,44540.3784,45223.263,45223.263,16926.6735,3980.8261,1237837.593,1267972.1805,1052401.0899,2683.893,2927.344,1242.9653,49803.3435,30134.5876,0.0,run_0105,ok
1.239913,1.223244,1.112452,,1.141335,1.077197,,1.0,1.0,0.907317,1.229113,0.883798,1.30563,False,1062531.1402,0.972225,0.002469,0.025306,284.1722,1052923.5117,0.827778,17602.1697,1303579.5719,1650.0332,49628.5092,49755.3486,49755.3486,17899.4647,4492.6587,1267373.2181,1300361.4408,1080043.1778,3101.7107,3218.1311,1365.8609,52199.178,32988.2227,0.0,run_0106,ok
1.057145,1.026542,1.121213,,0.986114,1.057326,,1.0,1.0,0.991252,1.036345,0.757797,1.175865,False,1158221.1205,0.978533,0.00204,0.019428,334.2407,1145680.7246,0.780077,11901.1378,1413424.3747,1519.8085,45294.509,45389.4681,45389.4681,19058.2655,3831.0207,1383081.7586,1410541.3368,1176709.8532,2692.5636,2883.0379,1185.5678,48165.5104,27459.5782,0.0,run_0107,ok
1.176493,0.899615,0.806673,,1.155647,1.019025,,1.0,1.0,1.205363,0.850025,0.936891,0.914024,False,946176.71,0.976715,0.002612,0.020674,468.7763,921791.4063,0.710169,12699.2558,1154948.302,1617.4123,46513.7181,48303.6414,48303.6414,17142.898,3542.0566,1128054.9385,1151931.7904,964664.5722,2530.473,3016.5116,1148.636,53838.4603,23876.8519,0.0,run_0108,ok
0.934063,0.997779,0.832267,,0.858619,1.201649,,1.0,1.0,1.137452,1.002081,0.969306,1.252531,False,961114.7325,0.974132,0.002257,0.023611,488.8481,949693.4106,0.680976,16276.6497,1176875.023,1532.3243,41446.3195,41944.8196,41944.8196,17819.0284,3653.2507,1146432.0969,1174219.1272,974266.9922,2542.839,2655.8959,1043.4762,45715.0231,27787.0303,0.0,run_0109,ok
0.974669,1.084613,0.866776,,1.084977,1.201386,,1.0,1.0,1.169957,1.077678,1.032515,0.927592,False,1000765.9206,0.979141,0.002413,0.018446,472.1265,984261.162,0.722357,16190.5428,1218919.7292,1700.4825,43538.7388,43994.3587,43994.3587,18841.6649,3324.1986,1193494.4651,1215978.2499,1015360.0678,2829.5735,2941.4793,1228.356,50352.4008,22483.7848,0.0,run_0110,ok
0.958255,0.982505,1.20566,,1.206586,0.776739,,1.0,1.0,1.003745,1.002036,1.048047,0.909007,False,1253811.9653,0.98579,0.001697,0.012513,402.3359,1236622.2822,0.727248,13368.4441,1519356.9732,1475.098,36110.0546,36808.5846,36808.5846,11937.9384,2813.678,1497766.9595,1516778.7514,1264675.859,2595.8179,2578.2218,1072.762,43735.9766,19011.7919,0.0,run_0111,ok
0.967703,0.884839,0.848286,,1.236847,0.954089,,1.0,1.0,1.15275,1.0386,1.145419,0.90919,False,980753.722,0.980013,0.002265,0.017722,599.0035,963113.2722,0.632402,16055.3375,1193391.7064,1629.5086,40465.4738,42341.7873,42341.7873,17385.9856,3093.547,1169539.3469,1190689.0679,993491.0126,2663.4447,2702.6385,1030.5051,48094.8968,21149.721,0.0,run_0112,ok
1.1041,0.909386,0.850553,,1.030716,0.762003,,1.0,1.0,1.14902,1.068172,1.132723,1.038243,False,997544.8998,0.980299,0.002038,0.017662,386.4623,981994.7917,0.710154,13383.6239,1212123.3074,1333.3348,37275.2931,38039.6415,38039.6415,7604.585,2994.0898,1188243.7362,1209652.5358,1006199.3494,2608.5514,2470.7716,946.8725,42796.943,21408.7995,0.0,run_0113,ok
0.943189,0.862972,1.166193,,0.897158,1.14685,,1.0,1.0,1.044435,0.94393,1.193508,0.890737,False,1261425.0564,0.985842,0.001607,0.012551,467.5704,1253010.8989,0.692435,16270.7082,1529125.1686,1520.2309,41338.8503,41834.6945,41834.6945,17857.8193,2896.6315,1507475.9273,1526667.4729,1274272.0146,2440.1774,2457.6958,1052.6606,44362.3533,19191.5456,0.0,run_0114,ok
1.052999,0.768121,0.751719,,0.912409,0.877227,,1.0,1.0,0.816839,0.914014,0.886347,1.215656,False,657991.948,0.968406,0.002893,0.028701,352.0038,655365.6209,0.735543,15333.8884,809801.1574,1331.0418,40023.575,40365.1849,40365.1849,13913.8269,3343.2224,784216.4147,807458.2893,669699.5935,2274.2126,2342.8681,979.038,39108.3045,23241.8746,0.0,run_0115,ok
1.00793,1.086037,0.992787,,0.797118,1.084383,,1.0,1.0,1.122511,0.932002,0.978756,0.968973,False,1139432.7982,0.981718,0.001949,0.016333,389.7882,1127838.7471,0.721454,18286.9015,1385578.3338,1399.3664,43757.989,44321.4239,44321.4239,18906.347,3315.3529,1360247.7664,1382878.0228,1153427.9984,2449.7043,2700.311,1009.5782,47932.5254,22630.2564,0.0,run_0116,ok
1.102467,1.145263,1.006506,,1.200878,0.78835,,1.0,1.0,1.117524,1.027192,0.861781,1.058206,False,1163738.1463,0.981766,0.001983,0.016251,352.4789,1145680.6071,0.761756,13250.9217,1413737.5411,1479.4883,38476.6652,38971.6627,38971.6627,8917.8399,3268.2321,1387960.0472,1410934.7129,1175772.7745,2737.3883,2802.8282,1127.0095,45547.7064,22974.6657,0.0,run_0117,ok
0.997066,1.172509,0.815014,,0.96887,1.062298,,1.0,1.0,1.01488,1.020442,0.820823,1.307082,False,877509.6647,0.970498,0.002607,0.026896,420.167,867561.512,0.721869,12986.2021,1078018.7428,1510.6812,43719.0105,43914.8253,43914.8253,18681.6705,3955.6293,1046214.6513,1075208.6967,893800.4476,2642.0177,2810.046,1090.5142,45812.3779,28994.0454,0.0,run_0118,ok
0.941937,1.268903,1.009312,,1.043005,1.014876,,1.0,1.0,0.889884,0.965836,0.825554,1.093392,False,936753.7933,0.978391,0.002334,0.019275,413.0023,930138.418,0.730161,13222.6464,1142938.5678,1530.549,40640.575,40796.6433,40796.6433,17656.5432,3348.6719,1118240.4777,1140270.9544,951092.3327,2559.7592,2667.6135,1117.5467,41876.5943,22030.4766,0.0,run_0119,ok
1.096072,1.075838,0.896734,,1.13722,1.049331,,1.0,1.0,1.013744,1.088498,0.854282,1.09227,False,964100.0365,0.975039,0.002561,0.0224,418.4693,955808.2671,0.742678,18824.3868,1179228.7718,1626.2473,46117.8097,46302.9126,46302.9126,18916.7338,3791.2376,1149794.1691,1176208.3479,981934.7126,2850.0014,3020.4238,1207.778,50066.4616,26414.1789,0.0,run_0120,ok
