day,node_id,item_id,capacity_qty_per_day,used_qty,remaining_capacity_qty,utilization
0,SDC-1450,item:007923,428.571429,64.96,363.611429,0.151573
0,SDC-1450,item:693055,25.714286,8.12,17.594286,0.315778
0,SDC-1450,item:773474,500000.0,180.0,499820.0,0.00036
0,SDC-VD0500655A,item:002612,25.714286,0.00203,25.712256,7.9e-05
0,SDC-VD0505677A,item:099439,65.625,0.0406,65.5844,0.000619
0,SDC-VD0508918A,item:730384,25.714286,4.24,21.474286,0.164889
0,SDC-VD0514881A,item:016332,25.714286,0.009744,25.704542,0.000379
0,SDC-VD0518684A,item:001893,25.714286,0.015428,25.698858,0.0006
0,SDC-VD0519670A,item:001848,102.564103,0.017052,102.547051,0.000166
0,SDC-VD0519670A,item:029313,25.714286,0.000812,25.713474,3.2e-05
0,SDC-VD0520115A,item:708073,25.714286,0.1586,25.555686,0.006168
0,SDC-VD0520132A,item:038005,35.460993,0.349984,35.111009,0.00987
0,SDC-VD0520132A,item:049371,25.714286,0.030044,25.684242,0.001168
0,SDC-VD0525412A,item:333362,45.454545,20.0,25.454545,0.44
0,SDC-VD0901566A,item:338928,31.25,20.0,11.25,0.64
0,SDC-VD0910216A,item:001893,25.714286,0.107996,25.60629,0.0042
0,SDC-VD0910216A,item:002612,25.714286,0.02842,25.685866,0.001105
0,SDC-VD0914320A,item:055703,25.714286,0.001137,25.713149,4.4e-05
0,SDC-VD0914360C,item:338929,31.25,20.0,11.25,0.64
0,SDC-VD0914690A,item:042342,1885.6875,180.0,1705.6875,0.095456
0,SDC-VD0949099A,item:021081,5587.5,0.0,5587.5,0.0
0,SDC-VD0951020A,item:001757,25.714286,0.03248,25.681806,0.001263
0,SDC-VD0951020A,item:001848,58.252427,0.007308,58.245119,0.000125
0,SDC-VD0960508A,item:021081,5587.5,0.0,5587.5,0.0
0,SDC-VD0964290A,item:055703,25.714286,0.000487,25.713799,1.9e-05
0,SDC-VD0972460A,item:021081,5587.5,0.0,5587.5,0.0
0,SDC-VD0975221A,item:021081,5587.5,0.0,5587.5,0.0
0,SDC-VD0989480A,item:426331,25.714286,0.22,25.494286,0.008556
0,SDC-VD0990780A,item:002612,25.714286,0.00812,25.706166,0.000316
0,SDC-VD0993480A,item:344135,31.25,20.0,11.25,0.64
0,SDC-VD1091642A,item:001893,25.714286,0.030856,25.68343,0.0012
0,SDC-VD1091642A,item:002612,25.714286,0.00203,25.712256,7.9e-05
0,SDC-VD1095770A,item:734545,25.714286,0.16,25.554286,0.006222
0,SDC-VD1096202A,item:039668,25.714286,0.000812,25.713474,3.2e-05
1,SDC-1450,item:007923,428.571429,74.704,353.867429,0.174309
1,SDC-1450,item:693055,25.714286,9.338,16.376286,0.363144
1,SDC-1450,item:773474,500000.0,36.0,499964.0,7.2e-05
1,SDC-VD0500655A,item:002612,25.714286,0.002334,25.711951,9.1e-05
1,SDC-VD0505677A,item:099439,65.625,0.04669,65.57831,0.000711
1,SDC-VD0508918A,item:730384,25.714286,4.876,20.838286,0.189622
1,SDC-VD0514881A,item:016332,25.714286,0.011206,25.70308,0.000436
1,SDC-VD0518684A,item:001893,25.714286,0.017742,25.696544,0.00069
1,SDC-VD0519670A,item:001848,102.564103,0.01961,102.544493,0.000191
1,SDC-VD0519670A,item:029313,25.714286,0.000934,25.713352,3.6e-05
1,SDC-VD0520115A,item:708073,25.714286,0.18239,25.531896,0.007093
1,SDC-VD0520132A,item:038005,35.460993,0.402481,35.058512,0.01135
1,SDC-VD0520132A,item:049371,25.714286,0.034551,25.679735,0.001344
1,SDC-VD0525412A,item:333362,45.454545,23.0,22.454545,0.506
1,SDC-VD0901566A,item:338928,31.25,23.0,8.25,0.736
1,SDC-VD0910216A,item:001893,25.714286,0.124195,25.59009,0.00483
1,SDC-VD0910216A,item:002612,25.714286,0.032683,25.681603,0.001271
1,SDC-VD0914320A,item:055703,25.714286,0.001307,25.712978,5.1e-05
1,SDC-VD0914360C,item:338929,31.25,23.0,8.25,0.736
1,SDC-VD0914690A,item:042342,1885.6875,0.0,1885.6875,0.0
1,SDC-VD0949099A,item:021081,5587.5,0.225288,5587.274712,4e-05
1,SDC-VD0951020A,item:001757,25.714286,0.037352,25.676934,0.001453
1,SDC-VD0951020A,item:001848,58.252427,0.008404,58.244023,0.000144
1,SDC-VD0960508A,item:021081,5587.5,0.064368,5587.435632,1.2e-05
1,SDC-VD0964290A,item:055703,25.714286,0.00056,25.713725,2.2e-05
1,SDC-VD0972460A,item:021081,5587.5,0.016092,5587.483908,3e-06
1,SDC-VD0975221A,item:021081,5587.5,0.016092,5587.483908,3e-06
1,SDC-VD0989480A,item:426331,25.714286,0.253,25.461286,0.009839
1,SDC-VD0990780A,item:002612,25.714286,0.009338,25.704948,0.000363
1,SDC-VD0993480A,item:344135,31.25,23.0,8.25,0.736
1,SDC-VD1091642A,item:001893,25.714286,0.035484,25.678801,0.00138
1,SDC-VD1091642A,item:002612,25.714286,0.002334,25.711951,9.1e-05
1,SDC-VD1095770A,item:734545,25.714286,0.184,25.530286,0.007156
1,SDC-VD1096202A,item:039668,25.714286,0.000934,25.713352,3.6e-05
2,SDC-1450,item:007923,428.571429,81.2,347.371429,0.189467
2,SDC-1450,item:693055,25.714286,10.15,15.564286,0.394722
2,SDC-1450,item:773474,500000.0,43.2,499956.8,8.6e-05
2,SDC-VD0500655A,item:002612,25.714286,0.002537,25.711748,9.9e-05
2,SDC-VD0505677A,item:099439,65.625,0.05075,65.57425,0.000773
2,SDC-VD0508918A,item:730384,25.714286,5.3,20.414286,0.206111
2,SDC-VD0514881A,item:016332,25.714286,0.01218,25.702106,0.000474
2,SDC-VD0518684A,item:001893,25.714286,0.019285,25.695001,0.00075
2,SDC-VD0519670A,item:001848,102.564103,0.021315,102.542788,0.000208
2,SDC-VD0519670A,item:029313,25.714286,0.001015,25.713271,3.9e-05
2,SDC-VD0520115A,item:708073,25.714286,0.19825,25.516036,0.00771
2,SDC-VD0520132A,item:038005,35.460993,0.437479,35.023514,0.012337
2,SDC-VD0520132A,item:049371,25.714286,0.037555,25.676731,0.00146
2,SDC-VD0525412A,item:333362,45.454545,25.0,20.454545,0.55
2,SDC-VD0901566A,item:338928,31.25,25.0,6.25,0.8
2,SDC-VD0910216A,item:001893,25.714286,0.134995,25.579291,0.00525
2,SDC-VD0910216A,item:002612,25.714286,0.035525,25.678761,0.001382
2,SDC-VD0914320A,item:055703,25.714286,0.001421,25.712865,5.5e-05
2,SDC-VD0914360C,item:338929,31.25,25.0,6.25,0.8
2,SDC-VD0914690A,item:042342,1885.6875,0.0,1885.6875,0.0
2,SDC-VD0949099A,item:021081,5587.5,0.270346,5587.229654,4.8e-05
2,SDC-VD0951020A,item:001757,25.714286,0.0406,25.673686,0.001579
2,SDC-VD0951020A,item:001848,58.252427,0.009135,58.243292,0.000157
2,SDC-VD0960508A,item:021081,5587.5,0.077242,5587.422758,1.4e-05
2,SDC-VD0964290A,item:055703,25.714286,0.000609,25.713677,2.4e-05
2,SDC-VD0972460A,item:021081,5587.5,0.01931,5587.48069,3e-06
2,SDC-VD0975221A,item:021081,5587.5,0.01931,5587.48069,3e-06
2,SDC-VD0989480A,item:426331,25.714286,0.275,25.439286,0.010694
2,SDC-VD0990780A,item:002612,25.714286,0.01015,25.704136,0.000395
2,SDC-VD0993480A,item:344135,31.25,25.0,6.25,0.8
2,SDC-VD1091642A,item:001893,25.714286,0.03857,25.675716,0.0015
2,SDC-VD1091642A,item:002612,25.714286,0.002537,25.711748,9.9e-05
2,SDC-VD1095770A,item:734545,25.714286,0.2,25.514286,0.007778
2,SDC-VD1096202A,item:039668,25.714286,0.001015,25.713271,3.9e-05
3,SDC-1450,item:007923,428.571429,81.2,347.371429,0.189467
3,SDC-1450,item:693055,25.714286,10.15,15.564286,0.394722
3,SDC-1450,item:773474,500000.0,44.64,499955.36,8.9e-05
3,SDC-VD0500655A,item:002612,25.714286,0.002537,25.711748,9.9e-05
3,SDC-VD0505677A,item:099439,65.625,0.05075,65.57425,0.000773
3,SDC-VD0508918A,item:730384,25.714286,5.3,20.414286,0.206111
3,SDC-VD0514881A,item:016332,25.714286,0.01218,25.702106,0.000474
3,SDC-VD0518684A,item:001893,25.714286,0.019285,25.695001,0.00075
3,SDC-VD0519670A,item:001848,102.564103,0.021315,102.542788,0.000208
3,SDC-VD0519670A,item:029313,25.714286,0.001015,25.713271,3.9e-05
3,SDC-VD0520115A,item:708073,25.714286,0.19825,25.516036,0.00771
3,SDC-VD0520132A,item:038005,35.460993,0.437479,35.023514,0.012337
3,SDC-VD0520132A,item:049371,25.714286,0.037555,25.676731,0.00146
3,SDC-VD0525412A,item:333362,45.454545,25.0,20.454545,0.55
3,SDC-VD0901566A,item:338928,31.25,25.0,6.25,0.8
3,SDC-VD0910216A,item:001893,25.714286,0.134995,25.579291,0.00525
3,SDC-VD0910216A,item:002612,25.714286,0.035525,25.678761,0.001382
3,SDC-VD0914320A,item:055703,25.714286,0.001421,25.712865,5.5e-05
3,SDC-VD0914360C,item:338929,31.25,25.0,6.25,0.8
3,SDC-VD0914690A,item:042342,1885.6875,0.0,1885.6875,0.0
3,SDC-VD0949099A,item:021081,5587.5,0.279357,5587.220643,5e-05
3,SDC-VD0951020A,item:001757,25.714286,0.0406,25.673686,0.001579
3,SDC-VD0951020A,item:001848,58.252427,0.009135,58.243292,0.000157
3,SDC-VD0960508A,item:021081,5587.5,0.079816,5587.420184,1.4e-05
3,SDC-VD0964290A,item:055703,25.714286,0.000609,25.713677,2.4e-05
3,SDC-VD0972460A,item:021081,5587.5,0.019954,5587.480046,4e-06
3,SDC-VD0975221A,item:021081,5587.5,0.019954,5587.480046,4e-06
3,SDC-VD0989480A,item:426331,25.714286,0.275,25.439286,0.010694
3,SDC-VD0990780A,item:002612,25.714286,0.01015,25.704136,0.000395
3,SDC-VD0993480A,item:344135,31.25,25.0,6.25,0.8
3,SDC-VD1091642A,item:001893,25.714286,0.03857,25.675716,0.0015
3,SDC-VD1091642A,item:002612,25.714286,0.002537,25.711748,9.9e-05
3,SDC-VD1095770A,item:734545,25.714286,0.2,25.514286,0.007778
3,SDC-VD1096202A,item:039668,25.714286,0.001015,25.713271,3.9e-05
4,SDC-1450,item:007923,428.571429,81.2,347.371429,0.189467
4,SDC-1450,item:693055,25.714286,10.15,15.564286,0.394722
4,SDC-1450,item:773474,500000.0,44.928,499955.072,9e-05
4,SDC-VD0500655A,item:002612,25.714286,0.002537,25.711748,9.9e-05
4,SDC-VD0505677A,item:099439,65.625,0.05075,65.57425,0.000773
4,SDC-VD0508918A,item:730384,25.714286,5.3,20.414286,0.206111
4,SDC-VD0514881A,item:016332,25.714286,0.01218,25.702106,0.000474
4,SDC-VD0518684A,item:001893,25.714286,0.019285,25.695001,0.00075
4,SDC-VD0519670A,item:001848,102.564103,0.021315,102.542788,0.000208
4,SDC-VD0519670A,item:029313,25.714286,0.001015,25.713271,3.9e-05
4,SDC-VD0520115A,item:708073,25.714286,0.19825,25.516036,0.00771
4,SDC-VD0520132A,item:038005,35.460993,0.437479,35.023514,0.012337
4,SDC-VD0520132A,item:049371,25.714286,0.037555,25.676731,0.00146
4,SDC-VD0525412A,item:333362,45.454545,25.0,20.454545,0.55
4,SDC-VD0901566A,item:338928,31.25,25.0,6.25,0.8
4,SDC-VD0910216A,item:001893,25.714286,0.134995,25.579291,0.00525
4,SDC-VD0910216A,item:002612,25.714286,0.035525,25.678761,0.001382
4,SDC-VD0914320A,item:055703,25.714286,0.001421,25.712865,5.5e-05
4,SDC-VD0914360C,item:338929,31.25,25.0,6.25,0.8
4,SDC-VD0914690A,item:042342,1885.6875,1026.84,858.8475,0.544544
4,SDC-VD0949099A,item:021081,5587.5,0.281159,5587.218841,5e-05
4,SDC-VD0951020A,item:001757,25.714286,0.0406,25.673686,0.001579
4,SDC-VD0951020A,item:001848,58.252427,0.009135,58.243292,0.000157
4,SDC-VD0960508A,item:021081,5587.5,0.080331,5587.419669,1.4e-05
4,SDC-VD0964290A,item:055703,25.714286,0.000609,25.713677,2.4e-05
4,SDC-VD0972460A,item:021081,5587.5,0.020083,5587.479917,4e-06
4,SDC-VD0975221A,item:021081,5587.5,0.020083,5587.479917,4e-06
4,SDC-VD0989480A,item:426331,25.714286,0.275,25.439286,0.010694
4,SDC-VD0990780A,item:002612,25.714286,0.01015,25.704136,0.000395
4,SDC-VD0993480A,item:344135,31.25,25.0,6.25,0.8
4,SDC-VD1091642A,item:001893,25.714286,0.03857,25.675716,0.0015
4,SDC-VD1091642A,item:002612,25.714286,0.002537,25.711748,9.9e-05
4,SDC-VD1095770A,item:734545,25.714286,0.2,25.514286,0.007778
4,SDC-VD1096202A,item:039668,25.714286,0.001015,25.713271,3.9e-05
5,SDC-1450,item:007923,428.571429,81.2,347.371429,0.189467
5,SDC-1450,item:693055,25.714286,10.15,15.564286,0.394722
5,SDC-1450,item:773474,500000.0,44.9856,499955.0144,9e-05
5,SDC-VD0500655A,item:002612,25.714286,0.002537,25.711748,9.9e-05
5,SDC-VD0505677A,item:099439,65.625,0.05075,65.57425,0.000773
5,SDC-VD0508918A,item:730384,25.714286,5.3,20.414286,0.206111
5,SDC-VD0514881A,item:016332,25.714286,0.01218,25.702106,0.000474
5,SDC-VD0518684A,item:001893,25.714286,0.019285,25.695001,0.00075
5,SDC-VD0519670A,item:001848,102.564103,0.021315,102.542788,0.000208
5,SDC-VD0519670A,item:029313,25.714286,0.001015,25.713271,3.9e-05
5,SDC-VD0520115A,item:708073,25.714286,0.19825,25.516036,0.00771
5,SDC-VD0520132A,item:038005,35.460993,0.437479,35.023514,0.012337
5,SDC-VD0520132A,item:049371,25.714286,0.037555,25.676731,0.00146
5,SDC-VD0525412A,item:333362,45.454545,25.0,20.454545,0.55
5,SDC-VD0901566A,item:338928,31.25,25.0,6.25,0.8
5,SDC-VD0910216A,item:001893,25.714286,0.134995,25.579291,0.00525
5,SDC-VD0910216A,item:002612,25.714286,0.035525,25.678761,0.001382
5,SDC-VD0914320A,item:055703,25.714286,0.001421,25.712865,5.5e-05
5,SDC-VD0914360C,item:338929,31.25,25.0,6.25,0.8
5,SDC-VD0914690A,item:042342,1885.6875,1885.6875,0.0,1.0
5,SDC-VD0949099A,item:021081,5587.5,0.28152,5587.21848,5e-05
5,SDC-VD0951020A,item:001757,25.714286,0.0406,25.673686,0.001579
5,SDC-VD0951020A,item:001848,58.252427,0.009135,58.243292,0.000157
5,SDC-VD0960508A,item:021081,5587.5,0.080434,5587.419566,1.4e-05
5,SDC-VD0964290A,item:055703,25.714286,0.000609,25.713677,2.4e-05
5,SDC-VD0972460A,item:021081,5587.5,0.020109,5587.479891,4e-06
5,SDC-VD0975221A,item:021081,5587.5,0.020109,5587.479891,4e-06
5,SDC-VD0989480A,item:426331,25.714286,0.275,25.439286,0.010694
5,SDC-VD0990780A,item:002612,25.714286,0.01015,25.704136,0.000395
5,SDC-VD0993480A,item:344135,31.25,25.0,6.25,0.8
5,SDC-VD1091642A,item:001893,25.714286,0.03857,25.675716,0.0015
5,SDC-VD1091642A,item:002612,25.714286,0.002537,25.711748,9.9e-05
5,SDC-VD1095770A,item:734545,25.714286,0.2,25.514286,0.007778
5,SDC-VD1096202A,item:039668,25.714286,0.001015,25.713271,3.9e-05
6,SDC-1450,item:007923,428.571429,75.070894,353.500534,0.175165
6,SDC-1450,item:693055,25.714286,9.383862,16.330424,0.364928
6,SDC-1450,item:773474,500000.0,44.99712,499955.00288,9e-05
6,SDC-VD0500655A,item:002612,25.714286,0.002346,25.71194,9.1e-05
6,SDC-VD0505677A,item:099439,65.625,0.046919,65.578081,0.000715
6,SDC-VD0508918A,item:730384,25.714286,4.899948,20.814338,0.190554
6,SDC-VD0514881A,item:016332,25.714286,0.011261,25.703025,0.000438
6,SDC-VD0518684A,item:001893,25.714286,0.017829,25.696456,0.000693
6,SDC-VD0519670A,item:001848,102.564103,0.019706,102.544396,0.000192
6,SDC-VD0519670A,item:029313,25.714286,0.000938,25.713347,3.6e-05
6,SDC-VD0520115A,item:708073,25.714286,0.183286,25.531,0.007128
6,SDC-VD0520132A,item:038005,35.460993,0.404458,35.056535,0.011406
6,SDC-VD0520132A,item:049371,25.714286,0.03472,25.679565,0.00135
6,SDC-VD0525412A,item:333362,45.454545,23.11296,22.341585,0.508485
6,SDC-VD0901566A,item:338928,31.25,23.11296,8.13704,0.739615
6,SDC-VD0910216A,item:001893,25.714286,0.124805,25.58948,0.004854
6,SDC-VD0910216A,item:002612,25.714286,0.032844,25.681442,0.001277
6,SDC-VD0914320A,item:055703,25.714286,0.001314,25.712972,5.1e-05
6,SDC-VD0914360C,item:338929,31.25,23.11296,8.13704,0.739615
6,SDC-VD0914690A,item:042342,1885.6875,1885.6875,0.0,1.0
6,SDC-VD0949099A,item:021081,5587.5,0.281592,5587.218408,5e-05
6,SDC-VD0951020A,item:001757,25.714286,0.037535,25.67675,0.00146
6,SDC-VD0951020A,item:001848,58.252427,0.008445,58.243982,0.000145
6,SDC-VD0960508A,item:021081,5587.5,0.080455,5587.419545,1.4e-05
6,SDC-VD0964290A,item:055703,25.714286,0.000563,25.713723,2.2e-05
6,SDC-VD0972460A,item:021081,5587.5,0.020114,5587.479886,4e-06
6,SDC-VD0975221A,item:021081,5587.5,0.020114,5587.479886,4e-06
6,SDC-VD0989480A,item:426331,25.714286,0.254243,25.460043,0.009887
6,SDC-VD0990780A,item:002612,25.714286,0.009384,25.704902,0.000365
6,SDC-VD0993480A,item:344135,31.25,23.11296,8.13704,0.739615
6,SDC-VD1091642A,item:001893,25.714286,0.035659,25.678627,0.001387
6,SDC-VD1091642A,item:002612,25.714286,0.002346,25.71194,9.1e-05
6,SDC-VD1095770A,item:734545,25.714286,0.184904,25.529382,0.007191
6,SDC-VD1096202A,item:039668,25.714286,0.000938,25.713347,3.6e-05
7,SDC-1450,item:007923,428.571429,66.982179,361.58925,0.156292
7,SDC-1450,item:693055,25.714286,8.372772,17.341513,0.325608
7,SDC-1450,item:773474,500000.0,44.999424,499955.000576,9e-05
7,SDC-VD0500655A,item:002612,25.714286,0.002093,25.712193,8.1e-05
7,SDC-VD0505677A,item:099439,65.625,0.041864,65.583136,0.000638
7,SDC-VD0508918A,item:730384,25.714286,4.37199,21.342296,0.170022
7,SDC-VD0514881A,item:016332,25.714286,0.010047,25.704238,0.000391
7,SDC-VD0518684A,item:001893,25.714286,0.015908,25.698377,0.000619
7,SDC-VD0519670A,item:001848,102.564103,0.017583,102.54652,0.000171
7,SDC-VD0519670A,item:029313,25.714286,0.000837,25.713448,3.3e-05
7,SDC-VD0520115A,item:708073,25.714286,0.163537,25.550749,0.00636
7,SDC-VD0520132A,item:038005,35.460993,0.360878,35.100115,0.010177
7,SDC-VD0520132A,item:049371,25.714286,0.030979,25.683306,0.001205
7,SDC-VD0525412A,item:333362,45.454545,13.88704,31.567505,0.305515
7,SDC-VD0901566A,item:338928,31.25,13.88704,17.36296,0.444385
7,SDC-VD0910216A,item:001893,25.714286,0.111358,25.602928,0.004331
7,SDC-VD0910216A,item:002612,25.714286,0.029305,25.684981,0.00114
7,SDC-VD0914320A,item:055703,25.714286,0.001172,25.713114,4.6e-05
7,SDC-VD0914360C,item:338929,31.25,13.88704,17.36296,0.444385
7,SDC-VD0914690A,item:042342,1885.6875,1885.6875,0.0,1.0
7,SDC-VD0949099A,item:021081,5587.5,0.281606,5587.218394,5e-05
7,SDC-VD0951020A,item:001757,25.714286,0.033491,25.680795,0.001302
7,SDC-VD0951020A,item:001848,58.252427,0.007535,58.244892,0.000129
7,SDC-VD0960508A,item:021081,5587.5,0.080459,5587.419541,1.4e-05
7,SDC-VD0964290A,item:055703,25.714286,0.000502,25.713783,2e-05
7,SDC-VD0972460A,item:021081,5587.5,0.020115,5587.479885,4e-06
7,SDC-VD0975221A,item:021081,5587.5,0.020115,5587.479885,4e-06
7,SDC-VD0989480A,item:426331,25.714286,0.226849,25.487437,0.008822
7,SDC-VD0990780A,item:002612,25.714286,0.008373,25.705913,0.000326
7,SDC-VD0993480A,item:344135,31.25,13.88704,17.36296,0.444385
7,SDC-VD1091642A,item:001893,25.714286,0.031817,25.682469,0.001237
7,SDC-VD1091642A,item:002612,25.714286,0.002093,25.712193,8.1e-05
7,SDC-VD1095770A,item:734545,25.714286,0.164981,25.549305,0.006416
7,SDC-VD1096202A,item:039668,25.714286,0.000837,25.713448,3.3e-05
8,SDC-1450,item:007923,428.571429,75.108436,353.462993,0.175253
8,SDC-1450,item:693055,25.714286,9.388554,16.325731,0.36511
8,SDC-1450,item:773474,500000.0,44.999885,499955.000115,9e-05
8,SDC-VD0500655A,item:002612,25.714286,0.002347,25.711939,9.1e-05
8,SDC-VD0505677A,item:099439,65.625,0.046943,65.578057,0.000715
8,SDC-VD0508918A,item:730384,25.714286,4.902398,20.811888,0.190649
8,SDC-VD0514881A,item:016332,25.714286,0.011266,25.703019,0.000438
8,SDC-VD0518684A,item:001893,25.714286,0.017838,25.696447,0.000694
8,SDC-VD0519670A,item:001848,102.564103,0.019716,102.544387,0.000192
8,SDC-VD0519670A,item:029313,25.714286,0.000939,25.713347,3.7e-05
8,SDC-VD0520115A,item:708073,25.714286,0.183377,25.530908,0.007131
8,SDC-VD0520132A,item:038005,35.460993,0.40466,35.056333,0.011411
8,SDC-VD0520132A,item:049371,25.714286,0.034738,25.679548,0.001351
8,SDC-VD0525412A,item:333362,45.454545,0.0,45.454545,0.0
8,SDC-VD0901566A,item:338928,31.25,0.0,31.25,0.0
8,SDC-VD0910216A,item:001893,25.714286,0.124868,25.589418,0.004856
8,SDC-VD0910216A,item:002612,25.714286,0.03286,25.681426,0.001278
8,SDC-VD0914320A,item:055703,25.714286,0.001314,25.712971,5.1e-05
8,SDC-VD0914360C,item:338929,31.25,0.0,31.25,0.0
8,SDC-VD0914690A,item:042342,1885.6875,1885.6875,0.0,1.0
8,SDC-VD0949099A,item:021081,5587.5,0.281609,5587.218391,5e-05
8,SDC-VD0951020A,item:001757,25.714286,0.037554,25.676731,0.00146
8,SDC-VD0951020A,item:001848,58.252427,0.00845,58.243977,0.000145
8,SDC-VD0960508A,item:021081,5587.5,0.08046,5587.41954,1.4e-05
8,SDC-VD0964290A,item:055703,25.714286,0.000563,25.713722,2.2e-05
8,SDC-VD0972460A,item:021081,5587.5,0.020115,5587.479885,4e-06
8,SDC-VD0975221A,item:021081,5587.5,0.020115,5587.479885,4e-06
8,SDC-VD0989480A,item:426331,25.714286,0.25437,25.459916,0.009892
8,SDC-VD0990780A,item:002612,25.714286,0.009389,25.704897,0.000365
8,SDC-VD0993480A,item:344135,31.25,0.0,31.25,0.0
8,SDC-VD1091642A,item:001893,25.714286,0.035677,25.678609,0.001387
8,SDC-VD1091642A,item:002612,25.714286,0.002347,25.711939,9.1e-05
8,SDC-VD1095770A,item:734545,25.714286,0.184996,25.52929,0.007194
8,SDC-VD1096202A,item:039668,25.714286,0.000939,25.713347,3.7e-05
9,SDC-1450,item:007923,428.571429,81.2,347.371429,0.189467
9,SDC-1450,item:693055,25.714286,10.15,15.564286,0.394722
9,SDC-1450,item:773474,500000.0,44.999977,499955.000023,9e-05
9,SDC-VD0500655A,item:002612,25.714286,0.002537,25.711748,9.9e-05
9,SDC-VD0505677A,item:099439,65.625,0.05075,65.57425,0.000773
9,SDC-VD0508918A,item:730384,25.714286,5.3,20.414286,0.206111
9,SDC-VD0514881A,item:016332,25.714286,0.01218,25.702106,0.000474
9,SDC-VD0518684A,item:001893,25.714286,0.019285,25.695001,0.00075
9,SDC-VD0519670A,item:001848,102.564103,0.021315,102.542788,0.000208
9,SDC-VD0519670A,item:029313,25.714286,0.001015,25.713271,3.9e-05
9,SDC-VD0520115A,item:708073,25.714286,0.19825,25.516036,0.00771
9,SDC-VD0520132A,item:038005,35.460993,0.437479,35.023514,0.012337
9,SDC-VD0520132A,item:049371,25.714286,0.037555,25.676731,0.00146
9,SDC-VD0525412A,item:333362,45.454545,0.0,45.454545,0.0
9,SDC-VD0901566A,item:338928,31.25,0.0,31.25,0.0
9,SDC-VD0910216A,item:001893,25.714286,0.134995,25.579291,0.00525
9,SDC-VD0910216A,item:002612,25.714286,0.035525,25.678761,0.001382
9,SDC-VD0914320A,item:055703,25.714286,0.001421,25.712865,5.5e-05
9,SDC-VD0914360C,item:338929,31.25,0.0,31.25,0.0
9,SDC-VD0914690A,item:042342,1885.6875,1885.6875,0.0,1.0
9,SDC-VD0949099A,item:021081,5587.5,0.28161,5587.21839,5e-05
9,SDC-VD0951020A,item:001757,25.714286,0.0406,25.673686,0.001579
9,SDC-VD0951020A,item:001848,58.252427,0.009135,58.243292,0.000157
9,SDC-VD0960508A,item:021081,5587.5,0.08046,5587.41954,1.4e-05
9,SDC-VD0964290A,item:055703,25.714286,0.000609,25.713677,2.4e-05
9,SDC-VD0972460A,item:021081,5587.5,0.020115,5587.479885,4e-06
9,SDC-VD0975221A,item:021081,5587.5,0.020115,5587.479885,4e-06
9,SDC-VD0989480A,item:426331,25.714286,0.275,25.439286,0.010694
9,SDC-VD0990780A,item:002612,25.714286,0.01015,25.704136,0.000395
9,SDC-VD0993480A,item:344135,31.25,0.0,31.25,0.0
9,SDC-VD1091642A,item:001893,25.714286,0.03857,25.675716,0.0015
9,SDC-VD1091642A,item:002612,25.714286,0.002537,25.711748,9.9e-05
9,SDC-VD1095770A,item:734545,25.714286,0.2,25.514286,0.007778
9,SDC-VD1096202A,item:039668,25.714286,0.001015,25.713271,3.9e-05
10,SDC-1450,item:007923,428.571429,81.2,347.371429,0.189467
10,SDC-1450,item:693055,25.714286,10.15,15.564286,0.394722
10,SDC-1450,item:773474,500000.0,44.999995,499955.000005,9e-05
10,SDC-VD0500655A,item:002612,25.714286,0.002537,25.711748,9.9e-05
10,SDC-VD0505677A,item:099439,65.625,0.05075,65.57425,0.000773
10,SDC-VD0508918A,item:730384,25.714286,5.3,20.414286,0.206111
10,SDC-VD0514881A,item:016332,25.714286,0.01218,25.702106,0.000474
10,SDC-VD0518684A,item:001893,25.714286,0.019285,25.695001,0.00075
10,SDC-VD0519670A,item:001848,102.564103,0.021315,102.542788,0.000208
10,SDC-VD0519670A,item:029313,25.714286,0.001015,25.713271,3.9e-05
10,SDC-VD0520115A,item:708073,25.714286,0.19825,25.516036,0.00771
10,SDC-VD0520132A,item:038005,35.460993,0.437479,35.023514,0.012337
10,SDC-VD0520132A,item:049371,25.714286,0.037555,25.676731,0.00146
10,SDC-VD0525412A,item:333362,45.454545,0.0,45.454545,0.0
10,SDC-VD0901566A,item:338928,31.25,0.0,31.25,0.0
10,SDC-VD0910216A,item:001893,25.714286,0.134995,25.579291,0.00525
10,SDC-VD0910216A,item:002612,25.714286,0.035525,25.678761,0.001382
10,SDC-VD0914320A,item:055703,25.714286,0.001421,25.712865,5.5e-05
10,SDC-VD0914360C,item:338929,31.25,0.0,31.25,0.0
10,SDC-VD0914690A,item:042342,1885.6875,1885.6875,0.0,1.0
10,SDC-VD0949099A,item:021081,5587.5,0.28161,5587.21839,5e-05
10,SDC-VD0951020A,item:001757,25.714286,0.0406,25.673686,0.001579
10,SDC-VD0951020A,item:001848,58.252427,0.009135,58.243292,0.000157
10,SDC-VD0960508A,item:021081,5587.5,0.08046,5587.41954,1.4e-05
10,SDC-VD0964290A,item:055703,25.714286,0.000609,25.713677,2.4e-05
10,SDC-VD0972460A,item:021081,5587.5,0.020115,5587.479885,4e-06
10,SDC-VD0975221A,item:021081,5587.5,0.020115,5587.479885,4e-06
10,SDC-VD0989480A,item:426331,25.714286,0.275,25.439286,0.010694
10,SDC-VD0990780A,item:002612,25.714286,0.01015,25.704136,0.000395
10,SDC-VD0993480A,item:344135,31.25,0.0,31.25,0.0
10,SDC-VD1091642A,item:001893,25.714286,0.03857,25.675716,0.0015
10,SDC-VD1091642A,item:002612,25.714286,0.002537,25.711748,9.9e-05
10,SDC-VD1095770A,item:734545,25.714286,0.2,25.514286,0.007778
10,SDC-VD1096202A,item:039668,25.714286,0.001015,25.713271,3.9e-05
11,SDC-1450,item:007923,428.571429,81.2,347.371429,0.189467
11,SDC-1450,item:693055,25.714286,10.15,15.564286,0.394722
11,SDC-1450,item:773474,500000.0,44.999999,499955.000001,9e-05
11,SDC-VD0500655A,item:002612,25.714286,0.002537,25.711748,9.9e-05
11,SDC-VD0505677A,item:099439,65.625,0.05075,65.57425,0.000773
11,SDC-VD0508918A,item:730384,25.714286,5.3,20.414286,0.206111
11,SDC-VD0514881A,item:016332,25.714286,0.01218,25.702106,0.000474
11,SDC-VD0518684A,item:001893,25.714286,0.019285,25.695001,0.00075
11,SDC-VD0519670A,item:001848,102.564103,0.021315,102.542788,0.000208
11,SDC-VD0519670A,item:029313,25.714286,0.001015,25.713271,3.9e-05
11,SDC-VD0520115A,item:708073,25.714286,0.19825,25.516036,0.00771
11,SDC-VD0520132A,item:038005,35.460993,0.437479,35.023514,0.012337
11,SDC-VD0520132A,item:049371,25.714286,0.037555,25.676731,0.00146
11,SDC-VD0525412A,item:333362,45.454545,6.735552,38.718993,0.148182
11,SDC-VD0901566A,item:338928,31.25,6.735552,24.514448,0.215538
11,SDC-VD0910216A,item:001893,25.714286,0.134995,25.579291,0.00525
11,SDC-VD0910216A,item:002612,25.714286,0.035525,25.678761,0.001382
11,SDC-VD0914320A,item:055703,25.714286,0.001421,25.712865,5.5e-05
11,SDC-VD0914360C,item:338929,31.25,6.735552,24.514448,0.215538
11,SDC-VD0914690A,item:042342,1885.6875,1885.6875,0.0,1.0
11,SDC-VD0949099A,item:021081,5587.5,0.28161,5587.21839,5e-05
11,SDC-VD0951020A,item:001757,25.714286,0.0406,25.673686,0.001579
11,SDC-VD0951020A,item:001848,58.252427,0.009135,58.243292,0.000157
11,SDC-VD0960508A,item:021081,5587.5,0.08046,5587.41954,1.4e-05
11,SDC-VD0964290A,item:055703,25.714286,0.000609,25.713677,2.4e-05
11,SDC-VD0972460A,item:021081,5587.5,0.020115,5587.479885,4e-06
11,SDC-VD0975221A,item:021081,5587.5,0.020115,5587.479885,4e-06
11,SDC-VD0989480A,item:426331,25.714286,0.275,25.439286,0.010694
11,SDC-VD0990780A,item:002612,25.714286,0.01015,25.704136,0.000395
11,SDC-VD0993480A,item:344135,31.25,6.735552,24.514448,0.215538
11,SDC-VD1091642A,item:001893,25.714286,0.03857,25.675716,0.0015
11,SDC-VD1091642A,item:002612,25.714286,0.002537,25.711748,9.9e-05
11,SDC-VD1095770A,item:734545,25.714286,0.2,25.514286,0.007778
11,SDC-VD1096202A,item:039668,25.714286,0.001015,25.713271,3.9e-05
12,SDC-1450,item:007923,428.571429,81.2,347.371429,0.189467
12,SDC-1450,item:693055,25.714286,10.15,15.564286,0.394722
12,SDC-1450,item:773474,500000.0,45.0,499955.0,9e-05
12,SDC-VD0500655A,item:002612,25.714286,0.002537,25.711748,9.9e-05
12,SDC-VD0505677A,item:099439,65.625,0.05075,65.57425,0.000773
12,SDC-VD0508918A,item:730384,25.714286,5.3,20.414286,0.206111
12,SDC-VD0514881A,item:016332,25.714286,0.01218,25.702106,0.000474
12,SDC-VD0518684A,item:001893,25.714286,0.019285,25.695001,0.00075
12,SDC-VD0519670A,item:001848,102.564103,0.021315,102.542788,0.000208
12,SDC-VD0519670A,item:029313,25.714286,0.001015,25.713271,3.9e-05
12,SDC-VD0520115A,item:708073,25.714286,0.19825,25.516036,0.00771
12,SDC-VD0520132A,item:038005,35.460993,0.437479,35.023514,0.012337
12,SDC-VD0520132A,item:049371,25.714286,0.037555,25.676731,0.00146
12,SDC-VD0525412A,item:333362,45.454545,29.86007,15.594475,0.656922
12,SDC-VD0901566A,item:338928,31.25,29.86007,1.38993,0.955522
12,SDC-VD0910216A,item:001893,25.714286,0.134995,25.579291,0.00525
12,SDC-VD0910216A,item:002612,25.714286,0.035525,25.678761,0.001382
12,SDC-VD0914320A,item:055703,25.714286,0.001421,25.712865,5.5e-05
12,SDC-VD0914360C,item:338929,31.25,29.86007,1.38993,0.955522
12,SDC-VD0914690A,item:042342,1885.6875,1885.6875,0.0,1.0
12,SDC-VD0949099A,item:021081,5587.5,0.28161,5587.21839,5e-05
12,SDC-VD0951020A,item:001757,25.714286,0.0406,25.673686,0.001579
12,SDC-VD0951020A,item:001848,58.252427,0.009135,58.243292,0.000157
12,SDC-VD0960508A,item:021081,5587.5,0.08046,5587.41954,1.4e-05
12,SDC-VD0964290A,item:055703,25.714286,0.000609,25.713677,2.4e-05
12,SDC-VD0972460A,item:021081,5587.5,0.020115,5587.479885,4e-06
12,SDC-VD0975221A,item:021081,5587.5,0.020115,5587.479885,4e-06
12,SDC-VD0989480A,item:426331,25.714286,0.275,25.439286,0.010694
12,SDC-VD0990780A,item:002612,25.714286,0.01015,25.704136,0.000395
12,SDC-VD0993480A,item:344135,31.25,29.86007,1.38993,0.955522
12,SDC-VD1091642A,item:001893,25.714286,0.03857,25.675716,0.0015
12,SDC-VD1091642A,item:002612,25.714286,0.002537,25.711748,9.9e-05
12,SDC-VD1095770A,item:734545,25.714286,0.2,25.514286,0.007778
12,SDC-VD1096202A,item:039668,25.714286,0.001015,25.713271,3.9e-05
13,SDC-1450,item:007923,428.571429,75.071023,353.500405,0.175166
13,SDC-1450,item:693055,25.714286,9.383878,16.330408,0.364929
13,SDC-1450,item:773474,500000.0,45.0,499955.0,9e-05
13,SDC-VD0500655A,item:002612,25.714286,0.002346,25.71194,9.1e-05
13,SDC-VD0505677A,item:099439,65.625,0.046919,65.578081,0.000715
13,SDC-VD0508918A,item:730384,25.714286,4.899956,20.81433,0.190554
13,SDC-VD0514881A,item:016332,25.714286,0.011261,25.703025,0.000438
13,SDC-VD0518684A,item:001893,25.714286,0.017829,25.696456,0.000693
13,SDC-VD0519670A,item:001848,102.564103,0.019706,102.544396,0.000192
13,SDC-VD0519670A,item:029313,25.714286,0.000938,25.713347,3.6e-05
13,SDC-VD0520115A,item:708073,25.714286,0.183286,25.531,0.007128
13,SDC-VD0520132A,item:038005,35.460993,0.404458,35.056534,0.011406
13,SDC-VD0520132A,item:049371,25.714286,0.03472,25.679565,0.00135
13,SDC-VD0525412A,item:333362,45.454545,45.454545,0.0,1.0
13,SDC-VD0901566A,item:338928,31.25,31.25,0.0,1.0
13,SDC-VD0910216A,item:001893,25.714286,0.124806,25.58948,0.004854
13,SDC-VD0910216A,item:002612,25.714286,0.032844,25.681442,0.001277
13,SDC-VD0914320A,item:055703,25.714286,0.001314,25.712972,5.1e-05
13,SDC-VD0914360C,item:338929,31.25,31.25,0.0,1.0
13,SDC-VD0914690A,item:042342,1885.6875,1885.6875,0.0,1.0
13,SDC-VD0949099A,item:021081,5587.5,0.28161,5587.21839,5e-05
13,SDC-VD0951020A,item:001757,25.714286,0.037536,25.67675,0.00146
13,SDC-VD0951020A,item:001848,58.252427,0.008445,58.243982,0.000145
13,SDC-VD0960508A,item:021081,5587.5,0.08046,5587.41954,1.4e-05
13,SDC-VD0964290A,item:055703,25.714286,0.000563,25.713723,2.2e-05
13,SDC-VD0972460A,item:021081,5587.5,0.020115,5587.479885,4e-06
13,SDC-VD0975221A,item:021081,5587.5,0.020115,5587.479885,4e-06
13,SDC-VD0989480A,item:426331,25.714286,0.254243,25.460043,0.009887
13,SDC-VD0990780A,item:002612,25.714286,0.009384,25.704902,0.000365
13,SDC-VD0993480A,item:344135,31.25,31.25,0.0,1.0
13,SDC-VD1091642A,item:001893,25.714286,0.035659,25.678627,0.001387
13,SDC-VD1091642A,item:002612,25.714286,0.002346,25.71194,9.1e-05
13,SDC-VD1095770A,item:734545,25.714286,0.184904,25.529382,0.007191
13,SDC-VD1096202A,item:039668,25.714286,0.000938,25.713347,3.6e-05
14,SDC-1450,item:007923,428.571429,66.982205,361.589224,0.156292
14,SDC-1450,item:693055,25.714286,8.372776,17.34151,0.325608
14,SDC-1450,item:773474,500000.0,45.0,499955.0,9e-05
14,SDC-VD0500655A,item:002612,25.714286,0.002093,25.712193,8.1e-05
14,SDC-VD0505677A,item:099439,65.625,0.041864,65.583136,0.000638
14,SDC-VD0508918A,item:730384,25.714286,4.371991,21.342295,0.170022
14,SDC-VD0514881A,item:016332,25.714286,0.010047,25.704238,0.000391
14,SDC-VD0518684A,item:001893,25.714286,0.015908,25.698377,0.000619
14,SDC-VD0519670A,item:001848,102.564103,0.017583,102.54652,0.000171
14,SDC-VD0519670A,item:029313,25.714286,0.000837,25.713448,3.3e-05
14,SDC-VD0520115A,item:708073,25.714286,0.163537,25.550748,0.00636
14,SDC-VD0520132A,item:038005,35.460993,0.360879,35.100114,0.010177
14,SDC-VD0520132A,item:049371,25.714286,0.030979,25.683306,0.001205
14,SDC-VD0525412A,item:333362,45.454545,45.454545,0.0,1.0
14,SDC-VD0901566A,item:338928,31.25,31.25,0.0,1.0
14,SDC-VD0910216A,item:001893,25.714286,0.111358,25.602928,0.004331
14,SDC-VD0910216A,item:002612,25.714286,0.029305,25.684981,0.00114
14,SDC-VD0914320A,item:055703,25.714286,0.001172,25.713114,4.6e-05
14,SDC-VD0914360C,item:338929,31.25,31.25,0.0,1.0
14,SDC-VD0914690A,item:042342,1885.6875,1885.6875,0.0,1.0
14,SDC-VD0949099A,item:021081,5587.5,0.28161,5587.21839,5e-05
14,SDC-VD0951020A,item:001757,25.714286,0.033491,25.680795,0.001302
14,SDC-VD0951020A,item:001848,58.252427,0.007535,58.244892,0.000129
14,SDC-VD0960508A,item:021081,5587.5,0.08046,5587.41954,1.4e-05
14,SDC-VD0964290A,item:055703,25.714286,0.000502,25.713783,2e-05
14,SDC-VD0972460A,item:021081,5587.5,0.020115,5587.479885,4e-06
14,SDC-VD0975221A,item:021081,5587.5,0.020115,5587.479885,4e-06
14,SDC-VD0989480A,item:426331,25.714286,0.226849,25.487437,0.008822
14,SDC-VD0990780A,item:002612,25.714286,0.008373,25.705913,0.000326
14,SDC-VD0993480A,item:344135,31.25,31.25,0.0,1.0
14,SDC-VD1091642A,item:001893,25.714286,0.031817,25.682469,0.001237
14,SDC-VD1091642A,item:002612,25.714286,0.002093,25.712193,8.1e-05
14,SDC-VD1095770A,item:734545,25.714286,0.164981,25.549305,0.006416
14,SDC-VD1096202A,item:039668,25.714286,0.000837,25.713448,3.3e-05
15,SDC-1450,item:007923,428.571429,75.108441,353.462988,0.175253
15,SDC-1450,item:693055,25.714286,9.388555,16.325731,0.36511
15,SDC-1450,item:773474,500000.0,45.0,499955.0,9e-05
15,SDC-VD0500655A,item:002612,25.714286,0.002347,25.711939,9.1e-05
15,SDC-VD0505677A,item:099439,65.625,0.046943,65.578057,0.000715
15,SDC-VD0508918A,item:730384,25.714286,4.902398,20.811887,0.190649
15,SDC-VD0514881A,item:016332,25.714286,0.011266,25.703019,0.000438
15,SDC-VD0518684A,item:001893,25.714286,0.017838,25.696447,0.000694
15,SDC-VD0519670A,item:001848,102.564103,0.019716,102.544387,0.000192
15,SDC-VD0519670A,item:029313,25.714286,0.000939,25.713347,3.7e-05
15,SDC-VD0520115A,item:708073,25.714286,0.183377,25.530908,0.007131
15,SDC-VD0520132A,item:038005,35.460993,0.40466,35.056333,0.011411
15,SDC-VD0520132A,item:049371,25.714286,0.034738,25.679548,0.001351
15,SDC-VD0525412A,item:333362,45.454545,45.454545,0.0,1.0
15,SDC-VD0901566A,item:338928,31.25,31.25,0.0,1.0
15,SDC-VD0910216A,item:001893,25.714286,0.124868,25.589418,0.004856
15,SDC-VD0910216A,item:002612,25.714286,0.03286,25.681426,0.001278
15,SDC-VD0914320A,item:055703,25.714286,0.001314,25.712971,5.1e-05
15,SDC-VD0914360C,item:338929,31.25,31.25,0.0,1.0
15,SDC-VD0914690A,item:042342,1885.6875,255.581679,1630.105821,0.135538
15,SDC-VD0949099A,item:021081,5587.5,0.28161,5587.21839,5e-05
15,SDC-VD0951020A,item:001757,25.714286,0.037554,25.676731,0.00146
15,SDC-VD0951020A,item:001848,58.252427,0.00845,58.243977,0.000145
15,SDC-VD0960508A,item:021081,5587.5,0.08046,5587.41954,1.4e-05
15,SDC-VD0964290A,item:055703,25.714286,0.000563,25.713722,2.2e-05
15,SDC-VD0972460A,item:021081,5587.5,0.020115,5587.479885,4e-06
15,SDC-VD0975221A,item:021081,5587.5,0.020115,5587.479885,4e-06
15,SDC-VD0989480A,item:426331,25.714286,0.25437,25.459916,0.009892
15,SDC-VD0990780A,item:002612,25.714286,0.009389,25.704897,0.000365
15,SDC-VD0993480A,item:344135,31.25,31.25,0.0,1.0
15,SDC-VD1091642A,item:001893,25.714286,0.035677,25.678609,0.001387
15,SDC-VD1091642A,item:002612,25.714286,0.002347,25.711939,9.1e-05
15,SDC-VD1095770A,item:734545,25.714286,0.184996,25.52929,0.007194
15,SDC-VD1096202A,item:039668,25.714286,0.000939,25.713347,3.7e-05
16,SDC-1450,item:007923,428.571429,81.2,347.371429,0.189467
16,SDC-1450,item:693055,25.714286,10.15,15.564286,0.394722
16,SDC-1450,item:773474,500000.0,45.0,499955.0,9e-05
16,SDC-VD0500655A,item:002612,25.714286,0.002537,25.711748,9.9e-05
16,SDC-VD0505677A,item:099439,65.625,0.05075,65.57425,0.000773
16,SDC-VD0508918A,item:730384,25.714286,5.3,20.414286,0.206111
16,SDC-VD0514881A,item:016332,25.714286,0.01218,25.702106,0.000474
16,SDC-VD0518684A,item:001893,25.714286,0.019285,25.695001,0.00075
16,SDC-VD0519670A,item:001848,102.564103,0.021315,102.542788,0.000208
16,SDC-VD0519670A,item:029313,25.714286,0.001015,25.713271,3.9e-05
16,SDC-VD0520115A,item:708073,25.714286,0.19825,25.516036,0.00771
16,SDC-VD0520132A,item:038005,35.460993,0.437479,35.023514,0.012337
16,SDC-VD0520132A,item:049371,25.714286,0.037555,25.676731,0.00146
16,SDC-VD0525412A,item:333362,45.454545,45.454545,0.0,1.0
16,SDC-VD0901566A,item:338928,31.25,31.25,0.0,1.0
16,SDC-VD0910216A,item:001893,25.714286,0.134995,25.579291,0.00525
16,SDC-VD0910216A,item:002612,25.714286,0.035525,25.678761,0.001382
16,SDC-VD0914320A,item:055703,25.714286,0.001421,25.712865,5.5e-05
16,SDC-VD0914360C,item:338929,31.25,31.25,0.0,1.0
16,SDC-VD0914690A,item:042342,1885.6875,0.0,1885.6875,0.0
16,SDC-VD0949099A,item:021081,5587.5,0.28161,5587.21839,5e-05
16,SDC-VD0951020A,item:001757,25.714286,0.0406,25.673686,0.001579
16,SDC-VD0951020A,item:001848,58.252427,0.009135,58.243292,0.000157
16,SDC-VD0960508A,item:021081,5587.5,0.08046,5587.41954,1.4e-05
16,SDC-VD0964290A,item:055703,25.714286,0.000609,25.713677,2.4e-05
16,SDC-VD0972460A,item:021081,5587.5,0.020115,5587.479885,4e-06
16,SDC-VD0975221A,item:021081,5587.5,0.020115,5587.479885,4e-06
16,SDC-VD0989480A,item:426331,25.714286,0.275,25.439286,0.010694
16,SDC-VD0990780A,item:002612,25.714286,0.01015,25.704136,0.000395
16,SDC-VD0993480A,item:344135,31.25,31.25,0.0,1.0
16,SDC-VD1091642A,item:001893,25.714286,0.03857,25.675716,0.0015
16,SDC-VD1091642A,item:002612,25.714286,0.002537,25.711748,9.9e-05
16,SDC-VD1095770A,item:734545,25.714286,0.2,25.514286,0.007778
16,SDC-VD1096202A,item:039668,25.714286,0.001015,25.713271,3.9e-05
17,SDC-1450,item:007923,428.571429,81.2,347.371429,0.189467
17,SDC-1450,item:693055,25.714286,10.15,15.564286,0.394722
17,SDC-1450,item:773474,500000.0,45.0,499955.0,9e-05
17,SDC-VD0500655A,item:002612,25.714286,0.002537,25.711748,9.9e-05
17,SDC-VD0505677A,item:099439,65.625,0.05075,65.57425,0.000773
17,SDC-VD0508918A,item:730384,25.714286,5.3,20.414286,0.206111
17,SDC-VD0514881A,item:016332,25.714286,0.01218,25.702106,0.000474
17,SDC-VD0518684A,item:001893,25.714286,0.019285,25.695001,0.00075
17,SDC-VD0519670A,item:001848,102.564103,0.021315,102.542788,0.000208
17,SDC-VD0519670A,item:029313,25.714286,0.001015,25.713271,3.9e-05
17,SDC-VD0520115A,item:708073,25.714286,0.19825,25.516036,0.00771
17,SDC-VD0520132A,item:038005,35.460993,0.437479,35.023514,0.012337
17,SDC-VD0520132A,item:049371,25.714286,0.037555,25.676731,0.00146
17,SDC-VD0525412A,item:333362,45.454545,28.306386,17.148159,0.62274
17,SDC-VD0901566A,item:338928,31.25,31.25,0.0,1.0
17,SDC-VD0910216A,item:001893,25.714286,0.134995,25.579291,0.00525
17,SDC-VD0910216A,item:002612,25.714286,0.035525,25.678761,0.001382
17,SDC-VD0914320A,item:055703,25.714286,0.001421,25.712865,5.5e-05
17,SDC-VD0914360C,item:338929,31.25,31.25,0.0,1.0
17,SDC-VD0914690A,item:042342,1885.6875,0.0,1885.6875,0.0
17,SDC-VD0949099A,item:021081,5587.5,0.28161,5587.21839,5e-05
17,SDC-VD0951020A,item:001757,25.714286,0.0406,25.673686,0.001579
17,SDC-VD0951020A,item:001848,58.252427,0.009135,58.243292,0.000157
17,SDC-VD0960508A,item:021081,5587.5,0.08046,5587.41954,1.4e-05
17,SDC-VD0964290A,item:055703,25.714286,0.000609,25.713677,2.4e-05
17,SDC-VD0972460A,item:021081,5587.5,0.020115,5587.479885,4e-06
17,SDC-VD0975221A,item:021081,5587.5,0.020115,5587.479885,4e-06
17,SDC-VD0989480A,item:426331,25.714286,0.275,25.439286,0.010694
17,SDC-VD0990780A,item:002612,25.714286,0.01015,25.704136,0.000395
17,SDC-VD0993480A,item:344135,31.25,31.25,0.0,1.0
17,SDC-VD1091642A,item:001893,25.714286,0.03857,25.675716,0.0015
17,SDC-VD1091642A,item:002612,25.714286,0.002537,25.711748,9.9e-05
17,SDC-VD1095770A,item:734545,25.714286,0.2,25.514286,0.007778
17,SDC-VD1096202A,item:039668,25.714286,0.001015,25.713271,3.9e-05
18,SDC-1450,item:007923,428.571429,81.2,347.371429,0.189467
18,SDC-1450,item:693055,25.714286,6.751603,18.962683,0.262562
18,SDC-1450,item:773474,500000.0,45.0,499955.0,9e-05
18,SDC-VD0500655A,item:002612,25.714286,0.002538,25.711748,9.9e-05
18,SDC-VD0505677A,item:099439,65.625,0.05075,65.57425,0.000773
18,SDC-VD0508918A,item:730384,25.714286,5.3,20.414286,0.206111
18,SDC-VD0514881A,item:016332,25.714286,0.01218,25.702106,0.000474
18,SDC-VD0518684A,item:001893,25.714286,0.019285,25.695001,0.00075
18,SDC-VD0519670A,item:001848,102.564103,0.021315,102.542788,0.000208
18,SDC-VD0519670A,item:029313,25.714286,0.001015,25.713271,3.9e-05
18,SDC-VD0520115A,item:708073,25.714286,0.19825,25.516036,0.00771
18,SDC-VD0520132A,item:038005,35.460993,0.437479,35.023514,0.012337
18,SDC-VD0520132A,item:049371,25.714286,0.037555,25.676731,0.00146
18,SDC-VD0525412A,item:333362,45.454545,25.0,20.454545,0.55
18,SDC-VD0901566A,item:338928,31.25,31.25,0.0,1.0
18,SDC-VD0910216A,item:001893,25.714286,0.134995,25.579291,0.00525
18,SDC-VD0910216A,item:002612,25.714286,0.035525,25.678761,0.001382
18,SDC-VD0914320A,item:055703,25.714286,0.001421,25.712865,5.5e-05
18,SDC-VD0914360C,item:338929,31.25,31.25,0.0,1.0
18,SDC-VD0914690A,item:042342,1885.6875,1017.373253,868.314247,0.539524
18,SDC-VD0949099A,item:021081,5587.5,0.28161,5587.21839,5e-05
18,SDC-VD0951020A,item:001757,25.714286,0.0406,25.673686,0.001579
18,SDC-VD0951020A,item:001848,58.252427,0.009135,58.243292,0.000157
18,SDC-VD0960508A,item:021081,5587.5,0.08046,5587.41954,1.4e-05
18,SDC-VD0964290A,item:055703,25.714286,0.000609,25.713677,2.4e-05
18,SDC-VD0972460A,item:021081,5587.5,0.020115,5587.479885,4e-06
18,SDC-VD0975221A,item:021081,5587.5,0.020115,5587.479885,4e-06
18,SDC-VD0989480A,item:426331,25.714286,0.275,25.439286,0.010694
18,SDC-VD0990780A,item:002612,25.714286,0.01015,25.704136,0.000395
18,SDC-VD0993480A,item:344135,31.25,31.25,0.0,1.0
18,SDC-VD1091642A,item:001893,25.714286,0.03857,25.675716,0.0015
18,SDC-VD1091642A,item:002612,25.714286,0.002538,25.711748,9.9e-05
18,SDC-VD1095770A,item:734545,25.714286,0.2,25.514286,0.007778
18,SDC-VD1096202A,item:039668,25.714286,0.001015,25.713271,3.9e-05
19,SDC-1450,item:007923,428.571429,81.2,347.371429,0.189467
19,SDC-1450,item:693055,25.714286,0.0,25.714286,0.0
19,SDC-1450,item:773474,500000.0,45.0,499955.0,9e-05
19,SDC-VD0500655A,item:002612,25.714286,0.002537,25.711748,9.9e-05
19,SDC-VD0505677A,item:099439,65.625,0.05075,65.57425,0.000773
19,SDC-VD0508918A,item:730384,25.714286,5.3,20.414286,0.206111
19,SDC-VD0514881A,item:016332,25.714286,0.01218,25.702106,0.000474
19,SDC-VD0518684A,item:001893,25.714286,0.019285,25.695001,0.00075
19,SDC-VD0519670A,item:001848,102.564103,0.021315,102.542788,0.000208
19,SDC-VD0519670A,item:029313,25.714286,0.001015,25.713271,3.9e-05
19,SDC-VD0520115A,item:708073,25.714286,0.19825,25.516036,0.00771
19,SDC-VD0520132A,item:038005,35.460993,0.437479,35.023514,0.012337
19,SDC-VD0520132A,item:049371,25.714286,0.037555,25.676731,0.00146
19,SDC-VD0525412A,item:333362,45.454545,25.0,20.454545,0.55
19,SDC-VD0901566A,item:338928,31.25,31.25,0.0,1.0
19,SDC-VD0910216A,item:001893,25.714286,0.134995,25.579291,0.00525
19,SDC-VD0910216A,item:002612,25.714286,0.035525,25.678761,0.001382
19,SDC-VD0914320A,item:055703,25.714286,0.001421,25.712865,5.5e-05
19,SDC-VD0914360C,item:338929,31.25,31.25,0.0,1.0
19,SDC-VD0914690A,item:042342,1885.6875,1885.6875,0.0,1.0
19,SDC-VD0949099A,item:021081,5587.5,0.28161,5587.21839,5e-05
19,SDC-VD0951020A,item:001757,25.714286,0.0406,25.673686,0.001579
19,SDC-VD0951020A,item:001848,58.252427,0.009135,58.243292,0.000157
19,SDC-VD0960508A,item:021081,5587.5,0.08046,5587.41954,1.4e-05
19,SDC-VD0964290A,item:055703,25.714286,0.000609,25.713677,2.4e-05
19,SDC-VD0972460A,item:021081,5587.5,0.020115,5587.479885,4e-06
19,SDC-VD0975221A,item:021081,5587.5,0.020115,5587.479885,4e-06
19,SDC-VD0989480A,item:426331,25.714286,0.275,25.439286,0.010694
19,SDC-VD0990780A,item:002612,25.714286,0.01015,25.704136,0.000395
19,SDC-VD0993480A,item:344135,31.25,31.25,0.0,1.0
19,SDC-VD1091642A,item:001893,25.714286,0.03857,25.675716,0.0015
19,SDC-VD1091642A,item:002612,25.714286,0.002537,25.711748,9.9e-05
19,SDC-VD1095770A,item:734545,25.714286,0.2,25.514286,0.007778
19,SDC-VD1096202A,item:039668,25.714286,0.001015,25.713271,3.9e-05
20,SDC-1450,item:007923,428.571429,75.071024,353.500405,0.175166
20,SDC-1450,item:693055,25.714286,0.0,25.714286,0.0
20,SDC-1450,item:773474,500000.0,45.0,499955.0,9e-05
20,SDC-VD0500655A,item:002612,25.714286,0.002346,25.71194,9.1e-05
20,SDC-VD0505677A,item:099439,65.625,0.046919,65.578081,0.000715
20,SDC-VD0508918A,item:730384,25.714286,4.899956,20.81433,0.190554
20,SDC-VD0514881A,item:016332,25.714286,0.011261,25.703025,0.000438
20,SDC-VD0518684A,item:001893,25.714286,0.017829,25.696456,0.000693
20,SDC-VD0519670A,item:001848,102.564103,0.019706,102.544396,0.000192
20,SDC-VD0519670A,item:029313,25.714286,0.000938,25.713347,3.6e-05
20,SDC-VD0520115A,item:708073,25.714286,0.183286,25.531,0.007128
20,SDC-VD0520132A,item:038005,35.460993,0.404458,35.056534,0.011406
20,SDC-VD0520132A,item:049371,25.714286,0.03472,25.679565,0.00135
20,SDC-VD0525412A,item:333362,45.454545,23.113,22.341546,0.508486
20,SDC-VD0901566A,item:338928,31.25,31.25,0.0,1.0
20,SDC-VD0910216A,item:001893,25.714286,0.124806,25.58948,0.004854
20,SDC-VD0910216A,item:002612,25.714286,0.032844,25.681442,0.001277
20,SDC-VD0914320A,item:055703,25.714286,0.001314,25.712972,5.1e-05
20,SDC-VD0914360C,item:338929,31.25,31.25,0.0,1.0
20,SDC-VD0914690A,item:042342,1885.6875,1885.6875,0.0,1.0
20,SDC-VD0949099A,item:021081,5587.5,0.28161,5587.21839,5e-05
20,SDC-VD0951020A,item:001757,25.714286,0.037536,25.67675,0.00146
20,SDC-VD0951020A,item:001848,58.252427,0.008445,58.243982,0.000145
20,SDC-VD0960508A,item:021081,5587.5,0.08046,5587.41954,1.4e-05
20,SDC-VD0964290A,item:055703,25.714286,0.000563,25.713723,2.2e-05
20,SDC-VD0972460A,item:021081,5587.5,0.020115,5587.479885,4e-06
20,SDC-VD0975221A,item:021081,5587.5,0.020115,5587.479885,4e-06
20,SDC-VD0989480A,item:426331,25.714286,0.254243,25.460043,0.009887
20,SDC-VD0990780A,item:002612,25.714286,0.009384,25.704902,0.000365
20,SDC-VD0993480A,item:344135,31.25,31.25,0.0,1.0
20,SDC-VD1091642A,item:001893,25.714286,0.035659,25.678627,0.001387
20,SDC-VD1091642A,item:002612,25.714286,0.002346,25.71194,9.1e-05
20,SDC-VD1095770A,item:734545,25.714286,0.184904,25.529382,0.007191
20,SDC-VD1096202A,item:039668,25.714286,0.000938,25.713347,3.6e-05
21,SDC-1450,item:007923,428.571429,66.982205,361.589224,0.156292
21,SDC-1450,item:693055,25.714286,0.0,25.714286,0.0
21,SDC-1450,item:773474,500000.0,45.0,499955.0,9e-05
21,SDC-VD0500655A,item:002612,25.714286,0.002093,25.712193,8.1e-05
21,SDC-VD0505677A,item:099439,65.625,0.041864,65.583136,0.000638
21,SDC-VD0508918A,item:730384,25.714286,4.371991,21.342295,0.170022
21,SDC-VD0514881A,item:016332,25.714286,0.010047,25.704238,0.000391
21,SDC-VD0518684A,item:001893,25.714286,0.015908,25.698377,0.000619
21,SDC-VD0519670A,item:001848,102.564103,0.017583,102.54652,0.000171
21,SDC-VD0519670A,item:029313,25.714286,0.000837,25.713448,3.3e-05
21,SDC-VD0520115A,item:708073,25.714286,0.163537,25.550748,0.00636
21,SDC-VD0520132A,item:038005,35.460993,0.360879,35.100114,0.010177
21,SDC-VD0520132A,item:049371,25.714286,0.030979,25.683306,0.001205
21,SDC-VD0525412A,item:333362,45.454545,13.887048,31.567497,0.305515
21,SDC-VD0901566A,item:338928,31.25,31.25,0.0,1.0
21,SDC-VD0910216A,item:001893,25.714286,0.111358,25.602928,0.004331
21,SDC-VD0910216A,item:002612,25.714286,0.029305,25.684981,0.00114
21,SDC-VD0914320A,item:055703,25.714286,0.001172,25.713114,4.6e-05
21,SDC-VD0914360C,item:338929,31.25,31.25,0.0,1.0
21,SDC-VD0914690A,item:042342,1885.6875,1885.6875,0.0,1.0
21,SDC-VD0949099A,item:021081,5587.5,0.28161,5587.21839,5e-05
21,SDC-VD0951020A,item:001757,25.714286,0.033491,25.680795,0.001302
21,SDC-VD0951020A,item:001848,58.252427,0.007535,58.244892,0.000129
21,SDC-VD0960508A,item:021081,5587.5,0.08046,5587.41954,1.4e-05
21,SDC-VD0964290A,item:055703,25.714286,0.000502,25.713783,2e-05
21,SDC-VD0972460A,item:021081,5587.5,0.020115,5587.479885,4e-06
21,SDC-VD0975221A,item:021081,5587.5,0.020115,5587.479885,4e-06
21,SDC-VD0989480A,item:426331,25.714286,0.226849,25.487437,0.008822
21,SDC-VD0990780A,item:002612,25.714286,0.008373,25.705913,0.000326
21,SDC-VD0993480A,item:344135,31.25,31.25,0.0,1.0
21,SDC-VD1091642A,item:001893,25.714286,0.031817,25.682469,0.001237
21,SDC-VD1091642A,item:002612,25.714286,0.002093,25.712193,8.1e-05
21,SDC-VD1095770A,item:734545,25.714286,0.164981,25.549305,0.006416
21,SDC-VD1096202A,item:039668,25.714286,0.000837,25.713448,3.3e-05
22,SDC-1450,item:007923,428.571429,75.108441,353.462988,0.175253
22,SDC-1450,item:693055,25.714286,3.398397,22.315888,0.13216
22,SDC-1450,item:773474,500000.0,45.0,499955.0,9e-05
22,SDC-VD0500655A,item:002612,25.714286,0.002347,25.711939,9.1e-05
22,SDC-VD0505677A,item:099439,65.625,0.046943,65.578057,0.000715
22,SDC-VD0508918A,item:730384,25.714286,4.902398,20.811887,0.190649
22,SDC-VD0514881A,item:016332,25.714286,0.011266,25.703019,0.000438
22,SDC-VD0518684A,item:001893,25.714286,0.017838,25.696447,0.000694
22,SDC-VD0519670A,item:001848,102.564103,0.019716,102.544387,0.000192
22,SDC-VD0519670A,item:029313,25.714286,0.000939,25.713347,3.7e-05
22,SDC-VD0520115A,item:708073,25.714286,0.183377,25.530908,0.007131
22,SDC-VD0520132A,item:038005,35.460993,0.40466,35.056333,0.011411
22,SDC-VD0520132A,item:049371,25.714286,0.034738,25.679548,0.001351
22,SDC-VD0525412A,item:333362,45.454545,0.0,45.454545,0.0
22,SDC-VD0901566A,item:338928,31.25,15.874616,15.375384,0.507988
22,SDC-VD0910216A,item:001893,25.714286,0.124868,25.589418,0.004856
22,SDC-VD0910216A,item:002612,25.714286,0.03286,25.681426,0.001278
22,SDC-VD0914320A,item:055703,25.714286,0.001314,25.712971,5.1e-05
22,SDC-VD0914360C,item:338929,31.25,15.874616,15.375384,0.507988
22,SDC-VD0914690A,item:042342,1885.6875,1885.6875,0.0,1.0
22,SDC-VD0949099A,item:021081,5587.5,0.28161,5587.21839,5e-05
22,SDC-VD0951020A,item:001757,25.714286,0.037554,25.676731,0.00146
22,SDC-VD0951020A,item:001848,58.252427,0.00845,58.243977,0.000145
22,SDC-VD0960508A,item:021081,5587.5,0.08046,5587.41954,1.4e-05
22,SDC-VD0964290A,item:055703,25.714286,0.000563,25.713722,2.2e-05
22,SDC-VD0972460A,item:021081,5587.5,0.020115,5587.479885,4e-06
22,SDC-VD0975221A,item:021081,5587.5,0.020115,5587.479885,4e-06
22,SDC-VD0989480A,item:426331,25.714286,0.25437,25.459916,0.009892
22,SDC-VD0990780A,item:002612,25.714286,0.009389,25.704897,0.000365
22,SDC-VD0993480A,item:344135,31.25,15.874616,15.375384,0.507988
22,SDC-VD1091642A,item:001893,25.714286,0.035677,25.678609,0.001387
22,SDC-VD1091642A,item:002612,25.714286,0.002347,25.711939,9.1e-05
22,SDC-VD1095770A,item:734545,25.714286,0.184996,25.52929,0.007194
22,SDC-VD1096202A,item:039668,25.714286,0.000939,25.713347,3.7e-05
23,SDC-1450,item:007923,428.571429,81.2,347.371429,0.189467
23,SDC-1450,item:693055,25.714286,13.548397,12.165888,0.526882
23,SDC-1450,item:773474,500000.0,45.0,499955.0,9e-05
23,SDC-VD0500655A,item:002612,25.714286,0.002538,25.711748,9.9e-05
23,SDC-VD0505677A,item:099439,65.625,0.05075,65.57425,0.000773
23,SDC-VD0508918A,item:730384,25.714286,5.3,20.414286,0.206111
23,SDC-VD0514881A,item:016332,25.714286,0.01218,25.702106,0.000474
23,SDC-VD0518684A,item:001893,25.714286,0.019285,25.695001,0.00075
23,SDC-VD0519670A,item:001848,102.564103,0.021315,102.542788,0.000208
23,SDC-VD0519670A,item:029313,25.714286,0.001015,25.713271,3.9e-05
23,SDC-VD0520115A,item:708073,25.714286,0.19825,25.516036,0.00771
23,SDC-VD0520132A,item:038005,35.460993,0.437479,35.023514,0.012337
23,SDC-VD0520132A,item:049371,25.714286,0.037555,25.676731,0.00146
23,SDC-VD0525412A,item:333362,45.454545,0.0,45.454545,0.0
23,SDC-VD0901566A,item:338928,31.25,0.0,31.25,0.0
23,SDC-VD0910216A,item:001893,25.714286,0.134995,25.579291,0.00525
23,SDC-VD0910216A,item:002612,25.714286,0.035525,25.678761,0.001382
23,SDC-VD0914320A,item:055703,25.714286,0.001421,25.712865,5.5e-05
23,SDC-VD0914360C,item:338929,31.25,0.0,31.25,0.0
23,SDC-VD0914690A,item:042342,1885.6875,1885.6875,0.0,1.0
23,SDC-VD0949099A,item:021081,5587.5,0.28161,5587.21839,5e-05
23,SDC-VD0951020A,item:001757,25.714286,0.0406,25.673686,0.001579
23,SDC-VD0951020A,item:001848,58.252427,0.009135,58.243292,0.000157
23,SDC-VD0960508A,item:021081,5587.5,0.08046,5587.41954,1.4e-05
23,SDC-VD0964290A,item:055703,25.714286,0.000609,25.713677,2.4e-05
23,SDC-VD0972460A,item:021081,5587.5,0.020115,5587.479885,4e-06
23,SDC-VD0975221A,item:021081,5587.5,0.020115,5587.479885,4e-06
23,SDC-VD0989480A,item:426331,25.714286,0.275,25.439286,0.010694
23,SDC-VD0990780A,item:002612,25.714286,0.01015,25.704136,0.000395
23,SDC-VD0993480A,item:344135,31.25,0.0,31.25,0.0
23,SDC-VD1091642A,item:001893,25.714286,0.03857,25.675716,0.0015
23,SDC-VD1091642A,item:002612,25.714286,0.002538,25.711748,9.9e-05
23,SDC-VD1095770A,item:734545,25.714286,0.2,25.514286,0.007778
23,SDC-VD1096202A,item:039668,25.714286,0.001015,25.713271,3.9e-05
24,SDC-1450,item:007923,428.571429,81.2,347.371429,0.189467
24,SDC-1450,item:693055,25.714286,20.3,5.414286,0.789444
24,SDC-1450,item:773474,500000.0,45.0,499955.0,9e-05
24,SDC-VD0500655A,item:002612,25.714286,0.002537,25.711748,9.9e-05
24,SDC-VD0505677A,item:099439,65.625,0.05075,65.57425,0.000773
24,SDC-VD0508918A,item:730384,25.714286,2.01195,23.702336,0.078243
24,SDC-VD0514881A,item:016332,25.714286,0.01218,25.702106,0.000474
24,SDC-VD0518684A,item:001893,25.714286,0.019285,25.695001,0.00075
24,SDC-VD0519670A,item:001848,102.564103,0.021315,102.542788,0.000208
24,SDC-VD0519670A,item:029313,25.714286,0.001015,25.713271,3.9e-05
24,SDC-VD0520115A,item:708073,25.714286,0.075258,25.639027,0.002927
24,SDC-VD0520132A,item:038005,35.460993,0.166073,35.29492,0.004683
24,SDC-VD0520132A,item:049371,25.714286,0.037555,25.676731,0.00146
24,SDC-VD0525412A,item:333362,45.454545,0.0,45.454545,0.0
24,SDC-VD0901566A,item:338928,31.25,0.0,31.25,0.0
24,SDC-VD0910216A,item:001893,25.714286,0.134995,25.579291,0.00525
24,SDC-VD0910216A,item:002612,25.714286,0.035525,25.678761,0.001382
24,SDC-VD0914320A,item:055703,25.714286,0.001421,25.712865,5.5e-05
24,SDC-VD0914360C,item:338929,31.25,0.0,31.25,0.0
24,SDC-VD0914690A,item:042342,1885.6875,1885.6875,0.0,1.0
24,SDC-VD0949099A,item:021081,5587.5,0.28161,5587.21839,5e-05
24,SDC-VD0951020A,item:001757,25.714286,0.0406,25.673686,0.001579
24,SDC-VD0951020A,item:001848,58.252427,0.009135,58.243292,0.000157
24,SDC-VD0960508A,item:021081,5587.5,0.08046,5587.41954,1.4e-05
24,SDC-VD0964290A,item:055703,25.714286,0.000609,25.713677,2.4e-05
24,SDC-VD0972460A,item:021081,5587.5,0.020115,5587.479885,4e-06
24,SDC-VD0975221A,item:021081,5587.5,0.020115,5587.479885,4e-06
24,SDC-VD0989480A,item:426331,25.714286,0.275,25.439286,0.010694
24,SDC-VD0990780A,item:002612,25.714286,0.01015,25.704136,0.000395
24,SDC-VD0993480A,item:344135,31.25,0.0,31.25,0.0
24,SDC-VD1091642A,item:001893,25.714286,0.03857,25.675716,0.0015
24,SDC-VD1091642A,item:002612,25.714286,0.002537,25.711748,9.9e-05
24,SDC-VD1095770A,item:734545,25.714286,0.075923,25.638363,0.002953
24,SDC-VD1096202A,item:039668,25.714286,0.001015,25.713271,3.9e-05
25,SDC-1450,item:007923,428.571429,81.2,347.371429,0.189467
25,SDC-1450,item:693055,25.714286,20.3,5.414286,0.789444
25,SDC-1450,item:773474,500000.0,45.0,499955.0,9e-05
25,SDC-VD0500655A,item:002612,25.714286,0.002538,25.711748,9.9e-05
25,SDC-VD0505677A,item:099439,65.625,0.05075,65.57425,0.000773
25,SDC-VD0508918A,item:730384,25.714286,0.0,25.714286,0.0
25,SDC-VD0514881A,item:016332,25.714286,0.01218,25.702106,0.000474
25,SDC-VD0518684A,item:001893,25.714286,0.019285,25.695001,0.00075
25,SDC-VD0519670A,item:001848,102.564103,0.021315,102.542788,0.000208
25,SDC-VD0519670A,item:029313,25.714286,0.001015,25.713271,3.9e-05
25,SDC-VD0520115A,item:708073,25.714286,0.0,25.714286,0.0
25,SDC-VD0520132A,item:038005,35.460993,0.0,35.460993,0.0
25,SDC-VD0520132A,item:049371,25.714286,0.037555,25.676731,0.00146
25,SDC-VD0525412A,item:333362,45.454545,6.735552,38.718993,0.148182
25,SDC-VD0901566A,item:338928,31.25,6.735552,24.514448,0.215538
25,SDC-VD0910216A,item:001893,25.714286,0.134995,25.579291,0.00525
25,SDC-VD0910216A,item:002612,25.714286,0.035525,25.678761,0.001382
25,SDC-VD0914320A,item:055703,25.714286,0.001421,25.712865,5.5e-05
25,SDC-VD0914360C,item:338929,31.25,6.735552,24.514448,0.215538
25,SDC-VD0914690A,item:042342,1885.6875,1885.6875,0.0,1.0
25,SDC-VD0949099A,item:021081,5587.5,0.28161,5587.21839,5e-05
25,SDC-VD0951020A,item:001757,25.714286,0.0406,25.673686,0.001579
25,SDC-VD0951020A,item:001848,58.252427,0.009135,58.243292,0.000157
25,SDC-VD0960508A,item:021081,5587.5,0.08046,5587.41954,1.4e-05
25,SDC-VD0964290A,item:055703,25.714286,0.000609,25.713677,2.4e-05
25,SDC-VD0972460A,item:021081,5587.5,0.020115,5587.479885,4e-06
25,SDC-VD0975221A,item:021081,5587.5,0.020115,5587.479885,4e-06
25,SDC-VD0989480A,item:426331,25.714286,0.275,25.439286,0.010694
25,SDC-VD0990780A,item:002612,25.714286,0.01015,25.704136,0.000395
25,SDC-VD0993480A,item:344135,31.25,6.735552,24.514448,0.215538
25,SDC-VD1091642A,item:001893,25.714286,0.03857,25.675716,0.0015
25,SDC-VD1091642A,item:002612,25.714286,0.002538,25.711748,9.9e-05
25,SDC-VD1095770A,item:734545,25.714286,0.0,25.714286,0.0
25,SDC-VD1096202A,item:039668,25.714286,0.001015,25.713271,3.9e-05
26,SDC-1450,item:007923,428.571429,81.2,347.371429,0.189467
26,SDC-1450,item:693055,25.714286,20.3,5.414286,0.789444
26,SDC-1450,item:773474,500000.0,45.0,499955.0,9e-05
26,SDC-VD0500655A,item:002612,25.714286,0.002537,25.711748,9.9e-05
26,SDC-VD0505677A,item:099439,65.625,0.05075,65.57425,0.000773
26,SDC-VD0508918A,item:730384,25.714286,1.976236,23.73805,0.076854
26,SDC-VD0514881A,item:016332,25.714286,0.01218,25.702106,0.000474
26,SDC-VD0518684A,item:001893,25.714286,0.019285,25.695001,0.00075
26,SDC-VD0519670A,item:001848,102.564103,0.021315,102.542788,0.000208
26,SDC-VD0519670A,item:029313,25.714286,0.001015,25.713271,3.9e-05
26,SDC-VD0520115A,item:708073,25.714286,0.073922,25.640363,0.002875
26,SDC-VD0520132A,item:038005,35.460993,0.163125,35.297868,0.0046
26,SDC-VD0520132A,item:049371,25.714286,0.037555,25.676731,0.00146
26,SDC-VD0525412A,item:333362,45.454545,29.860072,15.594473,0.656922
26,SDC-VD0901566A,item:338928,31.25,29.860072,1.389928,0.955522
26,SDC-VD0910216A,item:001893,25.714286,0.134995,25.579291,0.00525
26,SDC-VD0910216A,item:002612,25.714286,0.035525,25.678761,0.001382
26,SDC-VD0914320A,item:055703,25.714286,0.001421,25.712865,5.5e-05
26,SDC-VD0914360C,item:338929,31.25,29.860072,1.389928,0.955522
26,SDC-VD0914690A,item:042342,1885.6875,907.956304,977.731196,0.481499
26,SDC-VD0949099A,item:021081,5587.5,0.28161,5587.21839,5e-05
26,SDC-VD0951020A,item:001757,25.714286,0.0406,25.673686,0.001579
26,SDC-VD0951020A,item:001848,58.252427,0.009135,58.243292,0.000157
26,SDC-VD0960508A,item:021081,5587.5,0.08046,5587.41954,1.4e-05
26,SDC-VD0964290A,item:055703,25.714286,0.000609,25.713677,2.4e-05
26,SDC-VD0972460A,item:021081,5587.5,0.020115,5587.479885,4e-06
26,SDC-VD0975221A,item:021081,5587.5,0.020115,5587.479885,4e-06
26,SDC-VD0989480A,item:426331,25.714286,0.275,25.439286,0.010694
26,SDC-VD0990780A,item:002612,25.714286,0.01015,25.704136,0.000395
26,SDC-VD0993480A,item:344135,31.25,29.860072,1.389928,0.955522
26,SDC-VD1091642A,item:001893,25.714286,0.03857,25.675716,0.0015
26,SDC-VD1091642A,item:002612,25.714286,0.002537,25.711748,9.9e-05
26,SDC-VD1095770A,item:734545,25.714286,0.074575,25.639711,0.0029
26,SDC-VD1096202A,item:039668,25.714286,0.001015,25.713271,3.9e-05
27,SDC-1450,item:007923,428.571429,75.071024,353.500405,0.175166
27,SDC-1450,item:693055,25.714286,12.830689,12.883596,0.498971
27,SDC-1450,item:773474,500000.0,45.0,499955.0,9e-05
27,SDC-VD0500655A,item:002612,25.714286,0.002346,25.71194,9.1e-05
27,SDC-VD0505677A,item:099439,65.625,0.046919,65.578081,0.000715
27,SDC-VD0508918A,item:730384,25.714286,0.0,25.714286,0.0
27,SDC-VD0514881A,item:016332,25.714286,0.011261,25.703025,0.000438
27,SDC-VD0518684A,item:001893,25.714286,0.017829,25.696456,0.000693
27,SDC-VD0519670A,item:001848,102.564103,0.019706,102.544396,0.000192
27,SDC-VD0519670A,item:029313,25.714286,0.000938,25.713347,3.6e-05
27,SDC-VD0520115A,item:708073,25.714286,0.0,25.714286,0.0
27,SDC-VD0520132A,item:038005,35.460993,0.0,35.460993,0.0
27,SDC-VD0520132A,item:049371,25.714286,0.03472,25.679565,0.00135
27,SDC-VD0525412A,item:333362,45.454545,37.076646,8.377899,0.815686
27,SDC-VD0901566A,item:338928,31.25,31.25,0.0,1.0
27,SDC-VD0910216A,item:001893,25.714286,0.124806,25.58948,0.004854
27,SDC-VD0910216A,item:002612,25.714286,0.032844,25.681442,0.001277
27,SDC-VD0914320A,item:055703,25.714286,0.001314,25.712972,5.1e-05
27,SDC-VD0914360C,item:338929,31.25,31.25,0.0,1.0
27,SDC-VD0914690A,item:042342,1885.6875,0.0,1885.6875,0.0
27,SDC-VD0949099A,item:021081,5587.5,0.28161,5587.21839,5e-05
27,SDC-VD0951020A,item:001757,25.714286,0.037536,25.67675,0.00146
27,SDC-VD0951020A,item:001848,58.252427,0.008445,58.243982,0.000145
27,SDC-VD0960508A,item:021081,5587.5,0.08046,5587.41954,1.4e-05
27,SDC-VD0964290A,item:055703,25.714286,0.000563,25.713723,2.2e-05
27,SDC-VD0972460A,item:021081,5587.5,0.020115,5587.479885,4e-06
27,SDC-VD0975221A,item:021081,5587.5,0.020115,5587.479885,4e-06
27,SDC-VD0989480A,item:426331,25.714286,0.254243,25.460043,0.009887
27,SDC-VD0990780A,item:002612,25.714286,0.009384,25.704902,0.000365
27,SDC-VD0993480A,item:344135,31.25,31.25,0.0,1.0
27,SDC-VD1091642A,item:001893,25.714286,0.035659,25.678627,0.001387
27,SDC-VD1091642A,item:002612,25.714286,0.002346,25.71194,9.1e-05
27,SDC-VD1095770A,item:734545,25.714286,0.0,25.714286,0.0
27,SDC-VD1096202A,item:039668,25.714286,0.000938,25.713347,3.6e-05
28,SDC-1450,item:007923,428.571429,66.982205,361.589224,0.156292
28,SDC-1450,item:693055,25.714286,8.372776,17.34151,0.325608
28,SDC-1450,item:773474,500000.0,45.0,499955.0,9e-05
28,SDC-VD0500655A,item:002612,25.714286,0.002093,25.712193,8.1e-05
28,SDC-VD0505677A,item:099439,65.625,0.041864,65.583136,0.000638
28,SDC-VD0508918A,item:730384,25.714286,1.976235,23.73805,0.076854
28,SDC-VD0514881A,item:016332,25.714286,0.010047,25.704238,0.000391
28,SDC-VD0518684A,item:001893,25.714286,0.015908,25.698377,0.000619
28,SDC-VD0519670A,item:001848,102.564103,0.017583,102.54652,0.000171
28,SDC-VD0519670A,item:029313,25.714286,0.000837,25.713448,3.3e-05
28,SDC-VD0520115A,item:708073,25.714286,0.073922,25.640363,0.002875
28,SDC-VD0520132A,item:038005,35.460993,0.163125,35.297868,0.0046
28,SDC-VD0520132A,item:049371,25.714286,0.030979,25.683306,0.001205
28,SDC-VD0525412A,item:333362,45.454545,9.321865,36.132681,0.205081
28,SDC-VD0901566A,item:338928,31.25,31.25,0.0,1.0
28,SDC-VD0910216A,item:001893,25.714286,0.111358,25.602928,0.004331
28,SDC-VD0910216A,item:002612,25.714286,0.029305,25.684981,0.00114
28,SDC-VD0914320A,item:055703,25.714286,0.001172,25.713114,4.6e-05
28,SDC-VD0914360C,item:338929,31.25,31.25,0.0,1.0
28,SDC-VD0914690A,item:042342,1885.6875,562.499973,1323.187527,0.2983
28,SDC-VD0949099A,item:021081,5587.5,0.28161,5587.21839,5e-05
28,SDC-VD0951020A,item:001757,25.714286,0.033491,25.680795,0.001302
28,SDC-VD0951020A,item:001848,58.252427,0.007535,58.244892,0.000129
28,SDC-VD0960508A,item:021081,5587.5,0.08046,5587.41954,1.4e-05
28,SDC-VD0964290A,item:055703,25.714286,0.000502,25.713783,2e-05
28,SDC-VD0972460A,item:021081,5587.5,0.020115,5587.479885,4e-06
28,SDC-VD0975221A,item:021081,5587.5,0.020115,5587.479885,4e-06
28,SDC-VD0989480A,item:426331,25.714286,0.226849,25.487437,0.008822
28,SDC-VD0990780A,item:002612,25.714286,0.008373,25.705913,0.000326
28,SDC-VD0993480A,item:344135,31.25,15.148511,16.101489,0.484752
28,SDC-VD1091642A,item:001893,25.714286,0.031817,25.682469,0.001237
28,SDC-VD1091642A,item:002612,25.714286,0.002093,25.712193,8.1e-05
28,SDC-VD1095770A,item:734545,25.714286,0.074575,25.639711,0.0029
28,SDC-VD1096202A,item:039668,25.714286,0.000837,25.713448,3.3e-05
29,SDC-1450,item:007923,428.571429,75.108441,353.462988,0.175253
29,SDC-1450,item:693055,25.714286,9.388555,16.325731,0.36511
29,SDC-1450,item:773474,500000.0,45.0,499955.0,9e-05
29,SDC-VD0500655A,item:002612,25.714286,0.002347,25.711939,9.1e-05
29,SDC-VD0505677A,item:099439,65.625,0.046943,65.578057,0.000715
29,SDC-VD0508918A,item:730384,25.714286,0.0,25.714286,0.0
29,SDC-VD0514881A,item:016332,25.714286,0.011266,25.703019,0.000438
29,SDC-VD0518684A,item:001893,25.714286,0.017838,25.696447,0.000694
29,SDC-VD0519670A,item:001848,102.564103,0.019716,102.544387,0.000192
29,SDC-VD0519670A,item:029313,25.714286,0.000939,25.713347,3.7e-05
29,SDC-VD0520115A,item:708073,25.714286,0.0,25.714286,0.0
29,SDC-VD0520132A,item:038005,35.460993,0.0,35.460993,0.0
29,SDC-VD0520132A,item:049371,25.714286,0.034738,25.679548,0.001351
29,SDC-VD0525412A,item:333362,45.454545,0.0,45.454545,0.0
29,SDC-VD0901566A,item:338928,31.25,31.25,0.0,1.0
29,SDC-VD0910216A,item:001893,25.714286,0.124868,25.589418,0.004856
29,SDC-VD0910216A,item:002612,25.714286,0.03286,25.681426,0.001278
29,SDC-VD0914320A,item:055703,25.714286,0.001314,25.712971,5.1e-05
29,SDC-VD0914360C,item:338929,31.25,31.25,0.0,1.0
29,SDC-VD0914690A,item:042342,1885.6875,0.0,1885.6875,0.0
29,SDC-VD0949099A,item:021081,5587.5,0.28161,5587.21839,5e-05
29,SDC-VD0951020A,item:001757,25.714286,0.037554,25.676731,0.00146
29,SDC-VD0951020A,item:001848,58.252427,0.00845,58.243977,0.000145
29,SDC-VD0960508A,item:021081,5587.5,0.08046,5587.41954,1.4e-05
29,SDC-VD0964290A,item:055703,25.714286,0.000563,25.713722,2.2e-05
29,SDC-VD0972460A,item:021081,5587.5,0.020115,5587.479885,4e-06
29,SDC-VD0975221A,item:021081,5587.5,0.020115,5587.479885,4e-06
29,SDC-VD0989480A,item:426331,25.714286,0.25437,25.459916,0.009892
29,SDC-VD0990780A,item:002612,25.714286,0.009389,25.704897,0.000365
29,SDC-VD0993480A,item:344135,31.25,0.0,31.25,0.0
29,SDC-VD1091642A,item:001893,25.714286,0.035677,25.678609,0.001387
29,SDC-VD1091642A,item:002612,25.714286,0.002347,25.711939,9.1e-05
29,SDC-VD1095770A,item:734545,25.714286,0.0,25.714286,0.0
29,SDC-VD1096202A,item:039668,25.714286,0.000939,25.713347,3.7e-05
