day,node_id,item_id,demand_qty,required_with_backlog_qty,served_qty,backlog_end_qty,available_before_service_qty
0,C-XXXXX,item:268967,20.0,20.0,0.0,20.0,0.0
0,C-XXXXX,item:268091,20.0,20.0,0.0,20.0,0.0
1,C-XXXXX,item:268967,23.75,43.75,43.75,0.0,160.0
1,C-XXXXX,item:268091,23.75,43.75,0.0,43.75,0.0
2,C-XXXXX,item:268967,26.25,26.25,26.25,0.0,116.25
2,C-XXXXX,item:268091,26.25,70.0,0.0,70.0,0.0
3,C-XXXXX,item:268967,30.0,30.0,30.0,0.0,140.0
3,C-XXXXX,item:268091,30.0,100.0,100.0,0.0,160.0
4,C-XXXXX,item:268967,27.5,27.5,27.5,0.0,110.0
4,C-XXXXX,item:268091,27.5,27.5,27.5,0.0,103.75
5,C-XXXXX,item:268967,25.0,25.0,25.0,0.0,182.5
5,C-XXXXX,item:268091,25.0,25.0,25.0,0.0,136.25
6,C-XXXXX,item:268967,22.5,22.5,22.5,0.0,175.0
6,C-XXXXX,item:268091,22.5,22.5,22.5,0.0,167.5
7,C-XXXXX,item:268967,20.0,20.0,20.0,0.0,152.5
7,C-XXXXX,item:268091,20.0,20.0,20.0,0.0,145.0
8,C-XXXXX,item:268967,23.75,23.75,23.75,0.0,137.5
8,C-XXXXX,item:268091,23.75,23.75,23.75,0.0,125.0
9,C-XXXXX,item:268967,26.25,26.25,26.25,0.0,116.25
9,C-XXXXX,item:268091,26.25,26.25,26.25,0.0,108.75
10,C-XXXXX,item:268967,30.0,30.0,30.0,0.0,140.0
10,C-XXXXX,item:268091,30.0,30.0,30.0,0.0,140.0
11,C-XXXXX,item:268967,27.5,27.5,27.5,0.0,153.75
11,C-XXXXX,item:268091,27.5,27.5,27.5,0.0,110.0
12,C-XXXXX,item:268967,25.0,25.0,25.0,0.0,192.5
12,C-XXXXX,item:268091,25.0,25.0,25.0,0.0,136.25
13,C-XXXXX,item:268967,22.5,22.5,22.5,0.0,167.5
13,C-XXXXX,item:268091,22.5,22.5,22.5,0.0,167.5
14,C-XXXXX,item:268967,20.0,20.0,20.0,0.0,145.0
14,C-XXXXX,item:268091,20.0,20.0,20.0,0.0,152.5
15,C-XXXXX,item:268967,23.75,23.75,23.75,0.0,125.0
15,C-XXXXX,item:268091,23.75,23.75,23.75,0.0,135.0
16,C-XXXXX,item:268967,26.25,26.25,26.25,0.0,111.25
16,C-XXXXX,item:268091,26.25,26.25,26.25,0.0,111.25
17,C-XXXXX,item:268967,30.0,30.0,30.0,0.0,140.0
17,C-XXXXX,item:268091,30.0,30.0,30.0,0.0,140.0
18,C-XXXXX,item:268967,27.5,27.5,27.5,0.0,153.75
18,C-XXXXX,item:268091,27.5,27.5,27.5,0.0,153.75
19,C-XXXXX,item:268967,25.0,25.0,25.0,0.0,126.25
19,C-XXXXX,item:268091,25.0,25.0,25.0,0.0,126.25
20,C-XXXXX,item:268967,22.5,22.5,22.5,0.0,111.25
20,C-XXXXX,item:268091,22.5,22.5,22.5,0.0,111.25
21,C-XXXXX,item:268967,20.0,20.0,20.0,0.0,152.5
21,C-XXXXX,item:268091,20.0,20.0,20.0,0.0,96.25
22,C-XXXXX,item:268967,23.75,23.75,23.75,0.0,132.5
22,C-XXXXX,item:268091,23.75,23.75,23.75,0.0,135.0
23,C-XXXXX,item:268967,26.25,26.25,26.25,0.0,113.75
23,C-XXXXX,item:268091,26.25,26.25,26.25,0.0,116.25
24,C-XXXXX,item:268967,30.0,30.0,30.0,0.0,181.25
24,C-XXXXX,item:268091,30.0,30.0,30.0,0.0,140.0
25,C-XXXXX,item:268967,27.5,27.5,27.5,0.0,153.75
25,C-XXXXX,item:268091,27.5,27.5,27.5,0.0,110.0
26,C-XXXXX,item:268967,25.0,25.0,25.0,0.0,182.5
26,C-XXXXX,item:268091,25.0,25.0,25.0,0.0,126.25
27,C-XXXXX,item:268967,22.5,22.5,22.5,0.0,157.5
27,C-XXXXX,item:268091,22.5,22.5,22.5,0.0,157.5
28,C-XXXXX,item:268967,20.0,20.0,20.0,0.0,135.0
28,C-XXXXX,item:268091,20.0,20.0,20.0,0.0,145.0
29,C-XXXXX,item:268967,23.75,23.75,23.75,0.0,125.0
29,C-XXXXX,item:268091,23.75,23.75,23.75,0.0,132.5
30,C-XXXXX,item:268967,23.75,23.75,23.75,0.0,111.25
30,C-XXXXX,item:268091,23.75,23.75,23.75,0.0,111.25
31,C-XXXXX,item:268967,23.75,23.75,23.75,0.0,92.5
31,C-XXXXX,item:268091,23.75,23.75,23.75,0.0,137.5
32,C-XXXXX,item:268967,23.75,23.75,23.75,0.0,142.5
32,C-XXXXX,item:268091,23.75,23.75,23.75,0.0,113.75
33,C-XXXXX,item:268967,23.75,23.75,23.75,0.0,142.5
33,C-XXXXX,item:268091,23.75,23.75,23.75,0.0,113.75
34,C-XXXXX,item:268967,23.75,23.75,23.75,0.0,166.25
34,C-XXXXX,item:268091,23.75,23.75,23.75,0.0,118.75
35,C-XXXXX,item:268967,23.75,23.75,23.75,0.0,142.5
35,C-XXXXX,item:268091,23.75,23.75,23.75,0.0,95.0
36,C-XXXXX,item:268967,23.75,23.75,23.75,0.0,142.5
36,C-XXXXX,item:268091,23.75,23.75,23.75,0.0,95.0
37,C-XXXXX,item:268967,23.75,23.75,23.75,0.0,142.5
37,C-XXXXX,item:268091,23.75,23.75,23.75,0.0,95.0
38,C-XXXXX,item:268967,23.75,23.75,23.75,0.0,142.5
38,C-XXXXX,item:268091,23.75,23.75,23.75,0.0,118.75
39,C-XXXXX,item:268967,23.75,23.75,23.75,0.0,142.5
39,C-XXXXX,item:268091,23.75,23.75,23.75,0.0,142.5
40,C-XXXXX,item:268967,23.75,23.75,23.75,0.0,142.5
40,C-XXXXX,item:268091,23.75,23.75,23.75,0.0,142.5
41,C-XXXXX,item:268967,23.75,23.75,23.75,0.0,118.75
41,C-XXXXX,item:268091,23.75,23.75,23.75,0.0,118.75
42,C-XXXXX,item:268967,23.75,23.75,23.75,0.0,95.0
42,C-XXXXX,item:268091,23.75,23.75,23.75,0.0,142.5
43,C-XXXXX,item:268967,23.75,23.75,23.75,0.0,118.75
43,C-XXXXX,item:268091,23.75,23.75,23.75,0.0,118.75
44,C-XXXXX,item:268967,23.75,23.75,23.75,0.0,118.75
44,C-XXXXX,item:268091,23.75,23.75,23.75,0.0,118.75
45,C-XXXXX,item:268967,23.75,23.75,23.75,0.0,118.75
45,C-XXXXX,item:268091,23.75,23.75,23.75,0.0,118.75
46,C-XXXXX,item:268967,23.75,23.75,23.75,0.0,95.0
46,C-XXXXX,item:268091,23.75,23.75,23.75,0.0,95.0
47,C-XXXXX,item:268967,23.75,23.75,23.75,0.0,118.75
47,C-XXXXX,item:268091,23.75,23.75,23.75,0.0,142.5
48,C-XXXXX,item:268967,23.75,23.75,23.75,0.0,118.75
48,C-XXXXX,item:268091,23.75,23.75,23.75,0.0,142.5
49,C-XXXXX,item:268967,23.75,23.75,23.75,0.0,118.75
49,C-XXXXX,item:268091,23.75,23.75,23.75,0.0,142.5
50,C-XXXXX,item:268967,23.75,23.75,23.75,0.0,166.25
50,C-XXXXX,item:268091,23.75,23.75,23.75,0.0,142.5
51,C-XXXXX,item:268967,23.75,23.75,23.75,0.0,142.5
51,C-XXXXX,item:268091,23.75,23.75,23.75,0.0,118.75
52,C-XXXXX,item:268967,23.75,23.75,23.75,0.0,142.5
52,C-XXXXX,item:268091,23.75,23.75,23.75,0.0,118.75
53,C-XXXXX,item:268967,23.75,23.75,23.75,0.0,118.75
53,C-XXXXX,item:268091,23.75,23.75,23.75,0.0,118.75
54,C-XXXXX,item:268967,23.75,23.75,23.75,0.0,118.75
54,C-XXXXX,item:268091,23.75,23.75,23.75,0.0,118.75
55,C-XXXXX,item:268967,23.75,23.75,23.75,0.0,95.0
55,C-XXXXX,item:268091,23.75,23.75,23.75,0.0,95.0
56,C-XXXXX,item:268967,23.75,23.75,23.75,0.0,95.0
56,C-XXXXX,item:268091,23.75,23.75,23.75,0.0,71.25
57,C-XXXXX,item:268967,23.75,23.75,23.75,0.0,142.5
57,C-XXXXX,item:268091,23.75,23.75,23.75,0.0,118.75
58,C-XXXXX,item:268967,23.75,23.75,23.75,0.0,142.5
58,C-XXXXX,item:268091,23.75,23.75,23.75,0.0,142.5
59,C-XXXXX,item:268967,23.75,23.75,23.75,0.0,118.75
59,C-XXXXX,item:268091,23.75,23.75,23.75,0.0,118.75
60,C-XXXXX,item:268967,23.75,23.75,23.75,0.0,118.75
60,C-XXXXX,item:268091,23.75,23.75,23.75,0.0,118.75
61,C-XXXXX,item:268967,23.75,23.75,23.75,0.0,118.75
61,C-XXXXX,item:268091,23.75,23.75,23.75,0.0,118.75
62,C-XXXXX,item:268967,23.75,23.75,23.75,0.0,118.75
62,C-XXXXX,item:268091,23.75,23.75,23.75,0.0,142.5
63,C-XXXXX,item:268967,23.75,23.75,23.75,0.0,142.5
63,C-XXXXX,item:268091,23.75,23.75,23.75,0.0,142.5
64,C-XXXXX,item:268967,23.75,23.75,23.75,0.0,118.75
64,C-XXXXX,item:268091,23.75,23.75,23.75,0.0,142.5
65,C-XXXXX,item:268967,23.75,23.75,23.75,0.0,118.75
65,C-XXXXX,item:268091,23.75,23.75,23.75,0.0,118.75
66,C-XXXXX,item:268967,23.75,23.75,23.75,0.0,142.5
66,C-XXXXX,item:268091,23.75,23.75,23.75,0.0,95.0
67,C-XXXXX,item:268967,23.75,23.75,23.75,0.0,142.5
67,C-XXXXX,item:268091,23.75,23.75,23.75,0.0,142.5
68,C-XXXXX,item:268967,23.75,23.75,23.75,0.0,118.75
68,C-XXXXX,item:268091,23.75,23.75,23.75,0.0,142.5
69,C-XXXXX,item:268967,23.75,23.75,23.75,0.0,95.0
69,C-XXXXX,item:268091,23.75,23.75,23.75,0.0,142.5
70,C-XXXXX,item:268967,23.75,23.75,23.75,0.0,71.25
70,C-XXXXX,item:268091,23.75,23.75,23.75,0.0,118.75
71,C-XXXXX,item:268967,23.75,23.75,23.75,0.0,71.25
71,C-XXXXX,item:268091,23.75,23.75,23.75,0.0,118.75
72,C-XXXXX,item:268967,23.75,23.75,23.75,0.0,95.0
72,C-XXXXX,item:268091,23.75,23.75,23.75,0.0,142.5
73,C-XXXXX,item:268967,23.75,23.75,23.75,0.0,118.75
73,C-XXXXX,item:268091,23.75,23.75,23.75,0.0,142.5
74,C-XXXXX,item:268967,23.75,23.75,23.75,0.0,118.75
74,C-XXXXX,item:268091,23.75,23.75,23.75,0.0,142.5
75,C-XXXXX,item:268967,23.75,23.75,23.75,0.0,118.75
75,C-XXXXX,item:268091,23.75,23.75,23.75,0.0,118.75
76,C-XXXXX,item:268967,23.75,23.75,23.75,0.0,142.5
76,C-XXXXX,item:268091,23.75,23.75,23.75,0.0,142.5
77,C-XXXXX,item:268967,23.75,23.75,23.75,0.0,142.5
77,C-XXXXX,item:268091,23.75,23.75,23.75,0.0,142.5
78,C-XXXXX,item:268967,23.75,23.75,23.75,0.0,142.5
78,C-XXXXX,item:268091,23.75,23.75,23.75,0.0,142.5
79,C-XXXXX,item:268967,23.75,23.75,23.75,0.0,118.75
79,C-XXXXX,item:268091,23.75,23.75,23.75,0.0,142.5
80,C-XXXXX,item:268967,23.75,23.75,23.75,0.0,142.5
80,C-XXXXX,item:268091,23.75,23.75,23.75,0.0,118.75
81,C-XXXXX,item:268967,23.75,23.75,23.75,0.0,142.5
81,C-XXXXX,item:268091,23.75,23.75,23.75,0.0,118.75
82,C-XXXXX,item:268967,23.75,23.75,23.75,0.0,142.5
82,C-XXXXX,item:268091,23.75,23.75,23.75,0.0,95.0
83,C-XXXXX,item:268967,23.75,23.75,23.75,0.0,142.5
83,C-XXXXX,item:268091,23.75,23.75,23.75,0.0,142.5
84,C-XXXXX,item:268967,23.75,23.75,23.75,0.0,142.5
84,C-XXXXX,item:268091,23.75,23.75,23.75,0.0,142.5
85,C-XXXXX,item:268967,23.75,23.75,23.75,0.0,142.5
85,C-XXXXX,item:268091,23.75,23.75,23.75,0.0,118.75
86,C-XXXXX,item:268967,23.75,23.75,23.75,0.0,142.5
86,C-XXXXX,item:268091,23.75,23.75,23.75,0.0,118.75
87,C-XXXXX,item:268967,23.75,23.75,23.75,0.0,142.5
87,C-XXXXX,item:268091,23.75,23.75,23.75,0.0,142.5
88,C-XXXXX,item:268967,23.75,23.75,23.75,0.0,142.5
88,C-XXXXX,item:268091,23.75,23.75,23.75,0.0,142.5
89,C-XXXXX,item:268967,23.75,23.75,23.75,0.0,142.5
89,C-XXXXX,item:268091,23.75,23.75,23.75,0.0,142.5
90,C-XXXXX,item:268967,23.75,23.75,23.75,0.0,118.75
90,C-XXXXX,item:268091,23.75,23.75,23.75,0.0,118.75
91,C-XXXXX,item:268967,23.75,23.75,23.75,0.0,118.75
91,C-XXXXX,item:268091,23.75,23.75,23.75,0.0,95.0
92,C-XXXXX,item:268967,23.75,23.75,23.75,0.0,118.75
92,C-XXXXX,item:268091,23.75,23.75,23.75,0.0,142.5
93,C-XXXXX,item:268967,23.75,23.75,23.75,0.0,118.75
93,C-XXXXX,item:268091,23.75,23.75,23.75,0.0,142.5
94,C-XXXXX,item:268967,23.75,23.75,23.75,0.0,166.25
94,C-XXXXX,item:268091,23.75,23.75,23.75,0.0,118.75
95,C-XXXXX,item:268967,23.75,23.75,23.75,0.0,142.5
95,C-XXXXX,item:268091,23.75,23.75,23.75,0.0,95.0
96,C-XXXXX,item:268967,23.75,23.75,23.75,0.0,118.75
96,C-XXXXX,item:268091,23.75,23.75,23.75,0.0,95.0
97,C-XXXXX,item:268967,23.75,23.75,23.75,0.0,118.75
97,C-XXXXX,item:268091,23.75,23.75,23.75,0.0,118.75
98,C-XXXXX,item:268967,23.75,23.75,23.75,0.0,118.75
98,C-XXXXX,item:268091,23.75,23.75,23.75,0.0,142.5
99,C-XXXXX,item:268967,23.75,23.75,23.75,0.0,118.75
99,C-XXXXX,item:268091,23.75,23.75,23.75,0.0,142.5
100,C-XXXXX,item:268967,23.75,23.75,23.75,0.0,118.75
100,C-XXXXX,item:268091,23.75,23.75,23.75,0.0,142.5
101,C-XXXXX,item:268967,23.75,23.75,23.75,0.0,95.0
101,C-XXXXX,item:268091,23.75,23.75,23.75,0.0,142.5
102,C-XXXXX,item:268967,23.75,23.75,23.75,0.0,166.25
102,C-XXXXX,item:268091,23.75,23.75,23.75,0.0,118.75
103,C-XXXXX,item:268967,23.75,23.75,23.75,0.0,142.5
103,C-XXXXX,item:268091,23.75,23.75,23.75,0.0,118.75
104,C-XXXXX,item:268967,23.75,23.75,23.75,0.0,142.5
104,C-XXXXX,item:268091,23.75,23.75,23.75,0.0,142.5
105,C-XXXXX,item:268967,23.75,23.75,23.75,0.0,166.25
105,C-XXXXX,item:268091,23.75,23.75,23.75,0.0,118.75
106,C-XXXXX,item:268967,23.75,23.75,23.75,0.0,142.5
106,C-XXXXX,item:268091,23.75,23.75,23.75,0.0,142.5
107,C-XXXXX,item:268967,23.75,23.75,23.75,0.0,142.5
107,C-XXXXX,item:268091,23.75,23.75,23.75,0.0,118.75
108,C-XXXXX,item:268967,23.75,23.75,23.75,0.0,142.5
108,C-XXXXX,item:268091,23.75,23.75,23.75,0.0,142.5
109,C-XXXXX,item:268967,23.75,23.75,23.75,0.0,118.75
109,C-XXXXX,item:268091,23.75,23.75,23.75,0.0,142.5
110,C-XXXXX,item:268967,23.75,23.75,23.75,0.0,142.5
110,C-XXXXX,item:268091,23.75,23.75,23.75,0.0,118.75
111,C-XXXXX,item:268967,23.75,23.75,23.75,0.0,118.75
111,C-XXXXX,item:268091,23.75,23.75,23.75,0.0,142.5
112,C-XXXXX,item:268967,23.75,23.75,23.75,0.0,142.5
112,C-XXXXX,item:268091,23.75,23.75,23.75,0.0,118.75
113,C-XXXXX,item:268967,23.75,23.75,23.75,0.0,118.75
113,C-XXXXX,item:268091,23.75,23.75,23.75,0.0,118.75
114,C-XXXXX,item:268967,23.75,23.75,23.75,0.0,118.75
114,C-XXXXX,item:268091,23.75,23.75,23.75,0.0,95.0
115,C-XXXXX,item:268967,23.75,23.75,23.75,0.0,142.5
115,C-XXXXX,item:268091,23.75,23.75,23.75,0.0,142.5
116,C-XXXXX,item:268967,23.75,23.75,23.75,0.0,118.75
116,C-XXXXX,item:268091,23.75,23.75,23.75,0.0,118.75
117,C-XXXXX,item:268967,23.75,23.75,23.75,0.0,118.75
117,C-XXXXX,item:268091,23.75,23.75,23.75,0.0,142.5
118,C-XXXXX,item:268967,23.75,23.75,23.75,0.0,118.75
118,C-XXXXX,item:268091,23.75,23.75,23.75,0.0,142.5
119,C-XXXXX,item:268967,23.75,23.75,23.75,0.0,142.5
119,C-XXXXX,item:268091,23.75,23.75,23.75,0.0,118.75
120,C-XXXXX,item:268967,23.75,23.75,23.75,0.0,118.75
120,C-XXXXX,item:268091,23.75,23.75,23.75,0.0,142.5
121,C-XXXXX,item:268967,23.75,23.75,23.75,0.0,118.75
121,C-XXXXX,item:268091,23.75,23.75,23.75,0.0,142.5
122,C-XXXXX,item:268967,23.75,23.75,23.75,0.0,118.75
122,C-XXXXX,item:268091,23.75,23.75,23.75,0.0,142.5
123,C-XXXXX,item:268967,23.75,23.75,23.75,0.0,166.25
123,C-XXXXX,item:268091,23.75,23.75,23.75,0.0,118.75
124,C-XXXXX,item:268967,23.75,23.75,23.75,0.0,166.25
124,C-XXXXX,item:268091,23.75,23.75,23.75,0.0,142.5
125,C-XXXXX,item:268967,23.75,23.75,23.75,0.0,142.5
125,C-XXXXX,item:268091,23.75,23.75,23.75,0.0,118.75
126,C-XXXXX,item:268967,23.75,23.75,23.75,0.0,142.5
126,C-XXXXX,item:268091,23.75,23.75,23.75,0.0,118.75
127,C-XXXXX,item:268967,23.75,23.75,23.75,0.0,118.75
127,C-XXXXX,item:268091,23.75,23.75,23.75,0.0,142.5
128,C-XXXXX,item:268967,23.75,23.75,23.75,0.0,142.5
128,C-XXXXX,item:268091,23.75,23.75,23.75,0.0,142.5
129,C-XXXXX,item:268967,23.75,23.75,23.75,0.0,142.5
129,C-XXXXX,item:268091,23.75,23.75,23.75,0.0,118.75
130,C-XXXXX,item:268967,23.75,23.75,23.75,0.0,118.75
130,C-XXXXX,item:268091,23.75,23.75,23.75,0.0,95.0
131,C-XXXXX,item:268967,23.75,23.75,23.75,0.0,118.75
131,C-XXXXX,item:268091,23.75,23.75,23.75,0.0,118.75
132,C-XXXXX,item:268967,23.75,23.75,23.75,0.0,142.5
132,C-XXXXX,item:268091,23.75,23.75,23.75,0.0,142.5
133,C-XXXXX,item:268967,23.75,23.75,23.75,0.0,118.75
133,C-XXXXX,item:268091,23.75,23.75,23.75,0.0,118.75
134,C-XXXXX,item:268967,23.75,23.75,23.75,0.0,142.5
134,C-XXXXX,item:268091,23.75,23.75,23.75,0.0,142.5
135,C-XXXXX,item:268967,23.75,23.75,23.75,0.0,118.75
135,C-XXXXX,item:268091,23.75,23.75,23.75,0.0,118.75
136,C-XXXXX,item:268967,23.75,23.75,23.75,0.0,142.5
136,C-XXXXX,item:268091,23.75,23.75,23.75,0.0,118.75
137,C-XXXXX,item:268967,23.75,23.75,23.75,0.0,118.75
137,C-XXXXX,item:268091,23.75,23.75,23.75,0.0,142.5
138,C-XXXXX,item:268967,23.75,23.75,23.75,0.0,118.75
138,C-XXXXX,item:268091,23.75,23.75,23.75,0.0,166.25
139,C-XXXXX,item:268967,23.75,23.75,23.75,0.0,142.5
139,C-XXXXX,item:268091,23.75,23.75,23.75,0.0,142.5
140,C-XXXXX,item:268967,23.75,23.75,23.75,0.0,142.5
140,C-XXXXX,item:268091,23.75,23.75,23.75,0.0,142.5
141,C-XXXXX,item:268967,23.75,23.75,23.75,0.0,118.75
141,C-XXXXX,item:268091,23.75,23.75,23.75,0.0,118.75
142,C-XXXXX,item:268967,23.75,23.75,23.75,0.0,166.25
142,C-XXXXX,item:268091,23.75,23.75,23.75,0.0,118.75
143,C-XXXXX,item:268967,23.75,23.75,23.75,0.0,166.25
143,C-XXXXX,item:268091,23.75,23.75,23.75,0.0,118.75
144,C-XXXXX,item:268967,23.75,23.75,23.75,0.0,142.5
144,C-XXXXX,item:268091,23.75,23.75,23.75,0.0,142.5
145,C-XXXXX,item:268967,23.75,23.75,23.75,0.0,118.75
145,C-XXXXX,item:268091,23.75,23.75,23.75,0.0,166.25
146,C-XXXXX,item:268967,23.75,23.75,23.75,0.0,95.0
146,C-XXXXX,item:268091,23.75,23.75,23.75,0.0,142.5
147,C-XXXXX,item:268967,23.75,23.75,23.75,0.0,166.25
147,C-XXXXX,item:268091,23.75,23.75,23.75,0.0,142.5
148,C-XXXXX,item:268967,23.75,23.75,23.75,0.0,142.5
148,C-XXXXX,item:268091,23.75,23.75,23.75,0.0,118.75
149,C-XXXXX,item:268967,23.75,23.75,23.75,0.0,142.5
149,C-XXXXX,item:268091,23.75,23.75,23.75,0.0,95.0
150,C-XXXXX,item:268967,23.75,23.75,23.75,0.0,142.5
150,C-XXXXX,item:268091,23.75,23.75,23.75,0.0,142.5
151,C-XXXXX,item:268967,23.75,23.75,23.75,0.0,142.5
151,C-XXXXX,item:268091,23.75,23.75,23.75,0.0,118.75
152,C-XXXXX,item:268967,23.75,23.75,23.75,0.0,142.5
152,C-XXXXX,item:268091,23.75,23.75,23.75,0.0,142.5
153,C-XXXXX,item:268967,23.75,23.75,23.75,0.0,142.5
153,C-XXXXX,item:268091,23.75,23.75,23.75,0.0,118.75
154,C-XXXXX,item:268967,23.75,23.75,23.75,0.0,142.5
154,C-XXXXX,item:268091,23.75,23.75,23.75,0.0,142.5
155,C-XXXXX,item:268967,23.75,23.75,23.75,0.0,118.75
155,C-XXXXX,item:268091,23.75,23.75,23.75,0.0,142.5
156,C-XXXXX,item:268967,23.75,23.75,23.75,0.0,142.5
156,C-XXXXX,item:268091,23.75,23.75,23.75,0.0,142.5
157,C-XXXXX,item:268967,23.75,23.75,23.75,0.0,118.75
157,C-XXXXX,item:268091,23.75,23.75,23.75,0.0,118.75
158,C-XXXXX,item:268967,23.75,23.75,23.75,0.0,142.5
158,C-XXXXX,item:268091,23.75,23.75,23.75,0.0,142.5
159,C-XXXXX,item:268967,23.75,23.75,23.75,0.0,142.5
159,C-XXXXX,item:268091,23.75,23.75,23.75,0.0,118.75
160,C-XXXXX,item:268967,23.75,23.75,23.75,0.0,166.25
160,C-XXXXX,item:268091,23.75,23.75,23.75,0.0,118.75
161,C-XXXXX,item:268967,23.75,23.75,23.75,0.0,142.5
161,C-XXXXX,item:268091,23.75,23.75,23.75,0.0,142.5
162,C-XXXXX,item:268967,23.75,23.75,23.75,0.0,118.75
162,C-XXXXX,item:268091,23.75,23.75,23.75,0.0,142.5
163,C-XXXXX,item:268967,23.75,23.75,23.75,0.0,166.25
163,C-XXXXX,item:268091,23.75,23.75,23.75,0.0,142.5
164,C-XXXXX,item:268967,23.75,23.75,23.75,0.0,142.5
164,C-XXXXX,item:268091,23.75,23.75,23.75,0.0,142.5
165,C-XXXXX,item:268967,23.75,23.75,23.75,0.0,142.5
165,C-XXXXX,item:268091,23.75,23.75,23.75,0.0,142.5
166,C-XXXXX,item:268967,23.75,23.75,23.75,0.0,142.5
166,C-XXXXX,item:268091,23.75,23.75,23.75,0.0,118.75
167,C-XXXXX,item:268967,23.75,23.75,23.75,0.0,118.75
167,C-XXXXX,item:268091,23.75,23.75,23.75,0.0,142.5
168,C-XXXXX,item:268967,23.75,23.75,23.75,0.0,142.5
168,C-XXXXX,item:268091,23.75,23.75,23.75,0.0,118.75
169,C-XXXXX,item:268967,23.75,23.75,23.75,0.0,118.75
169,C-XXXXX,item:268091,23.75,23.75,23.75,0.0,118.75
170,C-XXXXX,item:268967,23.75,23.75,23.75,0.0,118.75
170,C-XXXXX,item:268091,23.75,23.75,23.75,0.0,118.75
171,C-XXXXX,item:268967,23.75,23.75,23.75,0.0,142.5
171,C-XXXXX,item:268091,23.75,23.75,23.75,0.0,118.75
172,C-XXXXX,item:268967,23.75,23.75,23.75,0.0,142.5
172,C-XXXXX,item:268091,23.75,23.75,23.75,0.0,142.5
173,C-XXXXX,item:268967,23.75,23.75,23.75,0.0,142.5
173,C-XXXXX,item:268091,23.75,23.75,23.75,0.0,118.75
174,C-XXXXX,item:268967,23.75,23.75,23.75,0.0,118.75
174,C-XXXXX,item:268091,23.75,23.75,23.75,0.0,118.75
175,C-XXXXX,item:268967,23.75,23.75,23.75,0.0,118.75
175,C-XXXXX,item:268091,23.75,23.75,23.75,0.0,142.5
176,C-XXXXX,item:268967,23.75,23.75,23.75,0.0,95.0
176,C-XXXXX,item:268091,23.75,23.75,23.75,0.0,118.75
177,C-XXXXX,item:268967,23.75,23.75,23.75,0.0,118.75
177,C-XXXXX,item:268091,23.75,23.75,23.75,0.0,142.5
178,C-XXXXX,item:268967,23.75,23.75,23.75,0.0,118.75
178,C-XXXXX,item:268091,23.75,23.75,23.75,0.0,118.75
179,C-XXXXX,item:268967,23.75,23.75,23.75,0.0,142.5
179,C-XXXXX,item:268091,23.75,23.75,23.75,0.0,95.0
180,C-XXXXX,item:268967,23.75,23.75,23.75,0.0,142.5
180,C-XXXXX,item:268091,23.75,23.75,23.75,0.0,71.25
181,C-XXXXX,item:268967,23.75,23.75,23.75,0.0,118.75
181,C-XXXXX,item:268091,23.75,23.75,23.75,0.0,118.75
182,C-XXXXX,item:268967,23.75,23.75,23.75,0.0,142.5
182,C-XXXXX,item:268091,23.75,23.75,23.75,0.0,118.75
183,C-XXXXX,item:268967,23.75,23.75,23.75,0.0,142.5
183,C-XXXXX,item:268091,23.75,23.75,23.75,0.0,95.0
184,C-XXXXX,item:268967,23.75,23.75,23.75,0.0,118.75
184,C-XXXXX,item:268091,23.75,23.75,23.75,0.0,118.75
185,C-XXXXX,item:268967,23.75,23.75,23.75,0.0,118.75
185,C-XXXXX,item:268091,23.75,23.75,23.75,0.0,118.75
186,C-XXXXX,item:268967,23.75,23.75,23.75,0.0,166.25
186,C-XXXXX,item:268091,23.75,23.75,23.75,0.0,142.5
187,C-XXXXX,item:268967,23.75,23.75,23.75,0.0,142.5
187,C-XXXXX,item:268091,23.75,23.75,23.75,0.0,142.5
188,C-XXXXX,item:268967,23.75,23.75,23.75,0.0,142.5
188,C-XXXXX,item:268091,23.75,23.75,23.75,0.0,118.75
189,C-XXXXX,item:268967,23.75,23.75,23.75,0.0,142.5
189,C-XXXXX,item:268091,23.75,23.75,23.75,0.0,142.5
190,C-XXXXX,item:268967,23.75,23.75,23.75,0.0,118.75
190,C-XXXXX,item:268091,23.75,23.75,23.75,0.0,142.5
191,C-XXXXX,item:268967,23.75,23.75,23.75,0.0,142.5
191,C-XXXXX,item:268091,23.75,23.75,23.75,0.0,118.75
192,C-XXXXX,item:268967,23.75,23.75,23.75,0.0,142.5
192,C-XXXXX,item:268091,23.75,23.75,23.75,0.0,118.75
193,C-XXXXX,item:268967,23.75,23.75,23.75,0.0,142.5
193,C-XXXXX,item:268091,23.75,23.75,23.75,0.0,118.75
194,C-XXXXX,item:268967,23.75,23.75,23.75,0.0,118.75
194,C-XXXXX,item:268091,23.75,23.75,23.75,0.0,118.75
195,C-XXXXX,item:268967,23.75,23.75,23.75,0.0,118.75
195,C-XXXXX,item:268091,23.75,23.75,23.75,0.0,166.25
196,C-XXXXX,item:268967,23.75,23.75,23.75,0.0,142.5
196,C-XXXXX,item:268091,23.75,23.75,23.75,0.0,142.5
197,C-XXXXX,item:268967,23.75,23.75,23.75,0.0,118.75
197,C-XXXXX,item:268091,23.75,23.75,23.75,0.0,118.75
198,C-XXXXX,item:268967,23.75,23.75,23.75,0.0,142.5
198,C-XXXXX,item:268091,23.75,23.75,23.75,0.0,166.25
199,C-XXXXX,item:268967,23.75,23.75,23.75,0.0,118.75
199,C-XXXXX,item:268091,23.75,23.75,23.75,0.0,142.5
200,C-XXXXX,item:268967,23.75,23.75,23.75,0.0,142.5
200,C-XXXXX,item:268091,23.75,23.75,23.75,0.0,118.75
201,C-XXXXX,item:268967,23.75,23.75,23.75,0.0,142.5
201,C-XXXXX,item:268091,23.75,23.75,23.75,0.0,118.75
202,C-XXXXX,item:268967,23.75,23.75,23.75,0.0,118.75
202,C-XXXXX,item:268091,23.75,23.75,23.75,0.0,95.0
203,C-XXXXX,item:268967,23.75,23.75,23.75,0.0,142.5
203,C-XXXXX,item:268091,23.75,23.75,23.75,0.0,142.5
204,C-XXXXX,item:268967,23.75,23.75,23.75,0.0,142.5
204,C-XXXXX,item:268091,23.75,23.75,23.75,0.0,142.5
205,C-XXXXX,item:268967,23.75,23.75,23.75,0.0,142.5
205,C-XXXXX,item:268091,23.75,23.75,23.75,0.0,166.25
206,C-XXXXX,item:268967,23.75,23.75,23.75,0.0,142.5
206,C-XXXXX,item:268091,23.75,23.75,23.75,0.0,142.5
207,C-XXXXX,item:268967,23.75,23.75,23.75,0.0,142.5
207,C-XXXXX,item:268091,23.75,23.75,23.75,0.0,118.75
208,C-XXXXX,item:268967,23.75,23.75,23.75,0.0,142.5
208,C-XXXXX,item:268091,23.75,23.75,23.75,0.0,142.5
209,C-XXXXX,item:268967,23.75,23.75,23.75,0.0,142.5
209,C-XXXXX,item:268091,23.75,23.75,23.75,0.0,142.5
210,C-XXXXX,item:268967,23.75,23.75,23.75,0.0,142.5
210,C-XXXXX,item:268091,23.75,23.75,23.75,0.0,142.5
211,C-XXXXX,item:268967,23.75,23.75,23.75,0.0,142.5
211,C-XXXXX,item:268091,23.75,23.75,23.75,0.0,142.5
212,C-XXXXX,item:268967,23.75,23.75,23.75,0.0,142.5
212,C-XXXXX,item:268091,23.75,23.75,23.75,0.0,118.75
213,C-XXXXX,item:268967,23.75,23.75,23.75,0.0,142.5
213,C-XXXXX,item:268091,23.75,23.75,23.75,0.0,118.75
214,C-XXXXX,item:268967,23.75,23.75,23.75,0.0,142.5
214,C-XXXXX,item:268091,23.75,23.75,23.75,0.0,95.0
215,C-XXXXX,item:268967,23.75,23.75,23.75,0.0,118.75
215,C-XXXXX,item:268091,23.75,23.75,23.75,0.0,118.75
216,C-XXXXX,item:268967,23.75,23.75,23.75,0.0,142.5
216,C-XXXXX,item:268091,23.75,23.75,23.75,0.0,95.0
217,C-XXXXX,item:268967,23.75,23.75,23.75,0.0,142.5
217,C-XXXXX,item:268091,23.75,23.75,23.75,0.0,95.0
218,C-XXXXX,item:268967,23.75,23.75,23.75,0.0,118.75
218,C-XXXXX,item:268091,23.75,23.75,23.75,0.0,118.75
219,C-XXXXX,item:268967,23.75,23.75,23.75,0.0,142.5
219,C-XXXXX,item:268091,23.75,23.75,23.75,0.0,118.75
220,C-XXXXX,item:268967,23.75,23.75,23.75,0.0,142.5
220,C-XXXXX,item:268091,23.75,23.75,23.75,0.0,142.5
221,C-XXXXX,item:268967,23.75,23.75,23.75,0.0,142.5
221,C-XXXXX,item:268091,23.75,23.75,23.75,0.0,142.5
222,C-XXXXX,item:268967,23.75,23.75,23.75,0.0,118.75
222,C-XXXXX,item:268091,23.75,23.75,23.75,0.0,142.5
223,C-XXXXX,item:268967,23.75,23.75,23.75,0.0,118.75
223,C-XXXXX,item:268091,23.75,23.75,23.75,0.0,118.75
224,C-XXXXX,item:268967,23.75,23.75,23.75,0.0,118.75
224,C-XXXXX,item:268091,23.75,23.75,23.75,0.0,142.5
225,C-XXXXX,item:268967,23.75,23.75,23.75,0.0,142.5
225,C-XXXXX,item:268091,23.75,23.75,23.75,0.0,118.75
226,C-XXXXX,item:268967,23.75,23.75,23.75,0.0,118.75
226,C-XXXXX,item:268091,23.75,23.75,23.75,0.0,142.5
227,C-XXXXX,item:268967,23.75,23.75,23.75,0.0,118.75
227,C-XXXXX,item:268091,23.75,23.75,23.75,0.0,118.75
228,C-XXXXX,item:268967,23.75,23.75,23.75,0.0,142.5
228,C-XXXXX,item:268091,23.75,23.75,23.75,0.0,118.75
229,C-XXXXX,item:268967,23.75,23.75,23.75,0.0,118.75
229,C-XXXXX,item:268091,23.75,23.75,23.75,0.0,95.0
230,C-XXXXX,item:268967,23.75,23.75,23.75,0.0,95.0
230,C-XXXXX,item:268091,23.75,23.75,23.75,0.0,142.5
231,C-XXXXX,item:268967,23.75,23.75,23.75,0.0,142.5
231,C-XXXXX,item:268091,23.75,23.75,23.75,0.0,142.5
232,C-XXXXX,item:268967,23.75,23.75,23.75,0.0,142.5
232,C-XXXXX,item:268091,23.75,23.75,23.75,0.0,118.75
233,C-XXXXX,item:268967,23.75,23.75,23.75,0.0,118.75
233,C-XXXXX,item:268091,23.75,23.75,23.75,0.0,142.5
234,C-XXXXX,item:268967,23.75,23.75,23.75,0.0,142.5
234,C-XXXXX,item:268091,23.75,23.75,23.75,0.0,118.75
235,C-XXXXX,item:268967,23.75,23.75,23.75,0.0,142.5
235,C-XXXXX,item:268091,23.75,23.75,23.75,0.0,118.75
236,C-XXXXX,item:268967,23.75,23.75,23.75,0.0,142.5
236,C-XXXXX,item:268091,23.75,23.75,23.75,0.0,118.75
237,C-XXXXX,item:268967,23.75,23.75,23.75,0.0,142.5
237,C-XXXXX,item:268091,23.75,23.75,23.75,0.0,95.0
238,C-XXXXX,item:268967,23.75,23.75,23.75,0.0,142.5
238,C-XXXXX,item:268091,23.75,23.75,23.75,0.0,118.75
239,C-XXXXX,item:268967,23.75,23.75,23.75,0.0,142.5
239,C-XXXXX,item:268091,23.75,23.75,23.75,0.0,118.75
240,C-XXXXX,item:268967,23.75,23.75,23.75,0.0,118.75
240,C-XXXXX,item:268091,23.75,23.75,23.75,0.0,118.75
241,C-XXXXX,item:268967,23.75,23.75,23.75,0.0,118.75
241,C-XXXXX,item:268091,23.75,23.75,23.75,0.0,142.5
242,C-XXXXX,item:268967,23.75,23.75,23.75,0.0,118.75
242,C-XXXXX,item:268091,23.75,23.75,23.75,0.0,118.75
243,C-XXXXX,item:268967,23.75,23.75,23.75,0.0,95.0
243,C-XXXXX,item:268091,23.75,23.75,23.75,0.0,142.5
244,C-XXXXX,item:268967,23.75,23.75,23.75,0.0,118.75
244,C-XXXXX,item:268091,23.75,23.75,23.75,0.0,142.5
245,C-XXXXX,item:268967,23.75,23.75,23.75,0.0,142.5
245,C-XXXXX,item:268091,23.75,23.75,23.75,0.0,142.5
246,C-XXXXX,item:268967,23.75,23.75,23.75,0.0,118.75
246,C-XXXXX,item:268091,23.75,23.75,23.75,0.0,142.5
247,C-XXXXX,item:268967,23.75,23.75,23.75,0.0,142.5
247,C-XXXXX,item:268091,23.75,23.75,23.75,0.0,118.75
248,C-XXXXX,item:268967,23.75,23.75,23.75,0.0,142.5
248,C-XXXXX,item:268091,23.75,23.75,23.75,0.0,142.5
249,C-XXXXX,item:268967,23.75,23.75,23.75,0.0,142.5
249,C-XXXXX,item:268091,23.75,23.75,23.75,0.0,142.5
250,C-XXXXX,item:268967,23.75,23.75,23.75,0.0,142.5
250,C-XXXXX,item:268091,23.75,23.75,23.75,0.0,118.75
251,C-XXXXX,item:268967,23.75,23.75,23.75,0.0,118.75
251,C-XXXXX,item:268091,23.75,23.75,23.75,0.0,118.75
252,C-XXXXX,item:268967,23.75,23.75,23.75,0.0,118.75
252,C-XXXXX,item:268091,23.75,23.75,23.75,0.0,142.5
253,C-XXXXX,item:268967,23.75,23.75,23.75,0.0,118.75
253,C-XXXXX,item:268091,23.75,23.75,23.75,0.0,142.5
254,C-XXXXX,item:268967,23.75,23.75,23.75,0.0,95.0
254,C-XXXXX,item:268091,23.75,23.75,23.75,0.0,166.25
255,C-XXXXX,item:268967,23.75,23.75,23.75,0.0,118.75
255,C-XXXXX,item:268091,23.75,23.75,23.75,0.0,142.5
256,C-XXXXX,item:268967,23.75,23.75,23.75,0.0,118.75
256,C-XXXXX,item:268091,23.75,23.75,23.75,0.0,118.75
257,C-XXXXX,item:268967,23.75,23.75,23.75,0.0,142.5
257,C-XXXXX,item:268091,23.75,23.75,23.75,0.0,118.75
258,C-XXXXX,item:268967,23.75,23.75,23.75,0.0,142.5
258,C-XXXXX,item:268091,23.75,23.75,23.75,0.0,118.75
259,C-XXXXX,item:268967,23.75,23.75,23.75,0.0,118.75
259,C-XXXXX,item:268091,23.75,23.75,23.75,0.0,95.0
260,C-XXXXX,item:268967,23.75,23.75,23.75,0.0,118.75
260,C-XXXXX,item:268091,23.75,23.75,23.75,0.0,95.0
261,C-XXXXX,item:268967,23.75,23.75,23.75,0.0,142.5
261,C-XXXXX,item:268091,23.75,23.75,23.75,0.0,118.75
262,C-XXXXX,item:268967,23.75,23.75,23.75,0.0,142.5
262,C-XXXXX,item:268091,23.75,23.75,23.75,0.0,118.75
263,C-XXXXX,item:268967,23.75,23.75,23.75,0.0,142.5
263,C-XXXXX,item:268091,23.75,23.75,23.75,0.0,95.0
264,C-XXXXX,item:268967,23.75,23.75,23.75,0.0,142.5
264,C-XXXXX,item:268091,23.75,23.75,23.75,0.0,142.5
265,C-XXXXX,item:268967,23.75,23.75,23.75,0.0,142.5
265,C-XXXXX,item:268091,23.75,23.75,23.75,0.0,142.5
266,C-XXXXX,item:268967,23.75,23.75,23.75,0.0,142.5
266,C-XXXXX,item:268091,23.75,23.75,23.75,0.0,142.5
267,C-XXXXX,item:268967,23.75,23.75,23.75,0.0,118.75
267,C-XXXXX,item:268091,23.75,23.75,23.75,0.0,142.5
268,C-XXXXX,item:268967,23.75,23.75,23.75,0.0,118.75
268,C-XXXXX,item:268091,23.75,23.75,23.75,0.0,142.5
269,C-XXXXX,item:268967,23.75,23.75,23.75,0.0,118.75
269,C-XXXXX,item:268091,23.75,23.75,23.75,0.0,166.25
270,C-XXXXX,item:268967,23.75,23.75,23.75,0.0,95.0
270,C-XXXXX,item:268091,23.75,23.75,23.75,0.0,142.5
271,C-XXXXX,item:268967,23.75,23.75,23.75,0.0,118.75
271,C-XXXXX,item:268091,23.75,23.75,23.75,0.0,118.75
272,C-XXXXX,item:268967,23.75,23.75,23.75,0.0,118.75
272,C-XXXXX,item:268091,23.75,23.75,23.75,0.0,118.75
273,C-XXXXX,item:268967,23.75,23.75,23.75,0.0,118.75
273,C-XXXXX,item:268091,23.75,23.75,23.75,0.0,95.0
274,C-XXXXX,item:268967,23.75,23.75,23.75,0.0,95.0
274,C-XXXXX,item:268091,23.75,23.75,23.75,0.0,118.75
275,C-XXXXX,item:268967,23.75,23.75,23.75,0.0,118.75
275,C-XXXXX,item:268091,23.75,23.75,23.75,0.0,142.5
276,C-XXXXX,item:268967,23.75,23.75,23.75,0.0,142.5
276,C-XXXXX,item:268091,23.75,23.75,23.75,0.0,142.5
277,C-XXXXX,item:268967,23.75,23.75,23.75,0.0,118.75
277,C-XXXXX,item:268091,23.75,23.75,23.75,0.0,118.75
278,C-XXXXX,item:268967,23.75,23.75,23.75,0.0,118.75
278,C-XXXXX,item:268091,23.75,23.75,23.75,0.0,95.0
279,C-XXXXX,item:268967,23.75,23.75,23.75,0.0,142.5
279,C-XXXXX,item:268091,23.75,23.75,23.75,0.0,166.25
280,C-XXXXX,item:268967,23.75,23.75,23.75,0.0,142.5
280,C-XXXXX,item:268091,23.75,23.75,23.75,0.0,142.5
281,C-XXXXX,item:268967,23.75,23.75,23.75,0.0,142.5
281,C-XXXXX,item:268091,23.75,23.75,23.75,0.0,142.5
282,C-XXXXX,item:268967,23.75,23.75,23.75,0.0,142.5
282,C-XXXXX,item:268091,23.75,23.75,23.75,0.0,118.75
283,C-XXXXX,item:268967,23.75,23.75,23.75,0.0,166.25
283,C-XXXXX,item:268091,23.75,23.75,23.75,0.0,95.0
284,C-XXXXX,item:268967,23.75,23.75,23.75,0.0,142.5
284,C-XXXXX,item:268091,23.75,23.75,23.75,0.0,118.75
285,C-XXXXX,item:268967,23.75,23.75,23.75,0.0,118.75
285,C-XXXXX,item:268091,23.75,23.75,23.75,0.0,142.5
286,C-XXXXX,item:268967,23.75,23.75,23.75,0.0,118.75
286,C-XXXXX,item:268091,23.75,23.75,23.75,0.0,118.75
287,C-XXXXX,item:268967,23.75,23.75,23.75,0.0,118.75
287,C-XXXXX,item:268091,23.75,23.75,23.75,0.0,95.0
288,C-XXXXX,item:268967,23.75,23.75,23.75,0.0,118.75
288,C-XXXXX,item:268091,23.75,23.75,23.75,0.0,142.5
289,C-XXXXX,item:268967,23.75,23.75,23.75,0.0,142.5
289,C-XXXXX,item:268091,23.75,23.75,23.75,0.0,142.5
290,C-XXXXX,item:268967,23.75,23.75,23.75,0.0,118.75
290,C-XXXXX,item:268091,23.75,23.75,23.75,0.0,142.5
291,C-XXXXX,item:268967,23.75,23.75,23.75,0.0,118.75
291,C-XXXXX,item:268091,23.75,23.75,23.75,0.0,118.75
292,C-XXXXX,item:268967,23.75,23.75,23.75,0.0,118.75
292,C-XXXXX,item:268091,23.75,23.75,23.75,0.0,118.75
293,C-XXXXX,item:268967,23.75,23.75,23.75,0.0,118.75
293,C-XXXXX,item:268091,23.75,23.75,23.75,0.0,118.75
294,C-XXXXX,item:268967,23.75,23.75,23.75,0.0,95.0
294,C-XXXXX,item:268091,23.75,23.75,23.75,0.0,95.0
295,C-XXXXX,item:268967,23.75,23.75,23.75,0.0,118.75
295,C-XXXXX,item:268091,23.75,23.75,23.75,0.0,95.0
296,C-XXXXX,item:268967,23.75,23.75,23.75,0.0,142.5
296,C-XXXXX,item:268091,23.75,23.75,23.75,0.0,142.5
297,C-XXXXX,item:268967,23.75,23.75,23.75,0.0,142.5
297,C-XXXXX,item:268091,23.75,23.75,23.75,0.0,142.5
298,C-XXXXX,item:268967,23.75,23.75,23.75,0.0,118.75
298,C-XXXXX,item:268091,23.75,23.75,23.75,0.0,118.75
299,C-XXXXX,item:268967,23.75,23.75,23.75,0.0,142.5
299,C-XXXXX,item:268091,23.75,23.75,23.75,0.0,118.75
300,C-XXXXX,item:268967,23.75,23.75,23.75,0.0,142.5
300,C-XXXXX,item:268091,23.75,23.75,23.75,0.0,142.5
301,C-XXXXX,item:268967,23.75,23.75,23.75,0.0,118.75
301,C-XXXXX,item:268091,23.75,23.75,23.75,0.0,118.75
302,C-XXXXX,item:268967,23.75,23.75,23.75,0.0,142.5
302,C-XXXXX,item:268091,23.75,23.75,23.75,0.0,118.75
303,C-XXXXX,item:268967,23.75,23.75,23.75,0.0,142.5
303,C-XXXXX,item:268091,23.75,23.75,23.75,0.0,95.0
304,C-XXXXX,item:268967,23.75,23.75,23.75,0.0,166.25
304,C-XXXXX,item:268091,23.75,23.75,23.75,0.0,71.25
305,C-XXXXX,item:268967,23.75,23.75,23.75,0.0,142.5
305,C-XXXXX,item:268091,23.75,23.75,23.75,0.0,71.25
306,C-XXXXX,item:268967,23.75,23.75,23.75,0.0,142.5
306,C-XXXXX,item:268091,23.75,23.75,23.75,0.0,118.75
307,C-XXXXX,item:268967,23.75,23.75,23.75,0.0,142.5
307,C-XXXXX,item:268091,23.75,23.75,23.75,0.0,142.5
308,C-XXXXX,item:268967,23.75,23.75,23.75,0.0,142.5
308,C-XXXXX,item:268091,23.75,23.75,23.75,0.0,142.5
309,C-XXXXX,item:268967,23.75,23.75,23.75,0.0,142.5
309,C-XXXXX,item:268091,23.75,23.75,23.75,0.0,142.5
310,C-XXXXX,item:268967,23.75,23.75,23.75,0.0,142.5
310,C-XXXXX,item:268091,23.75,23.75,23.75,0.0,118.75
311,C-XXXXX,item:268967,23.75,23.75,23.75,0.0,142.5
311,C-XXXXX,item:268091,23.75,23.75,23.75,0.0,142.5
312,C-XXXXX,item:268967,23.75,23.75,23.75,0.0,142.5
312,C-XXXXX,item:268091,23.75,23.75,23.75,0.0,118.75
313,C-XXXXX,item:268967,23.75,23.75,23.75,0.0,118.75
313,C-XXXXX,item:268091,23.75,23.75,23.75,0.0,118.75
314,C-XXXXX,item:268967,23.75,23.75,23.75,0.0,95.0
314,C-XXXXX,item:268091,23.75,23.75,23.75,0.0,95.0
315,C-XXXXX,item:268967,23.75,23.75,23.75,0.0,118.75
315,C-XXXXX,item:268091,23.75,23.75,23.75,0.0,142.5
316,C-XXXXX,item:268967,23.75,23.75,23.75,0.0,142.5
316,C-XXXXX,item:268091,23.75,23.75,23.75,0.0,118.75
317,C-XXXXX,item:268967,23.75,23.75,23.75,0.0,118.75
317,C-XXXXX,item:268091,23.75,23.75,23.75,0.0,142.5
318,C-XXXXX,item:268967,23.75,23.75,23.75,0.0,95.0
318,C-XXXXX,item:268091,23.75,23.75,23.75,0.0,118.75
319,C-XXXXX,item:268967,23.75,23.75,23.75,0.0,71.25
319,C-XXXXX,item:268091,23.75,23.75,23.75,0.0,142.5
320,C-XXXXX,item:268967,23.75,23.75,23.75,0.0,95.0
320,C-XXXXX,item:268091,23.75,23.75,23.75,0.0,142.5
321,C-XXXXX,item:268967,23.75,23.75,23.75,0.0,142.5
321,C-XXXXX,item:268091,23.75,23.75,23.75,0.0,118.75
322,C-XXXXX,item:268967,23.75,23.75,23.75,0.0,142.5
322,C-XXXXX,item:268091,23.75,23.75,23.75,0.0,118.75
323,C-XXXXX,item:268967,23.75,23.75,23.75,0.0,118.75
323,C-XXXXX,item:268091,23.75,23.75,23.75,0.0,142.5
324,C-XXXXX,item:268967,23.75,23.75,23.75,0.0,118.75
324,C-XXXXX,item:268091,23.75,23.75,23.75,0.0,166.25
325,C-XXXXX,item:268967,23.75,23.75,23.75,0.0,142.5
325,C-XXXXX,item:268091,23.75,23.75,23.75,0.0,142.5
326,C-XXXXX,item:268967,23.75,23.75,23.75,0.0,142.5
326,C-XXXXX,item:268091,23.75,23.75,23.75,0.0,142.5
327,C-XXXXX,item:268967,23.75,23.75,23.75,0.0,142.5
327,C-XXXXX,item:268091,23.75,23.75,23.75,0.0,166.25
328,C-XXXXX,item:268967,23.75,23.75,23.75,0.0,142.5
328,C-XXXXX,item:268091,23.75,23.75,23.75,0.0,142.5
329,C-XXXXX,item:268967,23.75,23.75,23.75,0.0,142.5
329,C-XXXXX,item:268091,23.75,23.75,23.75,0.0,142.5
330,C-XXXXX,item:268967,23.75,23.75,23.75,0.0,118.75
330,C-XXXXX,item:268091,23.75,23.75,23.75,0.0,118.75
331,C-XXXXX,item:268967,23.75,23.75,23.75,0.0,135.596972
331,C-XXXXX,item:268091,23.75,23.75,23.75,0.0,118.75
332,C-XXXXX,item:268967,23.75,23.75,23.75,0.0,135.596972
332,C-XXXXX,item:268091,23.75,23.75,23.75,0.0,142.5
333,C-XXXXX,item:268967,23.75,23.75,23.75,0.0,111.846972
333,C-XXXXX,item:268091,23.75,23.75,23.75,0.0,118.75
334,C-XXXXX,item:268967,23.75,23.75,23.75,0.0,88.096972
334,C-XXXXX,item:268091,23.75,23.75,23.75,0.0,118.75
335,C-XXXXX,item:268967,23.75,23.75,23.75,0.0,64.346972
335,C-XXXXX,item:268091,23.75,23.75,23.75,0.0,118.75
336,C-XXXXX,item:268967,23.75,23.75,23.75,0.0,40.596972
336,C-XXXXX,item:268091,23.75,23.75,23.75,0.0,142.5
337,C-XXXXX,item:268967,23.75,23.75,16.846972,6.903028,16.846972
337,C-XXXXX,item:268091,23.75,23.75,23.75,0.0,142.5
338,C-XXXXX,item:268967,23.75,30.653028,0.0,30.653028,0.0
338,C-XXXXX,item:268091,23.75,23.75,23.75,0.0,142.5
339,C-XXXXX,item:268967,23.75,54.403028,0.0,54.403028,0.0
339,C-XXXXX,item:268091,23.75,23.75,23.75,0.0,142.5
340,C-XXXXX,item:268967,23.75,78.153028,0.0,78.153028,0.0
340,C-XXXXX,item:268091,23.75,23.75,23.75,0.0,118.75
341,C-XXXXX,item:268967,23.75,101.903028,0.0,101.903028,0.0
341,C-XXXXX,item:268091,23.75,23.75,23.75,0.0,118.75
342,C-XXXXX,item:268967,23.75,125.653028,0.0,125.653028,0.0
342,C-XXXXX,item:268091,23.75,23.75,23.75,0.0,142.5
343,C-XXXXX,item:268967,23.75,149.403028,0.0,149.403028,0.0
343,C-XXXXX,item:268091,23.75,23.75,23.75,0.0,142.5
344,C-XXXXX,item:268967,23.75,173.153028,0.0,173.153028,0.0
344,C-XXXXX,item:268091,23.75,23.75,23.75,0.0,142.5
345,C-XXXXX,item:268967,23.75,196.903028,0.0,196.903028,0.0
345,C-XXXXX,item:268091,23.75,23.75,23.75,0.0,142.5
346,C-XXXXX,item:268967,23.75,220.653028,0.0,220.653028,0.0
346,C-XXXXX,item:268091,23.75,23.75,23.75,0.0,118.75
347,C-XXXXX,item:268967,23.75,244.403028,0.0,244.403028,0.0
347,C-XXXXX,item:268091,23.75,23.75,23.75,0.0,142.5
348,C-XXXXX,item:268967,23.75,268.153028,0.0,268.153028,0.0
348,C-XXXXX,item:268091,23.75,23.75,23.75,0.0,142.5
349,C-XXXXX,item:268967,23.75,291.903028,0.0,291.903028,0.0
349,C-XXXXX,item:268091,23.75,23.75,23.75,0.0,118.75
350,C-XXXXX,item:268967,23.75,315.653028,0.0,315.653028,0.0
350,C-XXXXX,item:268091,23.75,23.75,23.75,0.0,118.75
351,C-XXXXX,item:268967,23.75,339.403028,0.0,339.403028,0.0
351,C-XXXXX,item:268091,23.75,23.75,23.75,0.0,142.5
352,C-XXXXX,item:268967,23.75,363.153028,0.0,363.153028,0.0
352,C-XXXXX,item:268091,23.75,23.75,23.75,0.0,142.5
353,C-XXXXX,item:268967,23.75,386.903028,0.0,386.903028,0.0
353,C-XXXXX,item:268091,23.75,23.75,23.75,0.0,142.5
354,C-XXXXX,item:268967,23.75,410.653028,0.0,410.653028,0.0
354,C-XXXXX,item:268091,23.75,23.75,23.75,0.0,142.5
355,C-XXXXX,item:268967,23.75,434.403028,0.0,434.403028,0.0
355,C-XXXXX,item:268091,23.75,23.75,23.75,0.0,166.25
356,C-XXXXX,item:268967,23.75,458.153028,0.0,458.153028,0.0
356,C-XXXXX,item:268091,23.75,23.75,23.75,0.0,142.5
357,C-XXXXX,item:268967,23.75,481.903028,0.0,481.903028,0.0
357,C-XXXXX,item:268091,23.75,23.75,23.75,0.0,118.75
358,C-XXXXX,item:268967,23.75,505.653028,0.0,505.653028,0.0
358,C-XXXXX,item:268091,23.75,23.75,23.75,0.0,95.0
359,C-XXXXX,item:268967,23.75,529.403028,0.0,529.403028,0.0
359,C-XXXXX,item:268091,23.75,23.75,23.75,0.0,95.0
360,C-XXXXX,item:268967,23.75,553.153028,0.0,553.153028,0.0
360,C-XXXXX,item:268091,23.75,23.75,23.75,0.0,142.5
361,C-XXXXX,item:268967,23.75,576.903028,2.982997,573.920031,2.982997
361,C-XXXXX,item:268091,23.75,23.75,23.75,0.0,118.75
362,C-XXXXX,item:268967,23.75,597.670031,0.0,597.670031,0.0
362,C-XXXXX,item:268091,23.75,23.75,23.75,0.0,142.5
363,C-XXXXX,item:268967,23.75,621.420031,0.0,621.420031,0.0
363,C-XXXXX,item:268091,23.75,23.75,23.75,0.0,142.5
364,C-XXXXX,item:268967,23.75,645.170031,0.0,645.170031,0.0
364,C-XXXXX,item:268091,23.75,23.75,23.75,0.0,118.75
