supplier_id,supplier_name,item_id,dst_node_id,edge_id,uom,input_initial_stock_qty,simulated_opening_stock_qty,base_stock_qty,min_stock_end_of_day,avg_stock_end_of_day,final_stock_end_of_day,neutral_opening_stock_floor_qty,neutral_opening_stock_reducible_qty,neutral_opening_stock_scale,nominal_capacity_qty_per_day,effective_capacity_qty_per_day,capacity_basis,applied_capacity_scale,explicit_capacity_qty_per_day,process_capacity_qty_per_day,downstream_requirement_qty_per_day,downstream_signal_qty_per_day,avg_capacity_utilization,max_capacity_utilization,capacity_active_days,max_capacity_used_qty_per_day,neutral_capacity_floor_qty_per_day,industrial_capacity_target_utilization,industrial_capacity_profile,industrial_nominal_capacity_qty_per_day,industrial_peak_utilization_if_nominal,current_capacity_headroom_vs_industrial_nominal,tested_capacity_floor_qty_per_day,tested_capacity_floor_factor,neutral_capacity_scale_if_nominal,current_capacity_headroom_factor,current_capacity_headroom_vs_tested_floor,capacity_floor_basis,planned_lead_time_days,lead_time_type,lead_time_stages,lead_time_source,lead_time_is_default,lead_reference_days,lead_cover_days,delay_step_limit,nominal_reliability_otif,reliability_source,standard_order_qty,standard_order_uom,mrp_share,mrp_rank,unit_purchase_cost,unit_transport_cost,total_shipped_qty,total_pulled_qty,shipment_rows,first_shipment_day,last_shipment_day
SDC-VD0500655A,Supplier of Raw Materials - VD0500655A,item:002612,M-1810,edge:SDC-VD0500655A_TO_M-1810_002612,KG,180.0,21600.0,21600.0,0.0,24614.074336,25049.376,21600.0,0.0,1.0,635.294118,203294.117647,downstream_requirement+fia_hint,320.0,0.0,0.0,413.2065,29.232,5.8e-05,0.10625,1,21600.0,21600.0,0.7,raw_material_qualified_pharma,30857.142857,0.7,6.588235,54000.0,2.5,1.0,9.411765,3.764706,max_daily_pulled_qty_observed_x2.5_tested,28.0,erlang_pipeline,4,case_data_fia,False,28,34,56,1.0,service_level.otif,21600.0,KG,0.05,4,1.34,0.21034,21600.0,21600.0,1,3,3
SDC-VD0505677A,Supplier of Raw Materials - VD0505677A,item:099439,M-1810,edge:SDC-VD0505677A_TO_M-1810_099439,KG,180.0,11569.782,11569.782,554.673,16643.909819,17354.673,11015.109,554.673,0.952058,516.508125,165282.6,downstream_requirement,320.0,0.0,0.0,413.2065,29.232,0.000139,0.025411,10,4200.0,4200.0,0.7,raw_material_qualified_pharma,6000.0,0.7,27.5471,10500.0,2.5,1.0,39.353,15.7412,max_daily_pulled_qty_observed_x2.5_tested,35.0,erlang_pipeline,4,case_data_fia,False,35,42,70,1.0,service_level.otif,4200.0,KG,1.0,1,9.17,0.17246,42000.0,42000.0,10,0,1457
SDC-VD0508918A,Supplier of Packaging - VD0508918A,item:730384,M-1430,edge:SDC-VD0508918A_TO_M-1430_730384,M,180.0,914144.0,914144.0,174144.0,1921464.037808,2056824.0,740000.0,174144.0,0.8095,40810.0,13059200.0,downstream_requirement,320.0,0.0,0.0,32648.0,22853.6,0.00014,0.056665,7,740000.0,740000.0,0.75,packaging_qualified_pharma,986666.666667,0.75,13.235676,1850000.0,2.5,1.0,17.647568,7.059027,max_daily_pulled_qty_observed_x2.5_tested,56.0,erlang_pipeline,4,case_data_fia,False,56,68,112,1.0,service_level.otif,370000.0,M,1.0,1,0.01,0.04032,3330000.0,3330000.0,9,0,1515
SDC-VD0514881A,Supplier of Raw Materials - VD0514881A,item:016332,M-1810,edge:SDC-VD0514881A_TO_M-1810_016332,KG,180.0,2776.74768,2776.74768,53.49536,10238.963296,1051.74816,2723.25232,53.49536,0.980735,123.96195,39667.824,downstream_requirement,320.0,0.0,0.0,99.16956,7.01568,0.000289,0.02773,19,1100.0,1100.0,0.7,raw_material_qualified_pharma,1571.428571,0.7,25.243161,2750.0,2.5,1.0,36.061658,14.424663,max_daily_pulled_qty_observed_x2.5_tested,49.0,erlang_pipeline,4,case_data_fia,False,49,59,98,1.0,service_level.otif,1100.0,KG,1.0,1,27.62,0.37312,20900.0,20900.0,19,0,1822
SDC-VD0518684A,Supplier of Raw Materials - VD0518684A,item:001893,M-1810,edge:SDC-VD0518684A_TO_M-1810_001893,KG,180.0,22800.0,22800.0,0.0,40652.933767,32973.8787,22800.0,0.0,1.0,1962.730875,628073.88,downstream_requirement,320.0,0.0,0.0,1570.1847,111.0816,4e-05,0.036301,2,22800.0,22800.0,0.7,raw_material_qualified_pharma,32571.428571,0.7,19.28297,57000.0,2.5,1.0,27.5471,11.01884,max_daily_pulled_qty_observed_x2.5_tested,56.0,erlang_pipeline,4,case_data_fia,False,56,68,112,1.0,service_level.otif,22800.0,KG,0.1,3,4.4,0.26998,45600.0,45600.0,2,2,1425
SDC-VD0519670A,Supplier of Raw Materials - VD0519670A,item:001848,M-1810,edge:SDC-VD0519670A_TO_M-1810_001848,KG,180.0,4000.0,4000.0,0.0,4566.139762,4000.0,4000.0,0.0,1.0,309.904875,99169.56,downstream_requirement+fia_hint,320.0,0.0,0.0,247.9239,17.5392,4.4e-05,0.040335,2,4000.0,4000.0,0.7,raw_material_qualified_pharma,5714.285714,0.7,17.354673,10000.0,2.5,1.0,24.79239,9.916956,max_daily_pulled_qty_observed_x2.5_tested,21.0,erlang_pipeline,4,case_data_fia,False,21,26,42,1.0,service_level.otif,4000.0,KG,0.7,1,4.2,0.03094,8000.0,8000.0,2,0,1543
SDC-VD0519670A,Supplier of Raw Materials - VD0519670A,item:029313,M-1810,edge:SDC-VD0519670A_TO_M-1810_029313,KG,180.0,300.0,300.0,0.0,551.474128,520.64019,300.0,0.0,1.0,25.714286,8228.571429,downstream_requirement,320.0,0.0,0.0,8.26413,0.58464,6e-05,0.036458,3,300.0,300.0,0.7,raw_material_qualified_pharma,428.571429,0.7,19.2,750.0,2.5,1.0,27.428571,10.971429,max_daily_pulled_qty_observed_x2.5_tested,56.0,erlang_pipeline,4,case_data_fia,False,56,68,112,1.0,service_level.otif,300.0,KG,1.0,1,2.07,0.03094,900.0,900.0,3,0,982
SDC-VD0520115A,Supplier of Packaging - VD0520115A,item:708073,M-1430,edge:SDC-VD0520115A_TO_M-1430_708073,KG,180.0,29309.28,29309.28,4309.28,41185.913282,42742.7,25000.0,4309.28,0.852972,1526.525,488488.0,downstream_requirement,320.0,0.0,0.0,1221.22,854.854,9.5e-05,0.051178,13,25000.0,25000.0,0.75,packaging_qualified_pharma,33333.333333,0.75,14.65464,62500.0,2.5,1.0,19.53952,7.815808,max_daily_pulled_qty_observed_x2.5_tested,28.0,erlang_pipeline,4,case_data_fia,False,28,34,56,1.0,service_level.otif,5000.0,KG,1.0,1,3.59,0.1134,85000.0,85000.0,17,0,1628
SDC-VD0520132A,Supplier of Raw Materials - VD0520132A,item:038005,M-1430,edge:SDC-VD0520132A_TO_M-1430_038005,KG,180.0,75456.446912,75456.446912,5456.446912,392588.876091,433874.569744,70000.0,5456.446912,0.927687,3368.59138,1077949.2416,downstream_requirement,320.0,0.0,0.0,2694.873104,1886.411173,6.6e-05,0.009277,13,10000.0,10000.0,0.65,raw_material_high_lead_qualified,15384.615385,0.65,70.066701,25000.0,2.5,1.0,107.794924,43.11797,max_daily_pulled_qty_observed_x2.5_tested,154.0,erlang_pipeline,4,case_data_fia,False,154,185,308,1.0,service_level.otif,10000.0,KG,1.0,1,4.57,0.03992,220000.0,220000.0,22,-140,1631
SDC-VD0520132A,Supplier of Raw Materials - VD0520132A,item:049371,M-1810,edge:SDC-VD0520132A_TO_M-1810_049371,KG,180.0,8561.63868,8561.63868,561.63868,43336.944802,47089.01274,8000.0,561.63868,0.934401,382.216012,122309.124,downstream_requirement,320.0,0.0,0.0,305.77281,21.63168,3.6e-05,0.013082,5,1600.0,1600.0,0.65,raw_material_high_lead_qualified,2461.538462,0.65,49.688082,4000.0,2.5,1.0,76.443202,30.577281,max_daily_pulled_qty_observed_x2.5_tested,147.0,erlang_pipeline,4,case_data_fia,False,147,177,294,1.0,service_level.otif,1600.0,KG,1.0,1,14.65,0.13626,8000.0,8000.0,5,0,4
SDC-VD0525412A,Supplier of Packaging - VD0525412A,item:333362,M-1430,edge:SDC-VD0525412A_TO_M-1430_333362,UN,180.0,4312000.0,4312000.0,2000.0,11819062.356164,10318000.0,4310000.0,2000.0,0.999536,192500.0,61600000.0,downstream_requirement,320.0,0.0,0.0,154000.0,107800.0,7.3e-05,0.018994,64,1170000.0,1170000.0,0.75,packaging_qualified_pharma,1560000.0,0.75,39.487179,2925000.0,2.5,1.0,52.649573,21.059829,max_daily_pulled_qty_observed_x2.5_tested,60.0,erlang_pipeline,4,case_data_fia,False,60,72,120,1.0,service_level.otif,5000.0,UN,1.0,1,0.27321,0.06942,8889000.0,8889000.0,1496,-6,1702
SDC-VD0901566A,Supplier of Packaging - VD0901566A,item:338928,M-1810,edge:SDC-VD0901566A_TO_M-1810_338928,UN,180.0,5699400.0,5699400.0,4924400.0,14604856.027397,9273350.0,775000.0,4924400.0,0.135979,1000000.0,320000000.0,explicit_capacity,320.0,1000000.0,0.0,203550.0,14400.0,3.7e-05,0.003594,284,1150000.0,1150000.0,0.75,packaging_qualified_pharma,1533333.333333,0.75,208.695652,2875000.0,2.5,1.0,278.26087,111.304348,max_daily_pulled_qty_observed_x2.5_tested,70.0,erlang_pipeline,4,case_data_fia,False,70,84,140,1.0,service_level.otif,25000.0,UN,1.0,1,0.14131,0.13994,22215033.0,22215033.0,877,-62,1907
SDC-VD0910216A,Supplier of Raw Materials - VD0910216A,item:001893,M-1810,edge:SDC-VD0910216A_TO_M-1810_001893,KG,180.0,23920.0,23920.0,0.0,39282.913517,71778.9504,23920.0,0.0,1.0,1962.730875,628073.88,downstream_requirement+fia_hint,320.0,0.0,0.0,1570.1847,111.0816,6.3e-05,0.038085,3,23920.0,23920.0,0.7,raw_material_qualified_pharma,34171.428571,0.7,18.380088,59800.0,2.5,1.0,26.257269,10.502908,max_daily_pulled_qty_observed_x2.5_tested,28.0,erlang_pipeline,4,case_data_fia,False,28,34,56,1.0,service_level.otif,23920.0,KG,0.7,1,4.64,0.06348,71760.0,71760.0,3,0,1417
SDC-VD0910216A,Supplier of Raw Materials - VD0910216A,item:002612,M-1810,edge:SDC-VD0910216A_TO_M-1810_002612,KG,180.0,22500.0,22500.0,0.0,25486.159167,26037.072,22500.0,0.0,1.0,535.714286,171428.571429,downstream_requirement+fia_hint,320.0,0.0,0.0,413.2065,29.232,7.2e-05,0.13125,1,22500.0,22500.0,0.7,raw_material_qualified_pharma,32142.857143,0.7,5.333333,56250.0,2.5,1.0,7.619048,3.047619,max_daily_pulled_qty_observed_x2.5_tested,35.0,erlang_pipeline,4,case_data_fia,False,35,42,70,1.0,service_level.otif,22500.0,KG,0.7,1,0.82,0.06348,67500.0,67500.0,3,-16,0
SDC-VD0914320A,Supplier of Raw Materials - VD0914320A,item:055703,M-1810,edge:SDC-VD0914320A_TO_M-1810_055703,KG,180.0,300.0,300.0,0.0,326.357815,300.0,300.0,0.0,1.0,25.714286,8228.571429,downstream_requirement+fia_hint,320.0,0.0,0.0,16.52826,1.16928,4e-05,0.036458,2,300.0,300.0,0.7,raw_material_qualified_pharma,428.571429,0.7,19.2,750.0,2.5,1.0,27.428571,10.971429,max_daily_pulled_qty_observed_x2.5_tested,21.0,erlang_pipeline,4,case_data_fia,False,21,26,42,1.0,service_level.otif,300.0,KG,0.7,1,20.35,0.05086,900.0,900.0,3,-5,1354
SDC-VD0914360C,Supplier of Packaging - VD0914360C,item:338929,M-1810,edge:SDC-VD0914360C_TO_M-1810_338929,UN,180.0,5699400.0,5699400.0,1500.0,10516790.493151,9973950.0,5697900.0,1500.0,0.999737,254437.5,81420000.0,downstream_requirement,320.0,0.0,0.0,203550.0,14400.0,0.000172,0.006018,223,490000.0,490000.0,0.75,packaging_qualified_pharma,653333.333333,0.75,124.622449,1225000.0,2.5,1.0,166.163265,66.465306,max_daily_pulled_qty_observed_x2.5_tested,42.0,erlang_pipeline,4,case_data_fia,False,42,51,84,1.0,service_level.otif,5000.0,UN,1.0,1,0.21585,0.07228,25562600.0,25562600.0,4536,-34,1708
SDC-VD0914690A,Supplier of Raw Materials - VD0914690A,item:042342,M-1430,edge:SDC-VD0914690A_TO_M-1430_042342,UN,180.0,185853360.0,185853360.0,5853360.0,260000597.776438,260194704.0,180000000.0,5853360.0,0.968505,11615835.0,3717067200.0,downstream_requirement,320.0,0.0,0.0,9292668.0,6504867.6,6.2e-05,0.008071,14,30000000.0,30000000.0,0.7,supplier_material_default_pharma,42857142.857143,0.7,86.731568,75000000.0,2.5,1.0,123.90224,49.560896,max_daily_pulled_qty_observed_x2.5_tested,21.0,erlang_pipeline,4,case_data_fia,False,21,26,42,1.0,service_level.otif,30000000.0,UN,1.0,1,0.00221,0.09302,480000000.0,480000000.0,16,-5,1088
SDC-VD0949099A,Supplier of Raw Materials - VD0949099A,item:021081,SDC-1450,edge:SDC-VD0949099A_TO_SDC-1450_021081,KG,162.0,20000.0,20000.0,20000.0,1696992.727671,1816608.0,0.0,20000.0,0.0,23.142857,20000.0,inventory_fallback+standard_lot_floor,320.0,0.0,0.0,0.0,0.0,0.0,0.0,0,0.0,0.0,0.65,raw_material_high_lead_qualified,0.0,0.0,,0.0,0.0,0.0,,,no_observed_supplier_pull,120.0,erlang_pipeline,4,case_data_fia,False,120,144,240,1.0,service_level.otif,20000.0,KG,0.7,1,12.1,1.71616,300000.0,300000.0,8,-114,4
SDC-VD0951020A,Supplier of Raw Materials - VD0951020A,item:001757,M-1810,edge:SDC-VD0951020A_TO_M-1810_001757,KG,180.0,9255.8256,9255.8256,81.4332,35285.88,49618.9936,9174.3924,81.4332,0.991202,413.2065,132226.08,downstream_requirement,320.0,0.0,0.0,330.5652,23.3856,0.00015,0.008319,113,1100.0,1100.0,0.7,raw_material_qualified_pharma,1571.428571,0.7,84.143869,2750.0,2.5,1.0,120.205527,48.082211,max_daily_pulled_qty_observed_x2.5_tested,84.0,erlang_pipeline,4,case_data_fia,False,84,101,168,1.0,service_level.otif,100.0,KG,1.0,1,5.43,0.1314,44100.0,44100.0,364,-75,1130
SDC-VD0951020A,Supplier of Raw Materials - VD0951020A,item:001848,M-1810,edge:SDC-VD0951020A_TO_M-1810_001848,KG,180.0,6000.0,6000.0,0.0,8027.452738,7809.60285,6000.0,0.0,1.0,309.904875,99169.56,downstream_requirement+fia_hint,320.0,0.0,0.0,247.9239,17.5392,6.6e-05,0.060502,2,6000.0,6000.0,0.7,raw_material_qualified_pharma,8571.428571,0.7,11.569782,15000.0,2.5,1.0,16.52826,6.611304,max_daily_pulled_qty_observed_x2.5_tested,56.0,erlang_pipeline,4,case_data_fia,False,56,68,112,1.0,service_level.otif,6000.0,KG,0.3,2,1.58,0.1314,18000.0,18000.0,3,-6,1544
SDC-VD0951020A,Supplier of Raw Materials - VD0951020A,item:007923,M-1810,edge:SDC-VD0951020A_TO_M-1810_007923,KG,180.0,4627.9128,4627.9128,3001.401572,3850.878123,3305.652,1626.511228,3001.401572,0.351457,826.413,264452.16,downstream_requirement,320.0,0.0,0.0,661.1304,46.7712,2e-05,0.000371,380,98.213447,98.213447,0.7,raw_material_qualified_pharma,140.304924,0.7,1884.838763,245.533617,2.5,1.0,2692.626805,1077.050722,max_daily_pulled_qty_observed_x2.5_tested,3.0,erlang_pipeline,4,simulation_prep_assumption,False,3,4,21,1.0,service_level.otif,0.0,KG,0.3,2,2.18,0.1314,9889.631885,9889.631885,380,0,1813
SDC-VD0956464A,Supplier of Raw Materials - VD0956464A,item:007923,M-1810,edge:SDC-VD0956464A_TO_M-1810_007923,KG,180.0,4627.9128,4627.9128,2595.734334,3694.435285,3305.652,2032.178466,2595.734334,0.439113,826.413,264452.16,downstream_requirement,320.0,0.0,0.0,661.1304,46.7712,4.8e-05,0.000867,380,229.16471,229.16471,0.7,raw_material_qualified_pharma,327.378157,0.7,807.78804,572.911775,2.5,1.0,1153.982915,461.593166,max_daily_pulled_qty_observed_x2.5_tested,3.0,erlang_pipeline,4,simulation_prep_assumption,False,3,4,21,1.0,service_level.otif,0.0,KG,0.7,1,1.82,0.116,42215.807719,42215.807719,381,0,1813
SDC-VD0960508A,Supplier of Raw Materials - VD0960508A,item:021081,SDC-1450,edge:SDC-VD0960508A_TO_SDC-1450_021081,KG,180.0,20000.0,20000.0,20000.0,1696992.727671,1816608.0,0.0,20000.0,0.0,25.714286,20000.0,inventory_fallback+standard_lot_floor,320.0,0.0,0.0,0.0,0.0,0.0,0.0,0,0.0,0.0,0.65,raw_material_high_lead_qualified,0.0,0.0,,0.0,0.0,0.0,,,no_observed_supplier_pull,120.0,erlang_pipeline,4,case_data_fia,False,120,144,240,1.0,service_level.otif,20000.0,KG,0.2,2,12.1,1.71616,820000.0,820000.0,9,-114,19
SDC-VD0964290A,Supplier of Raw Materials - VD0964290A,item:055703,M-1810,edge:SDC-VD0964290A_TO_M-1810_055703,KG,180.0,300.0,300.0,0.0,421.1378,404.94237,300.0,0.0,1.0,25.714286,8228.571429,downstream_requirement,320.0,0.0,0.0,16.52826,1.16928,4e-05,0.036458,2,300.0,300.0,0.7,raw_material_qualified_pharma,428.571429,0.7,19.2,750.0,2.5,1.0,27.428571,10.971429,max_daily_pulled_qty_observed_x2.5_tested,42.0,erlang_pipeline,4,case_data_fia,False,42,51,84,1.0,service_level.otif,300.0,KG,0.3,2,49.2,0.13108,600.0,600.0,2,1,1355
SDC-VD0972460A,Supplier of Raw Materials - VD0972460A,item:021081,SDC-1450,edge:SDC-VD0972460A_TO_SDC-1450_021081,KG,180.0,20000.0,20000.0,20000.0,1696992.727671,1816608.0,0.0,20000.0,0.0,25.714286,20000.0,inventory_fallback+standard_lot_floor,320.0,0.0,0.0,0.0,0.0,0.0,0.0,0,0.0,0.0,0.65,raw_material_high_lead_qualified,0.0,0.0,,0.0,0.0,0.0,,,no_observed_supplier_pull,120.0,erlang_pipeline,4,case_data_fia,False,120,144,240,1.0,service_level.otif,20000.0,KG,0.05,3,12.15,1.71616,100000.0,100000.0,3,-107,-58
SDC-VD0975221A,Supplier of Raw Materials - VD0975221A,item:021081,SDC-1450,edge:SDC-VD0975221A_TO_SDC-1450_021081,KG,180.0,20000.0,20000.0,20000.0,1696992.727671,1816608.0,0.0,20000.0,0.0,25.714286,20000.0,inventory_fallback+standard_lot_floor,320.0,0.0,0.0,0.0,0.0,0.0,0.0,0,0.0,0.0,0.65,raw_material_high_lead_qualified,0.0,0.0,,0.0,0.0,0.0,,,no_observed_supplier_pull,120.0,erlang_pipeline,4,case_data_fia,False,120,144,240,1.0,service_level.otif,20000.0,KG,0.05,4,15.0,1.71616,100000.0,100000.0,3,-107,-58
SDC-VD0989480A,Supplier of Packaging - VD0989480A,item:426331,M-1810,edge:SDC-VD0989480A_TO_M-1810_426331,UN,180.0,53737.2,53737.2,1566.75,75485.003753,78366.75,52170.45,1566.75,0.970844,2798.8125,895620.0,downstream_requirement,320.0,0.0,0.0,2239.05,158.4,0.000129,0.021438,11,19200.0,19200.0,0.75,packaging_qualified_pharma,25600.0,0.75,34.985156,48000.0,2.5,1.0,46.646875,18.65875,max_daily_pulled_qty_observed_x2.5_tested,28.0,erlang_pipeline,4,case_data_fia,False,28,34,56,1.0,service_level.otif,19200.0,UN,1.0,1,0.50393,0.07296,230400.0,230400.0,12,0,1641
SDC-VD0990780A,Supplier of Raw Materials - VD0990780A,item:002612,M-1810,edge:SDC-VD0990780A_TO_M-1810_002612,KG,180.0,23750.0,23750.0,0.0,26682.846264,27257.84,23750.0,0.0,1.0,565.47619,180952.380952,downstream_requirement+fia_hint,320.0,0.0,0.0,413.2065,29.232,7.2e-05,0.13125,1,23750.0,23750.0,0.7,raw_material_qualified_pharma,33928.571429,0.7,5.333333,59375.0,2.5,1.0,7.619048,3.047619,max_daily_pulled_qty_observed_x2.5_tested,35.0,erlang_pipeline,4,case_data_fia,False,35,42,70,1.0,service_level.otif,23750.0,KG,0.2,2,1.295,0.11678,23750.0,23750.0,1,1,1
SDC-VD0993480A,Supplier of Packaging - VD0993480A,item:344135,M-1430,edge:SDC-VD0993480A_TO_M-1430_344135,UN,180.0,4312000.0,4312000.0,112000.0,6189432.657534,6228000.0,4200000.0,112000.0,0.974026,192500.0,61600000.0,downstream_requirement,320.0,0.0,0.0,154000.0,107800.0,0.000108,0.068182,59,4200000.0,4200000.0,0.75,packaging_qualified_pharma,5600000.0,0.75,11.0,10500000.0,2.5,1.0,14.666667,5.866667,max_daily_pulled_qty_observed_x2.5_tested,35.0,erlang_pipeline,4,case_data_fia,False,35,42,70,1.0,service_level.otif,120000.0,UN,1.0,1,0.00403,0.065,12120000.0,12120000.0,101,0,1810
SDC-VD1091642A,Supplier of Raw Materials - VD1091642A,item:001893,M-1810,edge:SDC-VD1091642A_TO_M-1810_001893,KG,180.0,20900.0,20900.0,0.0,34047.619218,25646.3501,20900.0,0.0,1.0,1962.730875,628073.88,downstream_requirement,320.0,0.0,0.0,1570.1847,111.0816,3.6e-05,0.033276,2,20900.0,20900.0,0.7,raw_material_qualified_pharma,29857.142857,0.7,21.035967,52250.0,2.5,1.0,30.051382,12.020553,max_daily_pulled_qty_observed_x2.5_tested,42.0,erlang_pipeline,4,case_data_fia,False,42,51,84,1.0,service_level.otif,20900.0,KG,0.2,2,5.105,0.14454,41800.0,41800.0,2,1,1424
SDC-VD1091642A,Supplier of Raw Materials - VD1091642A,item:002612,M-1810,edge:SDC-VD1091642A_TO_M-1810_002612,KG,180.0,22500.0,22500.0,0.0,25428.864447,25978.608,22500.0,0.0,1.0,535.714286,171428.571429,downstream_requirement+fia_hint,320.0,0.0,0.0,413.2065,29.232,7.2e-05,0.13125,1,22500.0,22500.0,0.7,raw_material_qualified_pharma,32142.857143,0.7,5.333333,56250.0,2.5,1.0,7.619048,3.047619,max_daily_pulled_qty_observed_x2.5_tested,35.0,erlang_pipeline,4,case_data_fia,False,35,42,70,1.0,service_level.otif,22500.0,KG,0.05,3,1.225,0.14454,22500.0,22500.0,1,2,2
SDC-VD1095770A,Supplier of Packaging - VD1095770A,item:734545,M-1430,edge:SDC-VD1095770A_TO_M-1430_734545,UN,180.0,24640.0,24640.0,5740.0,33395.300822,34496.0,18900.0,5740.0,0.767045,1540.0,492800.0,downstream_requirement,320.0,0.0,0.0,1232.0,862.4,9.1e-05,0.038352,11,18900.0,18900.0,0.75,packaging_qualified_pharma,25200.0,0.75,19.555556,47250.0,2.5,1.0,26.074074,10.42963,max_daily_pulled_qty_observed_x2.5_tested,21.0,erlang_pipeline,4,case_data_fia,False,21,26,42,1.0,service_level.otif,6300.0,UN,1.0,1,0.42644,0.05756,81900.0,81900.0,13,0,1790
SDC-VD1096202A,Supplier of Raw Materials - VD1096202A,item:039668,M-1810,edge:SDC-VD1096202A_TO_M-1810_039668,KG,180.0,450.0,450.0,0.0,471.48537,450.0,450.0,0.0,1.0,25.714286,8228.571429,downstream_requirement+fia_hint,320.0,0.0,0.0,8.26413,0.58464,6e-05,0.054687,2,450.0,450.0,0.7,raw_material_qualified_pharma,642.857143,0.7,12.8,1125.0,2.5,1.0,18.285714,7.314286,max_daily_pulled_qty_observed_x2.5_tested,35.0,erlang_pipeline,4,case_data_fia,False,35,42,70,1.0,service_level.otif,450.0,KG,1.0,1,12.21,0.13108,900.0,900.0,2,0,1354
