day,node_id,item_id,shipped_to_node_qty,uom
0,M-1430,item:038005,62.253319,KG
0,M-1430,item:042342,144.0,UN
0,M-1430,item:333362,144.0,UN
0,M-1430,item:344135,144.0,UN
0,M-1430,item:708073,5.412225,KG
0,M-1430,item:730384,144.0,M
0,M-1430,item:734545,4.16,UN
0,M-1430,item:773474,144.0,G
0,M-1810,item:001757,3.17898,KG
0,M-1810,item:001848,1.60776,KG
0,M-1810,item:001893,10.18248,KG
0,M-1810,item:002612,1.689975,KG
0,M-1810,item:007923,64.96,G
0,M-1810,item:016332,0.563934,KG
0,M-1810,item:029313,0.053592,KG
0,M-1810,item:039668,0.0338,KG
0,M-1810,item:049371,5.099969,KG
0,M-1810,item:055703,0.080794,KG
0,M-1810,item:099439,1.689975,KG
0,M-1810,item:338928,144.0,UN
0,M-1810,item:338929,144.0,UN
0,M-1810,item:426331,7.5075,UN
0,M-1810,item:693055,144.0,G
0,SDC-1450,item:021081,576.0,KG
1,M-1430,item:038005,0.402481,KG
1,M-1430,item:042342,0.0,UN
1,M-1430,item:333362,0.0,UN
1,M-1430,item:344135,0.0,UN
1,M-1430,item:708073,0.18239,KG
1,M-1430,item:730384,0.0,M
1,M-1430,item:734545,0.184,UN
1,M-1430,item:773474,28.8,G
1,M-1810,item:001757,0.037352,KG
1,M-1810,item:001848,0.028014,KG
1,M-1810,item:001893,0.177422,KG
1,M-1810,item:002612,0.04669,KG
1,M-1810,item:007923,74.704,G
1,M-1810,item:016332,0.011206,KG
1,M-1810,item:029313,0.000934,KG
1,M-1810,item:039668,0.000934,KG
1,M-1810,item:049371,0.034551,KG
1,M-1810,item:055703,0.001868,KG
1,M-1810,item:099439,0.04669,KG
1,M-1810,item:338928,0.0,UN
1,M-1810,item:338929,0.0,UN
1,M-1810,item:426331,0.253,UN
1,M-1810,item:693055,0.0,G
1,SDC-1450,item:021081,0.0,KG
2,M-1430,item:038005,0.437479,KG
2,M-1430,item:042342,0.0,UN
2,M-1430,item:333362,0.0,UN
2,M-1430,item:344135,0.0,UN
2,M-1430,item:708073,0.19825,KG
2,M-1430,item:730384,0.0,M
2,M-1430,item:734545,0.2,UN
2,M-1430,item:773474,34.56,G
2,M-1810,item:001757,0.0406,KG
2,M-1810,item:001848,0.03045,KG
2,M-1810,item:001893,0.19285,KG
2,M-1810,item:002612,0.05075,KG
2,M-1810,item:007923,81.2,G
2,M-1810,item:016332,0.01218,KG
2,M-1810,item:029313,0.001015,KG
2,M-1810,item:039668,0.001015,KG
2,M-1810,item:049371,0.037555,KG
2,M-1810,item:055703,0.00203,KG
2,M-1810,item:099439,0.05075,KG
2,M-1810,item:338928,0.0,UN
2,M-1810,item:338929,0.0,UN
2,M-1810,item:426331,0.275,UN
2,M-1810,item:693055,0.0,G
2,SDC-1450,item:021081,0.0,KG
3,M-1430,item:038005,0.437479,KG
3,M-1430,item:042342,0.0,UN
3,M-1430,item:333362,0.0,UN
3,M-1430,item:344135,0.0,UN
3,M-1430,item:708073,0.19825,KG
3,M-1430,item:730384,0.0,M
3,M-1430,item:734545,0.2,UN
3,M-1430,item:773474,35.712,G
3,M-1810,item:001757,0.0406,KG
3,M-1810,item:001848,0.03045,KG
3,M-1810,item:001893,0.19285,KG
3,M-1810,item:002612,0.05075,KG
3,M-1810,item:007923,81.2,G
3,M-1810,item:016332,0.01218,KG
3,M-1810,item:029313,0.001015,KG
3,M-1810,item:039668,0.001015,KG
3,M-1810,item:049371,0.037555,KG
3,M-1810,item:055703,0.00203,KG
3,M-1810,item:099439,0.05075,KG
3,M-1810,item:338928,0.0,UN
3,M-1810,item:338929,0.0,UN
3,M-1810,item:426331,0.275,UN
3,M-1810,item:693055,0.0,G
3,SDC-1450,item:021081,0.0,KG
4,M-1430,item:038005,0.437479,KG
4,M-1430,item:042342,0.0,UN
4,M-1430,item:333362,0.0,UN
4,M-1430,item:344135,0.0,UN
4,M-1430,item:708073,0.19825,KG
4,M-1430,item:730384,0.0,M
4,M-1430,item:734545,0.2,UN
4,M-1430,item:773474,35.9424,G
4,M-1810,item:001757,0.0406,KG
4,M-1810,item:001848,0.03045,KG
4,M-1810,item:001893,0.19285,KG
4,M-1810,item:002612,0.05075,KG
4,M-1810,item:007923,81.2,G
4,M-1810,item:016332,0.01218,KG
4,M-1810,item:029313,0.001015,KG
4,M-1810,item:039668,0.001015,KG
4,M-1810,item:049371,0.037555,KG
4,M-1810,item:055703,0.00203,KG
4,M-1810,item:099439,0.05075,KG
4,M-1810,item:338928,0.0,UN
4,M-1810,item:338929,0.0,UN
4,M-1810,item:426331,0.275,UN
4,M-1810,item:693055,0.0,G
4,SDC-1450,item:021081,0.0,KG
5,M-1430,item:038005,0.437479,KG
5,M-1430,item:042342,0.0,UN
5,M-1430,item:333362,0.0,UN
5,M-1430,item:344135,0.0,UN
5,M-1430,item:708073,0.19825,KG
5,M-1430,item:730384,0.0,M
5,M-1430,item:734545,0.2,UN
5,M-1430,item:773474,35.98848,G
5,M-1810,item:001757,0.0406,KG
5,M-1810,item:001848,0.03045,KG
5,M-1810,item:001893,0.19285,KG
5,M-1810,item:002612,0.05075,KG
5,M-1810,item:007923,81.2,G
5,M-1810,item:016332,0.01218,KG
5,M-1810,item:029313,0.001015,KG
5,M-1810,item:039668,0.001015,KG
5,M-1810,item:049371,0.037555,KG
5,M-1810,item:055703,0.00203,KG
5,M-1810,item:099439,0.05075,KG
5,M-1810,item:338928,0.0,UN
5,M-1810,item:338929,0.0,UN
5,M-1810,item:426331,0.275,UN
5,M-1810,item:693055,0.0,G
5,SDC-1450,item:021081,0.0,KG
6,M-1430,item:038005,0.404458,KG
6,M-1430,item:042342,0.0,UN
6,M-1430,item:333362,0.0,UN
6,M-1430,item:344135,0.0,UN
6,M-1430,item:708073,0.183286,KG
6,M-1430,item:730384,0.0,M
6,M-1430,item:734545,0.184904,UN
6,M-1430,item:773474,35.997696,G
6,M-1810,item:001757,0.037535,KG
6,M-1810,item:001848,0.028152,KG
6,M-1810,item:001893,0.178293,KG
6,M-1810,item:002612,0.046919,KG
6,M-1810,item:007923,75.070894,G
6,M-1810,item:016332,0.011261,KG
6,M-1810,item:029313,0.000938,KG
6,M-1810,item:039668,0.000938,KG
6,M-1810,item:049371,0.03472,KG
6,M-1810,item:055703,0.001877,KG
6,M-1810,item:099439,0.046919,KG
6,M-1810,item:338928,0.0,UN
6,M-1810,item:338929,0.0,UN
6,M-1810,item:426331,0.254243,UN
6,M-1810,item:693055,0.0,G
6,SDC-1450,item:021081,0.0,KG
7,M-1430,item:038005,0.360878,KG
7,M-1430,item:042342,0.0,UN
7,M-1430,item:333362,0.0,UN
7,M-1430,item:344135,0.0,UN
7,M-1430,item:708073,0.163537,KG
7,M-1430,item:730384,0.0,M
7,M-1430,item:734545,0.164981,UN
7,M-1430,item:773474,35.999539,G
7,M-1810,item:001757,0.033491,KG
7,M-1810,item:001848,0.025118,KG
7,M-1810,item:001893,0.159083,KG
7,M-1810,item:002612,0.041864,KG
7,M-1810,item:007923,66.982179,G
7,M-1810,item:016332,0.010047,KG
7,M-1810,item:029313,0.000837,KG
7,M-1810,item:039668,0.000837,KG
7,M-1810,item:049371,0.030979,KG
7,M-1810,item:055703,0.001675,KG
7,M-1810,item:099439,0.041864,KG
7,M-1810,item:338928,0.0,UN
7,M-1810,item:338929,0.0,UN
7,M-1810,item:426331,0.226849,UN
7,M-1810,item:693055,0.0,G
7,SDC-1450,item:021081,0.0,KG
8,M-1430,item:038005,0.40466,KG
8,M-1430,item:042342,0.0,UN
8,M-1430,item:333362,0.0,UN
8,M-1430,item:344135,0.0,UN
8,M-1430,item:708073,0.183377,KG
8,M-1430,item:730384,0.0,M
8,M-1430,item:734545,0.184996,UN
8,M-1430,item:773474,35.999908,G
8,M-1810,item:001757,0.037554,KG
8,M-1810,item:001848,0.028166,KG
8,M-1810,item:001893,0.178383,KG
8,M-1810,item:002612,0.046943,KG
8,M-1810,item:007923,75.108436,G
8,M-1810,item:016332,0.011266,KG
8,M-1810,item:029313,0.000939,KG
8,M-1810,item:039668,0.000939,KG
8,M-1810,item:049371,0.034738,KG
8,M-1810,item:055703,0.001878,KG
8,M-1810,item:099439,0.046943,KG
8,M-1810,item:338928,0.0,UN
8,M-1810,item:338929,0.0,UN
8,M-1810,item:426331,0.25437,UN
8,M-1810,item:693055,0.0,G
8,SDC-1450,item:021081,0.0,KG
9,M-1430,item:038005,0.437479,KG
9,M-1430,item:042342,0.0,UN
9,M-1430,item:333362,0.0,UN
9,M-1430,item:344135,0.0,UN
9,M-1430,item:708073,0.19825,KG
9,M-1430,item:730384,0.0,M
9,M-1430,item:734545,0.2,UN
9,M-1430,item:773474,35.999982,G
9,M-1810,item:001757,0.0406,KG
9,M-1810,item:001848,0.03045,KG
9,M-1810,item:001893,0.19285,KG
9,M-1810,item:002612,0.05075,KG
9,M-1810,item:007923,81.2,G
9,M-1810,item:016332,0.01218,KG
9,M-1810,item:029313,0.001015,KG
9,M-1810,item:039668,0.001015,KG
9,M-1810,item:049371,0.037555,KG
9,M-1810,item:055703,0.00203,KG
9,M-1810,item:099439,0.05075,KG
9,M-1810,item:338928,0.0,UN
9,M-1810,item:338929,0.0,UN
9,M-1810,item:426331,0.275,UN
9,M-1810,item:693055,0.0,G
9,SDC-1450,item:021081,0.0,KG
10,M-1430,item:038005,0.437479,KG
10,M-1430,item:042342,0.0,UN
10,M-1430,item:333362,0.0,UN
10,M-1430,item:344135,0.0,UN
10,M-1430,item:708073,0.19825,KG
10,M-1430,item:730384,0.0,M
10,M-1430,item:734545,0.2,UN
10,M-1430,item:773474,35.999996,G
10,M-1810,item:001757,0.0406,KG
10,M-1810,item:001848,0.03045,KG
10,M-1810,item:001893,0.19285,KG
10,M-1810,item:002612,0.05075,KG
10,M-1810,item:007923,81.2,G
10,M-1810,item:016332,0.01218,KG
10,M-1810,item:029313,0.001015,KG
10,M-1810,item:039668,0.001015,KG
10,M-1810,item:049371,0.037555,KG
10,M-1810,item:055703,0.00203,KG
10,M-1810,item:099439,0.05075,KG
10,M-1810,item:338928,0.0,UN
10,M-1810,item:338929,0.0,UN
10,M-1810,item:426331,0.275,UN
10,M-1810,item:693055,0.0,G
10,SDC-1450,item:021081,0.0,KG
11,M-1430,item:038005,0.33317,KG
11,M-1430,item:042342,0.0,UN
11,M-1430,item:333362,0.0,UN
11,M-1430,item:344135,0.0,UN
11,M-1430,item:708073,0.150981,KG
11,M-1430,item:730384,0.0,M
11,M-1430,item:734545,0.152314,UN
11,M-1430,item:773474,35.999999,G
11,M-1810,item:001757,0.0406,KG
11,M-1810,item:001848,0.03045,KG
11,M-1810,item:001893,0.19285,KG
11,M-1810,item:002612,0.05075,KG
11,M-1810,item:007923,81.2,G
11,M-1810,item:016332,0.01218,KG
11,M-1810,item:029313,0.001015,KG
11,M-1810,item:039668,0.001015,KG
11,M-1810,item:049371,0.037555,KG
11,M-1810,item:055703,0.00203,KG
11,M-1810,item:099439,0.05075,KG
11,M-1810,item:338928,0.0,UN
11,M-1810,item:338929,0.0,UN
11,M-1810,item:426331,0.275,UN
11,M-1810,item:693055,0.0,G
11,SDC-1450,item:021081,0.0,KG
12,M-1430,item:038005,0.0,KG
12,M-1430,item:042342,0.0,UN
12,M-1430,item:333362,0.0,UN
12,M-1430,item:344135,0.0,UN
12,M-1430,item:708073,0.0,KG
12,M-1430,item:730384,0.0,M
12,M-1430,item:734545,0.0,UN
12,M-1430,item:773474,36.0,G
12,M-1810,item:001757,0.0406,KG
12,M-1810,item:001848,0.03045,KG
12,M-1810,item:001893,0.19285,KG
12,M-1810,item:002612,0.05075,KG
12,M-1810,item:007923,81.2,G
12,M-1810,item:016332,0.01218,KG
12,M-1810,item:029313,0.001015,KG
12,M-1810,item:039668,0.001015,KG
12,M-1810,item:049371,0.037555,KG
12,M-1810,item:055703,0.00203,KG
12,M-1810,item:099439,0.05075,KG
12,M-1810,item:338928,0.0,UN
12,M-1810,item:338929,0.0,UN
12,M-1810,item:426331,0.275,UN
12,M-1810,item:693055,0.0,G
12,SDC-1450,item:021081,0.0,KG
13,M-1430,item:038005,0.06525,KG
13,M-1430,item:042342,0.0,UN
13,M-1430,item:333362,0.0,UN
13,M-1430,item:344135,0.0,UN
13,M-1430,item:708073,0.029569,KG
13,M-1430,item:730384,0.0,M
13,M-1430,item:734545,0.02983,UN
13,M-1430,item:773474,36.0,G
13,M-1810,item:001757,0.037536,KG
13,M-1810,item:001848,0.028152,KG
13,M-1810,item:001893,0.178294,KG
13,M-1810,item:002612,0.046919,KG
13,M-1810,item:007923,75.071023,G
13,M-1810,item:016332,0.011261,KG
13,M-1810,item:029313,0.000938,KG
13,M-1810,item:039668,0.000938,KG
13,M-1810,item:049371,0.03472,KG
13,M-1810,item:055703,0.001877,KG
13,M-1810,item:099439,0.046919,KG
13,M-1810,item:338928,0.0,UN
13,M-1810,item:338929,0.0,UN
13,M-1810,item:426331,0.254243,UN
13,M-1810,item:693055,0.0,G
13,SDC-1450,item:021081,0.0,KG
14,M-1430,item:038005,0.0,KG
14,M-1430,item:042342,0.0,UN
14,M-1430,item:333362,0.0,UN
14,M-1430,item:344135,0.0,UN
14,M-1430,item:708073,0.0,KG
14,M-1430,item:730384,0.0,M
14,M-1430,item:734545,0.0,UN
14,M-1430,item:773474,36.0,G
14,M-1810,item:001757,0.033491,KG
14,M-1810,item:001848,0.025118,KG
14,M-1810,item:001893,0.159083,KG
14,M-1810,item:002612,0.041864,KG
14,M-1810,item:007923,66.982205,G
14,M-1810,item:016332,0.010047,KG
14,M-1810,item:029313,0.000837,KG
14,M-1810,item:039668,0.000837,KG
14,M-1810,item:049371,0.030979,KG
14,M-1810,item:055703,0.001675,KG
14,M-1810,item:099439,0.041864,KG
14,M-1810,item:338928,0.0,UN
14,M-1810,item:338929,0.0,UN
14,M-1810,item:426331,0.226849,UN
14,M-1810,item:693055,0.0,G
14,SDC-1450,item:021081,0.0,KG
15,M-1430,item:038005,0.0,KG
15,M-1430,item:042342,0.0,UN
15,M-1430,item:333362,0.0,UN
15,M-1430,item:344135,0.0,UN
15,M-1430,item:708073,0.0,KG
15,M-1430,item:730384,0.0,M
15,M-1430,item:734545,0.0,UN
15,M-1430,item:773474,36.0,G
15,M-1810,item:001757,0.037554,KG
15,M-1810,item:001848,0.028166,KG
15,M-1810,item:001893,0.178383,KG
15,M-1810,item:002612,0.046943,KG
15,M-1810,item:007923,75.108441,G
15,M-1810,item:016332,0.011266,KG
15,M-1810,item:029313,0.000939,KG
15,M-1810,item:039668,0.000939,KG
15,M-1810,item:049371,0.034738,KG
15,M-1810,item:055703,0.001878,KG
15,M-1810,item:099439,0.046943,KG
15,M-1810,item:338928,0.0,UN
15,M-1810,item:338929,0.0,UN
15,M-1810,item:426331,0.25437,UN
15,M-1810,item:693055,0.0,G
15,SDC-1450,item:021081,0.0,KG
16,M-1430,item:038005,0.065249,KG
16,M-1430,item:042342,0.0,UN
16,M-1430,item:333362,0.0,UN
16,M-1430,item:344135,0.0,UN
16,M-1430,item:708073,0.029569,KG
16,M-1430,item:730384,0.0,M
16,M-1430,item:734545,0.02983,UN
16,M-1430,item:773474,36.0,G
16,M-1810,item:001757,0.0406,KG
16,M-1810,item:001848,0.03045,KG
16,M-1810,item:001893,0.19285,KG
16,M-1810,item:002612,0.05075,KG
16,M-1810,item:007923,81.2,G
16,M-1810,item:016332,0.01218,KG
16,M-1810,item:029313,0.001015,KG
16,M-1810,item:039668,0.001015,KG
16,M-1810,item:049371,0.037555,KG
16,M-1810,item:055703,0.00203,KG
16,M-1810,item:099439,0.05075,KG
16,M-1810,item:338928,0.0,UN
16,M-1810,item:338929,0.0,UN
16,M-1810,item:426331,0.275,UN
16,M-1810,item:693055,0.0,G
16,SDC-1450,item:021081,0.0,KG
17,M-1430,item:038005,0.06525,KG
17,M-1430,item:042342,0.0,UN
17,M-1430,item:333362,0.0,UN
17,M-1430,item:344135,0.0,UN
17,M-1430,item:708073,0.029569,KG
17,M-1430,item:730384,0.0,M
17,M-1430,item:734545,0.02983,UN
17,M-1430,item:773474,36.0,G
17,M-1810,item:001757,0.0406,KG
17,M-1810,item:001848,0.03045,KG
17,M-1810,item:001893,0.19285,KG
17,M-1810,item:002612,0.05075,KG
17,M-1810,item:007923,81.2,G
17,M-1810,item:016332,0.01218,KG
17,M-1810,item:029313,0.001015,KG
17,M-1810,item:039668,0.001015,KG
17,M-1810,item:049371,0.037555,KG
17,M-1810,item:055703,0.00203,KG
17,M-1810,item:099439,0.05075,KG
17,M-1810,item:338928,0.0,UN
17,M-1810,item:338929,0.0,UN
17,M-1810,item:426331,0.275,UN
17,M-1810,item:693055,0.0,G
17,SDC-1450,item:021081,0.0,KG
18,M-1430,item:038005,0.0,KG
18,M-1430,item:042342,0.0,UN
18,M-1430,item:333362,0.0,UN
18,M-1430,item:344135,0.0,UN
18,M-1430,item:708073,0.0,KG
18,M-1430,item:730384,0.0,M
18,M-1430,item:734545,0.0,UN
18,M-1430,item:773474,36.0,G
18,M-1810,item:001757,0.0406,KG
18,M-1810,item:001848,0.03045,KG
18,M-1810,item:001893,0.19285,KG
18,M-1810,item:002612,0.05075,KG
18,M-1810,item:007923,81.2,G
18,M-1810,item:016332,0.01218,KG
18,M-1810,item:029313,0.001015,KG
18,M-1810,item:039668,0.001015,KG
18,M-1810,item:049371,0.037555,KG
18,M-1810,item:055703,0.00203,KG
18,M-1810,item:099439,0.05075,KG
18,M-1810,item:338928,0.0,UN
18,M-1810,item:338929,0.0,UN
18,M-1810,item:426331,0.275,UN
18,M-1810,item:693055,0.0,G
18,SDC-1450,item:021081,0.0,KG
19,M-1430,item:038005,0.0,KG
19,M-1430,item:042342,0.0,UN
19,M-1430,item:333362,0.0,UN
19,M-1430,item:344135,0.0,UN
19,M-1430,item:708073,0.0,KG
19,M-1430,item:730384,0.0,M
19,M-1430,item:734545,0.0,UN
19,M-1430,item:773474,36.0,G
19,M-1810,item:001757,0.0406,KG
19,M-1810,item:001848,0.03045,KG
19,M-1810,item:001893,0.19285,KG
19,M-1810,item:002612,0.05075,KG
19,M-1810,item:007923,81.2,G
19,M-1810,item:016332,0.01218,KG
19,M-1810,item:029313,0.001015,KG
19,M-1810,item:039668,0.001015,KG
19,M-1810,item:049371,0.037555,KG
19,M-1810,item:055703,0.00203,KG
19,M-1810,item:099439,0.05075,KG
19,M-1810,item:338928,0.0,UN
19,M-1810,item:338929,0.0,UN
19,M-1810,item:426331,0.275,UN
19,M-1810,item:693055,0.0,G
19,SDC-1450,item:021081,0.0,KG
20,M-1430,item:038005,0.0,KG
20,M-1430,item:042342,0.0,UN
20,M-1430,item:333362,0.0,UN
20,M-1430,item:344135,0.0,UN
20,M-1430,item:708073,0.0,KG
20,M-1430,item:730384,0.0,M
20,M-1430,item:734545,0.0,UN
20,M-1430,item:773474,36.0,G
20,M-1810,item:001757,0.037536,KG
20,M-1810,item:001848,0.028152,KG
20,M-1810,item:001893,0.178294,KG
20,M-1810,item:002612,0.046919,KG
20,M-1810,item:007923,75.071024,G
20,M-1810,item:016332,0.011261,KG
20,M-1810,item:029313,0.000938,KG
20,M-1810,item:039668,0.000938,KG
20,M-1810,item:049371,0.03472,KG
20,M-1810,item:055703,0.001877,KG
20,M-1810,item:099439,0.046919,KG
20,M-1810,item:338928,0.0,UN
20,M-1810,item:338929,0.0,UN
20,M-1810,item:426331,0.254243,UN
20,M-1810,item:693055,0.0,G
20,SDC-1450,item:021081,0.0,KG
21,M-1430,item:038005,0.0,KG
21,M-1430,item:042342,0.0,UN
21,M-1430,item:333362,0.0,UN
21,M-1430,item:344135,0.0,UN
21,M-1430,item:708073,0.0,KG
21,M-1430,item:730384,0.0,M
21,M-1430,item:734545,0.0,UN
21,M-1430,item:773474,36.0,G
21,M-1810,item:001757,0.033491,KG
21,M-1810,item:001848,0.025118,KG
21,M-1810,item:001893,0.159083,KG
21,M-1810,item:002612,0.041864,KG
21,M-1810,item:007923,66.982205,G
21,M-1810,item:016332,0.010047,KG
21,M-1810,item:029313,0.000837,KG
21,M-1810,item:039668,0.000837,KG
21,M-1810,item:049371,0.030979,KG
21,M-1810,item:055703,0.001675,KG
21,M-1810,item:099439,0.041864,KG
21,M-1810,item:338928,0.0,UN
21,M-1810,item:338929,0.0,UN
21,M-1810,item:426331,0.226849,UN
21,M-1810,item:693055,0.0,G
21,SDC-1450,item:021081,0.0,KG
22,M-1430,item:038005,0.0,KG
22,M-1430,item:042342,0.0,UN
22,M-1430,item:333362,0.0,UN
22,M-1430,item:344135,0.0,UN
22,M-1430,item:708073,0.0,KG
22,M-1430,item:730384,0.0,M
22,M-1430,item:734545,0.0,UN
22,M-1430,item:773474,36.0,G
22,M-1810,item:001757,0.037554,KG
22,M-1810,item:001848,0.028166,KG
22,M-1810,item:001893,0.178383,KG
22,M-1810,item:002612,0.046943,KG
22,M-1810,item:007923,75.108441,G
22,M-1810,item:016332,0.011266,KG
22,M-1810,item:029313,0.000939,KG
22,M-1810,item:039668,0.000939,KG
22,M-1810,item:049371,0.034738,KG
22,M-1810,item:055703,0.001878,KG
22,M-1810,item:099439,0.046943,KG
22,M-1810,item:338928,0.0,UN
22,M-1810,item:338929,0.0,UN
22,M-1810,item:426331,0.25437,UN
22,M-1810,item:693055,0.0,G
22,SDC-1450,item:021081,0.0,KG
23,M-1430,item:038005,0.130496,KG
23,M-1430,item:042342,0.0,UN
23,M-1430,item:333362,0.0,UN
23,M-1430,item:344135,0.0,UN
23,M-1430,item:708073,0.059136,KG
23,M-1430,item:730384,0.0,M
23,M-1430,item:734545,0.059658,UN
23,M-1430,item:773474,36.0,G
23,M-1810,item:001757,0.0406,KG
23,M-1810,item:001848,0.03045,KG
23,M-1810,item:001893,0.19285,KG
23,M-1810,item:002612,0.05075,KG
23,M-1810,item:007923,81.2,G
23,M-1810,item:016332,0.01218,KG
23,M-1810,item:029313,0.001015,KG
23,M-1810,item:039668,0.001015,KG
23,M-1810,item:049371,0.037555,KG
23,M-1810,item:055703,0.00203,KG
23,M-1810,item:099439,0.05075,KG
23,M-1810,item:338928,0.0,UN
23,M-1810,item:338929,0.0,UN
23,M-1810,item:426331,0.275,UN
23,M-1810,item:693055,0.0,G
23,SDC-1450,item:021081,0.0,KG
24,M-1430,item:038005,0.130479,KG
24,M-1430,item:042342,0.0,UN
24,M-1430,item:333362,0.0,UN
24,M-1430,item:344135,0.0,UN
24,M-1430,item:708073,0.059128,KG
24,M-1430,item:730384,0.0,M
24,M-1430,item:734545,0.05965,UN
24,M-1430,item:773474,36.0,G
24,M-1810,item:001757,0.0406,KG
24,M-1810,item:001848,0.03045,KG
24,M-1810,item:001893,0.19285,KG
24,M-1810,item:002612,0.05075,KG
24,M-1810,item:007923,81.2,G
24,M-1810,item:016332,0.01218,KG
24,M-1810,item:029313,0.001015,KG
24,M-1810,item:039668,0.001015,KG
24,M-1810,item:049371,0.037555,KG
24,M-1810,item:055703,0.00203,KG
24,M-1810,item:099439,0.05075,KG
24,M-1810,item:338928,0.0,UN
24,M-1810,item:338929,0.0,UN
24,M-1810,item:426331,0.275,UN
24,M-1810,item:693055,0.0,G
24,SDC-1450,item:021081,0.0,KG
25,M-1430,item:038005,0.06525,KG
25,M-1430,item:042342,0.0,UN
25,M-1430,item:333362,0.0,UN
25,M-1430,item:344135,0.0,UN
25,M-1430,item:708073,0.029569,KG
25,M-1430,item:730384,0.0,M
25,M-1430,item:734545,0.02983,UN
25,M-1430,item:773474,36.0,G
25,M-1810,item:001757,0.0406,KG
25,M-1810,item:001848,0.03045,KG
25,M-1810,item:001893,0.19285,KG
25,M-1810,item:002612,0.05075,KG
25,M-1810,item:007923,81.2,G
25,M-1810,item:016332,0.01218,KG
25,M-1810,item:029313,0.001015,KG
25,M-1810,item:039668,0.001015,KG
25,M-1810,item:049371,0.037555,KG
25,M-1810,item:055703,0.00203,KG
25,M-1810,item:099439,0.05075,KG
25,M-1810,item:338928,0.0,UN
25,M-1810,item:338929,0.0,UN
25,M-1810,item:426331,0.275,UN
25,M-1810,item:693055,0.0,G
25,SDC-1450,item:021081,0.0,KG
26,M-1430,item:038005,0.19575,KG
26,M-1430,item:042342,0.0,UN
26,M-1430,item:333362,0.0,UN
26,M-1430,item:344135,0.0,UN
26,M-1430,item:708073,0.088707,KG
26,M-1430,item:730384,0.0,M
26,M-1430,item:734545,0.08949,UN
26,M-1430,item:773474,36.0,G
26,M-1810,item:001757,0.0406,KG
26,M-1810,item:001848,0.03045,KG
26,M-1810,item:001893,0.19285,KG
26,M-1810,item:002612,0.05075,KG
26,M-1810,item:007923,81.2,G
26,M-1810,item:016332,0.01218,KG
26,M-1810,item:029313,0.001015,KG
26,M-1810,item:039668,0.001015,KG
26,M-1810,item:049371,0.037555,KG
26,M-1810,item:055703,0.00203,KG
26,M-1810,item:099439,0.05075,KG
26,M-1810,item:338928,0.0,UN
26,M-1810,item:338929,0.0,UN
26,M-1810,item:426331,0.275,UN
26,M-1810,item:693055,0.0,G
26,SDC-1450,item:021081,0.0,KG
27,M-1430,item:038005,0.06525,KG
27,M-1430,item:042342,0.0,UN
27,M-1430,item:333362,0.0,UN
27,M-1430,item:344135,0.0,UN
27,M-1430,item:708073,0.029569,KG
27,M-1430,item:730384,0.0,M
27,M-1430,item:734545,0.02983,UN
27,M-1430,item:773474,36.0,G
27,M-1810,item:001757,0.037536,KG
27,M-1810,item:001848,0.028152,KG
27,M-1810,item:001893,0.178294,KG
27,M-1810,item:002612,0.046919,KG
27,M-1810,item:007923,75.071024,G
27,M-1810,item:016332,0.011261,KG
27,M-1810,item:029313,0.000938,KG
27,M-1810,item:039668,0.000938,KG
27,M-1810,item:049371,0.03472,KG
27,M-1810,item:055703,0.001877,KG
27,M-1810,item:099439,0.046919,KG
27,M-1810,item:338928,0.0,UN
27,M-1810,item:338929,0.0,UN
27,M-1810,item:426331,0.254243,UN
27,M-1810,item:693055,0.0,G
27,SDC-1450,item:021081,0.0,KG
28,M-1430,item:038005,0.06525,KG
28,M-1430,item:042342,0.0,UN
28,M-1430,item:333362,0.0,UN
28,M-1430,item:344135,0.0,UN
28,M-1430,item:708073,0.029569,KG
28,M-1430,item:730384,0.0,M
28,M-1430,item:734545,0.02983,UN
28,M-1430,item:773474,36.0,G
28,M-1810,item:001757,0.033491,KG
28,M-1810,item:001848,0.025118,KG
28,M-1810,item:001893,0.159083,KG
28,M-1810,item:002612,0.041864,KG
28,M-1810,item:007923,66.982205,G
28,M-1810,item:016332,0.010047,KG
28,M-1810,item:029313,0.000837,KG
28,M-1810,item:039668,0.000837,KG
28,M-1810,item:049371,0.030979,KG
28,M-1810,item:055703,0.001675,KG
28,M-1810,item:099439,0.041864,KG
28,M-1810,item:338928,0.0,UN
28,M-1810,item:338929,0.0,UN
28,M-1810,item:426331,0.226849,UN
28,M-1810,item:693055,0.0,G
28,SDC-1450,item:021081,0.0,KG
29,M-1430,item:038005,0.06525,KG
29,M-1430,item:042342,0.0,UN
29,M-1430,item:333362,0.0,UN
29,M-1430,item:344135,0.0,UN
29,M-1430,item:708073,0.029569,KG
29,M-1430,item:730384,0.0,M
29,M-1430,item:734545,0.02983,UN
29,M-1430,item:773474,36.0,G
29,M-1810,item:001757,0.037554,KG
29,M-1810,item:001848,0.028166,KG
29,M-1810,item:001893,0.178383,KG
29,M-1810,item:002612,0.046943,KG
29,M-1810,item:007923,75.108441,G
29,M-1810,item:016332,0.011266,KG
29,M-1810,item:029313,0.000939,KG
29,M-1810,item:039668,0.000939,KG
29,M-1810,item:049371,0.034738,KG
29,M-1810,item:055703,0.001878,KG
29,M-1810,item:099439,0.046943,KG
29,M-1810,item:338928,0.0,UN
29,M-1810,item:338929,0.0,UN
29,M-1810,item:426331,0.25437,UN
29,M-1810,item:693055,0.0,G
29,SDC-1450,item:021081,0.0,KG
30,M-1430,item:038005,0.0,KG
30,M-1430,item:042342,0.0,UN
30,M-1430,item:333362,0.0,UN
30,M-1430,item:344135,0.0,UN
30,M-1430,item:708073,0.0,KG
30,M-1430,item:730384,0.0,M
30,M-1430,item:734545,0.0,UN
30,M-1430,item:773474,36.0,G
30,M-1810,item:001757,0.038367,KG
30,M-1810,item:001848,0.028775,KG
30,M-1810,item:001893,0.182243,KG
30,M-1810,item:002612,0.047959,KG
30,M-1810,item:007923,76.733688,G
30,M-1810,item:016332,0.01151,KG
30,M-1810,item:029313,0.000959,KG
30,M-1810,item:039668,0.000959,KG
30,M-1810,item:049371,0.035489,KG
30,M-1810,item:055703,0.001918,KG
30,M-1810,item:099439,0.047959,KG
30,M-1810,item:338928,0.0,UN
30,M-1810,item:338929,0.0,UN
30,M-1810,item:426331,0.259874,UN
30,M-1810,item:693055,0.0,G
30,SDC-1450,item:021081,0.0,KG
31,M-1430,item:038005,0.0,KG
31,M-1430,item:042342,0.0,UN
31,M-1430,item:333362,0.0,UN
31,M-1430,item:344135,0.0,UN
31,M-1430,item:708073,0.0,KG
31,M-1430,item:730384,0.0,M
31,M-1430,item:734545,0.0,UN
31,M-1430,item:773474,36.0,G
31,M-1810,item:001757,0.038529,KG
31,M-1810,item:001848,0.028897,KG
31,M-1810,item:001893,0.183015,KG
31,M-1810,item:002612,0.048162,KG
31,M-1810,item:007923,15.755796,G
31,M-1810,item:016332,0.011559,KG
31,M-1810,item:029313,0.000963,KG
31,M-1810,item:039668,0.000963,KG
31,M-1810,item:049371,0.03564,KG
31,M-1810,item:055703,0.001926,KG
31,M-1810,item:099439,0.048162,KG
31,M-1810,item:338928,0.0,UN
31,M-1810,item:338929,0.0,UN
31,M-1810,item:426331,0.260975,UN
31,M-1810,item:693055,0.0,G
31,SDC-1450,item:021081,0.0,KG
32,M-1430,item:038005,0.19575,KG
32,M-1430,item:042342,0.0,UN
32,M-1430,item:333362,0.0,UN
32,M-1430,item:344135,0.0,UN
32,M-1430,item:708073,0.088707,KG
32,M-1430,item:730384,0.0,M
32,M-1430,item:734545,0.08949,UN
32,M-1430,item:773474,36.0,G
32,M-1810,item:001757,0.038562,KG
32,M-1810,item:001848,0.028921,KG
32,M-1810,item:001893,0.183169,KG
32,M-1810,item:002612,0.048202,KG
32,M-1810,item:007923,0.0,G
32,M-1810,item:016332,0.011569,KG
32,M-1810,item:029313,0.000964,KG
32,M-1810,item:039668,0.000964,KG
32,M-1810,item:049371,0.03567,KG
32,M-1810,item:055703,0.001928,KG
32,M-1810,item:099439,0.048202,KG
32,M-1810,item:338928,0.0,UN
32,M-1810,item:338929,0.0,UN
32,M-1810,item:426331,0.261195,UN
32,M-1810,item:693055,0.0,G
32,SDC-1450,item:021081,0.0,KG
33,M-1430,item:038005,0.06525,KG
33,M-1430,item:042342,0.0,UN
33,M-1430,item:333362,0.0,UN
33,M-1430,item:344135,0.0,UN
33,M-1430,item:708073,0.029569,KG
33,M-1430,item:730384,0.0,M
33,M-1430,item:734545,0.02983,UN
33,M-1430,item:773474,36.0,G
33,M-1810,item:001757,0.038568,KG
33,M-1810,item:001848,0.028926,KG
33,M-1810,item:001893,0.1832,KG
33,M-1810,item:002612,0.04821,KG
33,M-1810,item:007923,0.0,G
33,M-1810,item:016332,0.011571,KG
33,M-1810,item:029313,0.000964,KG
33,M-1810,item:039668,0.000964,KG
33,M-1810,item:049371,0.035676,KG
33,M-1810,item:055703,0.001928,KG
33,M-1810,item:099439,0.04821,KG
33,M-1810,item:338928,0.0,UN
33,M-1810,item:338929,0.0,UN
33,M-1810,item:426331,0.261239,UN
33,M-1810,item:693055,0.0,G
33,SDC-1450,item:021081,0.0,KG
34,M-1430,item:038005,0.0,KG
34,M-1430,item:042342,0.0,UN
34,M-1430,item:333362,0.0,UN
34,M-1430,item:344135,0.0,UN
34,M-1430,item:708073,0.0,KG
34,M-1430,item:730384,0.0,M
34,M-1430,item:734545,0.0,UN
34,M-1430,item:773474,36.0,G
34,M-1810,item:001757,0.03857,KG
34,M-1810,item:001848,0.028927,KG
34,M-1810,item:001893,0.183206,KG
34,M-1810,item:002612,0.048212,KG
34,M-1810,item:007923,0.0,G
34,M-1810,item:016332,0.011571,KG
34,M-1810,item:029313,0.000964,KG
34,M-1810,item:039668,0.000964,KG
34,M-1810,item:049371,0.035677,KG
34,M-1810,item:055703,0.001928,KG
34,M-1810,item:099439,0.048212,KG
34,M-1810,item:338928,0.0,UN
34,M-1810,item:338929,0.0,UN
34,M-1810,item:426331,0.261248,UN
34,M-1810,item:693055,0.0,G
34,SDC-1450,item:021081,0.0,KG
35,M-1430,item:038005,0.06525,KG
35,M-1430,item:042342,0.0,UN
35,M-1430,item:333362,0.0,UN
35,M-1430,item:344135,0.0,UN
35,M-1430,item:708073,0.029569,KG
35,M-1430,item:730384,0.0,M
35,M-1430,item:734545,0.02983,UN
35,M-1430,item:773474,36.0,G
35,M-1810,item:001757,0.03857,KG
35,M-1810,item:001848,0.028927,KG
35,M-1810,item:001893,0.183207,KG
35,M-1810,item:002612,0.048212,KG
35,M-1810,item:007923,0.0,G
35,M-1810,item:016332,0.011571,KG
35,M-1810,item:029313,0.000964,KG
35,M-1810,item:039668,0.000964,KG
35,M-1810,item:049371,0.035677,KG
35,M-1810,item:055703,0.001928,KG
35,M-1810,item:099439,0.048212,KG
35,M-1810,item:338928,0.0,UN
35,M-1810,item:338929,0.0,UN
35,M-1810,item:426331,0.26125,UN
35,M-1810,item:693055,0.0,G
35,SDC-1450,item:021081,0.0,KG
36,M-1430,item:038005,0.06525,KG
36,M-1430,item:042342,0.0,UN
36,M-1430,item:333362,0.0,UN
36,M-1430,item:344135,0.0,UN
36,M-1430,item:708073,0.029569,KG
36,M-1430,item:730384,0.0,M
36,M-1430,item:734545,0.02983,UN
36,M-1430,item:773474,36.0,G
36,M-1810,item:001757,0.03857,KG
36,M-1810,item:001848,0.028927,KG
36,M-1810,item:001893,0.183207,KG
36,M-1810,item:002612,0.048212,KG
36,M-1810,item:007923,0.0,G
36,M-1810,item:016332,0.011571,KG
36,M-1810,item:029313,0.000964,KG
36,M-1810,item:039668,0.000964,KG
36,M-1810,item:049371,0.035677,KG
36,M-1810,item:055703,0.001928,KG
36,M-1810,item:099439,0.048212,KG
36,M-1810,item:338928,0.0,UN
36,M-1810,item:338929,0.0,UN
36,M-1810,item:426331,0.26125,UN
36,M-1810,item:693055,0.0,G
36,SDC-1450,item:021081,0.0,KG
37,M-1430,item:038005,0.06525,KG
37,M-1430,item:042342,0.0,UN
37,M-1430,item:333362,0.0,UN
37,M-1430,item:344135,0.0,UN
37,M-1430,item:708073,0.029569,KG
37,M-1430,item:730384,0.0,M
37,M-1430,item:734545,0.02983,UN
37,M-1430,item:773474,36.0,G
37,M-1810,item:001757,0.03857,KG
37,M-1810,item:001848,0.028927,KG
37,M-1810,item:001893,0.183207,KG
37,M-1810,item:002612,0.048212,KG
37,M-1810,item:007923,0.0,G
37,M-1810,item:016332,0.011571,KG
37,M-1810,item:029313,0.000964,KG
37,M-1810,item:039668,0.000964,KG
37,M-1810,item:049371,0.035677,KG
37,M-1810,item:055703,0.001928,KG
37,M-1810,item:099439,0.048212,KG
37,M-1810,item:338928,0.0,UN
37,M-1810,item:338929,0.0,UN
37,M-1810,item:426331,0.26125,UN
37,M-1810,item:693055,0.0,G
37,SDC-1450,item:021081,0.0,KG
38,M-1430,item:038005,0.06525,KG
38,M-1430,item:042342,0.0,UN
38,M-1430,item:333362,0.0,UN
38,M-1430,item:344135,0.0,UN
38,M-1430,item:708073,0.029569,KG
38,M-1430,item:730384,0.0,M
38,M-1430,item:734545,0.02983,UN
38,M-1430,item:773474,36.0,G
38,M-1810,item:001757,0.03857,KG
38,M-1810,item:001848,0.028927,KG
38,M-1810,item:001893,0.183207,KG
38,M-1810,item:002612,0.048212,KG
38,M-1810,item:007923,0.0,G
38,M-1810,item:016332,0.011571,KG
38,M-1810,item:029313,0.000964,KG
38,M-1810,item:039668,0.000964,KG
38,M-1810,item:049371,0.035677,KG
38,M-1810,item:055703,0.001928,KG
38,M-1810,item:099439,0.048212,KG
38,M-1810,item:338928,0.0,UN
38,M-1810,item:338929,0.0,UN
38,M-1810,item:426331,0.26125,UN
38,M-1810,item:693055,0.0,G
38,SDC-1450,item:021081,0.0,KG
39,M-1430,item:038005,0.19575,KG
39,M-1430,item:042342,0.0,UN
39,M-1430,item:333362,0.0,UN
39,M-1430,item:344135,0.0,UN
39,M-1430,item:708073,0.088707,KG
39,M-1430,item:730384,0.0,M
39,M-1430,item:734545,0.08949,UN
39,M-1430,item:773474,36.0,G
39,M-1810,item:001757,0.03857,KG
39,M-1810,item:001848,0.028927,KG
39,M-1810,item:001893,0.183207,KG
39,M-1810,item:002612,0.048212,KG
39,M-1810,item:007923,0.0,G
39,M-1810,item:016332,0.011571,KG
39,M-1810,item:029313,0.000964,KG
39,M-1810,item:039668,0.000964,KG
39,M-1810,item:049371,0.035677,KG
39,M-1810,item:055703,0.001928,KG
39,M-1810,item:099439,0.048212,KG
39,M-1810,item:338928,0.0,UN
39,M-1810,item:338929,0.0,UN
39,M-1810,item:426331,0.26125,UN
39,M-1810,item:693055,0.0,G
39,SDC-1450,item:021081,0.0,KG
40,M-1430,item:038005,0.1305,KG
40,M-1430,item:042342,0.0,UN
40,M-1430,item:333362,0.0,UN
40,M-1430,item:344135,0.0,UN
40,M-1430,item:708073,0.059138,KG
40,M-1430,item:730384,0.0,M
40,M-1430,item:734545,0.05966,UN
40,M-1430,item:773474,36.0,G
40,M-1810,item:001757,0.010799,KG
40,M-1810,item:001848,0.008099,KG
40,M-1810,item:001893,0.051294,KG
40,M-1810,item:002612,0.013498,KG
40,M-1810,item:007923,0.0,G
40,M-1810,item:016332,0.00324,KG
40,M-1810,item:029313,0.00027,KG
40,M-1810,item:039668,0.00027,KG
40,M-1810,item:049371,0.009989,KG
40,M-1810,item:055703,0.00054,KG
40,M-1810,item:099439,0.013498,KG
40,M-1810,item:338928,0.0,UN
40,M-1810,item:338929,0.0,UN
40,M-1810,item:426331,0.073144,UN
40,M-1810,item:693055,0.0,G
40,SDC-1450,item:021081,0.0,KG
41,M-1430,item:038005,0.0,KG
41,M-1430,item:042342,0.0,UN
41,M-1430,item:333362,0.0,UN
41,M-1430,item:344135,0.0,UN
41,M-1430,item:708073,0.0,KG
41,M-1430,item:730384,0.0,M
41,M-1430,item:734545,0.0,UN
41,M-1430,item:773474,36.0,G
41,M-1810,item:001757,0.0,KG
41,M-1810,item:001848,0.0,KG
41,M-1810,item:001893,0.0,KG
41,M-1810,item:002612,0.0,KG
41,M-1810,item:007923,0.0,G
41,M-1810,item:016332,0.0,KG
41,M-1810,item:029313,0.0,KG
41,M-1810,item:039668,0.0,KG
41,M-1810,item:049371,0.0,KG
41,M-1810,item:055703,0.0,KG
41,M-1810,item:099439,0.0,KG
41,M-1810,item:338928,0.0,UN
41,M-1810,item:338929,0.0,UN
41,M-1810,item:426331,0.0,UN
41,M-1810,item:693055,0.0,G
41,SDC-1450,item:021081,0.0,KG
42,M-1430,item:038005,0.0,KG
42,M-1430,item:042342,0.0,UN
42,M-1430,item:333362,0.0,UN
42,M-1430,item:344135,0.0,UN
42,M-1430,item:708073,0.0,KG
42,M-1430,item:730384,0.0,M
42,M-1430,item:734545,0.0,UN
42,M-1430,item:773474,36.0,G
42,M-1810,item:001757,0.0,KG
42,M-1810,item:001848,0.0,KG
42,M-1810,item:001893,0.0,KG
42,M-1810,item:002612,0.0,KG
42,M-1810,item:007923,0.0,G
42,M-1810,item:016332,0.0,KG
42,M-1810,item:029313,0.0,KG
42,M-1810,item:039668,0.0,KG
42,M-1810,item:049371,0.0,KG
42,M-1810,item:055703,0.0,KG
42,M-1810,item:099439,0.0,KG
42,M-1810,item:338928,0.0,UN
42,M-1810,item:338929,0.0,UN
42,M-1810,item:426331,0.0,UN
42,M-1810,item:693055,0.0,G
42,SDC-1450,item:021081,0.0,KG
43,M-1430,item:038005,0.06525,KG
43,M-1430,item:042342,0.0,UN
43,M-1430,item:333362,0.0,UN
43,M-1430,item:344135,0.0,UN
43,M-1430,item:708073,0.029569,KG
43,M-1430,item:730384,0.0,M
43,M-1430,item:734545,0.02983,UN
43,M-1430,item:773474,36.0,G
43,M-1810,item:001757,0.0,KG
43,M-1810,item:001848,0.0,KG
43,M-1810,item:001893,0.0,KG
43,M-1810,item:002612,0.0,KG
43,M-1810,item:007923,0.0,G
43,M-1810,item:016332,0.0,KG
43,M-1810,item:029313,0.0,KG
43,M-1810,item:039668,0.0,KG
43,M-1810,item:049371,0.0,KG
43,M-1810,item:055703,0.0,KG
43,M-1810,item:099439,0.0,KG
43,M-1810,item:338928,0.0,UN
43,M-1810,item:338929,0.0,UN
43,M-1810,item:426331,0.0,UN
43,M-1810,item:693055,0.0,G
43,SDC-1450,item:021081,0.0,KG
44,M-1430,item:038005,0.06525,KG
44,M-1430,item:042342,0.0,UN
44,M-1430,item:333362,0.0,UN
44,M-1430,item:344135,0.0,UN
44,M-1430,item:708073,0.029569,KG
44,M-1430,item:730384,0.0,M
44,M-1430,item:734545,0.02983,UN
44,M-1430,item:773474,36.0,G
44,M-1810,item:001757,0.0,KG
44,M-1810,item:001848,0.0,KG
44,M-1810,item:001893,0.0,KG
44,M-1810,item:002612,0.0,KG
44,M-1810,item:007923,0.0,G
44,M-1810,item:016332,0.0,KG
44,M-1810,item:029313,0.0,KG
44,M-1810,item:039668,0.0,KG
44,M-1810,item:049371,0.0,KG
44,M-1810,item:055703,0.0,KG
44,M-1810,item:099439,0.0,KG
44,M-1810,item:338928,0.0,UN
44,M-1810,item:338929,0.0,UN
44,M-1810,item:426331,0.0,UN
44,M-1810,item:693055,0.0,G
44,SDC-1450,item:021081,0.0,KG
45,M-1430,item:038005,0.06525,KG
45,M-1430,item:042342,0.0,UN
45,M-1430,item:333362,0.0,UN
45,M-1430,item:344135,0.0,UN
45,M-1430,item:708073,0.029569,KG
45,M-1430,item:730384,0.0,M
45,M-1430,item:734545,0.02983,UN
45,M-1430,item:773474,36.0,G
45,M-1810,item:001757,0.0,KG
45,M-1810,item:001848,0.0,KG
45,M-1810,item:001893,0.0,KG
45,M-1810,item:002612,0.0,KG
45,M-1810,item:007923,0.0,G
45,M-1810,item:016332,0.0,KG
45,M-1810,item:029313,0.0,KG
45,M-1810,item:039668,0.0,KG
45,M-1810,item:049371,0.0,KG
45,M-1810,item:055703,0.0,KG
45,M-1810,item:099439,0.0,KG
45,M-1810,item:338928,0.0,UN
45,M-1810,item:338929,0.0,UN
45,M-1810,item:426331,0.0,UN
45,M-1810,item:693055,0.0,G
45,SDC-1450,item:021081,0.0,KG
46,M-1430,item:038005,0.0,KG
46,M-1430,item:042342,0.0,UN
46,M-1430,item:333362,0.0,UN
46,M-1430,item:344135,0.0,UN
46,M-1430,item:708073,0.0,KG
46,M-1430,item:730384,0.0,M
46,M-1430,item:734545,0.0,UN
46,M-1430,item:773474,36.0,G
46,M-1810,item:001757,0.0,KG
46,M-1810,item:001848,0.0,KG
46,M-1810,item:001893,0.0,KG
46,M-1810,item:002612,0.0,KG
46,M-1810,item:007923,0.0,G
46,M-1810,item:016332,0.0,KG
46,M-1810,item:029313,0.0,KG
46,M-1810,item:039668,0.0,KG
46,M-1810,item:049371,0.0,KG
46,M-1810,item:055703,0.0,KG
46,M-1810,item:099439,0.0,KG
46,M-1810,item:338928,0.0,UN
46,M-1810,item:338929,0.0,UN
46,M-1810,item:426331,0.0,UN
46,M-1810,item:693055,0.0,G
46,SDC-1450,item:021081,0.0,KG
47,M-1430,item:038005,0.1305,KG
47,M-1430,item:042342,0.0,UN
47,M-1430,item:333362,0.0,UN
47,M-1430,item:344135,0.0,UN
47,M-1430,item:708073,0.059138,KG
47,M-1430,item:730384,0.0,M
47,M-1430,item:734545,0.05966,UN
47,M-1430,item:773474,36.0,G
47,M-1810,item:001757,0.0,KG
47,M-1810,item:001848,0.0,KG
47,M-1810,item:001893,0.0,KG
47,M-1810,item:002612,0.0,KG
47,M-1810,item:007923,0.0,G
47,M-1810,item:016332,0.0,KG
47,M-1810,item:029313,0.0,KG
47,M-1810,item:039668,0.0,KG
47,M-1810,item:049371,0.0,KG
47,M-1810,item:055703,0.0,KG
47,M-1810,item:099439,0.0,KG
47,M-1810,item:338928,0.0,UN
47,M-1810,item:338929,0.0,UN
47,M-1810,item:426331,0.0,UN
47,M-1810,item:693055,0.0,G
47,SDC-1450,item:021081,0.0,KG
48,M-1430,item:038005,0.06525,KG
48,M-1430,item:042342,0.0,UN
48,M-1430,item:333362,0.0,UN
48,M-1430,item:344135,0.0,UN
48,M-1430,item:708073,0.029569,KG
48,M-1430,item:730384,0.0,M
48,M-1430,item:734545,0.02983,UN
48,M-1430,item:773474,36.0,G
48,M-1810,item:001757,0.0,KG
48,M-1810,item:001848,0.0,KG
48,M-1810,item:001893,0.0,KG
48,M-1810,item:002612,0.0,KG
48,M-1810,item:007923,0.0,G
48,M-1810,item:016332,0.0,KG
48,M-1810,item:029313,0.0,KG
48,M-1810,item:039668,0.0,KG
48,M-1810,item:049371,0.0,KG
48,M-1810,item:055703,0.0,KG
48,M-1810,item:099439,0.0,KG
48,M-1810,item:338928,0.0,UN
48,M-1810,item:338929,0.0,UN
48,M-1810,item:426331,0.0,UN
48,M-1810,item:693055,0.0,G
48,SDC-1450,item:021081,0.0,KG
49,M-1430,item:038005,0.06525,KG
49,M-1430,item:042342,0.0,UN
49,M-1430,item:333362,0.0,UN
49,M-1430,item:344135,0.0,UN
49,M-1430,item:708073,0.029569,KG
49,M-1430,item:730384,0.0,M
49,M-1430,item:734545,0.02983,UN
49,M-1430,item:773474,36.0,G
49,M-1810,item:001757,0.0,KG
49,M-1810,item:001848,0.0,KG
49,M-1810,item:001893,0.0,KG
49,M-1810,item:002612,0.0,KG
49,M-1810,item:007923,0.0,G
49,M-1810,item:016332,0.0,KG
49,M-1810,item:029313,0.0,KG
49,M-1810,item:039668,0.0,KG
49,M-1810,item:049371,0.0,KG
49,M-1810,item:055703,0.0,KG
49,M-1810,item:099439,0.0,KG
49,M-1810,item:338928,0.0,UN
49,M-1810,item:338929,0.0,UN
49,M-1810,item:426331,0.0,UN
49,M-1810,item:693055,0.0,G
49,SDC-1450,item:021081,0.0,KG
50,M-1430,item:038005,0.0,KG
50,M-1430,item:042342,0.0,UN
50,M-1430,item:333362,0.0,UN
50,M-1430,item:344135,0.0,UN
50,M-1430,item:708073,0.0,KG
50,M-1430,item:730384,0.0,M
50,M-1430,item:734545,0.0,UN
50,M-1430,item:773474,36.0,G
50,M-1810,item:001757,0.0,KG
50,M-1810,item:001848,0.0,KG
50,M-1810,item:001893,0.0,KG
50,M-1810,item:002612,0.0,KG
50,M-1810,item:007923,0.0,G
50,M-1810,item:016332,0.0,KG
50,M-1810,item:029313,0.0,KG
50,M-1810,item:039668,0.0,KG
50,M-1810,item:049371,0.0,KG
50,M-1810,item:055703,0.0,KG
50,M-1810,item:099439,0.0,KG
50,M-1810,item:338928,0.0,UN
50,M-1810,item:338929,0.0,UN
50,M-1810,item:426331,0.0,UN
50,M-1810,item:693055,0.0,G
50,SDC-1450,item:021081,0.0,KG
51,M-1430,item:038005,0.261,KG
51,M-1430,item:042342,0.0,UN
51,M-1430,item:333362,0.0,UN
51,M-1430,item:344135,0.0,UN
51,M-1430,item:708073,0.118276,KG
51,M-1430,item:730384,0.0,M
51,M-1430,item:734545,0.11932,UN
51,M-1430,item:773474,36.0,G
51,M-1810,item:001757,0.0,KG
51,M-1810,item:001848,0.0,KG
51,M-1810,item:001893,0.0,KG
51,M-1810,item:002612,0.0,KG
51,M-1810,item:007923,0.0,G
51,M-1810,item:016332,0.0,KG
51,M-1810,item:029313,0.0,KG
51,M-1810,item:039668,0.0,KG
51,M-1810,item:049371,0.0,KG
51,M-1810,item:055703,0.0,KG
51,M-1810,item:099439,0.0,KG
51,M-1810,item:338928,0.0,UN
51,M-1810,item:338929,0.0,UN
51,M-1810,item:426331,0.0,UN
51,M-1810,item:693055,0.0,G
51,SDC-1450,item:021081,0.0,KG
52,M-1430,item:038005,0.06525,KG
52,M-1430,item:042342,0.0,UN
52,M-1430,item:333362,0.0,UN
52,M-1430,item:344135,0.0,UN
52,M-1430,item:708073,0.029569,KG
52,M-1430,item:730384,0.0,M
52,M-1430,item:734545,0.02983,UN
52,M-1430,item:773474,36.0,G
52,M-1810,item:001757,0.0,KG
52,M-1810,item:001848,0.0,KG
52,M-1810,item:001893,0.0,KG
52,M-1810,item:002612,0.0,KG
52,M-1810,item:007923,0.0,G
52,M-1810,item:016332,0.0,KG
52,M-1810,item:029313,0.0,KG
52,M-1810,item:039668,0.0,KG
52,M-1810,item:049371,0.0,KG
52,M-1810,item:055703,0.0,KG
52,M-1810,item:099439,0.0,KG
52,M-1810,item:338928,0.0,UN
52,M-1810,item:338929,0.0,UN
52,M-1810,item:426331,0.0,UN
52,M-1810,item:693055,0.0,G
52,SDC-1450,item:021081,0.0,KG
53,M-1430,item:038005,0.0,KG
53,M-1430,item:042342,0.0,UN
53,M-1430,item:333362,0.0,UN
53,M-1430,item:344135,0.0,UN
53,M-1430,item:708073,0.0,KG
53,M-1430,item:730384,0.0,M
53,M-1430,item:734545,0.0,UN
53,M-1430,item:773474,36.0,G
53,M-1810,item:001757,0.0,KG
53,M-1810,item:001848,0.0,KG
53,M-1810,item:001893,0.0,KG
53,M-1810,item:002612,0.0,KG
53,M-1810,item:007923,0.0,G
53,M-1810,item:016332,0.0,KG
53,M-1810,item:029313,0.0,KG
53,M-1810,item:039668,0.0,KG
53,M-1810,item:049371,0.0,KG
53,M-1810,item:055703,0.0,KG
53,M-1810,item:099439,0.0,KG
53,M-1810,item:338928,0.0,UN
53,M-1810,item:338929,0.0,UN
53,M-1810,item:426331,0.0,UN
53,M-1810,item:693055,0.0,G
53,SDC-1450,item:021081,0.0,KG
54,M-1430,item:038005,0.0,KG
54,M-1430,item:042342,0.0,UN
54,M-1430,item:333362,0.0,UN
54,M-1430,item:344135,0.0,UN
54,M-1430,item:708073,0.0,KG
54,M-1430,item:730384,0.0,M
54,M-1430,item:734545,0.0,UN
54,M-1430,item:773474,36.0,G
54,M-1810,item:001757,0.0,KG
54,M-1810,item:001848,0.0,KG
54,M-1810,item:001893,0.0,KG
54,M-1810,item:002612,0.0,KG
54,M-1810,item:007923,0.0,G
54,M-1810,item:016332,0.0,KG
54,M-1810,item:029313,0.0,KG
54,M-1810,item:039668,0.0,KG
54,M-1810,item:049371,0.0,KG
54,M-1810,item:055703,0.0,KG
54,M-1810,item:099439,0.0,KG
54,M-1810,item:338928,0.0,UN
54,M-1810,item:338929,0.0,UN
54,M-1810,item:426331,0.0,UN
54,M-1810,item:693055,0.0,G
54,SDC-1450,item:021081,0.0,KG
55,M-1430,item:038005,0.06525,KG
55,M-1430,item:042342,0.0,UN
55,M-1430,item:333362,0.0,UN
55,M-1430,item:344135,0.0,UN
55,M-1430,item:708073,0.029569,KG
55,M-1430,item:730384,0.0,M
55,M-1430,item:734545,0.02983,UN
55,M-1430,item:773474,36.0,G
55,M-1810,item:001757,0.0,KG
55,M-1810,item:001848,0.0,KG
55,M-1810,item:001893,0.0,KG
55,M-1810,item:002612,0.0,KG
55,M-1810,item:007923,0.0,G
55,M-1810,item:016332,0.0,KG
55,M-1810,item:029313,0.0,KG
55,M-1810,item:039668,0.0,KG
55,M-1810,item:049371,0.0,KG
55,M-1810,item:055703,0.0,KG
55,M-1810,item:099439,0.0,KG
55,M-1810,item:338928,0.0,UN
55,M-1810,item:338929,0.0,UN
55,M-1810,item:426331,0.0,UN
55,M-1810,item:693055,0.0,G
55,SDC-1450,item:021081,0.0,KG
56,M-1430,item:038005,0.06525,KG
56,M-1430,item:042342,0.0,UN
56,M-1430,item:333362,0.0,UN
56,M-1430,item:344135,0.0,UN
56,M-1430,item:708073,0.029569,KG
56,M-1430,item:730384,0.0,M
56,M-1430,item:734545,0.02983,UN
56,M-1430,item:773474,36.0,G
56,M-1810,item:001757,0.0,KG
56,M-1810,item:001848,0.0,KG
56,M-1810,item:001893,0.0,KG
56,M-1810,item:002612,0.0,KG
56,M-1810,item:007923,0.0,G
56,M-1810,item:016332,0.0,KG
56,M-1810,item:029313,0.0,KG
56,M-1810,item:039668,0.0,KG
56,M-1810,item:049371,0.0,KG
56,M-1810,item:055703,0.0,KG
56,M-1810,item:099439,0.0,KG
56,M-1810,item:338928,0.0,UN
56,M-1810,item:338929,0.0,UN
56,M-1810,item:426331,0.0,UN
56,M-1810,item:693055,0.0,G
56,SDC-1450,item:021081,0.0,KG
57,M-1430,item:038005,0.06525,KG
57,M-1430,item:042342,0.0,UN
57,M-1430,item:333362,0.0,UN
57,M-1430,item:344135,0.0,UN
57,M-1430,item:708073,0.029569,KG
57,M-1430,item:730384,0.0,M
57,M-1430,item:734545,0.02983,UN
57,M-1430,item:773474,36.0,G
57,M-1810,item:001757,0.0,KG
57,M-1810,item:001848,0.0,KG
57,M-1810,item:001893,0.0,KG
57,M-1810,item:002612,0.0,KG
57,M-1810,item:007923,0.0,G
57,M-1810,item:016332,0.0,KG
57,M-1810,item:029313,0.0,KG
57,M-1810,item:039668,0.0,KG
57,M-1810,item:049371,0.0,KG
57,M-1810,item:055703,0.0,KG
57,M-1810,item:099439,0.0,KG
57,M-1810,item:338928,0.0,UN
57,M-1810,item:338929,0.0,UN
57,M-1810,item:426331,0.0,UN
57,M-1810,item:693055,0.0,G
57,SDC-1450,item:021081,0.0,KG
58,M-1430,item:038005,0.0,KG
58,M-1430,item:042342,0.0,UN
58,M-1430,item:333362,0.0,UN
58,M-1430,item:344135,0.0,UN
58,M-1430,item:708073,0.0,KG
58,M-1430,item:730384,0.0,M
58,M-1430,item:734545,0.0,UN
58,M-1430,item:773474,36.0,G
58,M-1810,item:001757,0.0,KG
58,M-1810,item:001848,0.0,KG
58,M-1810,item:001893,0.0,KG
58,M-1810,item:002612,0.0,KG
58,M-1810,item:007923,0.0,G
58,M-1810,item:016332,0.0,KG
58,M-1810,item:029313,0.0,KG
58,M-1810,item:039668,0.0,KG
58,M-1810,item:049371,0.0,KG
58,M-1810,item:055703,0.0,KG
58,M-1810,item:099439,0.0,KG
58,M-1810,item:338928,0.0,UN
58,M-1810,item:338929,0.0,UN
58,M-1810,item:426331,0.0,UN
58,M-1810,item:693055,0.0,G
58,SDC-1450,item:021081,0.0,KG
59,M-1430,item:038005,0.19575,KG
59,M-1430,item:042342,0.0,UN
59,M-1430,item:333362,0.0,UN
59,M-1430,item:344135,0.0,UN
59,M-1430,item:708073,0.088707,KG
59,M-1430,item:730384,0.0,M
59,M-1430,item:734545,0.08949,UN
59,M-1430,item:773474,36.0,G
59,M-1810,item:001757,0.0,KG
59,M-1810,item:001848,0.0,KG
59,M-1810,item:001893,0.0,KG
59,M-1810,item:002612,0.0,KG
59,M-1810,item:007923,0.0,G
59,M-1810,item:016332,0.0,KG
59,M-1810,item:029313,0.0,KG
59,M-1810,item:039668,0.0,KG
59,M-1810,item:049371,0.0,KG
59,M-1810,item:055703,0.0,KG
59,M-1810,item:099439,0.0,KG
59,M-1810,item:338928,0.0,UN
59,M-1810,item:338929,0.0,UN
59,M-1810,item:426331,0.0,UN
59,M-1810,item:693055,0.0,G
59,SDC-1450,item:021081,0.0,KG
