time,FINAL TIME,INITIAL TIME,SAVEPER,TIME STEP,Supply Rate,Production Rate,Adjusted Supply Rate,Recycled Materials,Buffer Size,Processing Time 1,Processing Time 2,Processing Time 3,Processing Time 4,Processing Time 5,Processing Time 6,Processing Time 7,Carbon Emissions Rate 1,Carbon Emissions Rate 2,Carbon Emissions Rate 3,Carbon Emissions Rate 4,Carbon Emissions Rate 5,Carbon Emissions Rate 6,Carbon Emissions Rate 7,Recycling Rate,Carbon Emissions Supply,Carbon Emissions Supply with Recycling,Carbon Emissions 1,Carbon Emissions 2,Carbon Emissions 3,Carbon Emissions 4,Carbon Emissions 5,Carbon Emissions 6,Carbon Emissions 7,Inventory 1,Inventory 2,Inventory 3,Inventory 4,Inventory 5,Inventory 6,Inventory 7
0.0,30,0,0.125,0.125,15,15,10,0.0,50,0.8005670754210529,1.1707767186076654,0.9783162455771583,1.1927022334297046,0.8689515034756158,1.0573770973195444,0.9004139273530142,0.5,0.6,0.7,0.8,0.9,1.0,1.1,0.2,0.0,0.0,0.0,0.0,0.0,0.0,0.0,0.0,0.0,0.0,0.0,0.0,0.0,0.0,0.0,0.0
0.125,30,0,0.125,0.125,15,15,10,0.35248965181617464,50,1.1992951522756807,0.9737655668304166,0.9831580739049545,1.0412333569321004,0.8994435362972215,1.069845081579517,1.015856594181018,0.5,0.6,0.7,0.8,0.9,1.0,1.1,0.2,3.75,3.0,0.46875,0.5625,0.65625,0.75,0.84375,0.9375,1.03125,1.7749291155723683,1.7286529101740418,1.7527104693028552,1.725912220821287,1.766381062065548,1.7428278628350569,1.7624482590808732
0.25,30,0,0.125,0.125,15,15,10,0.7020932369616493,50,0.9220633263996719,0.9562953628530668,0.9799719829245472,0.8311277819620302,0.8657532504952534,0.8860791711625716,0.9335840577794329,0.5,0.6,0.7,0.8,0.9,1.0,1.1,0.2,7.5,6.0,0.9375,1.125,1.3125,1.5,1.6875,1.875,2.0625,3.500017221537908,3.48193221432024,3.5048157100647357,3.4707580512047747,3.5289506200283953,3.4840972276376174,3.510466184808246
0.375,30,0,0.125,0.125,15,15,10,1.0537536355171635,50,1.1092512372313488,1.054873392700813,1.153982889335511,0.8527157352447595,1.1475330162937825,1.1192072114964584,0.8818475475282331,0.5,0.6,0.7,0.8,0.9,1.0,1.1,0.2,11.25,9.0,1.40625,1.6875,1.96875,2.25,2.53125,2.8125,3.09375,5.2597593057379495,5.237395293963607,5.257319212199167,5.241867078459521,5.295731463716489,5.248337331242296,5.268768177585817
0.5,30,0,0.125,0.125,15,15,10,1.4067074468289578,50,1.0531817104589525,1.1344041097691375,0.9776580822040968,1.1525445449461174,0.9486094473428692,1.0241131725541335,0.9735165120634443,0.5,0.6,0.7,0.8,0.9,1.0,1.1,0.2,15.0,12.0,1.875,2.25,2.625,3.0,3.375,3.75,4.125,6.996102901084031,6.980536119876005,6.988071351032229,7.010277611553926,7.027289836679767,6.983436429805239,7.033537234144788
0.625,30,0,0.125,0.125,15,15,10,1.7573695340273716,50,1.1680795936745565,1.0019929662403375,0.8069106883862158,0.8117305007374365,0.8827049998012794,0.9163767497692806,0.8156386508241058,0.5,0.6,0.7,0.8,0.9,1.0,1.1,0.2,18.75,15.0,2.34375,2.8125,3.28125,3.75,4.21875,4.6875,5.15625,8.739455187276661,8.713735606154863,8.740864090756716,8.741209543435662,8.783713655761908,8.730422283235972,8.786847670136858
0.75,30,0,0.125,0.125,15,15,10,2.1119785677567693,50,0.9250324101763618,1.111042687334273,1.1634101060200654,0.8942004011469361,0.9991755604980287,0.8054283910958113,0.9473118839440745,0.5,0.6,0.7,0.8,0.9,1.0,1.1,0.2,22.5,18.0,2.8125,3.375,3.9375,4.5,5.0625,5.625,6.1875,10.468445238067341,10.46348648537482,10.51500025470844,10.514743230843482,10.548375530786748,10.490875189514812,10.559892838783846
0.875,30,0,0.125,0.125,15,15,10,2.463295770658167,50,1.0507591648704449,1.1228011261731627,0.9537103368253033,1.0562535932365744,1.1595586489927874,1.1685818951336557,1.0370643428953774,0.5,0.6,0.7,0.8,0.9,1.0,1.1,0.2,26.25,21.0,3.28125,3.9375,4.59375,5.25,5.90625,6.5625,7.21875,12.227816186795296,12.199606149458036,12.244573991455932,12.277968180700116,12.298478585724494,12.265196640627835,12.316478853290835
1.0,30,0,0.125,0.125,15,15,10,2.812369162085783,50,1.1851561808471347,0.817777595007072,0.9290801048722388,0.970080412616046,0.8398687673195977,0.9938592138666626,0.8197970622348641,0.5,0.6,0.7,0.8,0.9,1.0,1.1,0.2,30.0,24.0,3.75,4.5,5.25,6.0,6.75,7.5,8.25,13.971471291186491,13.934256008686392,14.00036019935277,14.020936481545544,14.028533754600396,13.994123903736128,14.061845810428913
1.125,30,0,0.125,0.125,15,15,10,3.166874235529911,50,0.9406452360716541,0.9926766331930795,1.0141983246850808,0.8113686320694933,0.894853096743341,1.0902155495087564,0.943550229883217,0.5,0.6,0.7,0.8,0.9,1.0,1.1,0.2,33.75,27.0,4.21875,5.0625,5.90625,6.75,7.59375,8.4375,9.28125,15.6983267685806,15.707033809310508,15.75922518624374,15.774676429968538,15.798550158685446,15.744891502002794,15.834371177649555
1.25,30,0,0.125,0.125,15,15,10,3.518285479782831,50,0.8405788497854663,0.8414960275127632,0.9767922852023605,0.9737764294506521,1.0481615355059901,0.9796186358068594,0.9145800998061626,0.5,0.6,0.7,0.8,0.9,1.0,1.1,0.2,37.5,30.0,4.6875,5.625,6.5625,7.5,8.4375,9.375,10.3125,17.455746114071644,17.457949230161372,17.507450395658104,17.548255350959852,17.561693521592527,17.4836145583142,17.591427398914153
1.375,30,0,0.125,0.125,15,15,10,3.8704209772876768,50,1.1555200594038024,0.972323824572912,1.0508800229405182,0.9714150965739459,1.197552560324207,1.1296239342215917,0.8115714058588281,0.5,0.6,0.7,0.8,0.9,1.0,1.1,0.2,41.25,33.0,5.15625,6.1875,7.21875,8.25,9.28125,10.3125,11.34375,19.22567375784846,19.227762226722277,19.26035136000781,19.30153329727852,19.30567332965428,19.236162228838342,19.352104886438383
1.5,30,0,0.125,0.125,15,15,10,4.225131692141206,50,1.1601821694380077,1.0307498428535145,0.8836205437787417,0.9130070548209821,0.8126583212634009,0.9067513183337609,0.9462220297116087,0.5,0.6,0.7,0.8,0.9,1.0,1.1,0.2,45.0,36.0,5.625,6.75,7.875,9.0,10.125,11.25,12.375,20.956233750422985,20.98122174865066,21.003991357140244,21.05510641020678,21.030979259613755,20.969959237060642,21.125658460706028
1.625,30,0,0.125,0.125,15,15,10,4.576476141398415,50,1.1071165491456365,1.1698942479361296,1.1391790778453035,0.8519086706624556,1.0994240337262973,0.900338532521966,1.1389148644006912,0.5,0.6,0.7,0.8,0.9,1.0,1.1,0.2,48.75,39.0,6.09375,7.3125,8.53125,9.75,10.96875,12.1875,13.40625,22.686210979243235,22.727378018293972,22.768538789167902,22.815980528354157,22.80439696945583,22.731615322268922,22.882380706992077
1.75,30,0,0.125,0.125,15,15,10,4.923003269788398,50,0.9986288112483157,1.137277040760427,1.062601770317997,1.1606315566018646,1.1454382694558893,0.8221478326611719,1.127282149191664,0.5,0.6,0.7,0.8,0.9,1.0,1.1,0.2,52.5,42.0,6.5625,7.875,9.1875,10.5,11.8125,13.125,14.4375,24.42282141060003,24.456141237301956,24.501141404437238,24.58449194452135,24.54196896524004,24.494073005703676,24.61501634894199
1.875,30,0,0.125,0.125,15,15,10,5.269821216058606,50,0.8789179874861965,1.0358165977919367,0.8731269680615096,0.9740408850528578,1.024935223264449,1.1108188045109666,0.9544650965538436,0.5,0.6,0.7,0.8,0.9,1.0,1.1,0.2,56.25,45.0,7.03125,8.4375,9.84375,11.25,12.65625,14.0625,15.46875,26.17299280919399,26.1889816072069,26.24331618314749,26.314412999946118,26.273789181558055,26.26630452662103,26.34910608029303
2.0,30,0,0.125,0.125,15,15,10,5.6209595886447605,50,1.047118521963011,0.9960849297666954,0.8554271680890926,1.0240456960574806,1.089615739884838,0.8654169403895877,0.9630913086490999,0.5,0.6,0.7,0.8,0.9,1.0,1.1,0.2,60.0,48.0,7.5,9.0,10.5,12.0,13.5,15.0,16.5,27.938128060758213,27.934504532482908,28.0091753121398,28.06765788931451,28.020672278649997,28.00245217605716,28.1047979432238
2.125,30,0,0.125,0.125,15,15,10,5.971882305928533,50,0.9457325208716312,1.0905828246586031,1.1365782394542032,1.110089361123316,0.8652083787857996,1.104883031051243,1.1307867065281272,0.5,0.6,0.7,0.8,0.9,1.0,1.1,0.2,63.75,51.0,7.96875,9.5625,11.15625,12.75,14.34375,15.9375,17.53125,29.68223824551284,29.684993916262073,29.77724691612866,29.814652177307327,29.759470311164392,29.769275058508462,29.859411529642664
2.25,30,0,0.125,0.125,15,15,10,6.31861263826533,50,1.1270179044807396,0.9773828838649836,0.8669106004704108,0.8730522127367835,0.8957386095675522,0.8902160420392966,1.1196526956909105,0.5,0.6,0.7,0.8,0.9,1.0,1.1,0.2,67.5,54.0,8.4375,10.125,11.8125,13.5,15.1875,16.875,18.5625,31.439021680403883,31.423671063179746,31.510174636196886,31.55089100716691,31.526319263816166,31.50616467962706,31.59306319132665
2.375,30,0,0.125,0.125,15,15,10,6.665621320873058,50,0.8482906213327142,0.9708121856450772,1.0801954759549726,1.0521740196908158,1.171113734037476,0.897866119200412,1.0709216341966903,0.5,0.6,0.7,0.8,0.9,1.0,1.1,0.2,71.25,57.0,8.90625,10.6875,12.46875,14.25,16.03125,17.8125,19.59375,33.17314444234379,33.17649820269662,33.276810811138084,33.31675948057481,33.289351937620225,33.26988767437215,33.32810660436529
2.5,30,0,0.125,0.125,15,15,10,7.013848280018141,50,0.8978238157286514,1.1464809570228192,1.0538154480389854,0.9103760685042848,1.0207329292865581,1.114086972360718,0.8860558045124852,0.5,0.6,0.7,0.8,0.9,1.0,1.1,0.2,75.0,60.0,9.375,11.25,13.125,15.0,16.875,18.75,20.625,34.942108114677204,34.93014667949099,35.016786376643715,35.06023772811346,35.01796272086554,35.0326544094721,35.069241400090704
2.625,30,0,0.125,0.125,15,15,10,7.36669688490533,50,0.9623291446976734,0.8936519095653294,1.1582107927476988,0.9566143205454678,0.9638587030075112,0.803848952809783,1.1736798202641239,0.5,0.6,0.7,0.8,0.9,1.0,1.1,0.2,78.75,63.0,9.84375,11.8125,13.78125,15.75,17.71875,19.6875,21.65625,36.70488013771112,36.66183655986313,36.760059445638845,36.821440719550424,36.76537110470472,36.76839353792701,36.833484424526645
2.75,30,0,0.125,0.125,15,15,10,7.712354889398727,50,1.152500231913291,0.8742279155963907,0.9484371799494454,0.8948522830060212,0.9015747498452403,0.8337361190074841,1.0541806797383821,0.5,0.6,0.7,0.8,0.9,1.0,1.1,0.2,82.5,66.0,10.3125,12.375,14.4375,16.5,18.5625,20.625,22.6875,38.459588994623914,38.425130071167466,38.49028309654538,38.57686392948224,38.51988876682878,38.542912418825786,38.56177444699363
2.875,30,0,0.125,0.125,15,15,10,8.061000372405266,50,1.035206372612755,1.1234692332240046,1.082859075467082,0.8226320403779448,1.1801277489596282,1.1542057610424195,1.0560469174666385,0.5,0.6,0.7,0.8,0.9,1.0,1.1,0.2,86.25,69.0,10.78125,12.9375,15.09375,17.25,19.40625,21.5625,23.71875,40.190526465634754,40.190851581717915,40.2467284490517,40.34000739410649,40.282191923098125,40.31369540394985,40.30500186202633
3.0,30,0,0.125,0.125,15,15,10,8.4095991994686,50,0.8943056185517787,1.0323616369708881,0.9724971987302191,1.1315782740974685,0.910890265822726,0.9145144369496456,1.1699515563507863,0.5,0.6,0.7,0.8,0.9,1.0,1.1,0.2,90.0,72.0,11.25,13.5,15.75,18.0,20.25,22.5,24.75,41.93612566905816,41.925417927564915,41.98637106461832,42.11217838905925,42.00967595447817,42.04441968381955,42.047995997343
3.125,30,0,0.125,0.125,15,15,10,8.755350410559831,50,0.9927735654854907,0.9017606077999057,0.9419166819948039,0.8659306615394493,0.8019411730033823,1.1088229726919847,0.9768968785389106,0.5,0.6,0.7,0.8,0.9,1.0,1.1,0.2,93.75,75.0,11.71875,14.0625,16.40625,18.75,21.09375,23.4375,25.78125,43.69933746673919,43.67137272294355,43.73980891477704,43.84573110479707,43.77081467125033,43.80510537920084,43.776752052799154
3.25,30,0,0.125,0.125,15,15,10,9.105927988596358,50,1.0299062245238577,0.9510677193191852,1.0911076873558017,1.106200141621582,0.9994660323188009,0.9008532779294076,1.0034427921391096,0.5,0.6,0.7,0.8,0.9,1.0,1.1,0.2,97.5,78.0,12.1875,14.625,17.0625,19.5,21.9375,24.375,26.8125,45.4502407710535,45.43365264696856,45.49706932952769,45.61248977210464,45.5455720246249,45.54150250761434,45.52963994298179
3.375,30,0,0.125,0.125,15,15,10,9.455841918792881,50,1.1672391592713103,1.1106035999510304,1.1951362633022506,1.0801935182058582,1.042966492812547,1.1787029371055275,0.8748529990163949,0.5,0.6,0.7,0.8,0.9,1.0,1.1,0.2,101.25,81.0,12.65625,15.1875,17.71875,20.25,22.78125,25.3125,27.84375,47.19650249298802,47.18976918205366,47.23568086860821,47.34921475440194,47.29563877058505,47.303895847873164,47.2792095939644
3.5,30,0,0.125,0.125,15,15,10,9.80897059381747,50,0.9820030090512206,1.12853341479203,0.8681464772640184,0.9984495844419236,1.0557911891448066,0.835203136046671,1.0619342473815467,0.5,0.6,0.7,0.8,0.9,1.0,1.1,0.2,105.0,84.0,13.125,15.75,18.375,21.0,23.625,26.25,28.875,48.9255975980791,48.92594373205978,48.961288835695434,49.08919056462621,49.040267958983485,49.03155798073497,49.04485296908735
3.625,30,0,0.125,0.125,15,15,10,10.157422237632932,50,0.8096639694900196,0.8607501423470599,1.1979755821557014,1.1068842892891366,0.962820319163324,0.874907832825,0.983689121947405,0.5,0.6,0.7,0.8,0.9,1.0,1.1,0.2,108.75,87.0,13.59375,16.3125,19.03125,21.75,24.46875,27.1875,29.90625,50.6778472219477,50.65987705521077,50.72777052603743,50.83938436657097,50.78329406034038,50.80215758872914,50.78711118816466
3.75,30,0,0.125,0.125,15,15,10,10.507830009584247,50,1.038934645943951,0.9263850604822811,1.1070817748041861,0.8071606658485354,0.8413266405614938,0.8693564679772967,1.1093242228655669,0.5,0.6,0.7,0.8,0.9,1.0,1.1,0.2,112.5,90.0,14.0625,16.875,19.6875,22.5,25.3125,28.125,30.9375,52.45163922576145,52.42728328741739,52.45302357826797,52.576023830409824,52.53794152044497,52.567794109626014,52.53915004792123
3.875,30,0,0.125,0.125,15,15,10,10.855096904012608,50,0.8307682906282056,1.0028277128396454,1.0483384639696083,1.0618129216973207,1.0646132326500102,1.0266687672844574,0.8710882113349522,0.5,0.6,0.7,0.8,0.9,1.0,1.1,0.2,116.25,93.0,14.53125,17.4375,20.34375,23.25,26.15625,29.0625,31.96875,54.196772395018456,54.1864851548571,54.18963835641745,54.35012874717876,54.30777569037478,54.33412455112885,54.27548452006304
4.0,30,0,0.125,0.125,15,15,10,11.208319698729234,50,1.0327417086949326,1.094358371680573,1.0300165199668103,1.099069391572303,0.8225603485791547,0.8981626581570841,1.041532894508377,0.5,0.6,0.7,0.8,0.9,1.0,1.1,0.2,120.0,96.0,15.0,18.0,21.0,24.0,27.0,30.0,33.0,55.96792635868993,55.93613169075215,55.93359604842124,56.092402131966594,56.04969903629353,56.0807909552183,56.04159849364617
4.125,30,0,0.125,0.125,15,15,10,11.557281376366525,50,1.1135650096853422,0.9651966069022903,0.8720595523241272,0.8984441575068441,1.188781163950729,0.860744545861091,0.9651842368849255,0.5,0.6,0.7,0.8,0.9,1.0,1.1,0.2,123.75,99.0,15.46875,18.5625,21.65625,24.75,27.84375,30.9375,34.03125,57.713833645103065,57.674336894292075,57.67984398342539,57.83001845802006,57.82187899272114,57.84352062294866,57.786406881832626
4.25,30,0,0.125,0.125,15,15,10,11.908151770444404,50,0.9544386667245013,0.8819864400157225,1.1082906688574308,0.9192153392765758,0.9205118148847102,0.8907087247203362,1.1528660903428307,0.5,0.6,0.7,0.8,0.9,1.0,1.1,0.2,127.5,102.0,15.9375,19.125,22.3125,25.5,28.6875,31.875,35.0625,59.4496380188924,59.42868731842929,59.44583653938488,59.5927129383317,59.548281347227295,59.61092755471602,59.54075885222201
4.375,30,0,0.125,0.125,15,15,10,12.254330118185832,50,0.8372859015890297,1.185592206616411,1.0357994529670074,0.8513524254104275,0.8316893376881894,1.0604715896005894,0.9881960947434233,0.5,0.6,0.7,0.8,0.9,1.0,1.1,0.2,131.25,105.0,16.40625,19.6875,22.96875,26.25,29.53125,32.8125,36.09375,61.20533318555184,61.19343901342732,61.1823002057777,61.35281102092213,61.308217370366705,61.37458896412598,61.271650590929156
4.5,30,0,0.125,0.125,15,15,10,12.604625215817245,50,1.1806675426064512,1.0226298883691078,1.0184256900808288,1.1855723234289384,0.9474684310118701,0.9898065543249521,1.121110616543432,0.5,0.6,0.7,0.8,0.9,1.0,1.1,0.2,135.0,108.0,16.875,20.25,23.625,27.0,30.375,33.75,37.125,62.975672447853206,62.92023998760027,62.927825274156824,63.12139196774583,63.07925620315568,63.117030015425904,63.023126079086225
4.625,30,0,0.125,0.125,15,15,10,12.95159745040366,50,1.045349504824546,1.0065562199176474,0.9788511070470889,1.0780954114697539,1.1266294826598044,1.167452094232312,1.1444104606647758,0.5,0.6,0.7,0.8,0.9,1.0,1.1,0.2,138.75,111.0,17.34375,20.8125,24.28125,27.75,31.21875,34.6875,38.15625,64.7030890050274,64.66741125155413,64.67552206289672,64.84819542731721,64.8358226492792,64.86830419613528,64.7579872520183
4.75,30,0,0.125,0.125,15,15,10,13.297987188887042,50,1.104806687858248,1.016150417417967,1.0878068371605667,1.1260361018523042,0.8414368179441383,1.0530270904659245,1.0366412300232108,0.5,0.6,0.7,0.8,0.9,1.0,1.1,0.2,142.5,114.0,17.8125,21.375,24.9375,28.5,32.0625,35.625,39.1875,66.44742031692432,66.41659172406442,66.42816567451584,66.58843350088348,66.56999396394671,66.59737268435624,66.4899359444352
4.875,30,0,0.125,0.125,15,15,10,13.647071158136463,50,0.8174998432335383,1.0062267573174022,1.032248537952051,1.0711958803951571,0.8057639150165914,1.1497030859928956,0.8538431584074695,0.5,0.6,0.7,0.8,0.9,1.0,1.1,0.2,146.25,117.0,18.28125,21.9375,25.59375,29.25,32.90625,36.5625,40.21875,68.18431948094204,68.16457292188717,68.16718981987077,68.32267898815195,68.3398143617037,68.34074429804801,68.2353557906823
5.0,30,0,0.125,0.125,15,15,10,14.000725079176275,50,1.0252007449784075,0.8941098626884835,1.0192740351449416,1.1209698730832605,0.8687482137012823,1.0552973743534473,1.0378352054722395,0.5,0.6,0.7,0.8,0.9,1.0,1.1,0.2,150.0,120.0,18.75,22.5,26.25,30.0,33.75,37.5,41.25,69.95713200053784,69.91379457722249,69.91315875262677,70.06377950310255,70.11409387232663,70.0720314122989,70.00362539588137
5.125,30,0,0.125,0.125,15,15,10,14.34977919903947,50,1.0396906508490655,1.0524647243745089,0.8341745781351962,1.0005927209693455,1.1873288595470672,1.1212752597187243,1.1470047067550984,0.5,0.6,0.7,0.8,0.9,1.0,1.1,0.2,153.75,123.0,19.21875,23.0625,26.90625,30.75,34.59375,38.4375,42.28125,71.70398190741554,71.67703084438642,71.66074949823366,71.79865826896715,71.88050034561397,71.81511924050471,71.74889599519734
5.25,30,0,0.125,0.125,15,15,10,14.696104081370592,50,1.0584205881789055,0.9857044888648817,0.9964726023713255,0.9579402259820763,1.1697928316438433,1.1162330795861488,1.1153281880631598,0.5,0.6,0.7,0.8,0.9,1.0,1.1,0.2,157.5,126.0,19.6875,23.625,27.5625,31.5,35.4375,39.375,43.3125,73.44902057605941,73.4204727538396,73.43147767596676,73.54858417884597,73.60708423817059,73.54995983303988,73.48052040685296
5.375,30,0,0.125,0.125,15,15,10,15.043220876669015,50,1.0384258964403155,0.9570870631934122,1.015245651927519,0.9832682879708157,1.011407895188213,0.8805762788315779,0.9229312453532547,0.5,0.6,0.7,0.8,0.9,1.0,1.1,0.2,161.25,129.0,20.15625,24.1875,28.21875,32.25,36.28125,40.3125,44.34375,75.19171800253704,75.1722596927315,75.18191860067034,75.30384165059822,75.33586013421511,75.28543069809162,75.21610438334507
5.5,30,0,0.125,0.125,15,15,10,15.395147595535185,50,0.98026614869835,1.1089242285096148,0.8075648208316815,0.9338750913581597,1.0220445009075985,1.1308556707093351,1.1399276962486073,0.5,0.6,0.7,0.8,0.9,1.0,1.1,0.2,165.0,132.0,20.625,24.75,28.875,33.0,37.125,41.25,45.375,76.936914765482,76.92762380983233,76.9300128941794,77.05593311460186,77.08443414731659,77.05035866323767,76.97573797767592
5.625,30,0,0.125,0.125,15,15,10,15.741649403128969,50,1.0361512732663334,0.9184998518553557,0.9002775003251818,1.1679287980837514,0.8287986804438604,1.0880798981677684,0.8831471343643938,0.5,0.6,0.7,0.8,0.9,1.0,1.1,0.2,168.75,135.0,21.09375,25.3125,29.53125,33.75,37.96875,42.1875,46.40625,78.68938149689471,78.66400828126862,78.70406729157544,78.81419872818209,78.83167858470314,78.784001704399,78.70824701564484
5.75,30,0,0.125,0.125,15,15,10,16.09457072476986,50,1.1528225890805277,0.9318528253490345,1.1416896926856936,1.039694308931014,1.04183386076924,0.8585138313374288,1.121354972723968,0.5,0.6,0.7,0.8,0.9,1.0,1.1,0.2,172.5,138.0,21.5625,25.875,30.1875,34.5,38.8125,43.125,47.4375,80.43486258773642,80.4241957997867,80.4665326040348,80.54320762842163,80.60307874964766,80.52299171712804,80.47285362384929
5.875,30,0,0.125,0.125,15,15,10,16.441536850451758,50,1.1415024119433212,1.1149485722769523,0.9649350364539007,1.1286454555544425,0.9144605111741098,1.174974618972214,0.9707216216063412,0.5,0.6,0.7,0.8,0.9,1.0,1.1,0.2,176.25,141.0,22.03125,26.4375,30.84375,35.25,39.65625,44.0625,48.46875,82.16575976410135,82.18271419661808,82.19882139244909,82.28824583980526,82.34784951705151,82.29067748821086,82.20768425225879
6.0,30,0,0.125,0.125,15,15,10,16.7922688099116,50,1.0176005627589744,1.1843081229867622,0.9712189318732348,1.1311758201147957,1.0455300654382111,0.8271319463770687,1.0118228775915616,0.5,0.6,0.7,0.8,0.9,1.0,1.1,0.2,180.0,144.0,22.5,27.0,31.5,36.0,40.5,45.0,49.5,83.89807196260844,83.91834562508346,83.95320451289236,84.02216515786095,84.10854195315476,84.01880566083933,83.961344049558
6.125,30,0,0.125,0.125,15,15,10,17.141973237971808,50,0.9875789492740554,0.8954006772740652,0.8533260309106063,1.0852189067017015,1.1385422261210907,0.9881136069119391,1.0186989289422899,0.5,0.6,0.7,0.8,0.9,1.0,1.1,0.2,183.75,147.0,22.96875,27.5625,32.15625,36.75,41.34375,45.9375,50.53125,85.64587189226357,85.64530710971012,85.70680214640821,85.7557681803466,85.85285069497498,85.7904141675422,85.70986618985904
6.25,30,0,0.125,0.125,15,15,10,17.49150576474825,50,1.0762240879017444,1.0056064408059975,0.8012788728738676,1.0667401554561236,0.946394114683365,0.8827326898231674,0.9978441263754443,0.5,0.6,0.7,0.8,0.9,1.0,1.1,0.2,187.5,150.0,23.4375,28.125,32.8125,37.5,42.1875,46.875,51.5625,87.39742452360431,87.40838202505086,87.47513639254439,87.4951158170089,87.58553291670984,87.5418999666782,87.45752882374126
6.375,30,0,0.125,0.125,15,15,10,17.841559661588867,50,0.9021777733842893,1.1025860410449797,1.0673950270485044,0.9678073056992984,1.1500301550251528,0.8613912957728089,1.1406285376716232,0.5,0.6,0.7,0.8,0.9,1.0,1.1,0.2,191.25,153.0,23.90625,28.6875,33.46875,38.25,43.03125,47.8125,52.59375,89.13789651261659,89.1576812199501,89.24997653343515,89.23677329757687,89.34223365237442,89.30655838045031,89.20779830794433
6.5,30,0,0.125,0.125,15,15,10,18.188043948147076,50,0.840602892840093,0.9037342205195159,0.8359506455885897,1.055777653629774,0.8248492904210099,1.047370695398783,0.8613378065179861,0.5,0.6,0.7,0.8,0.9,1.0,1.1,0.2,195.0,156.0,24.375,29.25,34.125,39.0,43.875,48.75,53.625,90.90012429094355,90.89485796481948,90.99155215505408,90.99079738436446,91.07347988299627,91.07388446847871,90.94021974073537
6.625,30,0,0.125,0.125,15,15,10,18.541510502984124,50,1.0848335627478547,0.9686910361170582,1.031686277637375,0.8718437827558162,0.9455918982926775,0.9860366139991606,1.1413289556886088,0.5,0.6,0.7,0.8,0.9,1.0,1.1,0.2,198.75,159.0,24.84375,29.8125,34.78125,39.75,44.71875,49.6875,54.65625,92.67004892933853,92.65689118725454,92.76205832435551,92.73382517766073,92.84537372169365,92.81796313155387,92.70755251492062
6.75,30,0,0.125,0.125,15,15,10,18.88797727909191,50,1.071669393624396,0.859799913904646,1.1129230673553054,0.8880452311891742,0.8304580292232824,0.830885861459472,1.010903156924577,0.5,0.6,0.7,0.8,0.9,1.0,1.1,0.2,202.5,162.0,25.3125,30.375,35.4375,40.5,45.5625,50.625,55.6875,94.40944473399506,94.41080480773991,94.50809753965083,94.49984470481625,94.60217473440706,94.56970855480397,94.43988639545954
6.875,30,0,0.125,0.125,15,15,10,19.237704700168795,50,1.0813062049886883,0.8769297251293284,1.1586094547272288,0.9955536762351322,1.0560177344,1.0847803817665587,0.845793159304671,0.5,0.6,0.7,0.8,0.9,1.0,1.1,0.2,206.25,165.0,25.78125,30.9375,36.09375,41.25,46.40625,51.5625,56.71875,96.15048605979202,96.17832981850182,96.24398215623143,96.26383905091761,96.37336748075414,96.34084782212153,96.18852350084397
7.0,30,0,0.125,0.125,15,15,10,19.591559871186178,50,0.829076633390169,0.8744569351972001,0.8715895957949706,0.8512272397487377,0.8840321788637572,1.1352608299971811,1.1275002248302464,0.5,0.6,0.7,0.8,0.9,1.0,1.1,0.2,210.0,168.0,26.25,31.5,36.75,42.0,47.25,52.5,57.75,97.89032278416843,97.94371360286065,97.97415597439053,98.01439484138822,98.11636526395414,98.08025027440071,97.95779935593089
7.125,30,0,0.125,0.125,15,15,10,19.938372365565424,50,0.9871814237448254,0.8094530444967535,1.165320446619805,0.9808034742027385,1.143703668927054,1.1477512868510455,0.9082199590017097,0.5,0.6,0.7,0.8,0.9,1.0,1.1,0.2,213.75,171.0,26.71875,32.0625,37.40625,42.75,48.09375,53.4375,58.78125,99.66168820499466,99.70940648596101,99.74020727491616,99.78299143641964,99.88086124159616,99.81334267065107,99.69186182782711
7.25,30,0,0.125,0.125,15,15,10,20.29066686659038,50,0.816954997855228,0.8855286248160884,0.8905574236351411,0.9516286233471916,0.9990714750839851,0.820221553232126,0.9513553381191131,0.5,0.6,0.7,0.8,0.9,1.0,1.1,0.2,217.5,174.0,27.1875,32.625,38.0625,43.5,48.9375,54.375,59.8125,101.41329052702656,101.48322485539892,101.46954221908868,101.5353910021443,101.61289828298028,101.54487375979468,101.4533343329519
7.375,30,0,0.125,0.125,15,15,10,20.641882983137403,50,0.8701320808348956,1.1450158430615935,0.9687265141813552,1.0404534754502885,1.1330638133737911,0.9092763763368756,0.9748795882193902,0.5,0.6,0.7,0.8,0.9,1.0,1.1,0.2,221.25,177.0,27.65625,33.1875,38.71875,44.25,49.78125,55.3125,60.84375,103.18617115229466,103.24753377729691,103.23322254113428,103.29143742422589,103.36301434859479,103.31734606564066,103.209414915687
7.5,30,0,0.125,0.125,15,15,10,20.992510993431917,50,0.8489626658844109,0.8872699102916778,1.112055074425123,1.0403406920794736,1.0735995876361393,0.8236571412969178,0.8647722414167892,0.5,0.6,0.7,0.8,0.9,1.0,1.1,0.2,225.0,180.0,28.125,33.75,39.375,45.0,50.625,56.25,61.875,104.9524046421903,104.9794067969142,104.9871317268616,105.03638073979461,105.09638137192306,105.07868651859856,104.96255496715958
7.625,30,0,0.125,0.125,15,15,10,21.3458916873965,50,1.06526520121422,0.9281868870040617,0.8097422670056931,0.8353955876315242,1.150093110683326,1.143854069216713,1.0586474708282712,0.5,0.6,0.7,0.8,0.9,1.0,1.1,0.2,228.75,183.0,28.59375,34.3125,40.03125,45.75,51.46875,57.1875,62.90625,106.72128430895475,106.74349805812774,106.72312484255846,106.78133815328468,106.83718142346854,106.85072937593644,106.72945843698248
7.75,30,0,0.125,0.125,15,15,10,21.69442550062579,50,1.1243673374483734,1.1010544544453365,0.943052397429842,1.0916192718743942,1.0184769588577633,0.8668961688556107,0.8035276003529506,0.5,0.6,0.7,0.8,0.9,1.0,1.1,0.2,232.5,186.0,29.0625,34.875,40.6875,46.5,52.3125,58.125,63.9375,108.46312615880298,108.50247469725224,108.49690705918275,108.55191370483074,108.56841978463312,108.58274761728435,108.47212750312895
7.875,30,0,0.125,0.125,15,15,10,22.049337310616966,50,0.9258842849604476,0.94256054993762,0.8309548494202695,1.1446938106781959,0.8143429182361689,0.9124514501727136,1.094055384463541,0.5,0.6,0.7,0.8,0.9,1.0,1.1,0.2,236.25,189.0,29.53125,35.4375,41.34375,47.25,53.15625,59.0625,64.96875,110.19758024162194,110.23984289044657,110.25402550950402,110.29046129584644,110.3161101647759,110.3493855961774,110.24668655308483
8.0,30,0,0.125,0.125,15,15,10,22.396985926005378,50,0.9544488924063904,1.1337506091171623,0.8943782161281774,1.0524890396452646,0.9338510794137593,1.113565703998545,1.0432576664580084,0.5,0.6,0.7,0.8,0.9,1.0,1.1,0.2,240.0,192.0,30.0,36.0,42.0,48.0,54.0,60.0,66.0,111.95684470600187,111.99702282170436,112.02515615332648,112.02237456951167,112.08931729999638,112.1103291649058,111.98492963002688
8.125,30,0,0.125,0.125,15,15,10,22.745904484343928,50,0.9151494497854399,1.1248798260874056,0.8800602294001815,1.0303289339132227,0.8845351629842186,0.8138173028767259,1.0132165708624963,0.5,0.6,0.7,0.8,0.9,1.0,1.1,0.2,243.75,195.0,30.46875,36.5625,42.65625,48.75,54.84375,60.9375,67.03125,113.71253859445108,113.73030399556471,113.78835887631045,113.76581343955601,113.84758591506966,113.84613345190598,113.72952242171964
8.25,30,0,0.125,0.125,15,15,10,23.095574070072367,50,1.1178732259103523,1.1990760582478364,1.1870096475490142,0.8495019267130927,0.9508700451427967,1.1660806190441388,0.99759069857257,0.5,0.6,0.7,0.8,0.9,1.0,1.1,0.2,247.5,198.0,30.9375,37.125,43.3125,49.5,55.6875,61.875,68.0625,115.4731449132279,115.46469401730378,115.55335134763543,115.51202232281686,115.61201901969663,115.6194062890464,115.47787035036183
8.375,30,0,0.125,0.125,15,15,10,23.445634302608052,50,0.9500667857496087,0.920710343439508,0.9892433847382527,1.1466496381967104,0.8708910552278846,0.8622291687249701,1.0344433409481095,0.5,0.6,0.7,0.8,0.9,1.0,1.1,0.2,251.25,201.0,31.40625,37.6875,43.96875,50.25,56.53125,62.8125,69.09375,117.2084107599891,117.18980951002281,117.2799751416918,117.28083458197773,117.36816026405378,117.34864621166588,117.22817151304025
8.5,30,0,0.125,0.125,15,15,10,23.794773219084348,50,1.064540631257165,0.8314746818693916,0.948949992352185,0.9618572837178301,1.1428384807441772,1.0864825006186867,0.91346834322947,0.5,0.6,0.7,0.8,0.9,1.0,1.1,0.2,255.0,204.0,31.875,38.25,44.625,51.0,57.375,63.75,70.125,118.9646524117704,118.94972071709287,119.03131971859952,119.01250337720315,119.1342988821503,119.11586756557526,118.97386609542174
8.625,30,0,0.125,0.125,15,15,10,24.14693651050361,50,1.1083922823448065,0.9377224825237814,1.1177097449671995,1.0952311671117028,0.9566285148725149,0.8806129750254823,0.8425712726860731,0.5,0.6,0.7,0.8,0.9,1.0,1.1,0.2,258.75,207.0,32.34375,38.8125,45.28125,51.75,58.21875,64.6875,71.15625,120.70658483286326,120.7207863818592,120.7877009695555,120.76727121673842,120.86644407205728,120.85505725299792,120.73468255251805
8.75,30,0,0.125,0.125,15,15,10,24.50087222868646,50,1.0274260736169096,0.8244542505125103,0.9550021250558134,0.8908126928021011,1.0744349925978578,0.8026902055104055,0.9579419150465844,0.5,0.6,0.7,0.8,0.9,1.0,1.1,0.2,262.5,210.0,32.8125,39.375,45.9375,52.5,59.0625,65.625,72.1875,122.44303579757016,122.47857107154373,122.5229872514346,122.50536732084946,122.62186550769822,122.61998063111974,122.50436114343229
8.875,30,0,0.125,0.125,15,15,10,24.851923680810295,50,0.8956816084345096,0.9970455821419977,1.042920452508381,1.1691235566164562,0.9859823338305422,0.8438703234298764,0.9150040714401091,0.5,0.6,0.7,0.8,0.9,1.0,1.1,0.2,266.25,213.0,33.28125,39.9375,46.59375,53.25,59.90625,66.5625,73.21875,124.18960753836805,124.25051429022966,124.27861198580263,124.2690157342492,124.36256113362349,124.39464435543094,124.25961840405147
9.0,30,0,0.125,0.125,15,15,10,25.204048579024292,50,1.1086990802480317,1.048257956955846,0.9269318252234076,1.1408847878851582,1.0380637552179128,0.8523394545793274,0.9008052060399081,0.5,0.6,0.7,0.8,0.9,1.0,1.1,0.2,270.0,216.0,33.75,40.5,47.25,54.0,60.75,67.5,74.25,125.95264733731373,126.0008835924619,126.02324692923908,125.99787528967214,126.11431334189467,126.1641605650022,126.02024289512146
9.125,30,0,0.125,0.125,15,15,10,25.556528448873294,50,0.8974692620601112,0.981268574095908,1.1597960736085904,1.1460837035522313,1.1043275271286916,1.13273855661539,1.1472672450591825,0.5,0.6,0.7,0.8,0.9,1.0,1.1,0.2,273.75,219.0,34.21875,41.0625,47.90625,54.75,61.59375,68.4375,75.28125,127.68905995228273,127.74485134784243,127.78238045108615,127.73026469118649,127.85955537249244,127.93261813317979,127.78264224436647
9.25,30,0,0.125,0.125,15,15,10,25.902846767746816,50,0.8506801849992526,0.9989958939516761,1.1541717385846222,0.9414507777231006,0.8690776346825162,1.1453728005693786,0.834602612565152,0.5,0.6,0.7,0.8,0.9,1.0,1.1,0.2,277.5,222.0,34.6875,41.625,48.5625,55.5,62.4375,69.375,76.3125,129.45187629452522,129.49719277608042,129.51240594188508,129.46200422824245,129.59651443160135,129.66602581360286,129.51423383873407
9.375,30,0,0.125,0.125,15,15,10,26.25698170243269,50,0.8889526689601815,1.1521313980671104,1.1464060193517607,1.1416796603487884,1.000130631867582,1.1857100832665473,0.8938908345091291,0.5,0.6,0.7,0.8,0.9,1.0,1.1,0.2,281.25,225.0,35.15625,42.1875,49.21875,56.25,63.28125,70.3125,77.34375,131.22054127140032,131.24731828933648,131.243134474562,131.21932288102707,131.36287972726603,131.39785421353167,131.28490851216344
9.5,30,0,0.125,0.125,15,15,10,26.60963443156996,50,0.8636454833825532,1.0665921362387571,1.0910528828569555,1.114494723234862,1.0307876479979736,1.0863417771738706,0.9463085715290103,0.5,0.6,0.7,0.8,0.9,1.0,1.1,0.2,285.0,228.0,35.625,42.75,49.875,57.0,64.125,71.25,78.375,132.9844221877803,132.9783018645781,132.97483372214302,132.95161292348348,133.1128633982826,133.12464045312336,133.0481721578498
9.625,30,0,0.125,0.125,15,15,10,26.960976717281735,50,0.8838652844059033,1.068628452769599,1.0068326810368435,1.1447852149902387,0.9728657059769676,0.9729222375294302,0.9878492635606291,0.5,0.6,0.7,0.8,0.9,1.0,1.1,0.2,288.75,231.0,36.09375,43.3125,50.53125,57.75,64.96875,72.1875,79.40625,134.7514665023575,134.71997784754825,134.7134521117859,134.68730108307912,134.85901494228284,134.86384773097663,134.80488358640866
9.75,30,0,0.125,0.125,15,15,10,27.31128048569272,50,1.0285854558748608,1.1510376147343389,0.8662817663281082,1.1171231501542656,0.8349756916989072,0.930245120975935,0.8140337035709508,0.5,0.6,0.7,0.8,0.9,1.0,1.1,0.2,292.5,234.0,36.5625,43.875,51.1875,58.5,65.8125,73.125,80.4375,136.51598334180676,136.46139929095204,136.46259802665628,136.41920293120535,136.6124067290357,136.61723245128545,136.5564024284636
9.875,30,0,0.125,0.125,15,15,10,27.66592964310345,50,1.127995129611441,0.9570778932327142,0.9986315717057516,0.9167573797482585,0.868105486103693,0.881388101145667,1.0865189511080153,0.5,0.6,0.7,0.8,0.9,1.0,1.1,0.2,296.25,237.0,37.03125,44.4375,51.84375,59.25,66.65625,74.0625,81.46875,138.2624101598224,138.19251958911025,138.22931280586528,138.15456253743608,138.38303476757335,138.37595181116345,138.32964821551724
10.0,30,0,0.125,0.125,15,15,10,28.013766669325747,50,0.8989286317598633,1.1420147583854625,0.9261062072236842,1.1530218680479263,0.9527126626126716,1.113884728213869,0.8562704562555455,0.5,0.6,0.7,0.8,0.9,1.0,1.1,0.2,300.0,240.0,37.5,45.0,52.5,60.0,67.5,75.0,82.5,139.99641076862096,139.94788485245616,139.97948385940205,139.91496786496754,140.14952158181038,140.14077829852025,140.06883334662874
10.125,30,0,0.125,0.125,15,15,10,28.36735990791936,50,1.1271512257830905,0.9542754134497695,0.9079506895224846,0.9222022171737714,1.0820958675413759,0.9474957211841265,1.1377788176648465,0.5,0.6,0.7,0.8,0.9,1.0,1.1,0.2,303.75,243.0,37.96875,45.5625,53.15625,60.75,68.34375,75.9375,83.53125,141.75904468965098,141.680133007658,141.7387205834991,141.64584013146154,141.9054324989838,141.8765427074935,141.8367995395968
10.25,30,0,0.125,0.125,15,15,10,28.713915437477738,50,1.039355038628517,0.9387323810945634,0.9953029545858744,0.9565492953916812,1.061213816403325,0.9872337440434813,0.9703886607651315,0.5,0.6,0.7,0.8,0.9,1.0,1.1,0.2,307.5,246.0,38.4375,46.125,53.8125,61.5,69.1875,76.875,84.5625,143.4931507864281,143.43584858097677,143.50022674730877,143.40556485431483,143.64517051554114,143.6331057423455,143.5695771873887
10.375,30,0,0.125,0.125,15,15,10,29.064655720958612,50,0.938974555271443,1.171593395853748,0.8917974401023933,0.8309032865200605,1.0988770993062502,1.0203145771936764,0.9662738842665893,0.5,0.6,0.7,0.8,0.9,1.0,1.1,0.2,311.25,249.0,38.90625,46.6875,54.46875,62.25,70.03125,77.8125,85.59375,145.2382314065995,145.19350703333996,145.25081387798554,145.16099619239088,145.38751878849072,145.38470152434004,145.32327860479305
10.5,30,0,0.125,0.125,15,15,10,29.415498873851945,50,0.872697697926066,1.0623140316510924,0.8874167152552023,0.9585807606037088,1.1663814963162644,0.8613453790702938,1.118845507779914,0.5,0.6,0.7,0.8,0.9,1.0,1.1,0.2,315.0,252.0,39.375,47.25,55.125,63.0,70.875,78.75,86.625,146.99585958719058,146.92205785885824,147.01433919797273,146.9321332815759,147.12515915107744,147.13216220219084,147.0774943692597
10.625,30,0,0.125,0.125,15,15,10,29.762527736157445,50,0.8250662192110293,1.1035940394912167,1.1929531490541847,1.1869001966315063,0.8956114017182021,1.0084848416910754,1.0910635850947579,0.5,0.6,0.7,0.8,0.9,1.0,1.1,0.2,318.75,255.0,39.84375,47.8125,55.78125,63.75,71.71875,79.6875,87.65625,148.76177237494983,148.66426860490185,148.77841210856582,148.6873106865004,148.8543614640379,148.89949402980704,148.81263868078722
10.75,30,0,0.125,0.125,15,15,10,30.110251146530075,50,0.8970223706852762,1.0003182134644044,0.8355597205002836,1.096830977236157,1.1057280203097148,0.9082685402906518,0.8057108943037601,0.5,0.6,0.7,0.8,0.9,1.0,1.1,0.2,322.5,258.0,40.3125,48.375,56.4375,64.5,72.5625,80.625,88.6875,150.53363909754844,150.40131934996543,150.50429296493405,150.41394816192147,150.61741003882312,150.64843342459565,150.55125573265036
10.875,30,0,0.125,0.125,15,15,10,30.46510837417248,50,0.8537658516183605,0.8123835721750546,1.1745050453145907,1.1264638105257738,0.9824560557730329,1.1522908751939074,0.9093452414650068,0.5,0.6,0.7,0.8,0.9,1.0,1.1,0.2,326.25,261.0,40.78125,48.9375,57.09375,65.25,73.40625,81.5625,89.71875,152.29651130121277,152.15127957328238,152.27484799987153,152.15184428976696,152.3541940362844,152.40989985705932,152.3255418708624
11.0,30,0,0.125,0.125,15,15,10,30.817374743135858,50,1.1048027386151347,0.9240658394742467,1.1452810740250075,1.115591991726125,0.8900201603326754,0.8686785929665778,1.0226904871057225,0.5,0.6,0.7,0.8,0.9,1.0,1.1,0.2,330.0,264.0,41.25,49.5,57.75,66.0,74.25,82.5,90.75,154.06479056976048,153.9247316267605,154.0030348692072,153.88603631345123,154.10638702931277,154.14086349766006,154.08687371567927
11.125,30,0,0.125,0.125,15,15,10,31.166807480958212,50,1.0035324551553924,0.8383821331912198,0.879893877826869,1.0414243375269012,1.1092924752934432,1.074795157072903,1.1319815052962634,0.5,0.6,0.7,0.8,0.9,1.0,1.1,0.2,333.75,267.0,41.71875,50.0625,58.40625,66.75,75.09375,83.4375,91.78125,155.8016902274336,155.6842233968262,155.73487473495408,155.62158731448545,155.8701345092712,155.90727867353925,155.83403740479105
11.25,30,0,0.125,0.125,15,15,10,31.513507943325806,50,0.9767362414784946,0.8331046028866238,1.1988286870390725,1.1560876783532468,1.0503969679859129,1.1085068115571408,1.044044885815017,0.5,0.6,0.7,0.8,0.9,1.0,1.1,0.2,337.5,270.0,42.1875,50.625,59.0625,67.5,75.9375,84.375,92.8125,157.55124867053917,157.4544256301773,157.49988800022572,157.3664092722946,157.60647294985952,157.64792927890514,157.56753971662903
11.375,30,0,0.125,0.125,15,15,10,31.86240682118043,50,1.167432103979996,0.9135168002341131,0.8923198639927323,0.9341709783173158,0.915176979083584,0.9055903577201599,0.8967378114768639,0.5,0.6,0.7,0.8,0.9,1.0,1.1,0.2,341.25,273.0,42.65625,51.1875,59.71875,68.25,76.78125,85.3125,93.84375,159.30415664035436,159.22528755481648,159.22503441434583,159.09689831250043,159.35017332886127,159.3843659274605,159.31203410590214
11.5,30,0,0.125,0.125,15,15,10,32.214988375893505,50,0.8148085547705226,1.1670313022604457,1.0567248504649907,0.9168162891805742,1.0827168110146934,1.1829170945352039,0.8719568539848379,0.5,0.6,0.7,0.8,0.9,1.0,1.1,0.2,345.0,276.0,43.125,51.75,60.375,69.0,77.625,86.25,94.875,161.03322762735687,160.9860979547872,160.98849443134674,160.85512694021077,161.11077620647583,161.14616713274546,161.07494187946753
11.625,30,0,0.125,0.125,15,15,10,32.56818945454389,50,1.1456016351481697,0.9482806564291488,0.8303810374092953,0.9308597871351783,1.1559326402135786,1.095729027583753,1.0007290508663165,0.5,0.6,0.7,0.8,0.9,1.0,1.1,0.2,348.75,279.0,43.59375,52.3125,61.03125,69.75,78.46875,87.1875,95.90625,162.80637655801056,162.71521904200463,162.73140382503863,162.6155249040632,162.850436605099,162.87330249592856,162.84094727271943
11.75,30,0,0.125,0.125,15,15,10,32.91817122827223,50,0.9331356531719684,1.016767262154414,0.8143795813421848,1.1927335193329978,1.0242316982782218,0.9888894528920502,0.8379720708423647,0.5,0.6,0.7,0.8,0.9,1.0,1.1,0.2,352.5,282.0,44.0625,52.875,61.6875,70.5,79.3125,88.125,96.9375,164.53817635361705,164.47168395995098,164.50260619536246,164.3741674306713,164.58094502507228,164.6113363674806,164.59085614136114
11.875,30,0,0.125,0.125,15,15,10,33.27222192650117,50,0.8273767441558246,0.9111666000258817,1.1445914543945754,0.9455024558681345,0.9676173490999322,0.8520229380281186,0.816378327748016,0.5,0.6,0.7,0.8,0.9,1.0,1.1,0.2,356.25,285.0,44.53125,53.4375,62.34375,71.25,80.15625,89.0625,97.96875,166.29653439697054,166.21958805218168,166.2758087476947,166.10007574075468,166.3279160627875,166.3627251858691,166.36110963250584
12.0,30,0,0.125,0.125,15,15,10,33.62681246830747,50,0.8358062481957305,0.9451286803697952,1.150764007487177,0.9944600834617116,1.1915949769607308,0.9460186383670739,0.8218876227937754,0.5,0.6,0.7,0.8,0.9,1.0,1.1,0.2,360.0,288.0,45.0,54.0,63.0,72.0,81.0,90.0,99.0,168.06811230395107,167.98069222717845,168.00773481589536,167.85688793377116,168.08196389415,168.13122231861558,168.13406234153734
12.125,30,0,0.125,0.125,15,15,10,33.98126527773763,50,0.9982943296568805,1.100897201527439,1.17449259041295,0.9773063765137098,0.8870781452380173,1.0607897743737063,0.9371555856930475,0.5,0.6,0.7,0.8,0.9,1.0,1.1,0.2,363.75,291.0,45.46875,54.5625,63.65625,72.75,81.84375,90.9375,100.03125,169.8386365229266,169.73755114213222,169.73888931495947,169.60758042333845,169.8080145220299,169.8879699888197,169.90632638868811
12.25,30,0,0.125,0.125,15,15,10,34.332836388095295,50,1.106366168456312,1.0806365190251652,1.000481520399464,0.8055252491413655,0.8361638037082453,0.9912346248387637,1.118046704761411,0.5,0.6,0.7,0.8,0.9,1.0,1.1,0.2,367.5,294.0,45.9375,55.125,64.3125,73.5,82.6875,91.875,101.0625,171.5888497317195,171.4749389919413,171.46707774115785,171.36041712627423,171.57212975387515,171.63037126702298,171.66418194047648
12.375,30,0,0.125,0.125,15,15,10,34.679885220476265,50,1.04526936988533,1.0899375019226354,1.0172319989065817,0.8790683085956249,1.1151059728779213,1.0433666385253224,1.019317123018015,0.5,0.6,0.7,0.8,0.9,1.0,1.1,0.2,371.25,297.0,46.40625,55.6875,64.96875,74.25,83.53125,92.8125,102.09375,173.32555396066246,173.21485942706315,173.21701755110792,173.13472647013157,173.3426092784116,173.38146693891812,173.3994261023813
12.5,30,0,0.125,0.125,15,15,10,35.02940229240081,50,1.1133223754187218,1.1706143525065882,0.9409154111042254,0.9526188336865433,0.8189884612229951,0.9165578361020713,1.0589104610804272,0.5,0.6,0.7,0.8,0.9,1.0,1.1,0.2,375.0,300.0,46.875,56.25,65.625,75.0,84.375,93.75,103.125,175.0698952894268,174.95361723932282,174.9648635512446,174.89984293155712,175.07822103180186,175.12604610910245,175.14701146200406
12.625,30,0,0.125,0.125,15,15,10,35.37792953087381,50,1.091768841007363,1.0697969890883985,0.8534542329920639,1.0868649572016829,1.064138443842151,0.9149911421702196,0.8635976474961768,0.5,0.6,0.7,0.8,0.9,1.0,1.1,0.2,378.75,303.0,47.34375,56.8125,66.28125,75.75,85.21875,94.6875,104.15625,176.80572999249947,176.6822904452595,176.72224912485657,176.6557655773463,176.850847474149,176.88647637958968,176.889647654369
12.75,30,0,0.125,0.125,15,15,10,35.7313395896864,50,1.094206903585388,0.8433570970993782,0.8137947329460548,0.9976605185859612,0.8446667484414703,0.8930499839199275,0.8893737062686007,0.5,0.6,0.7,0.8,0.9,1.0,1.1,0.2,382.5,306.0,47.8125,57.375,66.9375,76.5,86.0625,95.625,105.1875,178.54425888737356,178.42356582162344,178.49056734573256,178.3949074576961,178.5928301686687,178.6471024868184,178.656697948432
12.875,30,0,0.125,0.125,15,15,10,36.08410524702969,50,1.1739774685992765,1.013335590033532,0.9738272309663234,0.9137559085610693,1.106844914542147,1.142691918084016,1.0033676447499138,0.5,0.6,0.7,0.8,0.9,1.0,1.1,0.2,386.25,309.0,48.28125,57.9375,67.59375,77.25,86.90625,96.5625,106.21875,180.28248302442537,180.193146184486,180.2638430041143,180.14519989287285,180.36224682511352,180.4104712388284,180.42052623514843
13.0,30,0,0.125,0.125,15,15,10,36.43402105591094,50,1.1796850864405823,1.1770220171399588,1.0631070280016985,1.1465873878939001,1.1325231872059458,0.8209053102964874,1.044646549917585,0.5,0.6,0.7,0.8,0.9,1.0,1.1,0.2,390.0,312.0,48.75,58.5,68.25,78.0,87.75,97.5,107.25,182.01073584085046,181.94147923573183,182.0171146002435,181.9059804043027,182.09889121079576,182.1426347490679,182.1701052795547
13.125,30,0,0.125,0.125,15,15,10,36.782904892162996,50,0.9706671732743171,0.8676894063225837,0.9782663708296425,1.1010946484686701,0.9137033377052595,1.021095695961688,0.8317489711863919,0.5,0.6,0.7,0.8,0.9,1.0,1.1,0.2,393.75,315.0,49.21875,59.0625,68.90625,78.75,88.59375,98.4375,108.28125,183.7382752050454,183.66935148358934,183.7592262217433,183.63765698081596,183.83232581239503,183.91502158528084,183.914524460815
13.25,30,0,0.125,0.125,15,15,10,37.13711116788334,50,1.16613275904956,1.0673424812457815,0.960088281799899,1.0533972822610695,1.12751899517633,1.0177515384744873,0.83194167989767,0.5,0.6,0.7,0.8,0.9,1.0,1.1,0.2,397.5,318.0,49.6875,59.625,69.5625,79.5,89.4375,99.375,109.3125,185.49194180838612,185.435890307799,185.51194292538958,185.37502014975738,185.59311289518186,185.66238462328562,185.68555583941668
13.375,30,0,0.125,0.125,15,15,10,37.4913126258859,50,0.8180898918228512,1.1000273048220237,0.9462929877895605,1.1483602338419279,0.8460415392807634,0.8020597970493111,0.9467684678351909,0.5,0.6,0.7,0.8,0.9,1.0,1.1,0.2,401.25,321.0,50.15625,60.1875,70.21875,80.25,90.28125,100.3125,110.34375,187.22117521350492,187.1774724976433,187.26693189016459,187.11834548947473,187.3271730207848,187.41016568097632,187.45656312942947
13.5,30,0,0.125,0.125,15,15,10,37.842643414190015,50,1.106236749592105,1.0444799469670654,0.8145070404175423,0.9516854209901506,0.9160697316330189,0.9173242750307422,1.195437297318662,0.5,0.6,0.7,0.8,0.9,1.0,1.1,0.2,405.0,324.0,50.625,60.75,70.875,81.0,91.125,101.25,111.375,188.99391397702706,188.91496908454053,189.0236452666909,188.8498004602445,189.0964178283747,189.18490820634514,189.21321707095007
13.625,30,0,0.125,0.125,15,15,10,38.187757481757046,50,1.165407769344558,1.174329415475133,0.8111521008256197,1.067104034065143,1.0027066425964204,0.9360614231075493,1.1247656807004254,0.5,0.6,0.7,0.8,0.9,1.0,1.1,0.2,408.75,327.0,51.09375,61.3125,71.53125,81.75,91.96875,102.1875,112.40625,190.73063438332804,190.65940909116964,190.7968318866387,190.60583978262073,190.85690911192057,190.9452426719663,190.93878740878523
13.75,30,0,0.125,0.125,15,15,10,38.53463833973954,50,0.9739888982961202,0.8946485806561796,0.8064009243978056,1.0483144553576746,1.167980708102721,1.0255160239712888,0.9503488466174231,0.5,0.6,0.7,0.8,0.9,1.0,1.1,0.2,412.5,330.0,51.5625,61.875,72.1875,82.5,92.8125,103.125,113.4375,192.45995841215998,192.38761791423525,192.5704378740355,192.3474517783626,192.60657078159602,192.70323499407786,192.67319169869768
13.875,30,0,0.125,0.125,15,15,10,38.88587961857411,50,1.059568511379581,0.9066887791840106,1.0513977418892582,1.00459757093521,1.0852514508046096,0.8650102810537046,0.9259651905718845,0.5,0.6,0.7,0.8,0.9,1.0,1.1,0.2,416.25,333.0,52.03125,62.4375,72.84375,83.25,93.65625,104.0625,114.46875,194.21320979987297,194.15078684165323,194.34463775848576,194.09141247144288,194.33557319308318,194.45004549108145,194.4293980928705
14.0,30,0,0.125,0.125,15,15,10,39.23773048880981,50,1.105732803870282,0.8207899840104348,1.0376336729070843,1.1946550413501065,0.8710496797390092,1.013646420734483,0.9276832216801147,0.5,0.6,0.7,0.8,0.9,1.0,1.1,0.2,420.0,336.0,52.5,63.0,73.5,84.0,94.5,105.0,115.5,195.9557637359505,195.91245074425524,196.0882130407496,195.84083777507598,196.0749167617326,196.21691920594975,196.18865244404904
14.125,30,0,0.125,0.125,15,15,10,39.589538408267806,50,1.0725896363754266,1.0992874966731239,0.9188274003733043,1.1763784092306382,0.8439953459673504,0.8554442346262042,1.0934300522472236,0.5,0.6,0.7,0.8,0.9,1.0,1.1,0.2,423.75,339.0,52.96875,63.5625,74.15625,84.75,95.34375,105.9375,116.53125,197.69254713546673,197.68485199625394,197.8335088316362,197.5665058949072,197.84103555176523,197.96521340335795,197.94769204133902
14.25,30,0,0.125,0.125,15,15,10,39.93720265696163,50,1.041800017657978,1.1503237174911778,0.9116984078834703,0.954545662667595,0.9366848529665315,1.14606897551508,1.19037984955265,0.5,0.6,0.7,0.8,0.9,1.0,1.1,0.2,427.5,342.0,53.4375,64.125,74.8125,85.5,96.1875,106.875,117.5625,199.4334734309198,199.4224410591698,199.59365540658953,199.29445859375338,199.6105361335193,199.73328287402967,199.68601328480813
14.375,30,0,0.125,0.125,15,15,10,40.282443160722806,50,1.1059400842821785,0.8582923008022566,1.130101636268472,1.0902298321646684,1.0646666763725605,0.950149414064207,0.8307443806380383,0.5,0.6,0.7,0.8,0.9,1.0,1.1,0.2,431.25,345.0,53.90625,64.6875,75.46875,86.25,97.03125,107.8125,118.59375,201.17824842871255,201.15365059448342,201.3546931056041,201.05014038591992,201.3684505268985,201.46502425209027,201.41221580361403
14.5,30,0,0.125,0.125,15,15,10,40.63667455120686,50,0.8485529010728827,0.815058598574391,1.1878763352158588,1.1297700957668393,0.846861976912097,1.1098055407168586,1.0072285348409087,0.5,0.6,0.7,0.8,0.9,1.0,1.1,0.2,435.0,348.0,54.375,65.25,76.125,87.0,97.875,108.75,119.625,202.9150059181773,202.92136405688314,203.08843040107055,202.78886165689934,203.11036719235193,203.22125557533224,203.1833727560343
14.625,30,0,0.125,0.125,15,15,10,40.98649383783584,50,1.0544335390402706,0.9555127392857949,1.189167373059002,1.0337437895403707,1.0490838951035433,1.1222079941698695,1.1062844005774701,0.5,0.6,0.7,0.8,0.9,1.0,1.1,0.2,438.75,351.0,54.84375,65.8125,76.78125,87.75,98.71875,109.6875,120.65625,204.68393680554317,204.69448173206135,204.81494585916857,204.5226403949285,204.87950944523791,204.95752988274262,204.9324691891792
14.75,30,0,0.125,0.125,15,15,10,41.3338367278214,50,1.0519978375525092,0.8233188513980392,1.186551342728113,1.1113703781592947,0.8699114192702966,0.8230767384138818,1.018414240616325,0.5,0.6,0.7,0.8,0.9,1.0,1.1,0.2,442.5,354.0,55.3125,66.375,77.4375,88.5,99.5625,110.625,121.6875,206.42713261316314,206.45004263965063,206.5412999375362,206.26842242123595,206.62337395834996,206.69225388347138,206.669183639107
14.875,30,0,0.125,0.125,15,15,10,41.68337637180599,50,1.179754095514912,0.8978317339571454,0.8954721733646254,0.8017647517879807,1.1435409492683413,1.1714044303957531,0.9002569628956462,0.5,0.6,0.7,0.8,0.9,1.0,1.1,0.2,446.25,357.0,55.78125,66.9375,78.09375,89.25,100.40625,111.5625,122.71875,208.17063288346907,208.2221277832259,208.26798101969518,208.00450112396604,208.38963503094118,208.46436929116965,208.41688185902996
15.0,30,0,0.125,0.125,15,15,10,42.0358699477336,50,0.8714743943768528,1.0666185736396125,1.1142840159658478,0.9522359463224244,0.8933468815824235,0.9340448220482481,1.0484455691363397,0.5,0.6,0.7,0.8,0.9,1.0,1.1,0.2,450.0,360.0,56.25,67.5,78.75,90.0,101.25,112.5,123.75,209.8981636215297,209.98489881648123,210.0310469980246,209.77928052999255,210.12169241228264,210.19294373737017,210.179349738668
15.125,30,0,0.125,0.125,15,15,10,42.38465880850519,50,0.852166735402055,0.8510921196345564,1.018556051491885,0.9543982594911774,1.1738000330547516,0.826929908940539,0.9320110073682406,0.5,0.6,0.7,0.8,0.9,1.0,1.1,0.2,453.75,363.0,56.71875,68.0625,79.40625,90.75,102.09375,113.4375,124.78125,211.6642293222326,211.7265714947763,211.76676149602886,211.53525103670225,211.88502405208484,211.95118813461414,211.92329404252595
15.25,30,0,0.125,0.125,15,15,10,42.73635853332099,50,0.8507661689849515,1.1776658739094021,0.963787686097308,1.0793294954242583,0.8467115192441392,1.1485505665924065,0.867082093369743,0.5,0.6,0.7,0.8,0.9,1.0,1.1,0.2,457.5,366.0,57.1875,68.625,80.0625,91.5,102.9375,114.375,125.8125,213.43270848030733,213.49518497982197,213.51444198959237,213.29095125426585,213.613299047953,213.7228218959966,213.68179266660493
15.375,30,0,0.125,0.125,15,15,10,43.08968148098674,50,1.191292320219185,0.9682882694851868,0.9626338735797063,0.9448086747212577,0.9124800084480765,1.1831949831541075,0.8336562613959343,0.5,0.6,0.7,0.8,0.9,1.0,1.1,0.2,461.25,369.0,57.65625,69.1875,80.71875,92.25,103.78125,115.3125,126.84375,215.2013627091842,215.2229767455833,215.26896852883021,215.03103506733783,215.3824601080475,215.45425307517255,215.4484074049337
15.5,30,0,0.125,0.125,15,15,10,43.44384007445185,50,0.9427062417297342,0.8175579391222025,0.8522816179524748,0.8554463932372497,0.9629631254771475,0.8350617382867667,0.8022016172235815,0.5,0.6,0.7,0.8,0.9,1.0,1.1,0.2,465.0,372.0,58.125,69.75,81.375,93.0,104.625,116.25,127.875,216.9274511691568,216.97694071189767,217.02363929463274,216.78793398299766,217.1434001069915,217.18135370227827,217.21920037225922
15.625,30,0,0.125,0.125,15,15,10,43.79878503402126,50,0.9607809117122197,1.172685692333762,1.1047941894838618,0.9774304307382028,0.8546802168099068,1.176981598905391,0.8025908426389721,0.5,0.6,0.7,0.8,0.9,1.0,1.1,0.2,468.75,375.0,58.59375,70.3125,82.03125,93.75,105.46875,117.1875,128.90625,218.6846128889406,218.7497459695074,218.79210409238868,218.556003183843,218.89802971630684,218.9519709849924,218.99392517010628
15.75,30,0,0.125,0.125,15,15,10,44.15372026295529,50,1.126806702626404,1.0633433552094205,1.1431616950512251,0.9743295426307652,0.9564766317908527,1.1879522623415513,0.8212389880852675,0.5,0.6,0.7,0.8,0.9,1.0,1.1,0.2,472.5,378.0,59.0625,70.875,82.6875,94.5,106.3125,118.125,129.9375,220.43951527497657,220.47816025796567,220.5290048187032,220.30882438000071,220.6661946892056,220.67984828512925,220.76860131477642
15.875,30,0,0.125,0.125,15,15,10,44.508189288253156,50,1.026508709347876,0.9988799962247896,0.8795752787684586,1.0258385001289596,0.9623341634239775,0.9136539336897017,0.9115316707920295,0.5,0.6,0.7,0.8,0.9,1.0,1.1,0.2,476.25,381.0,59.53125,71.4375,83.34375,95.25,107.15625,119.0625,130.96875,222.17366443714826,222.2202423385645,222.2611096068218,222.06203318717186,222.42163511023176,222.40635425233657,222.54094644126576
16.0,30,0,0.125,0.125,15,15,10,44.86040099648335,50,0.972738555575117,0.8894408887132902,1.1123867420310565,1.1797936107061193,1.1119129405535415,1.1480955632405565,1.0906896157238046,0.5,0.6,0.7,0.8,0.9,1.0,1.1,0.2,480.0,384.0,60.0,72.0,84.0,96.0,108.0,120.0,132.0,223.92035084847979,223.9703823390364,224.02616269697575,223.80880337465575,224.17634333980376,224.16714751062537,224.30200498241675
16.125,30,0,0.125,0.125,15,15,10,45.20813375609026,50,0.8195172069710662,1.1700072197406577,0.9987210079738058,1.041432866525854,0.9452985431035228,0.9657964685555658,1.0453210836040623,0.5,0.6,0.7,0.8,0.9,1.0,1.1,0.2,483.75,387.0,60.46875,72.5625,84.65625,96.75,108.84375,120.9375,133.03125,225.6737585290329,225.73420222794724,225.76211435422186,225.53632917331748,225.91235422223457,225.8986355652203,226.04066878045128
16.25,30,0,0.125,0.125,15,15,10,45.55700072900016,50,0.892658199262288,1.0148492176311656,1.0997662874254586,0.9003442392340119,1.0047760143013338,0.9262523863156629,0.9338853689703472,0.5,0.6,0.7,0.8,0.9,1.0,1.1,0.2,487.5,390.0,60.9375,73.125,85.3125,97.5,109.6875,121.875,134.0625,227.44631887816152,227.46295132547965,227.51227422822515,227.28115006500175,227.66919190434663,227.65291100665087,227.78500364500078
16.375,30,0,0.125,0.125,15,15,10,45.9086535947759,50,1.0441575854350156,1.094629715836541,0.8697062313735213,1.0201767376070978,1.1660046045663288,1.099885360321878,1.034135388113627,0.5,0.6,0.7,0.8,0.9,1.0,1.1,0.2,491.25,393.0,61.40625,73.6875,85.96875,98.25,110.53125,122.8125,135.09375,229.20973660325373,229.21109517327577,229.24980344229698,229.0436070350975,229.41859490255897,229.41212945836142,229.5432679738795
16.5,30,0,0.125,0.125,15,15,10,46.257800210073064,50,1.1074207814650547,1.1663658793426577,1.0758060035522024,1.0805349900986427,0.9021684980800886,0.9884224247025652,0.8506777607302697,0.5,0.6,0.7,0.8,0.9,1.0,1.1,0.2,495.0,396.0,61.875,74.25,86.625,99.0,111.375,123.75,136.125,230.95421690507436,230.9492664587962,231.01609016337528,230.79108494289662,231.14784432698818,231.14964378832119,231.2890010503653
16.625,30,0,0.125,0.125,15,15,10,46.611533266054806,50,0.8454311306562294,1.0710489279025412,0.8308080393078281,0.8250141021138376,0.8767568371106119,1.0593675369016262,1.1803792094579042,0.5,0.6,0.7,0.8,0.9,1.0,1.1,0.2,498.75,399.0,62.34375,74.8125,87.28125,99.75,112.21875,124.6875,137.15625,232.69078930739124,232.67847072387835,232.75661441293124,232.5310180691343,232.91007326472817,232.90109098523337,233.057666330274
16.75,30,0,0.125,0.125,15,15,10,46.95702378581836,50,1.067857160847105,0.9714169144116035,1.0353772320380634,0.8514476620260282,1.0923250362664096,0.9424387387561463,1.0217949320638473,0.5,0.6,0.7,0.8,0.9,1.0,1.1,0.2,502.5,402.0,62.8125,75.375,87.9375,100.5,113.0625,125.625,138.1875,234.46011041605922,234.41958960789054,234.52776340801776,234.30289130637007,234.67547866008934,234.64367004312066,234.78511892909177
16.875,30,0,0.125,0.125,15,15,10,47.30647891251676,50,1.0973624252594332,1.1877006285210052,0.8352532521803613,1.1862172366874653,0.8325782572527193,0.9176538358872627,1.0730591033876808,0.5,0.6,0.7,0.8,0.9,1.0,1.1,0.2,506.25,405.0,63.28125,75.9375,88.59375,101.25,113.90625,126.5625,139.21875,236.20162827095334,236.1731624935891,236.273341254013,236.07146034861682,236.41393803055604,236.40086520077614,236.5323945625838
17.0,30,0,0.125,0.125,15,15,10,47.65465243493207,50,0.9318950131638155,1.162692116490403,0.8269364810009014,1.0327384527507497,1.1301241142131233,0.8769893887404762,0.8891010305730728,0.5,0.6,0.7,0.8,0.9,1.0,1.1,0.2,510.0,408.0,63.75,76.5,89.25,102.0,114.75,127.5,140.25,237.9394579677959,237.89969991502397,238.04393459749045,237.79818319403088,238.18486574839946,238.16115847129024,238.27326217466032
17.125,30,0,0.125,0.125,15,15,10,48.00742490916774,50,1.1644646563049672,1.035986545879555,1.110343997896437,0.9716654455953905,0.9121280281221702,1.0887455463329934,0.9083557066292806,0.5,0.6,0.7,0.8,0.9,1.0,1.1,0.2,513.75,411.0,64.21875,77.0625,89.90625,102.75,115.59375,128.4375,141.28125,239.69797109115044,239.62936340046267,239.81556753736533,239.54409088743705,239.9186002341228,239.92653479769768,240.03712454583868
17.25,30,0,0.125,0.125,15,15,10,48.359716016502006,50,1.0652112469583908,1.0784164457265504,1.0880419317798213,0.8842823253330641,0.9387862998654557,1.065015070542205,1.0485973583056618,0.5,0.6,0.7,0.8,0.9,1.0,1.1,0.2,517.5,414.0,64.6875,77.625,90.5625,103.5,116.4375,129.375,142.3125,241.4274130091123,241.37486508222773,241.55177453762826,241.29763270673763,241.67958423060753,241.66544160440606,241.79858008251003
17.375,30,0,0.125,0.125,15,15,10,48.708501082544366,50,1.135057480660692,1.0813434202875125,0.8058162186590334,1.0472723381089117,1.0734252344457882,1.15530511076057,1.1015484366759571,0.5,0.6,0.7,0.8,0.9,1.0,1.1,0.2,521.25,417.0,65.15625,78.1875,91.21875,104.25,117.28125,130.3125,143.34375,243.16926160324252,243.1150630265119,243.2907692961558,243.062097416071,243.43723594312434,243.4073147205883,243.54250541272182
17.5,30,0,0.125,0.125,15,15,10,49.055962371627466,50,1.165990783813306,0.8259711691339526,1.148219181010519,1.156715261317528,0.8032333392405284,1.0702404489713273,0.8221499008745342,0.5,0.6,0.7,0.8,0.9,1.0,1.1,0.2,525.0,420.0,65.625,78.75,91.875,105.0,118.125,131.25,144.375,244.90237941815994,244.85489509897596,245.06504226882342,244.80618837380737,245.17805778881862,245.13790158174322,245.27981185813732
17.625,30,0,0.125,0.125,15,15,10,49.4104086241056,50,0.8513600089102775,0.8603775383382364,0.9732088631848883,0.827660726848622,0.9068853383433292,0.9022364556656347,0.988942509124615,0.5,0.6,0.7,0.8,0.9,1.0,1.1,0.2,528.75,423.0,66.09375,79.3125,92.53125,105.75,118.96875,132.1875,145.40625,246.63163057018326,246.62664870283422,246.7965148711971,246.5365989661427,246.95265362141356,246.8791215256218,247.052043120528
17.75,30,0,0.125,0.125,15,15,10,49.76068506137749,50,0.9481648772227008,0.8300863145878448,0.9070921575296655,0.8645090785521246,0.80611637729174,0.8650187742999365,1.0172426313232257,0.5,0.6,0.7,0.8,0.9,1.0,1.1,0.2,532.5,426.0,66.5625,79.875,93.1875,106.5,119.8125,133.125,146.4375,248.4002105690695,248.39410151054193,248.549863763299,248.30814137528662,248.71429295412065,248.6413419686636,248.80342530688742
17.875,30,0,0.125,0.125,15,15,10,50.110253995594405,50,0.8815342001447152,0.9378053338061685,0.8209132147571987,0.8173512085719856,0.9110164384777361,0.9402172486183049,0.8042920362726365,0.5,0.6,0.7,0.8,0.9,1.0,1.1,0.2,536.25,429.0,67.03125,80.4375,93.84375,107.25,120.65625,134.0625,147.46875,250.15668995941664,250.16534072121846,250.31147724360778,250.0750777404676,250.48852840695918,250.4082146218761,250.55126997797203
18.0,30,0,0.125,0.125,15,15,10,50.46514669468759,50,1.1028476590032326,0.8244663491634938,1.1773674406957897,1.0493127175342953,0.8880376738570511,1.1199308795316574,0.8151935760155931,0.5,0.6,0.7,0.8,0.9,1.0,1.1,0.2,540.0,432.0,67.5,81.0,94.5,108.0,121.5,135.0,148.5,251.92149818439856,251.92311505449268,252.08386309176313,251.8479088393961,252.24965135214947,252.1656874657988,252.32573347343794
18.125,30,0,0.125,0.125,15,15,10,50.8197668552872,50,1.161810858131128,0.8684020737536042,1.1024241461746938,1.0001119260624711,0.8063007075671696,1.1798575577082828,0.8305529055601382,0.5,0.6,0.7,0.8,0.9,1.0,1.1,0.2,543.75,435.0,67.96875,81.5625,95.15625,108.75,122.34375,135.9375,149.53125,253.65864222702317,253.69505676084725,253.81169216167615,253.5917447497043,254.01364664291734,253.90069610585735,254.09883427643598
18.25,30,0,0.125,0.125,15,15,10,51.174003032648194,50,0.9126680730931745,0.808761974724309,0.9107602443763322,0.811932966261301,0.9784863980619158,0.8203632832386201,1.1989444835180292,0.5,0.6,0.7,0.8,0.9,1.0,1.1,0.2,547.5,438.0,68.4375,82.125,95.8125,109.5,123.1875,136.875,150.5625,255.38841586975678,255.46150650162804,255.54888914340432,255.34173075894648,255.78785905447145,255.6282139111438,255.87001516324096
18.375,30,0,0.125,0.125,15,15,10,51.519029420560244,50,0.9205710178202123,0.913136930515795,1.0565544342111681,1.1575930598791524,0.8701531358541227,0.9777413200600064,0.8225077242650445,0.5,0.6,0.7,0.8,0.9,1.0,1.1,0.2,551.25,441.0,68.90625,82.6875,96.46875,110.25,124.03125,137.8125,151.59375,257.1493323606201,257.2354112547875,257.31004411285727,257.1152391381638,257.5405482547137,257.40066850073896,257.5951471028012
18.5,30,0,0.125,0.125,15,15,10,51.87346672745362,50,1.0598249466141845,1.0317567133010157,0.9696056210779165,1.0869729963107613,1.1434253245100539,0.9504189692369964,0.9742416237651099,0.5,0.6,0.7,0.8,0.9,1.0,1.1,0.2,555.0,444.0,69.375,83.25,97.125,111.0,124.875,138.75,152.625,258.9092609833926,258.996269138473,259.05297480858087,258.8455400056789,259.30677911273193,259.15345083573146,259.3673336372681
18.625,30,0,0.125,0.125,15,15,10,52.22411068685949,50,0.9396184016590078,0.9106854838197024,0.9008132470105588,0.9246313064170433,1.0052322301034013,1.1350403372009152,1.1045371994494548,0.5,0.6,0.7,0.8,0.9,1.0,1.1,0.2,558.75,447.0,69.84375,83.8125,97.78125,111.75,125.71875,139.6875,153.65625,260.6517828650658,260.74229954931036,260.80677410594615,260.5846683811401,261.03885094716816,260.90964846457683,261.12055343429745
18.75,30,0,0.125,0.125,15,15,10,52.57149725687325,50,0.9020278975301851,0.8326841386627294,1.058059039862996,0.8486297279776631,0.9113516175279264,0.8911984923427524,0.9759732332861286,0.5,0.6,0.7,0.8,0.9,1.0,1.1,0.2,562.5,450.0,70.3125,84.375,98.4375,112.5,126.5625,140.625,154.6875,262.4093305648584,262.5034638638329,262.5691724500698,262.34408946783793,262.7881969184052,262.64276842242674,262.85748628436625
18.875,30,0,0.125,0.125,15,15,10,52.922097926041104,50,1.0228055361817272,0.9843691116677931,0.9765407958747581,0.8558073870694604,0.8139709692614243,0.8870463431959055,1.1274363167068229,0.5,0.6,0.7,0.8,0.9,1.0,1.1,0.2,566.25,453.0,70.78125,84.9375,99.09375,113.25,127.40625,141.5625,155.71875,264.1715770776671,264.27437834650004,264.3119150700869,264.1130107518407,264.5492779662142,264.4063686108839,264.6104896302055
19.0,30,0,0.125,0.125,15,15,10,53.26891201812344,50,0.8834282390592872,0.895041358722078,1.1562530563230315,0.9712307926592406,1.0016869921634801,0.9389138334580133,0.8341385251719461,0.5,0.6,0.7,0.8,0.9,1.0,1.1,0.2,570.0,456.0,71.25,85.5,99.75,114.0,128.25,142.5,156.75,265.9187263856444,266.02633220754154,266.06484747060256,265.881034828457,266.32253159505655,266.1704878179844,266.34456009061716
19.125,30,0,0.125,0.125,15,15,10,53.62305855499414,50,1.1003275622084994,0.8559149110841171,0.8655753526431171,0.8211431587446979,0.9924132230436288,0.8759201007886808,1.055997641644326,0.5,0.6,0.7,0.8,0.9,1.0,1.1,0.2,573.75,459.0,71.71875,86.0625,100.40625,114.75,129.09375,143.4375,157.78125,267.68329785576196,267.78945203770127,267.7953158385622,267.6346309793746,268.07232072103614,267.9281235888021,268.11529277497067
19.25,30,0,0.125,0.125,15,15,10,53.971658613953025,50,1.0859858438893029,0.842466483660378,0.9539474004839595,1.0898801360716446,0.9984338778301466,0.9449035653545479,1.1275779248088873,0.5,0.6,0.7,0.8,0.9,1.0,1.1,0.2,577.5,462.0,72.1875,86.625,101.0625,115.5,129.9375,144.375,158.8125,269.4207569104859,269.55746267381573,269.5621189194818,269.4069880845315,269.8232690681557,269.6936335762035,269.8582930697651
19.375,30,0,0.125,0.125,15,15,10,54.3184691658328,50,1.1379432353189955,1.0280694498454945,1.0088646278561222,0.9003126536543428,1.1282230834491218,1.194384039661185,1.1393738306184156,0.5,0.6,0.7,0.8,0.9,1.0,1.1,0.2,581.25,465.0,72.65625,87.1875,101.71875,116.25,130.78125,145.3125,159.84375,271.16000867999975,271.3271543633582,271.3178754944213,271.14575306752255,271.57346483342695,271.4505206305342,271.592345829164
19.5,30,0,0.125,0.125,15,15,10,54.664984820067346,50,1.098956207185832,0.8150439671827981,0.8819906624541679,1.0530243996931907,0.9260779207736525,1.0803300372156144,1.152319056766669,0.5,0.6,0.7,0.8,0.9,1.0,1.1,0.2,585.0,468.0,73.125,87.75,102.375,117.0,131.625,146.25,160.875,272.89276577558485,273.0736456821275,273.0667674159393,272.90821398581573,273.3074369479958,273.17622262557654,273.3249241003367
19.625,30,0,0.125,0.125,15,15,10,55.01117684364817,50,1.1220677949284665,1.0670890210686597,1.1006784013359465,0.8697960702590317,1.1302073567217439,1.0765792027244996,0.8258011978121699,0.5,0.6,0.7,0.8,0.9,1.0,1.1,0.2,588.75,471.0,73.59375,88.3125,103.03125,117.75,132.46875,147.1875,161.90625,274.6303962496866,274.8467651862297,274.83151858313255,274.6515859358541,275.0666772078991,274.9161813709246,275.05588421824086
19.75,30,0,0.125,0.125,15,15,10,55.365531813702866,50,0.9079222849495093,0.8410113293741217,0.8789812311810095,0.9788215376270184,0.8549028489499064,1.1809582066459339,1.0995648312218227,0.5,0.6,0.7,0.8,0.9,1.0,1.1,0.2,592.5,474.0,74.0625,88.875,103.6875,118.5,133.3125,148.125,162.9375,276.36513777532053,276.5883790585961,276.56893378296553,276.4178614270717,276.8004012883089,276.65660897058405,276.8276590685143
19.875,30,0,0.125,0.125,15,15,10,55.71304269292232,50,1.003389604693683,1.0073483866653548,0.8325219733382425,0.9428953363604407,1.1970328139202222,0.9005993001942367,1.0498867116627413,0.5,0.6,0.7,0.8,0.9,1.0,1.1,0.2,596.25,477.0,74.53125,89.4375,104.34375,119.25,134.15625,149.0625,163.96875,278.12664748970184,278.35825264242436,278.3340611290679,278.17050873486835,278.5685384321901,278.3839891947533,278.5652134646116
20.0,30,0,0.125,0.125,15,15,10,56.061795525130755,50,1.1379816710516812,0.8765375397038383,0.9604453815832481,1.161763706297187,0.887521149111604,1.1268329424756842,0.9286439090660472,0.5,0.6,0.7,0.8,0.9,1.0,1.1,0.2,600.0,480.0,75.0,90.0,105.0,120.0,135.0,150.0,165.0,279.8762237891151,280.1073340940912,280.1049958824006,279.9276468178233,280.2939093304501,280.14641428222905,280.30897762565377
20.125,30,0,0.125,0.125,15,15,10,56.4135794274041,50,1.014306773007927,0.9400403561380604,0.9313905775363884,1.0555491291114336,0.996749949541645,1.1510423470511324,1.112229682431768,0.5,0.6,0.7,0.8,0.9,1.0,1.1,0.2,603.75,483.0,75.46875,90.5625,105.65625,120.75,135.84375,150.9375,166.03125,281.6089760802336,281.8727669016282,281.8599402097027,281.65742635453614,282.05796918681114,281.8805601644196,282.0678971370205
20.25,30,0,0.125,0.125,15,15,10,56.76077368534331,50,1.0691728662800815,0.8782234118546781,0.9739834520598862,0.842993716166027,0.9679938358748467,0.888976318771127,0.9019023483269211,0.5,0.6,0.7,0.8,0.9,1.0,1.1,0.2,607.5,486.0,75.9375,91.125,106.3125,121.5,136.6875,151.875,167.0625,283.35718773360765,283.63026185711095,283.6185163875106,283.4004827133972,283.80837544311845,283.6116798710382,283.8038684267165
20.375,30,0,0.125,0.125,15,15,10,57.11322612663513,50,1.1858465535664446,1.1751907858520385,0.9588913550900257,1.032169330258968,0.9855464158475515,1.1158034740355045,0.8104547383883066,0.5,0.6,0.7,0.8,0.9,1.0,1.1,0.2,611.25,489.0,76.40625,91.6875,106.96875,122.25,137.53125,152.8125,168.09375,285.09854112532264,285.3954839306291,285.3717684560031,285.17010849887646,285.5623762136341,285.37555783119177,285.56613063317565
20.5,30,0,0.125,0.125,15,15,10,57.46796475817543,50,0.8207065594750387,0.9958670749137815,1.0035061640833527,1.156008872116496,1.1543212354316748,1.1318250821364277,1.0471547851357867,0.5,0.6,0.7,0.8,0.9,1.0,1.1,0.2,615.0,492.0,76.875,92.25,107.625,123.0,138.375,153.75,169.125,286.8253103061268,287.1235850823976,287.12690703661684,286.9160873325941,287.3141829116531,287.1110823969373,287.3398237908771
20.625,30,0,0.125,0.125,15,15,10,57.81678588854703,50,1.05448491583171,0.9430584117720984,0.9442006561514349,1.1925229861613906,0.9777989465164774,1.0966563804053004,0.9460602095274856,0.5,0.6,0.7,0.8,0.9,1.0,1.1,0.2,618.75,495.0,77.34375,92.8125,108.28125,123.75,139.21875,154.6875,170.15625,288.5977219861924,288.87410169803337,288.8764687661064,288.6465862235795,289.04489275722415,288.84460426167027,289.08392944273515
20.75,30,0,0.125,0.125,15,15,10,58.16813438330885,50,1.125997446713116,0.9956080266459716,1.1904379304624486,1.1858583116582793,0.9321669528847362,0.8331859218516415,0.980624336814322,0.5,0.6,0.7,0.8,0.9,1.0,1.1,0.2,622.5,498.0,77.8125,93.375,108.9375,124.5,140.0625,155.625,171.1875,290.34091137171345,290.63121939656185,290.6334436840875,290.37252085030934,290.7976678889096,290.5825222141196,290.84067191654424
20.875,30,0,0.125,0.125,15,15,10,58.518618774888495,50,1.0301578368055766,0.8425548147767883,1.040649470872747,0.8290658600890035,1.1085224782635124,1.199194973687257,0.8752342242105691,0.5,0.6,0.7,0.8,0.9,1.0,1.1,0.2,626.25,501.0,78.28125,93.9375,109.59375,125.25,140.90625,156.5625,172.21875,292.0751616908743,292.3817683932311,292.3596389427797,292.09928856135207,292.55614701979897,292.35337397388815,292.59309387444245
21.0,30,0,0.125,0.125,15,15,10,58.87173791928323,50,1.1020710833567893,1.0117912539945366,1.0900069402666503,1.109852439687192,0.9650732310869643,0.8981621858631507,0.8206981268233138,0.5,0.6,0.7,0.8,0.9,1.0,1.1,0.2,630.0,504.0,78.75,94.5,110.25,126.0,141.75,157.5,173.25,293.8213919612736,294.151449041384,294.10455775892063,293.87065532884094,294.292581710016,294.07847460217727,294.3586895964161
21.125,30,0,0.125,0.125,15,15,10,59.22622046611265,50,0.9349210412784187,1.1661553854292757,0.8883275162677996,1.014951759383879,1.0652656049659115,0.8064119427132321,1.0195869237432427,0.5,0.6,0.7,0.8,0.9,1.0,1.1,0.2,633.75,507.0,79.21875,95.0625,110.90625,126.75,142.59375,158.4375,174.28125,295.558633075854,295.8999751346347,295.84330689138733,295.60692377388006,296.04694755613014,295.8412043289444,296.13110233056324
21.25,30,0,0.125,0.125,15,15,10,59.57573079301907,50,1.0696896294104206,1.0950843196518358,1.069027638325809,0.833453253303984,1.171915489300088,1.1944472474661083,1.1283038198618964,0.5,0.6,0.7,0.8,0.9,1.0,1.1,0.2,637.5,510.0,79.6875,95.625,111.5625,127.5,143.4375,159.375,175.3125,297.3167679456942,297.62920571145605,297.60726595185383,297.35505480395705,297.7887893555094,297.61540283610526,297.87865396509534
21.375,30,0,0.125,0.125,15,15,10,59.92252319752253,50,1.1656169518337154,1.015967691177357,0.8812043424721585,1.136688816980748,1.0594749323426669,1.1892110792163177,0.917170038903134,0.5,0.6,0.7,0.8,0.9,1.0,1.1,0.2,641.25,513.0,80.15625,96.1875,112.21875,128.25,144.28125,160.3125,176.34375,299.0580567420179,299.36732017149956,299.3486374970631,299.12587314729404,299.5172999193469,299.341096930172,299.6126159876126
21.5,30,0,0.125,0.125,15,15,10,60.27459394654994,50,1.0896381224721687,0.9331644908739681,1.1884397246138887,1.1457008404076863,0.9183578567188092,0.8111914850541825,0.8426396419342006,0.5,0.6,0.7,0.8,0.9,1.0,1.1,0.2,645.0,516.0,80.625,96.75,112.875,129.0,145.125,161.25,177.375,300.7873546230387,301.1153242101024,301.1134869542541,300.8587870451714,301.25986555280406,301.06744554526995,301.3729697327497
21.625,30,0,0.125,0.125,15,15,10,60.628527955501596,50,0.9171687602533104,1.1353304478209798,1.0140090105644377,1.053324912185993,0.9149331578698238,0.8996973397429832,0.9081363864175078,0.5,0.6,0.7,0.8,0.9,1.0,1.1,0.2,648.75,519.0,81.09375,97.3125,113.53125,129.75,145.96875,162.1875,178.40625,302.5261498577297,302.8736786487432,302.83993198867734,302.59057444012046,303.0200708207142,302.84104660963817,303.14263977750795
21.75,30,0,0.125,0.125,15,15,10,60.98082454584116,50,1.1564933451229984,1.0699014853867757,1.109635903449894,0.8104840716488447,1.0632845118935643,1.0045371807709904,0.8243339062530217,0.5,0.6,0.7,0.8,0.9,1.0,1.1,0.2,652.5,522.0,81.5625,97.875,114.1875,130.5,146.8125,163.125,179.4375,304.28650376269803,304.60676234276553,304.5881808623568,304.33390882609723,304.7807041759805,304.6035844421703,304.90412272920577
21.875,30,0,0.125,0.125,15,15,10,61.33521619818484,50,1.110103624251313,1.088459005014418,1.0597495131145969,1.0114994313111794,0.8902196814045511,1.0866606394724068,1.0444904814953997,0.5,0.6,0.7,0.8,0.9,1.0,1.1,0.2,656.25,525.0,82.03125,98.4375,114.84375,131.25,147.65625,164.0625,180.46875,306.01694209455763,306.3480246570922,306.32447637442556,306.10759831714114,306.5227936119938,306.35301729457393,306.67608099092416
22.0,30,0,0.125,0.125,15,15,10,61.68410393614745,50,0.9777239547043804,0.8494039054343132,0.948178678839365,1.077498896408811,0.8216415223919313,0.9122790915661183,1.0957103133053703,0.5,0.6,0.7,0.8,0.9,1.0,1.1,0.2,660.0,528.0,82.5,99.0,115.5,132.0,148.5,165.0,181.5,307.75317914152623,308.0869672814654,308.0670076852862,307.85616088822724,308.2865161518182,308.09218471463987,308.42051968073724
22.125,30,0,0.125,0.125,15,15,10,62.031711178314815,50,1.0878392865644932,1.1524751206450268,1.0460560949140996,0.961026742652241,1.0644251042773705,0.8674458326460209,1.0030543627234527,0.5,0.6,0.7,0.8,0.9,1.0,1.1,0.2,663.75,531.0,82.96875,99.5625,116.15625,132.75,149.34375,165.9375,182.53125,309.5059636471882,309.8557917932861,309.8234853504313,309.5964735261761,310.0588109615192,309.8531498281941,310.15855589157405
22.25,30,0,0.125,0.125,15,15,10,62.38163481924673,50,0.8192607026891897,1.1618711658302923,0.8624493258722642,1.1243867718471292,0.870990601394079,0.8825786955956288,1.1569245282833878,0.5,0.6,0.7,0.8,0.9,1.0,1.1,0.2,667.5,534.0,83.4375,100.125,116.8125,133.5,150.1875,166.875,183.5625,311.24498373636766,311.5867324032054,311.56772833856706,311.35134518334456,311.80075782348456,311.61971909911335,311.9081740962336
22.375,30,0,0.125,0.125,15,15,10,62.727711706039635,50,0.9406020392153631,1.1253346188979259,1.1705399547722724,0.8463913239288433,1.1200771887969942,1.1457845405359608,1.13195416864519,0.5,0.6,0.7,0.8,0.9,1.0,1.1,0.2,671.25,537.0,83.90625,100.6875,117.46875,134.25,151.03125,167.8125,184.59375,313.01757614853153,313.31649850747664,313.33492217283305,313.08579683686366,313.5668839983103,313.3843967621639,313.63855853019817
22.5,30,0,0.125,0.125,15,15,10,63.0744128518235,50,0.9179346937683949,1.199542051738666,1.0109846766536381,1.0915483879479457,1.1200113608987359,0.9064395456183726,0.9034770346229254,0.5,0.6,0.7,0.8,0.9,1.0,1.1,0.2,675.0,540.0,84.375,101.25,118.125,135.0,151.875,168.75,185.625,314.7750008936296,315.0508316801144,315.0636046784865,314.85499792137256,315.30187434971066,315.11617369459685,315.3720642591175
22.625,30,0,0.125,0.125,15,15,10,63.42682592595793,50,0.9329601163268264,1.1961538453326996,1.0050857107362248,1.1000925590690105,1.1202976997278777,1.058185329553019,0.8365375330483635,0.5,0.6,0.7,0.8,0.9,1.0,1.1,0.2,678.75,543.0,84.84375,101.8125,118.78125,135.75,152.71875,169.6875,186.65625,316.53525905690856,316.7758889236471,316.8122315939048,316.59355437287905,317.0368729295983,316.87786875139454,317.13412962978964
22.75,30,0,0.125,0.125,15,15,10,63.780912487631724,50,1.0320182885793383,0.9537641371267832,0.9915318509567788,1.074903666566217,1.0753572169940016,0.8870536497483367,1.1452383496491574,0.5,0.6,0.7,0.8,0.9,1.0,1.1,0.2,682.5,546.0,85.3125,102.375,119.4375,136.5,153.5625,170.625,187.6875,318.2936390423677,318.50136969298046,318.5615958800628,318.33104280299546,318.7718357171323,318.6205955852004,318.9045624381586
22.875,30,0,0.125,0.125,15,15,10,64.1272815288905,50,1.066559395733538,1.1984102009532531,1.0227257675198593,0.9258927728773472,1.0272838719486632,0.8566703565797789,1.1872882304053975,0.5,0.6,0.7,0.8,0.9,1.0,1.1,0.2,686.25,549.0,85.78125,102.9375,120.09375,137.25,154.40625,171.5625,188.71875,320.0396367562953,320.25714917583963,320.3126543986932,320.0716798446747,320.5124160650081,320.38471387898187,320.6364076444525
23.0,30,0,0.125,0.125,15,15,10,64.47259932313037,50,0.8489321368944489,0.84240328356149,1.0905290061295039,1.0975619444083091,0.8715073743164387,1.1015050418461871,1.0080387665763075,0.5,0.6,0.7,0.8,0.9,1.0,1.1,0.2,690.0,552.0,86.25,103.5,120.75,138.0,155.25,172.5,189.75,321.7813168318286,321.98234790072047,322.05981367775325,321.830943248065,322.2590055810145,322.1526300844094,322.3629966156518
23.125,30,0,0.125,0.125,15,15,10,64.82239835396597,50,1.0625515007666755,0.9304596693986917,0.87240792633915,0.9838658468445012,1.1279145663751193,1.0371798941045152,1.1548226706306883,0.5,0.6,0.7,0.8,0.9,1.0,1.1,0.2,693.75,555.0,86.71875,104.0625,121.40625,138.75,156.09375,173.4375,190.78125,323.5502003147168,323.7520474902753,323.79849755198705,323.56874800501396,324.02506715922493,323.8899419541786,324.1119917698298
23.25,30,0,0.125,0.125,15,15,10,65.16852778720019,50,0.8509922403492679,1.0873012535286521,0.9597878034628622,0.9234552178027027,1.1783790951318773,1.1889323558630527,1.1455218526784514,0.5,0.6,0.7,0.8,0.9,1.0,1.1,0.2,697.5,558.0,87.1875,104.625,122.0625,139.5,156.9375,174.375,191.8125,325.29238137712093,325.51074003160045,325.56444656119464,325.3207647741584,325.759077838428,325.6352944674155,325.8426389360009
23.375,30,0,0.125,0.125,15,15,10,65.51488974088322,50,1.140418014847539,0.905463074431178,1.0147642140515132,1.1893174575421903,0.8272665140977138,1.1217535473472542,1.0404702268195767,0.5,0.6,0.7,0.8,0.9,1.0,1.1,0.2,701.25,561.0,87.65625,105.1875,122.71875,140.25,157.78125,175.3125,192.84375,327.0610073470773,327.2498273749094,327.3194730857618,327.0803328719331,327.48678045153656,327.36167792293264,327.5744487044161
23.5,30,0,0.125,0.125,15,15,10,65.86387798521274,50,0.8558000353963018,1.1405495461621111,0.9627958963309332,1.162532299362286,1.1093506381604539,1.077659109537321,0.8028052524819528,0.5,0.6,0.7,0.8,0.9,1.0,1.1,0.2,705.0,564.0,88.125,105.75,123.375,141.0,158.625,176.25,193.875,328.79345509522136,329.0116444906055,329.06762755900536,328.8066681897403,329.25837213727436,329.0964587295142,329.31938992606365
23.625,30,0,0.125,0.125,15,15,10,66.21880785390069,50,0.917406577218509,1.0635713040350028,0.8560219881586278,1.1524570811076704,0.9510875880271918,0.9014249753186002,0.9823002254846567,0.5,0.6,0.7,0.8,0.9,1.0,1.1,0.2,708.75,567.0,88.59375,106.3125,124.03125,141.75,159.46875,177.1875,194.90625,330.5614800907968,330.7440757973352,330.822278071964,330.53635165232004,330.9947033075043,330.83675134082205,331.0940392695034
23.75,30,0,0.125,0.125,15,15,10,66.56925034826357,50,1.0535423879640058,0.885532694477216,0.9298044237816198,1.180094850186708,1.1973262885662876,1.1295073959331563,0.9712425399237986,0.5,0.6,0.7,0.8,0.9,1.0,1.1,0.2,712.5,570.0,89.0625,106.875,124.6875,142.5,160.3125,178.125,195.9375,332.3218042686445,332.4861293843308,332.59027532344413,332.2672945171816,332.7508173590009,332.5990732189072,332.8462517413178
23.875,30,0,0.125,0.125,15,15,10,66.91996928476547,50,0.9454067471198672,0.8476829670534205,0.978590844793564,1.0274930369183746,0.9827277996181643,0.9846385605535941,1.1732431918476693,0.5,0.6,0.7,0.8,0.9,1.0,1.1,0.2,716.25,573.0,89.53125,107.4375,125.34375,143.25,161.15625,179.0625,196.96875,334.06511147014896,334.25043779752116,334.3490497704714,333.99478266090824,334.4761515729301,334.3328847944156,334.59984642382733
24.0,30,0,0.125,0.125,15,15,10,67.26563820496928,50,0.9325452034082619,1.0208297231801855,1.0464574760922836,0.9262827018904686,1.1682409714080715,0.9243342212935917,1.1340666774334842,0.5,0.6,0.7,0.8,0.9,1.0,1.1,0.2,720.0,576.0,90.0,108.0,126.0,144.0,162.0,180.0,198.0,335.821935626759,336.01947742663947,336.10172591487225,335.74134603129346,336.22831059797784,336.08480497434635,336.3281910248464
24.125,30,0,0.125,0.125,15,15,10,67.61228653803344,50,0.983102499690209,0.8058072014110214,1.1880500876439943,1.0284935695963364,0.8105183441582612,0.8246465489868047,0.8148101742899373,0.5,0.6,0.7,0.8,0.9,1.0,1.1,0.2,723.75,579.0,90.46875,108.5625,126.65625,144.75,162.84375,180.9375,199.03125,337.580367476333,337.76687371124194,337.8459187303607,337.50056069355713,337.95728047655183,337.84426319668466,338.0614326901672
24.25,30,0,0.125,0.125,15,15,10,67.96691628367618,50,1.0659560128356826,0.896369333525385,1.0648008626213252,1.0879303744858795,1.0589139024095593,0.8762245501110325,0.9333234534666808,0.5,0.6,0.7,0.8,0.9,1.0,1.1,0.2,727.5,582.0,90.9375,109.125,127.3125,145.5,163.6875,181.875,200.0625,339.3324796638717,339.54114781106557,339.5724124694052,339.2469989973576,339.730965683532,339.6161823780613,339.83458141838094
24.375,30,0,0.125,0.125,15,15,10,68.31858319733952,50,1.192328723777492,1.0451981339872494,0.8271826789420051,0.9094025038648214,0.937744830575713,1.131975723204647,0.891461050110245,0.5,0.6,0.7,0.8,0.9,1.0,1.1,0.2,731.25,585.0,91.40625,109.6875,127.96875,146.25,164.53125,182.8125,201.09375,341.07423516226726,341.3041016443749,341.31431236157755,340.98600770054685,341.4736014457308,341.3816543092974,341.5929159866976
24.5,30,0,0.125,0.125,15,15,10,68.67129667108678,50,0.8660556186540368,0.8263918919362361,1.0709938222050037,1.1368204317774249,0.8484288583853077,0.979446526400827,0.8740798293903123,0.5,0.6,0.7,0.8,0.9,1.0,1.1,0.2,735.0,588.0,91.875,110.25,128.625,147.0,165.375,183.75,202.125,342.8001940717951,343.04845187762646,343.0859145267098,342.74733238756374,343.23138334190884,343.11515734389684,343.35648335543385
24.625,30,0,0.125,0.125,15,15,10,69.02444467535202,50,1.1162024160706956,1.1047868480889507,1.1324106338408242,0.8995510324376002,1.185931384468621,0.9372795078005667,1.0810544274821683,0.5,0.6,0.7,0.8,0.9,1.0,1.1,0.2,738.75,591.0,92.34375,110.8125,129.28125,147.75,166.21875,184.6875,203.15625,344.5669371194633,344.82015289113446,344.8270402989342,344.4802298335916,345.00032973461066,344.86772652809674,345.1222233767601
24.75,30,0,0.125,0.125,15,15,10,69.37241831466496,50,0.9548113059724765,0.9232422195022043,1.1273783246204725,0.8443894990272649,0.8545252498665492,1.0172548520881943,0.9748629516231644,0.5,0.6,0.7,0.8,0.9,1.0,1.1,0.2,742.5,594.0,92.8125,111.375,129.9375,148.5,167.0625,185.625,204.1875,346.30241181745447,346.5570545351233,346.5604889697041,346.2427859545369,346.7270883115521,346.62556658962166,346.8620915733248
24.875,30,0,0.125,0.125,15,15,10,69.72304674087438,50,1.0854255382864153,1.019690640620145,1.0251187115111626,0.8171606188247129,0.8719606312868586,0.8877212800546264,1.1326507843524336,0.5,0.6,0.7,0.8,0.9,1.0,1.1,0.2,746.25,597.0,93.28125,111.9375,130.59375,149.25,167.90625,186.5625,205.21875,348.05806040420794,348.3166492576855,348.29456667912655,348.01223726715847,348.4952726553188,348.37340973311063,348.6152337043719
25.0,30,0,0.125,0.125,15,15,10,70.06973047126557,50,0.9623069622102254,1.0909785895345454,1.0888767407940136,1.070349238531734,1.1466893206340787,1.1857065599306535,0.9773611654531894,0.5,0.6,0.7,0.8,0.9,1.0,1.1,0.2,750.0,600.0,93.75,112.5,131.25,150.0,168.75,187.5,206.25,349.7973822119221,350.06418792760803,350.0414268401876,349.78509218980537,350.2612775764079,350.1374445731038,350.3486523563279
25.125,30,0,0.125,0.125,15,15,10,70.42029644212924,50,0.9740679227427891,0.8332847978646699,0.9756766040633176,1.0756507269638402,1.1366287341087558,0.9548349541405988,1.0018470327260824,0.5,0.6,0.7,0.8,0.9,1.0,1.1,0.2,753.75,603.0,94.21875,113.0625,131.90625,150.75,169.59375,188.4375,207.28125,351.55209384164584,351.8028156039162,351.78031724758836,351.5262985349889,351.9929414113287,351.86423125311245,352.1014822106462
25.25,30,0,0.125,0.125,15,15,10,70.7702502663111,50,1.1323170931612627,0.8806947548633581,1.1986705228792387,0.9656443726447905,1.0958808145934669,1.0780140219401608,0.8589312996600535,0.5,0.6,0.7,0.8,0.9,1.0,1.1,0.2,757.5,606.0,94.6875,113.625,132.5625,151.5,170.4375,189.375,208.3125,353.305335351303,353.57365500418314,353.53335767208046,353.2668421941184,353.72586281956507,353.6198768838449,353.8512513315555
25.375,30,0,0.125,0.125,15,15,10,71.1237769838196,50,1.1313813394837864,0.9910829693787232,1.07112819795549,1.059906703336143,0.8801622270913946,1.0562382467770461,1.0525936934097069,0.5,0.6,0.7,0.8,0.9,1.0,1.1,0.2,761.25,609.0,95.15625,114.1875,133.21875,152.25,171.28125,190.3125,209.34375,355.0387957146578,355.33856815982523,355.25852385672056,355.0211366475378,355.4638777177409,355.36012513110234,355.618884919098
25.5,30,0,0.125,0.125,15,15,10,71.47246214148436,50,0.879843967916634,1.1536360243374677,1.1741510990184283,1.0253302803062463,1.1731867332399912,1.027498683444966,1.1348291237887662,0.5,0.6,0.7,0.8,0.9,1.0,1.1,0.2,765.0,612.0,95.625,114.75,133.875,153.0,172.125,191.25,210.375,356.77237304722235,357.0896827886529,356.9996328319761,356.76364830962075,357.2288574393545,357.1030953502552,357.3623107074218
25.625,30,0,0.125,0.125,15,15,10,71.81909141338964,50,1.0958622049662774,1.0470192125001825,0.8016081502005756,0.8947222260278128,0.8701541408495067,0.9890164469856133,0.9839959461831098,0.5,0.6,0.7,0.8,0.9,1.0,1.1,0.2,768.75,615.0,96.09375,115.3125,134.53125,153.75,172.96875,192.1875,211.40625,358.53739255123276,358.8204782856107,358.7278639445988,358.5104820245825,358.9572090976995,358.84965801482457,359.0954570669482
25.75,30,0,0.125,0.125,15,15,10,72.16949151473506,50,0.8191174084753093,1.0342490491573435,0.923579455839399,1.1032179166268559,0.8854333081402199,1.0146230432378511,0.8081620392040878,0.5,0.6,0.7,0.8,0.9,1.0,1.1,0.2,772.5,618.0,96.5625,115.875,135.1875,154.5,173.8125,193.125,212.4375,360.275409775612,360.56460088404816,360.50266292582376,360.273641746329,360.7234398300933,360.60103095895136,360.8474575736753
25.875,30,0,0.125,0.125,15,15,10,72.52428746375496,50,0.8968179843938612,0.8656131309230123,1.0209000392542984,1.1198218053737068,0.807769062208077,1.08758221880721,0.9222916546416715,0.5,0.6,0.7,0.8,0.9,1.0,1.1,0.2,776.25,621.0,97.03125,116.4375,135.84375,155.25,174.65625,194.0625,213.46875,362.04802009955256,362.31031975290347,362.2622154938438,362.01073950675067,362.48776066657575,362.3492030785466,362.6214373187748
26.0,30,0,0.125,0.125,15,15,10,72.87623017238892,50,1.1362401207563155,0.9098353827665958,1.1182532112024073,1.042783685400234,0.9305647941534589,1.1485339710170053,1.0441999559537622,0.5,0.6,0.7,0.8,0.9,1.0,1.1,0.2,780.0,624.0,97.5,117.0,136.5,156.0,175.5,195.0,214.5,363.81091785150335,364.0771181115381,364.00960298893705,363.74576178107895,364.26178953379974,364.0882553011957,364.38115086194455
26.125,30,0,0.125,0.125,15,15,10,73.22512517349007,50,0.8744656653873251,0.9661814578505168,1.040876599491355,0.9127897558062064,1.0607925408123615,0.8495491014106101,0.8537925621069373,0.5,0.6,0.7,0.8,0.9,1.0,1.1,0.2,783.75,627.0,97.96875,117.5625,137.15625,156.75,176.34375,195.9375,215.53125,365.5438878364088,365.83838868869225,365.74482133753673,365.49041382040394,366.0204689345306,365.8196885548186,366.1256258674503
26.25,30,0,0.125,0.125,15,15,10,73.5787803594374,50,0.921134507323634,1.018885829328804,0.8034975388889645,0.9146502318448705,0.843510692864203,0.948248077439279,1.1035562156053071,0.5,0.6,0.7,0.8,0.9,1.0,1.1,0.2,787.5,630.0,98.4375,118.125,137.8125,157.5,177.1875,196.875,216.5625,367.30957962823544,367.59261600646096,367.48971176260034,367.2513151009282,367.76286986692907,367.58849491714227,367.89390179718697
26.375,30,0,0.125,0.125,15,15,10,73.92619145404727,50,1.1237534272179501,1.0462488879111889,1.0424236935446718,1.049687881877235,0.8680555579651998,1.123325658551993,0.9920787344686167,0.5,0.6,0.7,0.8,0.9,1.0,1.1,0.2,791.25,633.0,98.90625,118.6875,138.46875,158.25,178.03125,197.8125,217.59375,369.06943781482,369.3402552777949,369.2642745702392,369.0119838219476,369.53243103032105,369.3449639074624,369.6309572702363
26.5,30,0,0.125,0.125,15,15,10,74.27638948568556,50,0.905076996773762,1.099780534512649,0.9293674128388487,1.1464404151413692,1.0358231690164603,1.1267338070899677,0.8446678537306375,0.5,0.6,0.7,0.8,0.9,1.0,1.1,0.2,795.0,636.0,99.375,119.25,139.125,159.0,178.875,198.75,218.625,370.8039686364177,371.084474166806,371.0089716085461,370.75577283671294,371.2989240855754,371.0795482001434,371.38194742842774
26.625,30,0,0.125,0.125,15,15,10,74.63027278934229,50,1.0260972408880937,0.9362514812051519,0.8373296995688034,0.9409904954849961,1.0844111953561089,1.095113001038124,0.9758463551168827,0.5,0.6,0.7,0.8,0.9,1.0,1.1,0.2,798.75,639.0,99.84375,119.8125,139.78125,159.75,179.71875,199.6875,219.65625,372.565834011821,372.8220015999919,372.76780068194125,372.48746778482024,373.0444461894483,372.8137064742572,373.1513639467114
26.75,30,0,0.125,0.125,15,15,10,74.98087663046435,50,0.8685985511930929,1.0842605000754975,0.9518316470866284,0.957509214195399,0.9566169667052942,1.1069843907608303,1.1882227711269742,0.5,0.6,0.7,0.8,0.9,1.0,1.1,0.2,802.5,642.0,100.3125,120.375,140.4375,160.5,180.5625,200.625,220.6875,374.31257185670995,374.57997016484126,374.53813446949516,374.2448439728846,374.7838947900288,374.5518173491274,374.90438315232177
26.875,30,0,0.125,0.125,15,15,10,75.32617106118617,50,1.0203636136888945,1.04189992376056,1.1285643915351236,0.9213206590371467,0.9829162468281968,0.8353979219200662,0.9388927075963003,0.5,0.6,0.7,0.8,0.9,1.0,1.1,0.2,806.25,645.0,100.78125,120.9375,141.09375,161.25,181.40625,201.5625,221.71875,376.07899703781084,376.31943760233185,376.2941555136093,376.0001553211102,376.5393176691906,376.2884443002823,376.6308553059309
27.0,30,0,0.125,0.125,15,15,10,75.67769874349628,50,1.0782392650502226,0.8360705128202988,0.8183095883324248,0.8936665528752139,1.170309459220657,0.9791290181505989,0.8264265702855177,0.5,0.6,0.7,0.8,0.9,1.0,1.1,0.2,810.0,648.0,101.25,121.5,141.75,162.0,182.25,202.5,222.75,377.8264515860997,378.0642001118618,378.0280849646674,377.75999023873055,378.2914531383371,378.0590195600423,378.38849371748137
27.125,30,0,0.125,0.125,15,15,10,76.03203807923914,50,0.9999987339375302,0.873030759211502,0.8784147965269521,0.8356144377803529,0.8317896770862858,1.1127966248954566,1.1053899537177867,0.5,0.6,0.7,0.8,0.9,1.0,1.1,0.2,813.75,651.0,101.71875,122.0625,142.40625,162.75,183.09375,203.4375,223.78125,379.56667167796843,379.83469129775926,379.8007962661259,379.5232819196211,380.0201644559345,379.8116284327735,380.1601903961957
27.25,30,0,0.125,0.125,15,15,10,76.37940333039619,50,1.0829419019696642,0.9302435764552672,1.1322443593275282,1.0415397819670753,1.11389646761018,0.8255138473219388,0.8122204216002866,0.5,0.6,0.7,0.8,0.9,1.0,1.1,0.2,817.5,654.0,102.1875,122.625,143.0625,163.5,183.9375,204.375,224.8125,381.31667183622625,381.60056245285784,381.56599441656,381.2938301148986,381.7911907462987,381.54752885466155,381.89701665198095
27.375,30,0,0.125,0.125,15,15,10,76.73409781985619,50,0.924610055580794,1.1268616115512609,0.8667557668964909,1.0161826143825998,1.1288551017902932,0.9291782514938908,0.8296348240508987,0.5,0.6,0.7,0.8,0.9,1.0,1.1,0.2,821.25,657.0,102.65625,123.1875,143.71875,164.25,184.78125,205.3125,225.84375,383.05630409848004,383.35928200580094,383.29946387164404,383.0386376421527,383.5269536878474,383.3193396237463,383.6704890992809
27.5,30,0,0.125,0.125,15,15,10,77.08835694925492,50,0.9277231031024857,1.1537284181032583,0.9830333150183672,1.1909155989336706,1.1219586001142126,1.142418313514793,0.8270927280718461,0.5,0.6,0.7,0.8,0.9,1.0,1.1,0.2,825.0,660.0,103.125,123.75,144.375,165.0,185.625,206.25,226.875,384.81572784153246,385.09342430435703,385.066119400782,384.7866148153549,385.26084680012366,385.0781923423096,385.44178474627455
27.625,30,0,0.125,0.125,15,15,10,77.44267963105312,50,1.0941448629082793,1.0984233970394741,0.8381458563428511,1.084200558840694,0.9016918977826888,0.9515729842457086,1.1667319501598754,0.5,0.6,0.7,0.8,0.9,1.0,1.1,0.2,828.75,663.0,103.59375,124.3125,145.03125,165.75,186.46875,207.1875,227.90625,386.57476245364467,386.82420825209414,386.8182402364047,386.51275036548816,386.99560197510937,386.8103900531202,387.21339815526557
27.75,30,0,0.125,0.125,15,15,10,77.78851133229912,50,0.9711786692835317,1.1016980714550058,1.0126649753485604,1.0807416678187194,0.9378662445343793,1.1692946468735532,0.9307806959766395,0.5,0.6,0.7,0.8,0.9,1.0,1.1,0.2,832.5,666.0,104.0625,124.875,145.6875,166.5,187.3125,208.125,228.9375,388.31299434578114,388.5619053274642,388.58847200436185,388.2522252956331,388.7578904878865,388.5664434300895,388.9425566614956
27.875,30,0,0.125,0.125,15,15,10,78.1402418148997,50,0.8450527098115452,1.1573401528098948,0.8137862357573935,0.8543650041155874,1.1103937094000589,0.8161885798605512,0.9276532937965403,0.5,0.6,0.7,0.8,0.9,1.0,1.1,0.2,836.25,669.0,104.53125,125.4375,146.34375,167.25,188.15625,209.0625,229.96875,390.06659701212067,390.29919306853236,390.3368888824433,389.99213258715577,390.51565720731975,390.29528159923035,390.7012090744985
28.0,30,0,0.125,0.125,15,15,10,78.49205048255479,50,1.1915823667388068,1.0173950084129681,1.002074379919735,0.8247136266645959,0.9047083600817274,0.8285685361181507,1.0301701136205754,0.5,0.6,0.7,0.8,0.9,1.0,1.1,0.2,840.0,672.0,105.0,126.0,147.0,168.0,189.0,210.0,231.0,391.8359654233942,392.0295255494311,392.1101656029736,391.7603369616413,392.25185799364476,392.0682580267478,392.4602524127739
28.125,30,0,0.125,0.125,15,15,10,78.84129622971427,50,1.1253812227080853,0.8318037575046047,0.8230118103774408,0.9677625700479526,0.9232915197757499,0.8546090397013112,1.1941081725951093,0.5,0.6,0.7,0.8,0.9,1.0,1.1,0.2,843.75,675.0,105.46875,126.5625,147.65625,168.75,189.84375,210.9375,232.03125,393.5620176275519,393.7773511733795,393.85990630548366,393.53224775830824,394.01376944863455,393.83968695973306,394.20648114857136
28.25,30,0,0.125,0.125,15,15,10,79.1864435253994,50,1.03919430107797,0.8963538674741743,0.9169130880487287,1.1552445787460466,1.0782857593829964,1.139891967032081,1.09787988083203,0.5,0.6,0.7,0.8,0.9,1.0,1.1,0.2,847.5,678.0,105.9375,127.125,148.3125,169.5,190.6875,211.875,233.0625,395.29634497471335,395.5483757036914,395.6320298291865,395.28627743705226,395.77335800866257,395.6078608297704,395.932217626997
28.375,30,0,0.125,0.125,15,15,10,79.53399652837861,50,1.1487745315972435,0.9924720470919864,1.1568601687374445,1.150320697655643,1.0740475369337499,0.8729006403660735,1.1287209116046957,0.5,0.6,0.7,0.8,0.9,1.0,1.1,0.2,851.25,681.0,106.40625,127.6875,148.96875,170.25,191.53125,212.8125,234.09375,397.0414456870786,397.31133147025713,397.3924156931804,397.016871864709,397.5135722887397,397.3403743338914,397.669982641893
28.5,30,0,0.125,0.125,15,15,10,79.88077850558848,50,1.0620214395214191,0.970836075665545,0.9197403974247363,0.8936482156846317,0.8742949196333689,0.9739915713217724,1.1213613317653552,0.5,0.6,0.7,0.8,0.9,1.0,1.1,0.2,855.0,684.0,106.875,128.25,149.625,171.0,192.375,213.75,235.125,398.77284887062893,399.0622724643706,399.12280817208824,398.748081777502,399.25431634662294,399.1062617538457,399.4038925279424
28.625,30,0,0.125,0.125,15,15,10,80.22774447229435,50,1.19925145597841,0.9056320523401873,1.016261665594467,0.9170713742660969,1.1884901541760375,1.186008923590458,0.848576097156472,0.5,0.6,0.7,0.8,0.9,1.0,1.1,0.2,858.75,687.0,107.34375,128.8125,150.28125,171.75,193.21875,214.6875,236.15625,400.5150961906888,400.81591795491244,400.88284062241013,400.51137575054145,401.02002948166876,400.85951280743046,401.1387223614717
28.75,30,0,0.125,0.125,15,15,10,80.58153006986544,50,0.9541786549780793,0.9824846654623689,0.9983458271665482,0.8143169679321638,1.00518916615901,0.8753957339484917,0.8661529678141425,0.5,0.6,0.7,0.8,0.9,1.0,1.1,0.2,862.5,690.0,107.8125,129.375,150.9375,172.5,194.0625,215.625,237.1875,402.2401897586915,402.57771394836993,402.63080791421083,402.2717418287582,402.74646821239673,402.58626169198163,402.9076503493271
28.875,30,0,0.125,0.125,15,15,10,80.93487624567007,50,1.13900651525568,0.8422056453133535,0.8951913934450881,1.1877921489004517,0.9140286040294192,0.8626889429791703,1.0573234906768791,0.5,0.6,0.7,0.8,0.9,1.0,1.1,0.2,866.25,693.0,108.28125,129.9375,151.59375,173.25,194.90625,216.5625,238.21875,403.99591742681923,404.32990336518714,404.381014685815,404.0449522077667,404.49581956662684,404.35183722523806,404.67438122835034
29.0,30,0,0.125,0.125,15,15,10,81.28344315840314,50,0.8056727101477126,0.8970874998316283,1.0145721631045719,0.9421747027495583,0.974604746215671,1.0090840380241641,1.088314896936701,0.5,0.6,0.7,0.8,0.9,1.0,1.1,0.2,870.0,696.0,108.75,130.5,152.25,174.0,195.75,217.5,239.25,405.7285416124123,406.099627659523,406.14411576163434,405.77147818915415,406.2565659911232,406.11900110736565,406.4172157920157
29.125,30,0,0.125,0.125,15,15,10,81.63123528597974,50,1.0145378679768253,1.1553854958679666,1.0745105470456708,0.8824100418777288,1.0145391710628364,1.078376644956836,0.8141783809262677,0.5,0.6,0.7,0.8,0.9,1.0,1.1,0.2,873.75,699.0,109.21875,131.0625,152.90625,174.75,196.59375,218.4375,240.28125,407.50283252364386,407.862491722044,407.89229424124625,407.52870635131046,408.0097403978462,407.86786560261265,408.15617642989866
29.25,30,0,0.125,0.125,15,15,10,81.98588082645658,50,0.9642130558706458,1.042924470798389,0.9524260020870376,1.199139435657155,0.9762470286286318,0.8812859645763845,1.0486488749800114,0.5,0.6,0.7,0.8,0.9,1.0,1.1,0.2,877.5,702.0,109.6875,131.625,153.5625,175.5,197.4375,219.375,241.3125,409.25101529014677,409.5930685350605,409.63298042286556,409.29340509607573,409.7579230014633,409.60806852199306,409.92940413228285
29.375,30,0,0.125,0.125,15,15,10,82.33466460458209,50,0.9344136886000032,0.9013830782081408,1.1778977154907668,1.1259039002430566,0.9867313146038774,1.1005258414608945,0.9252068885932235,0.5,0.6,0.7,0.8,0.9,1.0,1.1,0.2,881.25,705.0,110.15625,132.1875,154.21875,176.25,198.28125,220.3125,242.34375,411.00548865816296,411.3377029762107,411.38892717260467,411.01851266661856,411.51089212288474,411.372907776421,411.6733230229104
29.5,30,0,0.125,0.125,15,15,10,82.68653443236725,50,1.0999510043484706,1.1766879424499535,0.9453258686803243,0.9525505474939321,1.180728413127507,1.0085918980891375,0.9701423596127396,0.5,0.6,0.7,0.8,0.9,1.0,1.1,0.2,885.0,708.0,110.625,132.75,154.875,177.0,199.125,221.25,243.375,412.76368694708793,413.1000300914347,413.1166899581683,412.7527746790882,413.2625507085593,413.11034204623843,413.43267216183625
29.625,30,0,0.125,0.125,15,15,10,83.03728087337693,50,0.9042678744754883,0.9934557688249808,1.062491691066014,0.9262926477449531,1.012654207628441,0.9300036583880771,0.8762861094238696,0.5,0.6,0.7,0.8,0.9,1.0,1.1,0.2,888.75,711.0,111.09375,133.3125,155.53125,177.75,199.96875,222.1875,244.40625,414.5011930715444,414.82794409862845,414.87352422458326,414.50870586065145,414.98995965691836,414.8592680589773,415.18640436688463
29.75,30,0,0.125,0.125,15,15,10,83.39037372064134,50,1.0238491754958519,1.104117799144171,1.1220144106930314,0.8791312866268814,1.1749848703743493,1.1238110821044245,1.10058877978421,0.5,0.6,0.7,0.8,0.9,1.0,1.1,0.2,892.5,714.0,111.5625,133.875,156.1875,178.5,200.8125,223.125,245.4375,416.26315958723495,416.57876212752535,416.6157127632,416.2679192796833,416.7383778809648,416.6180176016788,416.95186860320666
29.875,30,0,0.125,0.125,15,15,10,83.73785900114673,50,0.9836315110661191,0.9241338664093577,1.1177044403716994,0.8198592119840842,0.8355966258384514,1.0252662827923298,1.087646897390041,0.5,0.6,0.7,0.8,0.9,1.0,1.1,0.2,896.25,717.0,112.03125,134.4375,156.84375,179.25,201.65625,224.0625,246.46875,418.010178440298,418.3157474026323,418.3504609618634,418.03302786885496,418.466504772168,418.3525412164157,418.68929500573364
30.0,30,0,0.125,0.125,15,15,10,84.08566782871198,50,0.8819877732004581,1.142146296287489,0.8269793836279626,0.8752772108118321,1.1357792263197513,1.0883800194013111,0.8138845871403929,0.5,0.6,0.7,0.8,0.9,1.0,1.1,0.2,900.0,720.0,112.5,135.0,157.5,180.0,202.5,225.0,247.5,419.7622245014147,420.0752306693312,420.08574790681695,419.8055454673569,420.23705519393815,420.09938293106666,420.42833914355987
