day,demand,served,backlog_end,arrivals_qty,produced_qty,shipped_qty,inventory_total,holding_cost_day,transport_cost_day,purchase_cost_day,external_procured_ordered_qty,external_procured_arrived_qty,external_procured_rejected_qty,supplier_capacity_binding_qty
0,40.0,0.0,40.0,0.0,40.0,554.1983,1072118.4041,42313.283,268.8359,42.7672,1035.84,0.0,0.0,0.0
1,47.5,0.0,87.5,0.0,86.228,448.9037,1069940.1864,42249.52,273.3424,76.1484,2413.68,0.0,16.866,0.0
2,52.5,0.0,140.0,178.064,136.4902,525.1851,1067754.2061,42180.1885,317.6427,83.6232,2413.68,0.0,1525.416,0.0
3,60.0,0.0,200.0,103.28,178.7296,509.8955,1065551.2302,42110.8255,309.9833,88.0915,2413.68,0.0,3033.966,0.0
4,55.0,18.432,236.568,145.712,211.7165,533.2304,1063380.6392,42041.4397,328.5427,91.9337,2413.68,0.0,4542.516,0.0
5,50.0,39.6288,246.9392,309.6873,236.2556,1526.2354,1061379.2429,41972.2124,792.954,103.8353,2413.68,1035.84,5015.226,0.0
6,45.0,44.2368,247.7024,254.6581,250.4232,2279.9407,1060075.9514,41930.5274,1150.9433,119.3453,2443.4708,2413.68,4037.6618,527.9925
7,40.0,23.04,264.6624,315.2053,254.6807,2154.8978,1059182.891,41897.952,1095.2208,134.2498,2521.4067,2413.68,2951.0173,1055.985
8,47.5,69.12,243.0424,206.3008,260.3254,2238.0291,1057858.9301,41858.8709,1142.7685,150.5083,2573.68,2413.68,2048.3692,1583.9775
9,52.5,0.0,295.5424,22.1884,267.9019,2221.0568,1056299.0536,41814.9133,1121.9183,151.1792,2573.68,2413.68,1318.6667,2111.97
10,60.0,67.3809,288.1615,184.4866,275.3716,2240.14,1054821.619,41770.9535,1135.721,152.1872,2573.68,2413.68,588.9642,2639.9625
11,55.0,23.04,320.1215,205.2377,282.0762,2243.6605,1053438.0582,41726.9926,1111.1308,148.0627,2085.5175,2443.4708,317.6334,3167.955
12,50.0,0.0,370.1215,94.1995,287.2869,2388.0184,1051897.213,41683.0216,1160.3114,143.8815,1255.815,2521.4067,314.9255,3695.9475
13,45.0,80.624,334.4975,499.2133,287.3826,2393.9117,1050873.9955,41644.6624,1127.4261,130.5641,312.2471,2573.68,257.4466,4241.44
14,40.0,44.3516,330.1459,388.2046,281.4339,2263.1371,1050100.387,41613.6221,1042.6537,125.545,160.0,2573.68,191.397,4082.6703
15,47.5,69.12,308.5259,399.7151,279.6867,2320.8671,1049056.7389,41581.98,1069.9178,125.9468,160.0,2573.68,135.355,3668.0035
16,52.5,88.1258,272.9001,397.8932,281.9126,2396.5737,1047281.3343,41519.1963,1113.167,126.9591,160.0,2085.5175,86.815,3371.2222
17,60.0,0.0,332.9001,420.3164,285.5101,2351.8165,1044836.9636,41423.2455,1082.5351,126.906,160.0442,1255.815,38.275,3074.441
18,55.0,65.6525,322.2476,2270.93,289.4125,2407.225,1043180.1365,41361.966,1126.1976,121.5057,145.6761,312.2471,14.6574,2777.6597
19,50.0,65.6525,306.5951,395.1446,292.5955,2343.9067,1039564.388,41223.1632,1132.0755,135.4077,1388.2789,160.0,11.5258,1033.2545
20,45.0,42.0458,309.5493,1900.3585,291.224,1402.5465,1038603.693,41199.6506,745.5793,134.3801,2475.027,160.0,348.1857,140.0
21,40.0,0.0,349.5493,180.8809,284.2136,455.564,1037139.0758,41147.1556,303.4406,112.979,2455.393,160.0,1637.3976,132.4892
22,47.5,92.16,304.8893,450.3312,281.6981,511.3386,1035596.2869,41089.155,330.5928,108.3085,2445.8775,160.0442,3042.1217,118.1653
23,52.5,0.0,357.3893,367.0458,283.368,572.9511,1033839.3685,41024.3524,357.8085,106.3145,2438.2375,145.6761,4550.2251,107.7486
24,60.0,21.3009,396.0884,368.8797,286.5632,1739.49,1032093.6079,40958.9014,883.3787,115.0313,2430.5975,1388.2789,4775.2478,97.332
25,55.0,88.6925,362.3959,1552.1681,290.1746,2342.2992,1031926.5216,40951.5087,1169.107,120.7405,2429.92,2475.027,3915.7918,614.9078
26,50.0,0.0,412.3959,153.7031,293.1469,2361.8397,1030414.4224,40904.7862,1195.264,132.075,2495.6667,2455.393,3080.6489,1081.3663
27,45.0,67.3916,390.0043,312.2184,291.623,2283.4635,1029212.499,40865.119,1163.9602,147.6875,2563.7349,2445.8775,2146.7592,1583.9775
28,40.0,23.04,406.9643,424.9744,284.5023,2207.1808,1028427.6105,40833.4013,1129.702,149.8267,2578.9762,2438.2375,1108.5811,2111.97
29,47.5,23.04,431.4243,23.7053,281.907,2177.5958,1027068.2898,40794.3292,1099.0496,152.6035,2584.91,2430.5975,246.9237,2639.9625
30,47.5,107.1316,371.7928,2343.0452,280.769,2224.8843,1027854.2719,40826.3665,1096.294,136.1826,1751.9816,2429.92,255.7991,3167.955
31,47.5,0.0,419.2928,81.2592,281.3567,2314.5,1026450.4867,40785.8899,1107.1076,126.7121,840.1106,2495.6667,284.9524,3695.9475
32,47.5,0.0,466.7928,2775.6395,282.4133,2328.9179,1027791.8427,40820.209,1080.4946,121.9586,161.3793,2563.7349,249.0313,4241.44
33,47.5,40.3067,473.986,2713.0671,283.4006,2341.2366,1029031.1093,40855.1623,1086.8974,124.8536,166.5603,2578.9762,201.6131,3885.8836
34,47.5,84.6583,436.8278,553.9287,284.1863,2328.3211,1028085.3481,40815.3738,1075.0549,126.6871,168.48,2584.91,149.1739,3510.5195
35,47.5,43.0843,441.2435,4526.6725,284.7764,2372.1952,1030275.8465,40887.3682,1105.6189,127.1904,168.48,1751.9816,100.6687,3135.1654
36,47.5,43.6377,445.1058,2265.9282,285.2098,2392.9537,1029271.9798,40850.7268,1120.7641,127.4613,169.2753,840.1106,52.1637,2759.8133
37,47.5,65.6391,426.9667,5597.5436,285.5253,2276.0104,1031021.1239,40931.6482,1081.3177,119.6812,402.0997,161.3793,45.3306,1994.7234
38,47.5,0.0,474.4667,1888.7247,285.754,2247.9688,1029161.7058,40869.9261,1142.6016,138.7318,1949.9637,166.5603,39.1647,126.5359
39,47.5,65.6592,456.3076,2219.0319,285.9197,485.2074,1029405.2294,40881.3505,358.9323,125.1554,2608.32,168.48,931.7695,139.3178
40,47.5,21.888,481.9196,2400.03,286.0396,446.7923,1029913.6569,40895.523,337.5199,121.4537,2608.32,168.48,2439.8401,126.2969
41,47.5,0.0,529.4196,523.8683,286.1264,425.6686,1028590.6959,40837.1599,322.1213,118.1997,2601.2497,169.2753,3954.0244,113.2761
42,47.5,153.2112,423.7084,5405.417,286.1893,712.3977,1031930.2828,40955.9505,439.998,117.2361,2592.3597,402.0997,5194.1845,100.2553
43,47.5,0.0,471.2084,3121.3342,286.2347,2219.3236,1033117.1927,41016.0623,1102.459,128.4678,2583.2347,1949.9637,4853.1006,87.2344
44,47.5,65.664,453.0444,5766.222,286.2676,2414.5894,1037338.3134,41191.2495,1200.5002,128.736,2583.8653,2608.32,3887.933,587.9826
45,47.5,65.664,434.8804,1953.3046,286.2914,2349.3207,1037814.5286,41222.2191,1164.7959,141.1178,2649.0449,2608.32,2929.2719,1055.985
46,47.5,21.888,460.4924,640.2205,286.3086,2329.0038,1037036.6064,41184.604,1164.7446,145.4511,2679.84,2601.2497,2011.4319,1583.9775
47,47.5,0.0,507.9924,2479.984,286.3211,2297.489,1038145.6194,41217.8833,1146.4709,144.2136,2681.1594,2592.3597,1124.0208,2111.97
48,47.5,87.552,467.9404,319.0095,286.3301,2312.1228,1036983.0799,41179.0294,1158.4697,147.9257,2665.9674,2583.2347,264.8253,2639.9625
49,47.5,65.664,449.7764,460.4086,286.3366,2273.214,1036026.328,41148.4067,1096.7146,138.7849,1809.0884,2583.8653,241.9447,3167.955
50,47.5,0.0,497.2764,246.6417,286.3413,2339.6695,1034918.3721,41111.3283,1089.5234,130.908,856.1585,2649.0449,246.051,3695.9475
51,47.5,43.776,501.0004,763.7478,286.3448,2337.9703,1034316.3147,41075.0356,1080.0232,120.1582,161.3528,2679.84,224.5378,4241.44
52,47.5,43.776,504.7244,3979.2294,286.3472,2340.6714,1036928.0492,41180.3595,1094.2721,120.5108,166.535,2681.1594,202.3184,3891.2752
53,47.5,21.888,530.3364,4167.6035,286.349,2373.1867,1039699.0319,41286.7445,1113.4182,123.0627,168.48,2665.9674,170.4082,3515.9237
54,47.5,0.0,577.8364,433.2227,286.3503,2324.0695,1037948.7661,41218.1577,1073.7159,125.9778,168.48,1809.0884,122.5615,3140.5721
55,47.5,43.776,581.5604,2766.1263,286.3512,2349.4715,1037507.4317,41184.2873,1090.4297,127.1457,168.99,856.1585,73.0667,2765.2205
56,47.5,153.216,475.8444,816.2847,286.3519,2325.3486,1034337.1387,41052.4762,1126.8372,121.084,416.9529,161.3528,65.1938,2002.8409
57,47.5,0.0,523.3444,2178.6434,286.3524,2247.95,1032768.2267,40990.1051,1142.9145,139.4548,1956.761,166.535,66.4285,134.6534
58,47.5,87.552,483.2924,2049.6115,286.3528,450.1945,1032857.338,40996.4697,332.4704,125.107,2608.32,168.48,964.7632,139.4219
59,47.5,65.664,465.1284,2105.7415,286.353,403.0191,1033073.6087,41008.5884,307.089,121.0503,2608.32,168.48,2473.1585,126.4011
60,47.5,0.0,512.6284,289.9026,286.3532,425.3967,1031516.9046,40949.7881,322.3838,121.2741,2608.32,168.99,3980.5577,113.3803
61,47.5,21.888,538.2404,478.3618,286.3533,835.0745,1029947.987,40890.4992,516.259,125.3709,2608.32,416.9529,5198.0296,100.3594
62,47.5,87.552,498.1884,211.0023,286.3534,2202.9383,1028160.996,40831.6502,1087.145,136.8918,2603.121,1956.761,4847.8403,87.3386
63,47.5,21.888,523.8004,2178.4694,286.3535,2393.5912,1028860.0984,40864.9695,1186.3423,136.8231,2602.7255,2608.32,3882.9019,588.1826
64,47.5,65.664,505.6364,4164.0217,286.3536,2349.5132,1031546.8916,40969.929,1165.5497,148.0775,2665.3119,2608.32,2924.2408,1055.985
65,47.5,43.776,509.3604,587.3983,286.3536,2312.9101,1030717.0779,40934.5973,1151.9443,150.0838,2688.1815,2608.32,2005.4198,1583.9775
66,47.5,21.888,534.9724,7816.1296,286.3536,2354.2889,1037094.7805,41188.1893,1181.5823,146.8965,2679.84,2608.32,1118.0087,2111.97
67,47.5,87.552,494.9204,451.6374,286.3536,2284.5543,1036110.5165,41152.2866,1132.9782,144.636,2643.5762,2603.121,266.8614,2639.9625
68,47.5,21.888,520.5324,661.2319,286.3537,2310.3243,1035375.6051,41116.3901,1115.8568,127.2073,1769.4364,2602.7255,241.9898,3167.955
69,47.5,21.888,546.1444,2546.3644,286.3537,2352.781,1036545.5205,41151.7519,1092.8866,121.0552,821.81,2665.3119,227.5214,3695.9475
70,47.5,65.664,527.9804,267.7773,286.3537,2314.887,1035456.7488,41113.9808,1066.4653,116.8063,150.8293,2688.1815,182.2187,4241.44
71,47.5,21.888,553.5924,452.1751,286.3537,2317.7068,1034586.1234,41076.9884,1078.6542,120.0593,166.4889,2679.84,152.3781,3894.418
72,47.5,43.776,557.3164,437.6013,286.3537,2317.7068,1033642.7722,41041.3201,1078.7338,120.0991,168.48,2643.5762,134.522,3519.0665
73,47.5,21.888,582.9284,296.7827,286.3537,2339.5948,1031683.5508,40970.3702,1093.9613,120.318,168.48,1769.4364,118.657,3143.7149
74,47.5,43.776,586.6524,777.0156,286.3537,2304.1169,1029270.3621,40868.5343,1066.6574,121.8069,168.738,821.81,91.8465,2768.3633
75,47.5,65.664,568.4884,4143.9122,286.3537,2257.3538,1029577.126,40880.8604,1093.0614,119.3864,430.9232,150.8293,88.1975,2008.8751
76,47.5,21.888,594.1004,681.6825,286.3537,2269.7937,1026466.5664,40750.6996,1158.0507,140.0946,1954.6973,166.4889,102.9319,140.6876
77,47.5,21.888,619.7124,2801.0996,286.3537,456.8408,1027365.9075,40771.8155,335.461,125.3982,2608.32,168.48,998.2476,139.5261
78,47.5,65.664,601.5484,680.268,286.3537,468.6831,1026088.3053,40714.6413,352.7714,121.707,2608.32,168.48,2506.8843,126.5053
79,47.5,43.776,605.2724,328.4214,286.3537,425.1548,1024526.3444,40655.6306,322.3506,121.2717,2608.32,168.738,4014.5355,113.4844
80,47.5,0.0,652.7724,1973.83,286.3537,738.1307,1024589.7368,40670.3935,439.5237,124.4015,2608.32,430.9232,5218.9805,100.4636
81,47.5,43.776,656.4964,3926.6599,286.3537,2265.7059,1026494.7331,40755.9332,1131.6816,139.6739,2608.1538,1954.6973,4867.2961,87.4428
82,47.5,43.776,660.2204,545.0532,286.3537,2394.3764,1025537.7136,40716.1363,1187.1351,142.5678,2615.7303,2608.32,3893.3471,588.3826
83,47.5,109.44,598.2804,2333.4612,286.3537,2371.5932,1026327.1706,40745.8131,1181.6849,156.9654,2685.5453,2608.32,2927.4901,1055.985
84,47.5,0.0,645.7804,549.3933,286.3537,2312.9543,1025503.0818,40711.3335,1152.7962,159.182,2709.2558,2608.32,2007.7919,1583.9775
85,47.5,21.888,671.3924,451.1688,286.3537,2310.5129,1024561.4236,40671.528,1151.9484,155.3198,2700.3658,2608.32,1120.3808,2111.97
86,47.5,65.664,653.2284,2286.6705,286.3537,2354.2889,1025365.725,40706.5449,1180.6065,151.1991,2655.4443,2608.1538,269.0012,2639.9625
87,47.5,43.776,656.9524,607.2613,286.3537,2320.768,1024554.9995,40667.6158,1119.8677,130.6804,1775.4316,2615.7303,242.0305,3167.955
88,47.5,65.664,638.7884,587.7798,286.3537,2412.9038,1023676.9985,40630.9797,1128.9342,120.3297,814.0246,2685.5453,228.4106,3695.9475
89,47.5,65.664,620.6244,2119.2536,286.3537,2310.5111,1024462.1746,40668.1762,1056.317,107.555,121.2181,2709.2558,183.0725,4241.44
90,47.5,0.0,668.1244,417.5062,286.3537,2356.3439,1023555.9682,40632.7822,1098.5542,109.028,131.9748,2700.3658,138.4225,3897.5608
91,47.5,87.552,628.0724,5779.3313,286.3537,2305.3137,1027933.6034,40816.3229,1066.1962,113.926,149.94,2655.4443,96.7332,3522.2093
92,47.5,43.776,631.7964,2027.0341,286.3537,2319.9474,1027708.7946,40814.7391,1079.5436,120.5828,168.48,1775.4316,61.7234,3146.8577
93,47.5,21.888,657.4084,1993.5533,286.3537,2339.3124,1026491.2262,40782.1451,1093.9224,120.3152,168.48,814.0246,46.3636,2771.5062
94,47.5,21.888,683.0204,386.7936,286.3537,2211.2905,1023107.4477,40647.2244,1069.0097,114.3261,428.409,121.2181,69.4581,2014.9093
95,47.5,65.664,664.8564,7938.5003,286.3537,2219.7302,1027232.7299,40805.2514,1132.5668,134.1771,1952.534,131.9748,112.9196,146.7218
96,47.5,43.776,668.5804,577.3759,286.3537,513.3454,1025811.8413,40748.3955,378.4314,122.8954,2608.32,149.94,1017.4196,139.6303
97,47.5,0.0,716.0804,2850.9287,286.3537,425.4845,1026815.5624,40763.4899,322.5169,121.427,2608.32,168.48,2522.8863,126.6094
98,47.5,0.0,763.5804,357.0961,286.3537,424.9071,1025326.0522,40707.3773,322.3165,121.2693,2608.32,168.48,4030.7955,113.5886
99,47.5,131.328,679.7524,2558.1493,286.3537,756.7854,1025820.4898,40711.9624,453.3577,124.588,2608.32,428.409,5238.5982,100.5678
100,47.5,87.552,639.7004,232.374,286.3537,2240.9215,1024011.078,40652.2166,1115.1102,139.4277,2608.2337,1952.534,4889.7164,87.5469
101,47.5,21.888,665.3124,1130.6245,286.3537,2438.8459,1023615.1953,40613.6237,1217.8011,142.7868,2614.9878,2608.32,3915.6466,588.5826
102,47.5,87.552,625.2604,4134.2257,286.3537,2371.7852,1026227.1048,40716.584,1181.8225,157.3189,2686.5258,2608.32,2948.0955,1055.985
103,47.5,43.776,628.9844,2071.3724,286.3537,2313.0342,1026881.1359,40749.7689,1153.2356,163.752,2719.84,2608.32,2018.7218,1583.9775
104,47.5,21.888,654.5964,3972.3547,286.3537,2288.6249,1029483.4637,40857.3299,1137.4828,163.3243,2719.4146,2608.32,1122.846,2111.97
105,47.5,21.888,680.2084,281.0082,286.3537,2288.6249,1028394.3586,40821.4124,1135.6953,158.7705,2674.7267,2608.2337,271.2328,2639.9625
106,47.5,65.664,662.0444,838.2365,286.3537,2319.9785,1027792.8001,40790.85,1120.4698,138.772,1797.7311,2614.9878,242.0674,3167.955
107,47.5,21.888,687.6564,2256.8715,286.3537,2413.5245,1028627.7467,40830.8659,1129.7997,126.0749,830.18,2686.5258,229.2081,3695.9475
108,47.5,43.776,691.3804,1923.275,286.3537,2341.4196,1029215.6324,40864.7792,1074.8825,111.372,125.0763,2719.84,183.8382,4241.44
109,47.5,0.0,738.8804,714.6754,286.3537,2349.9997,1028629.3952,40829.6502,1088.7155,109.7571,126.2556,2719.4146,139.1882,3900.7037
110,47.5,0.0,786.3804,617.9453,286.3537,2342.7455,1027910.63,40795.5032,1086.1828,108.2357,128.48,2674.7267,97.3488,3525.3521
111,47.5,43.776,790.1044,2339.4907,286.3537,2357.3793,1027978.7287,40802.6391,1098.9285,108.3991,131.9784,1797.7311,57.7338,3150.0005
112,47.5,109.44,728.1644,2071.3494,286.3537,2306.349,1026799.9609,40768.517,1066.4461,112.8086,146.834,830.18,18.1188,2774.649
113,47.5,21.888,753.7764,2345.4419,286.3537,2236.4611,1025351.8672,40707.9478,1085.3377,135.617,426.5405,125.0763,17.3177,2020.9435
114,47.5,65.664,735.6124,115.4434,286.3537,2215.0417,1021654.0925,40572.6241,1130.9505,221.3617,1953.9128,126.2556,66.7917,152.756
115,47.5,21.888,761.2244,2172.1018,286.3537,435.9629,1021912.1837,40585.7925,329.2598,206.3653,2611.9501,128.48,988.7039,139.7344
116,47.5,65.664,743.0604,3824.8494,286.3537,462.029,1023755.0678,40671.7785,357.8112,203.6848,2611.9501,131.9784,2526.9649,126.7136
117,47.5,21.888,768.6724,333.2466,286.3537,429.132,1022197.0202,40612.9245,331.3057,205.5239,2611.9501,146.834,4049.8038,113.6928
118,47.5,43.776,772.3964,2016.6583,286.3537,731.573,1022261.9133,40627.7452,436.8045,172.8761,2610.3258,426.5405,5257.0866,100.6719
119,47.5,65.664,754.2324,5582.4176,286.3537,2259.913,1025806.029,40779.2246,1128.994,139.6193,2608.32,1953.9128,4910.997,87.6511
120,47.5,65.664,736.0684,2322.9649,286.3537,2417.5704,1026584.5028,40813.8314,1202.7624,142.3744,2614.394,2611.9501,3936.7487,588.7826
121,47.5,21.888,761.6804,665.6833,286.3537,2371.9772,1025796.964,40775.2068,1181.8981,156.9865,2685.9575,2611.9501,2969.1976,1055.985
122,47.5,65.664,743.5164,414.4815,286.3537,2313.1784,1024775.6961,40737.8239,1153.2647,163.7534,2719.84,2611.9501,2039.1194,1583.9775
123,47.5,109.44,681.5764,3960.4837,286.3537,2266.7369,1027303.4067,40846.1937,1122.2724,163.289,2719.84,2610.3258,1142.8183,2111.97
124,47.5,21.888,707.1884,2527.679,286.3537,2332.4009,1028415.4588,40884.1758,1166.5225,163.2295,2684.0308,2608.32,282.3264,2639.9625
125,47.5,43.776,710.9124,750.1397,286.3537,2297.382,1027770.6356,40847.7039,1105.8246,146.2508,1818.8332,2614.394,242.1009,3167.955
126,47.5,21.888,736.5244,824.924,286.3537,2412.8405,1027173.779,40826.8805,1130.3905,133.7793,851.2821,2685.9575,229.9246,3695.9475
127,47.5,0.0,784.0244,1010.7517,286.3537,2385.3998,1026847.1046,40790.8778,1106.0942,119.6194,142.9481,2719.84,184.5262,4241.44
128,47.5,43.776,787.7484,4002.718,286.3537,2350.3468,1029505.134,40899.2105,1089.3612,115.5352,139.261,2719.84,139.8762,3903.8465
129,47.5,65.664,769.5844,451.7112,286.3537,2328.4588,1028577.2594,40864.143,1073.9459,154.0349,134.5674,2684.0308,97.8213,3528.4949
130,47.5,21.888,795.1964,2322.8905,286.3537,2350.2578,1028676.4516,40866.1323,1089.043,197.7056,132.1101,1818.8332,58.2063,3153.1433
131,47.5,43.776,798.9204,397.4462,286.3537,2321.1156,1025892.4504,40761.721,1071.1938,195.9209,132.1101,851.2821,18.5913,2777.7918
132,47.5,65.664,780.7564,540.1057,286.3537,2250.991,1022595.2667,40630.2698,1089.167,190.8912,390.0172,142.9481,16.8629,2026.9777
133,47.5,43.776,784.4804,2613.3857,286.3537,2247.5111,1021394.5223,40573.0034,1149.0452,214.5045,1929.1634,139.261,42.0759,158.7902
134,47.5,43.776,788.2044,2273.5919,286.3537,510.9538,1021659.5378,40587.0718,378.7701,129.0431,2608.3615,134.5674,937.2124,139.8386
135,47.5,87.552,748.1524,4079.5831,286.3537,372.2103,1023829.4853,40676.7145,295.9285,114.5053,2608.32,132.1101,2479.4415,126.8178
136,47.5,21.888,773.7644,1979.6472,286.3537,436.0431,1023898.6684,40692.1125,340.9754,114.6617,2608.32,132.1101,4019.9907,113.7969
137,47.5,21.888,799.3764,370.7894,286.3537,698.4913,1022343.0699,40632.1104,424.4634,117.7871,2608.32,390.0172,5263.9091,100.7761
138,47.5,65.664,781.2124,778.2899,286.3537,2238.7217,1021083.7459,40572.5036,1121.0351,135.6414,2608.32,1929.1634,4936.3258,87.7553
139,47.5,0.0,828.7124,2267.9977,286.3537,2352.2054,1021937.5018,40605.1377,1157.1507,141.3959,2613.7339,2608.3615,3958.1932,588.9826
140,47.5,43.776,832.4364,502.9792,286.3537,2350.2812,1020984.3408,40565.4952,1166.7428,156.3543,2685.3015,2608.32,2990.5375,1055.985
141,47.5,43.776,836.1604,5979.2649,286.3537,2357.1613,1025500.2988,40744.6174,1183.7614,164.1933,2719.84,2608.32,2059.6044,1583.9775
142,47.5,21.888,861.7724,4228.0268,286.3537,2310.5129,1028335.4986,40856.5093,1152.7273,163.7268,2719.84,2608.32,1163.3033,2111.97
143,47.5,131.328,777.9444,484.2657,286.3537,2310.5129,1027317.4974,40823.0303,1151.295,163.0106,2684.0308,2608.32,302.8114,2639.9625
144,47.5,43.776,781.6684,3684.0089,286.3537,2318.4377,1029583.9503,40925.6961,1120.9325,182.731,1823.462,2613.7339,260.3267,3167.955
145,47.5,43.776,785.3924,562.583,286.3537,2346.3482,1028771.4715,40891.0578,1085.0305,224.7089,866.9284,2685.3015,240.0886,3695.9475
146,47.5,21.888,811.0044,2772.8349,286.3537,2407.4781,1030161.994,40928.727,1122.2129,215.4074,164.269,2719.84,185.7657,4241.44
147,47.5,0.0,858.5044,2294.0703,286.3537,2328.4588,1031177.9517,40966.3928,1075.0042,211.0708,161.0235,2719.84,140.682,3906.9893
148,47.5,65.664,840.3404,4350.4899,286.3537,2372.2348,1034103.2559,41075.2814,1105.2088,207.7233,154.7638,2684.0308,98.4367,3531.6377
149,47.5,21.888,865.9524,227.7735,286.3537,2306.5708,1032157.4508,41004.6336,1059.0529,131.9587,142.9288,1823.462,58.8217,3156.2862
150,47.5,43.776,869.6764,577.7176,286.3537,2350.3468,1029537.5682,40902.2906,1089.1249,111.9805,133.3537,866.9284,19.2067,2780.9346
151,47.5,43.776,873.4004,4121.2036,286.3537,2287.2861,1029824.2004,40917.2746,1109.2787,105.4636,381.1935,164.269,16.8708,2033.0119
152,47.5,109.44,811.4604,2368.864,286.3537,2240.3918,1028339.7004,40860.6961,1138.2475,122.4139,1905.7423,161.0235,42.2662,164.8244
153,47.5,0.0,858.9604,2894.5034,286.3537,466.034,1029333.6427,40882.5134,339.7192,106.9246,2571.7073,154.7638,934.378,139.9428
154,47.5,21.888,884.5724,410.6042,286.3537,449.8113,1027828.1951,40825.1404,344.9791,107.6794,2584.9249,142.9288,2452.8702,126.9219
155,47.5,0.0,932.0724,2229.3493,286.3537,461.9081,1028142.5381,40841.1819,357.5606,114.8815,2606.3337,133.3537,3969.6694,113.9011
156,47.5,0.0,979.5724,2233.8517,286.3537,693.1614,1028469.0656,40857.0879,422.2368,117.2329,2608.32,381.1935,5218.4976,100.8803
157,47.5,175.104,851.9684,4230.1941,286.3537,2177.7042,1030594.9815,40942.6765,1084.0487,132.0783,2608.32,1905.7423,4910.8417,87.8594
158,47.5,43.776,855.6924,2501.5069,286.3537,2322.9522,1031637.8356,40982.1039,1146.5687,135.1231,2613.8166,2571.7073,3966.1522,589.1826
159,47.5,0.0,903.1924,1912.6959,286.3537,2375.5623,1032091.947,41012.899,1190.5382,183.3506,2685.3339,2584.9249,3015.087,1055.985
160,47.5,21.888,928.8044,1142.8197,286.3537,2333.8352,1031815.9575,40976.6597,1168.1302,251.4747,2723.4701,2606.3337,2080.4166,1583.9775
161,47.5,21.888,954.4164,2115.2338,286.3537,2376.1769,1032469.9643,41015.0306,1198.555,252.2318,2723.4701,2608.32,1183.75,2111.97
162,47.5,43.776,958.1404,625.2088,286.3537,2288.6249,1031703.2582,40977.8623,1136.2127,250.6401,2687.6609,2608.32,323.2581,2639.9625
163,47.5,153.216,852.4244,570.7332,286.3537,2296.4537,1030769.9781,40942.9907,1105.8616,234.0513,1828.6066,2613.8166,277.8564,3167.955
164,47.5,43.776,856.1484,624.3955,286.3537,2366.8502,1029997.988,40910.2097,1099.7804,163.2801,867.4104,2685.3339,259.0579,3695.9475
165,47.5,0.0,903.6484,588.9693,286.3537,2407.6462,1029229.9879,40875.5026,1122.0946,127.5571,160.4638,2723.4701,204.6773,4241.44
166,47.5,21.888,929.2604,4524.9337,286.3537,2350.3468,1032435.7511,40986.173,1090.418,127.0885,165.6817,2723.4701,151.1373,3910.1321
167,47.5,21.888,954.8724,3817.9907,286.3537,2306.5708,1034944.3621,41094.0222,1060.075,126.7067,168.48,2687.6609,99.8339,3534.7805
168,47.5,87.552,914.8204,469.5247,286.3537,2328.4588,1033156.9888,41026.9516,1075.0069,123.7363,161.0922,1828.6066,58.7167,3159.429
169,47.5,0.0,962.3204,578.1167,286.3537,2328.4588,1030604.5634,40925.253,1074.6513,119.8985,152.2022,867.4104,19.1017,2784.0774
170,47.5,65.664,944.1564,4378.3404,286.3537,2287.118,1031122.8143,40937.2564,1109.7199,111.7996,393.0717,160.4638,16.8778,2039.0461
171,47.5,21.888,969.7684,874.8331,286.3537,2312.7947,1028159.8053,40802.8289,1186.5107,127.0582,1908.7304,165.6817,42.4343,170.8586
172,47.5,43.776,973.4924,909.8248,286.3537,485.9814,1027115.6288,40746.204,347.4294,108.9598,2569.22,168.48,931.5223,140.0
173,47.5,65.664,955.3284,83.5105,286.3537,399.4907,1025307.0649,40685.8258,304.1781,103.1642,2568.32,161.0922,2450.2558,127.0261
174,47.5,43.776,959.0524,1943.1158,286.3537,411.6245,1025359.7985,40700.5658,316.0006,114.7181,2570.4316,152.2022,3967.055,114.0053
175,47.5,43.776,962.7764,136.0701,286.3537,724.256,1023522.0315,40639.0627,439.6273,194.889,2586.7227,393.0717,5196.2398,100.9844
176,47.5,0.0,1010.2764,443.9223,286.3537,2267.2086,1021945.6427,40578.0408,1145.325,219.8332,2607.3481,1908.7304,4867.7304,87.9636
177,47.5,65.664,992.1124,3970.6895,286.3537,2320.9527,1024435.7544,40686.7371,1145.9938,222.528,2617.5081,2569.22,3921.7005,589.3826
178,47.5,0.0,1039.6124,2007.5047,286.3537,2340.2472,1025007.347,40712.2635,1170.587,236.7784,2687.8043,2568.32,2986.7894,1055.985
179,47.5,109.44,977.6724,2705.9495,286.3537,2304.1547,1026207.4155,40749.5874,1157.3537,219.7688,2722.4251,2570.4316,2085.4764,1583.9775
180,47.5,87.552,937.6204,235.6645,286.3537,2290.1102,1024988.0154,40713.442,1145.3361,159.3001,2719.84,2586.7227,1207.2446,2111.97
181,47.5,0.0,985.1204,2217.9712,286.3537,2284.8697,1025861.4778,40751.463,1134.7104,161.9812,2684.0308,2607.3481,346.7291,2639.9625
182,47.5,43.776,988.8444,2274.046,286.3537,2340.1337,1026699.142,40787.6323,1136.2428,146.6937,1827.9936,2617.5081,297.5635,3167.955
183,47.5,43.776,992.5684,4270.209,286.3537,2410.5997,1029529.8633,40894.3611,1130.2871,137.2899,869.3325,2687.8043,278.7887,3695.9475
184,47.5,21.888,1018.1804,413.3664,286.3537,2342.1306,1028631.5728,40859.041,1076.4359,126.8989,160.3092,2722.4251,224.407,4241.44
185,47.5,43.776,1021.9044,2405.226,286.3537,2394.1228,1029646.5102,40892.4872,1120.867,127.5233,165.5332,2719.84,170.867,3913.2749
186,47.5,65.664,1003.7404,685.8316,286.3537,2350.3468,1028929.9561,40857.3328,1090.5299,127.1445,168.48,2684.0308,119.4152,3537.9233
187,47.5,87.552,963.6884,2429.0391,286.3537,2350.3468,1029078.6842,40861.9265,1090.5299,127.1445,168.48,1827.9936,70.9102,3162.5718
188,47.5,43.776,967.4124,644.6745,286.3537,2328.4588,1026550.9626,40757.5953,1075.3024,126.9256,168.48,869.3325,22.4052,2787.2202
189,47.5,0.0,1014.9124,2267.4496,286.3537,2243.1936,1025069.5868,40695.6938,1079.9035,119.7893,409.7843,160.3092,16.884,2045.0803
190,47.5,65.664,996.7484,4086.0355,286.3537,2246.9882,1025342.4042,40709.0869,1141.4998,154.0575,1926.2376,165.5332,42.5828,176.8928
191,47.5,43.776,1000.4724,3847.693,286.3537,557.4382,1027161.6617,40794.4445,396.6186,204.7243,2589.532,168.48,928.6477,140.0
192,47.5,43.776,1004.1964,4039.9349,286.3537,405.5191,1029331.4102,40884.0792,306.8136,195.6776,2579.742,168.48,2447.6226,127.1303
193,47.5,21.888,1029.8084,4025.3281,286.3537,468.6831,1031442.6441,40971.6111,351.3167,192.2874,2571.9501,168.48,3964.4218,114.1094
194,47.5,0.0,1077.3084,4607.389,286.3537,759.2655,1034097.2719,41062.9384,458.7056,194.263,2571.9501,409.7843,5196.6237,101.0886
195,47.5,65.664,1059.1444,382.0719,286.3537,2170.8901,1032508.2631,41002.4606,1072.1539,169.228,2570.4618,1926.2376,4871.0107,88.0678
196,47.5,87.552,1019.0924,932.33,286.3537,2356.4532,1031918.9575,40974.0657,1164.871,125.6688,2585.7629,2589.532,3904.4762,589.5826
197,47.5,0.0,1066.5924,546.1101,286.3537,2346.7974,1031032.5856,40936.4717,1172.4745,146.3633,2675.0867,2579.742,2945.8151,1055.985
198,47.5,43.776,1070.3164,4057.5196,286.3537,2302.8667,1033652.9852,41043.7472,1156.7849,156.9314,2719.84,2571.9501,2038.2922,1583.9775
199,47.5,21.888,1095.9284,348.4919,286.3537,2300.0141,1032589.2166,41008.4578,1156.2098,156.9028,2719.84,2571.9501,1174.6311,2111.97
200,47.5,43.776,1099.6524,2439.6637,286.3537,2256.0413,1033639.038,41043.3276,1124.2918,155.7585,2684.0308,2570.4618,346.7101,2639.9625
201,47.5,65.664,1081.4884,2362.9947,286.3537,2273.2851,1034585.8753,41079.3205,1097.5556,141.3496,1831.0107,2585.7629,316.2845,3167.955
202,47.5,65.664,1063.3244,369.3165,286.3537,2403.0536,1033490.3287,41038.9665,1127.6662,135.7349,872.3496,2675.0867,301.5547,3695.9475
203,47.5,21.888,1088.9364,2196.4426,286.3537,2407.9258,1034303.9926,41072.3224,1122.1393,127.5541,160.1726,2719.84,245.4891,4241.44
204,47.5,21.888,1114.5484,2129.8676,286.3537,2350.3468,1035111.0597,41114.3845,1090.4068,127.0829,165.4021,2719.84,191.9491,3916.4177
205,47.5,65.664,1096.3844,579.692,286.3537,2306.5708,1034333.9659,41079.4818,1060.075,126.7067,168.48,2684.0308,140.3662,3541.0662
206,47.5,109.44,1034.4444,1216.629,286.3537,2416.0108,1033183.013,41010.1419,1136.2774,167.1327,170.1053,1831.0107,91.8612,3165.7146
207,47.5,87.552,994.3924,334.9805,286.3537,2328.4588,1030304.8386,40907.3158,1075.4477,214.774,172.1101,872.3496,43.3562,2790.363
208,47.5,43.776,998.1164,649.5451,286.3537,2243.0624,1027161.7822,40782.0297,1080.1272,209.982,416.0354,160.1726,32.3335,2051.1145
209,47.5,21.888,1023.7284,2044.7987,286.3537,2246.8623,1025437.1388,40722.5487,1142.0483,228.8596,1940.5841,165.4021,49.2679,182.927
210,47.5,0.0,1071.2284,2093.3424,286.3537,519.4551,1025585.3876,40740.0956,369.6972,213.4025,2610.5141,168.48,925.7565,140.0
211,47.5,65.664,1053.0644,3855.5143,286.3537,449.2951,1027504.8527,40829.5048,337.9831,129.6688,2597.6041,170.1053,2444.9727,127.2344
212,47.5,65.664,1034.9004,4025.5633,286.3537,490.5711,1029553.3759,40914.2906,367.1943,113.2418,2588.204,172.1101,3961.7719,114.2136
213,47.5,65.664,1016.7364,762.6403,286.3537,717.1121,1028346.9211,40859.7144,428.8313,111.6694,2579.314,416.0354,5196.9909,101.1928
214,47.5,0.0,1064.2364,737.6186,286.3537,2223.543,1027136.4586,40801.6768,1105.5151,122.8959,2570.424,1940.5841,4874.2743,88.1719
215,47.5,43.776,1067.9604,2224.5638,286.3537,2373.5746,1027883.1628,40835.0128,1170.586,124.2395,2573.9464,2610.5141,3907.4933,589.7826
216,47.5,43.776,1071.6844,1248.7399,286.3537,2385.9988,1027629.5246,40799.4186,1192.7542,136.9531,2644.2426,2597.6041,2948.8322,1055.985
217,47.5,43.776,1075.4084,3901.4299,286.3537,2275.3161,1030135.8043,40898.1537,1130.86,145.585,2686.4963,2588.204,2025.1637,1583.9775
218,47.5,65.664,1057.2444,4358.107,286.3537,2265.3351,1033079.7136,41005.2311,1128.3436,151.0773,2702.8712,2579.314,1137.7526,2111.97
219,47.5,21.888,1082.8564,297.0032,286.3537,2279.5898,1031983.8899,40969.0449,1140.1194,156.3358,2684.0308,2570.424,292.8507,2639.9625
220,47.5,0.0,1130.3564,446.0028,286.3537,2263.5257,1031079.5251,40931.3542,1094.1348,139.3168,1834.0278,2573.9464,271.7248,3167.955
221,47.5,21.888,1155.9684,2326.9653,286.3537,2399.6557,1031962.729,40970.1502,1133.9216,166.9319,876.8693,2644.2426,285.782,3695.9475
222,47.5,65.664,1137.8044,700.6098,286.3537,2337.0629,1031282.2636,40934.1982,1082.0093,209.0831,163.6423,2686.4963,257.4157,4241.44
223,47.5,109.44,1075.8644,544.5994,286.3537,2336.5003,1030416.5104,40896.7777,1085.5417,211.9394,168.8782,2702.8712,214.702,3919.5605
224,47.5,0.0,1123.3644,2191.0876,286.3537,2328.4588,1031293.6763,40931.067,1075.4477,214.774,172.1101,2684.0308,159.8428,3544.209
225,47.5,43.776,1127.0884,2756.3403,286.3537,2350.3468,1031819.5158,40934.8791,1090.6751,214.9929,172.1101,1834.0278,111.3378,3168.8574
226,47.5,43.776,1130.8124,2156.3681,286.3537,2350.3468,1030788.2246,40897.4937,1090.5573,143.7227,169.165,876.8693,62.8328,2793.5058
227,47.5,43.776,1134.5364,276.6648,286.3537,2264.7964,1027253.1181,40765.6883,1095.0617,122.3057,409.4882,163.6423,51.8706,2057.1487
228,47.5,0.0,1182.0364,377.1498,286.3537,2268.6025,1023863.5438,40633.5732,1156.9841,141.1834,1934.0369,168.8782,68.9525,188.9612
229,47.5,43.776,1185.7604,1902.1142,286.3537,525.2479,1023774.3842,40642.5941,372.3396,126.6205,2609.22,172.1101,940.0819,140.0
230,47.5,0.0,1233.2604,902.2463,286.3537,449.2951,1022808.2503,40597.8279,338.4117,122.1712,2608.32,172.1101,2450.6495,127.3386
231,47.5,43.776,1236.9844,2208.5453,286.3537,446.7951,1023104.2984,40613.1376,337.5206,121.2354,2607.7347,169.165,3959.1441,114.3178
232,47.5,109.44,1175.0444,510.2561,286.3537,736.1037,1021575.3533,40554.2017,443.4929,120.2907,2598.8447,409.4882,5197.3802,101.2969
233,47.5,43.776,1178.7684,2346.923,286.3537,2198.7586,1021949.689,40569.7271,1089.7217,131.0794,2589.9547,1934.0369,4877.56,88.2761
234,47.5,87.552,1138.7164,233.608,286.3537,2375.4807,1020658.0313,40530.0684,1171.7866,130.1406,2586.7389,2609.22,3910.5104,589.9826
235,47.5,21.888,1164.3284,2117.5925,286.3537,2373.4632,1021317.2237,40563.4598,1181.0918,140.3779,2648.1451,2608.32,2951.8493,1055.985
236,47.5,21.888,1189.9404,2191.4636,286.3537,2335.0291,1022089.8252,40601.6253,1166.8676,177.9095,2681.3211,2607.7347,2028.0888,1583.9775
237,47.5,0.0,1237.4404,2414.1445,286.3537,2325.1959,1023109.6819,40644.697,1163.8119,232.8624,2683.4701,2598.8447,1140.6777,2111.97
238,47.5,109.44,1175.5004,4653.7154,286.3537,2273.6388,1026305.8184,40752.7007,1129.3471,231.7603,2651.4204,2589.9547,289.0758,2639.9625
239,47.5,0.0,1223.0004,4178.8039,286.3537,2295.7173,1029111.6026,40862.2646,1112.4872,220.5064,1819.4207,2586.7389,240.8956,3167.955
240,47.5,65.664,1204.8364,381.2393,286.3537,2337.0411,1028073.8524,40828.016,1089.5325,218.4934,882.0139,2648.1451,232.2848,3695.9475
241,47.5,43.776,1208.5604,4067.0511,286.3537,2331.8768,1030782.9356,40937.9991,1079.9992,146.5713,161.095,2681.3211,211.2403,4241.44
242,47.5,21.888,1234.1724,717.4595,286.3537,2339.6597,1030158.357,40905.8647,1093.8339,120.2484,164.9674,2683.4701,190.3403,3922.7033
243,47.5,65.664,1216.0084,2270.7408,286.3537,2276.9986,1031075.9421,40944.8741,1049.3876,120.3236,168.48,2651.4204,167.2059,3547.3518
244,47.5,43.776,1219.7324,552.8678,286.3537,2333.0033,1029404.9563,40876.6793,1084.262,123.4009,168.48,1819.4207,133.287,3172.0002
245,47.5,21.888,1245.3444,1997.294,286.3537,2350.3468,1028241.6237,40843.175,1090.5299,127.1445,168.48,882.0139,80.8712,2796.6487
246,47.5,43.776,1249.0684,3804.1755,286.3537,2286.6728,1028208.6928,40853.2932,1110.1701,122.4793,406.5711,161.095,69.8211,2063.1829
247,47.5,43.776,1252.7924,738.5133,286.3537,2246.445,1025155.8759,40721.1137,1141.5856,140.9166,1931.1198,164.9674,87.1833,194.9954
248,47.5,65.664,1234.6284,626.0462,286.3537,552.9287,1023736.296,40658.6356,390.2754,135.3896,2609.5709,168.48,955.2843,140.0
249,47.5,43.776,1238.3524,4457.6249,286.3537,449.2951,1026278.1346,40745.4513,338.4373,137.6738,2608.9606,168.48,2466.0933,127.4428
250,47.5,0.0,1285.8524,2012.5596,286.3537,512.4591,1026352.8879,40761.0721,383.252,137.6474,2608.9606,168.48,3974.0025,114.4219
251,47.5,109.44,1223.9124,4264.8,286.3537,689.4313,1028624.1867,40846.2291,412.3079,268.0247,2614.2721,406.5711,5206.3657,101.4011
252,47.5,21.888,1249.5244,466.2365,286.3537,2217.7501,1027117.024,40786.4945,1104.6553,335.5964,2616.2854,1931.1198,4880.7009,88.3803
253,47.5,0.0,1297.0244,111.1881,286.3537,2375.4807,1025790.8493,40746.0782,1172.7949,309.6382,2611.948,2609.5709,3913.5275,590.1826
254,47.5,87.552,1256.9724,932.5624,286.3537,2373.6552,1025199.7882,40706.7729,1182.1719,303.7639,2672.6885,2608.9606,2954.8664,1055.985
255,47.5,43.776,1260.6964,2298.5312,286.3537,2313.6187,1026081.0099,40740.5056,1152.5453,307.7064,2699.6357,2608.9606,2031.0139,1583.9775
256,47.5,43.776,1264.4204,2567.7395,286.3537,2354.8189,1027193.8344,40779.3236,1181.8608,148.7543,2684.131,2614.2721,1143.6028,2111.97
257,47.5,65.664,1246.2564,431.6057,286.3537,2288.5034,1026219.7515,40743.0231,1134.4236,145.4975,2644.0308,2616.2854,292.0009,2639.9625
258,47.5,87.552,1206.2044,408.2886,286.3537,2288.5979,1025197.3612,40704.9723,1101.8083,127.6082,1800.062,2611.948,240.9036,3167.955
259,47.5,0.0,1253.7044,749.2199,286.3537,2351.8097,1024599.6827,40669.1402,1093.3528,117.9541,844.4482,2672.6885,231.4028,3695.9475
260,47.5,21.888,1279.3164,2383.9935,286.3537,2364.5206,1025629.9298,40706.363,1098.1771,112.9751,137.6774,2699.6357,185.895,4241.44
261,47.5,21.888,1304.9284,767.4424,286.3537,2365.0551,1025028.8978,40668.7916,1110.3102,121.0338,164.5229,2684.131,141.245,3925.8462
262,47.5,65.664,1286.7644,2128.2918,286.3537,2339.5948,1025732.0038,40705.3422,1093.9613,120.318,168.48,2644.0308,122.2154,3550.4946
263,47.5,21.888,1312.3764,2710.4497,286.3537,2273.9308,1026285.4749,40719.6195,1048.2789,119.6614,168.48,1800.062,106.3504,3175.143
264,47.5,65.664,1294.2124,254.4039,286.3537,2276.4175,1023380.4632,40615.6774,1049.1775,120.1981,168.48,844.4482,87.4381,2799.7915
265,47.5,87.552,1254.1604,2192.8774,286.3537,2268.4575,1021691.3631,40557.7123,1103.4705,118.5023,403.654,137.6774,91.8114,2069.2171
266,47.5,21.888,1279.7724,1793.8061,286.3537,2311.7454,1019647.3271,40488.1529,1187.0209,141.4508,1928.2027,164.5229,105.5107,201.0296
267,47.5,43.776,1283.4964,2134.632,286.3537,536.8336,1019774.9868,40502.8074,377.8047,173.0698,2611.1346,168.48,970.5137,140.0
268,47.5,87.552,1243.4444,4130.9863,286.3537,449.2951,1021946.4107,40592.7009,338.5569,210.0195,2611.9501,168.48,2481.5641,127.5469
269,47.5,43.776,1247.1684,636.5697,286.3537,424.9071,1020692.5982,40536.225,322.4617,209.1176,2611.9501,168.48,3989.4733,114.5261
270,47.5,21.888,1272.7804,819.7408,286.3537,664.6469,1019629.2898,40478.0851,395.6404,211.515,2611.9501,403.654,5224.8536,101.5053
271,47.5,21.888,1298.3924,2213.7984,286.3537,2280.5177,1019801.3891,40488.4369,1148.8172,227.6737,2611.9501,1928.2027,4901.9362,88.4844
272,47.5,87.552,1258.3404,684.1621,286.3537,2353.5927,1018985.0,40456.3333,1157.6503,146.9997,2614.0181,2611.1346,3925.7521,590.3826
273,47.5,43.776,1262.0644,2276.3382,286.3537,2395.7352,1019761.4802,40490.0552,1197.954,156.1996,2684.0936,2611.9501,2958.201,1055.985
274,47.5,0.0,1309.5644,2019.72,286.3537,2335.5067,1020387.8561,40527.3556,1168.2457,160.2798,2711.4583,2611.9501,2033.939,1583.9775
275,47.5,0.0,1357.0644,497.246,286.3537,2267.2669,1019562.8412,40492.8389,1121.6808,155.7969,2702.3792,2611.9501,1146.5279,2111.97
276,47.5,109.44,1295.1244,4284.4313,286.3537,2310.5129,1022370.5237,40602.3841,1150.2587,162.4411,2658.1249,2611.9501,294.926,2639.9625
277,47.5,0.0,1342.6244,2435.0012,286.3537,2317.7657,1023432.7291,40642.7332,1119.9888,147.0287,1808.4772,2614.0181,240.9116,3167.955
278,47.5,65.664,1324.4604,2582.8937,286.3537,2366.3437,1024596.6365,40678.6106,1098.6153,135.3522,845.0586,2684.0936,231.5068,3695.9475
279,47.5,43.776,1328.1844,2663.6136,286.3537,2335.6337,1025923.7918,40714.1859,1072.4216,123.6225,120.6406,2711.4583,185.995,4241.44
280,47.5,21.888,1353.7964,2266.0936,286.3537,2358.0563,1026844.2128,40748.207,1099.0086,123.5103,128.1453,2702.3792,141.345,3928.989
281,47.5,0.0,1401.2964,2161.7991,286.3537,2350.7312,1027646.9367,40787.1978,1097.235,219.954,149.7044,2658.1249,98.2142,3553.6374
282,47.5,21.888,1426.9084,2071.5987,286.3537,2321.589,1027519.6145,40796.0773,1080.3257,275.7249,173.202,1808.4772,58.5992,3178.2858
283,47.5,65.664,1408.7444,2282.3386,286.3537,2339.5948,1026577.7951,40761.2625,1094.2183,275.8405,174.9039,845.0586,41.9077,2802.9343
284,47.5,43.776,1412.4684,534.679,286.3537,2232.1448,1023297.7133,40636.1497,1083.1702,270.6472,407.1607,120.6406,63.2977,2075.2513
285,47.5,65.664,1394.3044,2381.9171,286.3537,2237.7639,1021844.2511,40571.6933,1145.7901,290.0528,1931.7129,128.1453,110.7609,207.0638
286,47.5,65.664,1376.1404,2181.8424,286.3537,501.8027,1022018.429,40581.4619,358.3515,122.4881,2609.22,149.7044,989.1412,140.0
287,47.5,65.664,1357.9764,4081.3207,286.3537,447.9064,1024168.4992,40670.9325,337.9098,121.8714,2608.32,173.202,2497.8651,127.6511
288,47.5,0.0,1405.4764,5669.9578,286.3537,490.5711,1027929.8746,40833.3952,367.9989,121.9259,2608.32,174.9039,4005.4611,114.6303
289,47.5,87.552,1365.4244,704.4189,286.3537,683.6385,1026669.3042,40777.2774,409.3756,123.8566,2608.32,407.1607,5243.8585,101.6094
290,47.5,43.776,1369.1484,1962.5982,286.3537,2190.0693,1026666.0425,40788.7287,1086.415,138.9209,2608.32,1931.7129,4923.8376,88.5886
291,47.5,21.888,1394.7604,664.4712,286.3537,2419.2567,1025825.3119,40750.6675,1203.3199,142.2992,2613.6974,2609.22,3947.5328,590.5826
292,47.5,65.664,1376.5964,2200.7439,286.3537,2395.8407,1026500.5698,40785.3245,1198.004,156.1925,2683.9936,2608.32,2979.9817,1056.0751
293,47.5,43.776,1380.3204,340.1164,286.3537,2313.7052,1025422.646,40749.8543,1153.4054,163.7682,2720.0308,2608.32,2047.0516,1583.9775
294,47.5,65.664,1362.1564,3839.0551,286.3537,2311.0429,1027824.546,40857.9379,1152.8342,163.7321,2719.84,2608.32,1150.7541,2111.97
295,47.5,21.888,1387.7684,933.3491,286.3537,2288.6249,1027387.8682,40824.8079,1135.7639,159.5156,2676.4419,2608.32,297.8511,2639.9625
296,47.5,109.44,1325.8284,2671.912,286.3537,2361.4457,1028531.7237,40867.4147,1151.2774,162.6542,1830.5486,2613.6974,240.9196,3167.955
297,47.5,0.0,1373.3284,2074.8152,286.3537,2366.2477,1029253.2165,40902.9129,1099.3916,214.0672,865.6963,2683.9936,231.6108,3695.9475
298,47.5,0.0,1420.8284,4413.4494,286.3537,2320.7408,1032396.7837,41011.3268,1060.0713,199.7376,129.3712,2720.0308,186.095,4241.44
299,47.5,87.552,1380.7764,939.6187,286.3537,2328.5296,1031970.664,40977.9678,1073.7212,197.4363,128.5913,2719.84,141.445,3932.1318
300,47.5,0.0,1428.2764,4638.0773,286.3537,2366.0423,1035249.2196,41080.8243,1102.066,197.4081,132.1432,2676.4419,98.3142,3556.7802
301,47.5,43.776,1432.0004,2066.1328,286.3537,2336.9001,1035097.8513,41085.6595,1084.3083,209.604,134.4304,1830.5486,58.6992,3181.4287
302,47.5,0.0,1479.5004,149.6765,286.3537,2329.6458,1032117.8404,40980.5749,1082.0818,127.468,144.3099,865.6963,19.0842,2806.0771
303,47.5,109.44,1417.5604,2375.8114,286.3537,2214.9415,1030639.0165,40918.1525,1069.1233,129.6002,394.3507,129.3712,16.6242,2081.2855
304,47.5,21.888,1443.1724,3915.4702,286.3537,2213.7991,1030788.6747,40927.5633,1129.4639,149.2382,1923.0091,128.5913,63.5792,213.098
305,47.5,21.888,1468.7844,303.1242,286.3537,603.3312,1029007.1095,40868.9314,432.2548,135.384,2609.8275,132.1432,955.2687,140.0
306,47.5,43.776,1472.5084,2187.8203,286.3537,374.301,1029328.9512,40884.9084,296.6745,114.995,2608.32,134.4304,2497.6992,127.7553
307,47.5,87.552,1432.4564,2328.1668,286.3537,404.6616,1029723.6004,40894.614,314.9998,116.8993,2608.32,144.3099,4023.3797,114.7344
308,47.5,43.776,1436.1804,377.0213,286.3537,721.1646,1028128.1251,40833.4922,437.2715,123.5415,2608.32,394.3507,5264.3387,101.7136
309,47.5,0.0,1483.6804,150.4579,286.3537,2209.0609,1026328.0125,40774.1184,1100.2953,139.1108,2608.32,1923.0091,4946.4581,88.6928
310,47.5,109.44,1421.7404,415.5974,286.3537,2419.2567,1025151.4636,40736.1482,1203.3159,142.2841,2613.5974,2609.8275,3970.0326,590.7826
311,47.5,21.888,1447.3524,665.4192,286.3537,2373.9527,1024357.9728,40696.8596,1182.8475,201.2941,2685.767,2608.32,3002.4815,1056.2751
312,47.5,21.888,1472.9644,2584.924,286.3537,2270.1212,1025592.1446,40735.5422,1123.2553,288.2878,2725.1923,2608.32,2069.4513,1583.9775
313,47.5,43.776,1476.6884,566.8124,286.3537,2311.0429,1024743.6899,40700.0879,1153.1588,360.1951,2727.9543,2608.32,1173.1619,2111.97
314,47.5,87.552,1436.6364,537.0833,286.3537,2354.2889,1023776.6823,40668.4313,1182.0745,359.9114,2692.1451,2608.32,312.67,2639.9625
315,47.5,0.0,1484.1364,740.9887,286.3537,2339.4617,1023121.8544,40630.9363,1137.0679,343.5284,1857.2276,2613.5974,243.9314,3167.955
316,47.5,87.552,1444.0844,857.2003,286.3537,2366.1517,1022540.0537,40596.3623,1100.1427,162.1967,885.7027,2685.767,231.7148,3695.9475
317,47.5,65.664,1425.9204,1972.4134,286.3537,2342.6288,1023159.2824,40631.9141,1075.9329,120.5188,145.2238,2725.1923,186.195,4241.44
318,47.5,21.888,1451.5324,331.0469,286.3537,2350.4176,1022175.5693,40593.9541,1089.4568,116.8581,141.295,2727.9543,141.545,3935.2746
319,47.5,21.888,1477.1444,2248.1201,286.3537,2328.4588,1023095.994,40639.1366,1074.0002,112.8711,135.9238,2692.1451,98.4142,3559.923
320,47.5,21.888,1502.7564,2929.1531,286.3537,2372.2348,1023816.9341,40642.2129,1104.1574,110.0954,128.48,1857.2276,58.7992,3184.5715
321,47.5,21.888,1528.3684,5488.2171,286.3537,2323.6557,1026176.8995,40752.723,1071.9666,108.6208,128.48,885.7027,19.1842,2809.2199
322,47.5,87.552,1488.3164,2747.183,286.3537,2318.3914,1024996.5051,40692.4521,1134.215,103.0181,355.2558,145.2238,16.6242,2087.3197
323,47.5,21.888,1513.9284,2426.1175,286.3537,2227.1275,1023653.1805,40632.9807,1133.0349,124.6569,1891.862,141.295,42.8825,219.1322
324,47.5,0.0,1561.4284,5849.8492,286.3537,549.5342,1027498.9308,40790.2786,391.1063,117.8212,2600.9422,135.9238,907.8049,140.0
325,47.5,87.552,1521.3764,2166.1238,286.3537,394.7671,1027728.2923,40802.9209,311.3881,114.9069,2608.32,128.48,2445.3112,127.8594
326,47.5,65.664,1503.2124,1936.0611,286.3537,414.1551,1027729.2831,40815.2058,325.7479,114.4428,2608.32,128.48,3985.8604,114.8386
327,47.5,65.664,1485.0484,156.9857,286.3537,623.6058,1025959.7436,40756.4319,379.8597,175.7943,2610.7662,355.2558,5262.5788,101.8178
328,47.5,43.776,1488.7724,263.9487,286.3537,2161.7635,1024251.6051,40695.8254,1075.7297,221.8519,2611.9501,1891.862,4968.6452,88.7969
329,47.5,0.0,1536.2724,2241.5058,286.3537,2390.614,1025032.5972,40730.5329,1185.7884,228.4404,2617.1275,2600.9422,3995.3004,590.9826
330,47.5,0.0,1583.7724,436.4329,286.3537,2373.9527,1024032.0081,40688.9932,1182.9137,243.7917,2687.4237,2608.32,3026.2262,1056.4751
331,47.5,43.776,1587.4964,580.2105,286.3537,2335.9772,1023170.9783,40652.6506,1168.9748,251.8645,2723.6609,2608.32,2093.096,1583.9775
332,47.5,43.776,1591.2204,4495.4287,286.3537,2354.8189,1026207.9861,40758.468,1183.2903,164.8428,2719.8678,2610.7662,1196.8145,2111.97
333,47.5,43.776,1594.9444,1278.4883,286.3537,2310.5129,1026075.3896,40731.9288,1151.3139,174.4493,2684.5035,2611.9501,336.3226,2639.9625
334,47.5,87.552,1554.8924,2247.2996,286.3537,2317.4777,1026865.7508,40766.3881,1121.613,162.4022,1852.771,2617.1275,264.667,3167.955
335,47.5,65.664,1536.7284,3908.0126,286.3537,2344.1677,1029381.2071,40873.6447,1085.2023,152.5605,894.1099,2687.4237,246.6601,3695.9475
336,47.5,21.888,1562.3404,318.0108,286.3537,2386.4048,1028342.6779,40837.8969,1107.0046,142.8381,160.6406,2723.6609,192.2464,4241.44
337,47.5,43.776,1566.0644,2496.3807,286.3537,2372.3056,1029471.524,40875.4735,1105.5379,140.8548,162.6354,2719.8678,141.645,3938.4174
338,47.5,43.776,1569.7884,2114.5531,286.3537,2328.4588,1030228.852,40913.2715,1074.836,125.8831,156.8193,2684.5035,98.5142,3563.0658
339,47.5,65.664,1551.6244,2665.4086,286.3537,2372.2348,1030637.815,40920.563,1104.9287,118.4191,147.7614,1852.771,58.8992,3187.7143
340,47.5,21.888,1577.2364,4325.4378,286.3537,2350.3468,1031814.7222,40962.3427,1089.3456,114.3624,138.8714,894.1099,19.2842,2812.3627
341,47.5,87.552,1537.1844,233.885,286.3537,2242.8968,1028212.8704,40830.9501,1077.672,153.7245,355.4922,160.6406,16.6242,2093.3539
342,47.5,0.0,1584.6844,516.6211,286.3537,2265.9292,1024959.7501,40701.1672,1154.021,279.9936,1883.0138,162.6354,42.8825,225.1664
343,47.5,21.888,1610.2964,1101.1367,286.3537,572.2407,1024029.0336,40639.918,398.9493,292.4237,2576.844,156.8193,904.7878,140.0
344,47.5,65.664,1592.1324,169.1702,286.3537,432.3887,1022260.5295,40581.4231,331.3303,300.9979,2584.0344,147.7614,2425.6936,127.9636
345,47.5,65.664,1573.9684,4268.8462,286.3537,400.7465,1024617.1055,40669.3682,313.2897,305.8287,2600.9408,138.8714,3942.4928,114.9428
346,47.5,65.664,1555.8044,2323.8098,286.3537,665.4223,1024970.8954,40686.9876,409.2392,135.8578,2609.0907,355.4922,5207.4986,101.9219
347,47.5,0.0,1603.3044,1992.263,286.3537,2192.5161,1024995.8266,40697.6996,1101.0325,132.2264,2608.32,1883.0138,4929.0832,88.9011
348,47.5,65.664,1585.1404,3135.5444,286.3537,2364.7287,1026612.8173,40732.1287,1176.2843,134.9896,2613.3974,2576.844,3985.0564,591.1826
349,47.5,65.664,1566.9764,2428.2275,286.3537,2325.6264,1027569.2731,40768.8709,1157.9822,150.0026,2683.6936,2584.0344,3042.5452,1056.6751
350,47.5,43.776,1570.7004,122.8999,286.3537,2257.8625,1026327.247,40731.1975,1118.6765,160.6451,2720.0308,2600.9408,2118.847,1583.9775
351,47.5,0.0,1618.2004,2092.6337,286.3537,2311.0429,1027049.1604,40767.0977,1152.8342,163.7321,2719.84,2609.0907,1219.7227,2111.97
352,47.5,21.888,1643.8124,275.7544,286.3537,2288.6249,1025954.8879,40730.9735,1136.0675,162.7917,2684.0308,2608.32,359.2308,2639.9625
353,47.5,0.0,1691.3124,5942.6206,286.3537,2339.2697,1030501.6919,40911.3296,1136.8863,147.1715,1855.1475,2613.3974,284.658,3167.955
354,47.5,21.888,1716.9244,801.4701,286.3537,2365.9597,1029927.9517,40877.701,1100.4757,137.3299,896.4864,2683.6936,266.7472,3695.9475
355,47.5,87.552,1676.8724,505.959,286.3537,2386.4048,1029008.0765,40840.6719,1106.9789,127.3355,160.0,2720.0308,212.3295,4241.44
356,47.5,21.888,1702.4844,7505.5554,286.3537,2350.4176,1035190.7575,41092.7203,1090.4109,131.6015,165.1483,2719.84,158.7895,3941.5602
357,47.5,43.776,1706.2084,4522.3318,286.3537,2394.1228,1038286.9916,41206.6304,1121.0994,196.8718,171.3432,2684.0308,106.7687,3566.2087
358,47.5,43.776,1709.9324,452.5084,286.3537,2350.3468,1036530.1189,41138.0826,1090.6457,214.6753,171.3745,1855.1475,58.9992,3190.8571
359,47.5,43.776,1713.6564,2345.7527,286.3537,2372.2348,1035685.0293,41108.1452,1105.5176,211.0564,162.4845,896.4864,19.3842,2815.5055
360,47.5,65.664,1695.4924,135.2896,286.3537,2242.8968,1032005.8295,40973.6587,1078.4197,201.6255,374.183,160.0,16.6242,2099.3881
361,47.5,65.664,1677.3284,531.2452,286.3537,2246.4391,1028724.0436,40842.7726,1139.9186,207.7905,1889.4751,165.1483,42.8825,231.2006
362,47.5,65.664,1659.1644,439.2033,286.3537,565.7977,1027107.0788,40781.5184,389.7475,111.3572,2572.9244,171.3432,901.7707,140.0
363,47.5,43.776,1662.8884,651.9395,286.3537,426.8069,1025869.6621,40725.7038,321.3673,104.5547,2568.32,171.3745,2422.9179,128.0678
364,47.5,0.0,1710.3884,478.1803,286.3537,482.7167,1024436.4663,40671.8438,363.5709,109.3873,2568.5855,162.4845,3939.7171,115.0469
