event_id,trigger_day,start_day,end_day,supplier_id,item_id,risk_family,risk_type,multiplier,trigger_metric,trigger_value,threshold,consecutive_days,effect,notes
state_stock_stock_cover_below_3d_SDC_VD0508918A_item_730384_d30,30,31,44,SDC-VD0508918A,item:730384,stock,availability,0.85,stock_cover_below_3d,2.334967,3.0,2,Disponibilite fournisseur x0.85 pendant 14 jours,Tension stock: declenche quand le stock fournisseur couvre moins de 3 jours de besoin pendant 2 jours consecutifs.
state_stock_stock_cover_below_5d_SDC_VD0520132A_item_038005_d30,30,31,37,SDC-VD0520132A,item:038005,stock,availability,0.95,stock_cover_below_5d,3.338752,5.0,22,Disponibilite fournisseur x0.95 pendant 7 jours,Alerte legere: declenche quand le stock fournisseur couvre moins de 5 jours de besoin pendant 5 jours consecutifs.
state_stock_stock_cover_below_5d_SDC_VD0525412A_item_333362_d30,30,31,37,SDC-VD0525412A,item:333362,stock,availability,0.95,stock_cover_below_5d,1.012987,5.0,26,Disponibilite fournisseur x0.95 pendant 7 jours,Alerte legere: declenche quand le stock fournisseur couvre moins de 5 jours de besoin pendant 5 jours consecutifs.
state_stock_stock_cover_below_3d_SDC_VD0525412A_item_333362_d30,30,31,44,SDC-VD0525412A,item:333362,stock,availability,0.85,stock_cover_below_3d,1.012987,3.0,25,Disponibilite fournisseur x0.85 pendant 14 jours,Tension stock: declenche quand le stock fournisseur couvre moins de 3 jours de besoin pendant 2 jours consecutifs.
state_stock_stock_cover_below_3d_SDC_VD0989480A_item_426331_d30,30,31,44,SDC-VD0989480A,item:426331,stock,availability,0.85,stock_cover_below_3d,0.699739,3.0,3,Disponibilite fournisseur x0.85 pendant 14 jours,Tension stock: declenche quand le stock fournisseur couvre moins de 3 jours de besoin pendant 2 jours consecutifs.
state_stock_stock_cover_below_5d_SDC_VD0993480A_item_344135_d30,30,31,37,SDC-VD0993480A,item:344135,stock,availability,0.95,stock_cover_below_5d,1.337662,5.0,30,Disponibilite fournisseur x0.95 pendant 7 jours,Alerte legere: declenche quand le stock fournisseur couvre moins de 5 jours de besoin pendant 5 jours consecutifs.
state_stock_stock_cover_below_3d_SDC_VD0993480A_item_344135_d30,30,31,44,SDC-VD0993480A,item:344135,stock,availability,0.85,stock_cover_below_3d,1.337662,3.0,30,Disponibilite fournisseur x0.85 pendant 14 jours,Tension stock: declenche quand le stock fournisseur couvre moins de 3 jours de besoin pendant 2 jours consecutifs.
state_upstream_upstream_rejection_avg_7d_above_10pct_with_stock_cover_below_7d_SDC_VD0508918A_item_730384_d30,30,31,37,SDC-VD0508918A,item:730384,upstream,external_availability,0.97,upstream_rejection_avg_7d_above_10pct_with_stock_cover_below_7d,0.865235,0.1,2,Appro amont fournisseur disponibilite x0.97 pendant 7 jours,Alerte appro amont persistante: declenche quand le rejet amont moyen 7 jours depasse 10% et que le stock fournisseur couvre moins de 7 jours.
state_upstream_upstream_rejection_avg_14d_above_50pct_with_stock_cover_below_3d_SDC_VD0508918A_item_730384_d30,30,31,44,SDC-VD0508918A,item:730384,upstream,external_capacity,0.9,upstream_rejection_avg_14d_above_50pct_with_stock_cover_below_3d,0.89113,0.5,2,Appro amont fournisseur capacite x0.90 pendant 14 jours,Risque appro amont severise: declenche quand le rejet amont moyen 14 jours depasse 50% et que le stock fournisseur couvre moins de 3 jours.
state_cost_upstream_recourse_cost_ratio_above_250pct_SDC_VD0508918A_item_730384_d30,30,31,44,SDC-VD0508918A,item:730384,cost,external_cost,1.1,upstream_recourse_cost_ratio_above_250pct,6.0,2.5,28,Cout de recours amont x1.10 pendant 14 jours,"Cout de recours amont: declenche quand le cout unitaire amont observe depasse 250% du prix fournisseur de reference pendant 3 jours. C'est un cout de secours, pas un risque physique fournisseur."
state_upstream_upstream_rejection_avg_7d_above_10pct_with_stock_cover_below_7d_SDC_VD0514881A_item_016332_d30,30,31,37,SDC-VD0514881A,item:016332,upstream,external_availability,0.97,upstream_rejection_avg_7d_above_10pct_with_stock_cover_below_7d,0.364272,0.1,3,Appro amont fournisseur disponibilite x0.97 pendant 7 jours,Alerte appro amont persistante: declenche quand le rejet amont moyen 7 jours depasse 10% et que le stock fournisseur couvre moins de 7 jours.
state_upstream_upstream_rejection_avg_7d_above_10pct_with_stock_cover_below_7d_SDC_VD0520115A_item_708073_d30,30,31,37,SDC-VD0520115A,item:708073,upstream,external_availability,0.97,upstream_rejection_avg_7d_above_10pct_with_stock_cover_below_7d,0.189068,0.1,30,Appro amont fournisseur disponibilite x0.97 pendant 7 jours,Alerte appro amont persistante: declenche quand le rejet amont moyen 7 jours depasse 10% et que le stock fournisseur couvre moins de 7 jours.
state_upstream_upstream_rejection_avg_7d_above_10pct_with_stock_cover_below_7d_SDC_VD0520132A_item_038005_d30,30,31,37,SDC-VD0520132A,item:038005,upstream,external_availability,0.97,upstream_rejection_avg_7d_above_10pct_with_stock_cover_below_7d,0.250624,0.1,22,Appro amont fournisseur disponibilite x0.97 pendant 7 jours,Alerte appro amont persistante: declenche quand le rejet amont moyen 7 jours depasse 10% et que le stock fournisseur couvre moins de 7 jours.
state_upstream_upstream_rejection_avg_7d_above_10pct_with_stock_cover_below_7d_SDC_VD0520132A_item_049371_d30,30,31,37,SDC-VD0520132A,item:049371,upstream,external_availability,0.97,upstream_rejection_avg_7d_above_10pct_with_stock_cover_below_7d,0.225124,0.1,25,Appro amont fournisseur disponibilite x0.97 pendant 7 jours,Alerte appro amont persistante: declenche quand le rejet amont moyen 7 jours depasse 10% et que le stock fournisseur couvre moins de 7 jours.
state_upstream_upstream_rejection_avg_7d_above_10pct_with_stock_cover_below_7d_SDC_VD0525412A_item_333362_d30,30,31,37,SDC-VD0525412A,item:333362,upstream,external_availability,0.97,upstream_rejection_avg_7d_above_10pct_with_stock_cover_below_7d,0.870554,0.1,26,Appro amont fournisseur disponibilite x0.97 pendant 7 jours,Alerte appro amont persistante: declenche quand le rejet amont moyen 7 jours depasse 10% et que le stock fournisseur couvre moins de 7 jours.
state_upstream_upstream_rejection_avg_14d_above_50pct_with_stock_cover_below_3d_SDC_VD0525412A_item_333362_d30,30,31,44,SDC-VD0525412A,item:333362,upstream,external_capacity,0.9,upstream_rejection_avg_14d_above_50pct_with_stock_cover_below_3d,0.882549,0.5,20,Appro amont fournisseur capacite x0.90 pendant 14 jours,Risque appro amont severise: declenche quand le rejet amont moyen 14 jours depasse 50% et que le stock fournisseur couvre moins de 3 jours.
state_reliability_delivery_loss_rate_above_3pct_SDC_VD0525412A_item_333362_d30,30,31,44,SDC-VD0525412A,item:333362,reliability,reliability,0.95,delivery_loss_rate_above_3pct,0.25,0.03,31,Fiabilite de livraison x0.95 pendant 14 jours,Alerte fiabilite: declenche quand plus de 3% de la quantite appelee n'est pas livree pendant 2 jours observes.
state_quality_delivery_loss_rate_above_8pct_SDC_VD0525412A_item_333362_d30,30,31,44,SDC-VD0525412A,item:333362,quality,quality_yield,0.9,delivery_loss_rate_above_8pct,0.25,0.08,31,Rendement qualite reception x0.90 pendant 14 jours,Risque qualite: declenche quand plus de 8% de la quantite appelee est perdue a la livraison sur une journee observee.
state_upstream_upstream_rejection_avg_7d_above_10pct_with_stock_cover_below_7d_SDC_VD0989480A_item_426331_d30,30,31,37,SDC-VD0989480A,item:426331,upstream,external_availability,0.97,upstream_rejection_avg_7d_above_10pct_with_stock_cover_below_7d,0.393052,0.1,3,Appro amont fournisseur disponibilite x0.97 pendant 7 jours,Alerte appro amont persistante: declenche quand le rejet amont moyen 7 jours depasse 10% et que le stock fournisseur couvre moins de 7 jours.
state_cost_upstream_recourse_cost_ratio_above_250pct_SDC_VD0993480A_item_344135_d30,30,31,44,SDC-VD0993480A,item:344135,cost,external_cost,1.1,upstream_recourse_cost_ratio_above_250pct,6.0,2.5,31,Cout de recours amont x1.10 pendant 14 jours,"Cout de recours amont: declenche quand le cout unitaire amont observe depasse 250% du prix fournisseur de reference pendant 3 jours. C'est un cout de secours, pas un risque physique fournisseur."
state_reliability_delivery_loss_rate_above_3pct_SDC_VD0993480A_item_344135_d30,30,31,44,SDC-VD0993480A,item:344135,reliability,reliability,0.95,delivery_loss_rate_above_3pct,0.25,0.03,31,Fiabilite de livraison x0.95 pendant 14 jours,Alerte fiabilite: declenche quand plus de 3% de la quantite appelee n'est pas livree pendant 2 jours observes.
state_quality_delivery_loss_rate_above_8pct_SDC_VD0993480A_item_344135_d30,30,31,44,SDC-VD0993480A,item:344135,quality,quality_yield,0.9,delivery_loss_rate_above_8pct,0.25,0.08,31,Rendement qualite reception x0.90 pendant 14 jours,Risque qualite: declenche quand plus de 8% de la quantite appelee est perdue a la livraison sur une journee observee.
state_quality_delivery_loss_rate_above_8pct_SDC_VD0520132A_item_038005_d31,31,32,45,SDC-VD0520132A,item:038005,quality,quality_yield,0.9,delivery_loss_rate_above_8pct,0.25,0.08,1,Rendement qualite reception x0.90 pendant 14 jours,Risque qualite: declenche quand plus de 8% de la quantite appelee est perdue a la livraison sur une journee observee.
state_upstream_upstream_rejection_avg_14d_above_50pct_with_stock_cover_below_3d_SDC_VD0989480A_item_426331_d31,31,32,45,SDC-VD0989480A,item:426331,upstream,external_capacity,0.9,upstream_rejection_avg_14d_above_50pct_with_stock_cover_below_3d,0.514522,0.5,1,Appro amont fournisseur capacite x0.90 pendant 14 jours,Risque appro amont severise: declenche quand le rejet amont moyen 14 jours depasse 50% et que le stock fournisseur couvre moins de 3 jours.
state_upstream_upstream_rejection_avg_7d_above_10pct_with_stock_cover_below_7d_SDC_VD0993480A_item_344135_d31,31,32,38,SDC-VD0993480A,item:344135,upstream,external_availability,0.97,upstream_rejection_avg_7d_above_10pct_with_stock_cover_below_7d,0.120385,0.1,2,Appro amont fournisseur disponibilite x0.97 pendant 7 jours,Alerte appro amont persistante: declenche quand le rejet amont moyen 7 jours depasse 10% et que le stock fournisseur couvre moins de 7 jours.
state_stock_stock_cover_below_5d_SDC_VD0989480A_item_426331_d32,32,33,39,SDC-VD0989480A,item:426331,stock,availability,0.95,stock_cover_below_5d,3.366405,5.0,5,Disponibilite fournisseur x0.95 pendant 7 jours,Alerte legere: declenche quand le stock fournisseur couvre moins de 5 jours de besoin pendant 5 jours consecutifs.
state_stock_stock_cover_below_3d_SDC_VD0520132A_item_038005_d33,33,34,47,SDC-VD0520132A,item:038005,stock,availability,0.85,stock_cover_below_3d,2.628002,3.0,2,Disponibilite fournisseur x0.85 pendant 14 jours,Tension stock: declenche quand le stock fournisseur couvre moins de 3 jours de besoin pendant 2 jours consecutifs.
state_stock_stock_cover_below_3d_SDC_VD0505677A_item_099439_d34,34,35,48,SDC-VD0505677A,item:099439,stock,availability,0.85,stock_cover_below_3d,2.013544,3.0,2,Disponibilite fournisseur x0.85 pendant 14 jours,Tension stock: declenche quand le stock fournisseur couvre moins de 3 jours de besoin pendant 2 jours consecutifs.
state_upstream_upstream_rejection_avg_7d_above_10pct_with_stock_cover_below_7d_SDC_VD0505677A_item_099439_d34,34,35,41,SDC-VD0505677A,item:099439,upstream,external_availability,0.97,upstream_rejection_avg_7d_above_10pct_with_stock_cover_below_7d,0.332334,0.1,2,Appro amont fournisseur disponibilite x0.97 pendant 7 jours,Alerte appro amont persistante: declenche quand le rejet amont moyen 7 jours depasse 10% et que le stock fournisseur couvre moins de 7 jours.
state_upstream_upstream_rejection_avg_14d_above_50pct_with_stock_cover_below_3d_SDC_VD0505677A_item_099439_d35,35,36,49,SDC-VD0505677A,item:099439,upstream,external_capacity,0.9,upstream_rejection_avg_14d_above_50pct_with_stock_cover_below_3d,0.505516,0.5,1,Appro amont fournisseur capacite x0.90 pendant 14 jours,Risque appro amont severise: declenche quand le rejet amont moyen 14 jours depasse 50% et que le stock fournisseur couvre moins de 3 jours.
state_stock_stock_cover_below_5d_SDC_VD0505677A_item_099439_d37,37,38,44,SDC-VD0505677A,item:099439,stock,availability,0.95,stock_cover_below_5d,2.013544,5.0,5,Disponibilite fournisseur x0.95 pendant 7 jours,Alerte legere: declenche quand le stock fournisseur couvre moins de 5 jours de besoin pendant 5 jours consecutifs.
state_stock_stock_cover_below_3d_SDC_VD0519670A_item_029313_d38,38,39,52,SDC-VD0519670A,item:029313,stock,availability,0.85,stock_cover_below_3d,2.698538,3.0,2,Disponibilite fournisseur x0.85 pendant 14 jours,Tension stock: declenche quand le stock fournisseur couvre moins de 3 jours de besoin pendant 2 jours consecutifs.
state_upstream_upstream_rejection_avg_7d_above_10pct_with_stock_cover_below_7d_SDC_VD0519670A_item_029313_d38,38,39,45,SDC-VD0519670A,item:029313,upstream,external_availability,0.97,upstream_rejection_avg_7d_above_10pct_with_stock_cover_below_7d,0.27424,0.1,2,Appro amont fournisseur disponibilite x0.97 pendant 7 jours,Alerte appro amont persistante: declenche quand le rejet amont moyen 7 jours depasse 10% et que le stock fournisseur couvre moins de 7 jours.
state_stock_stock_cover_below_3d_SDC_VD0514881A_item_016332_d40,40,41,54,SDC-VD0514881A,item:016332,stock,availability,0.85,stock_cover_below_3d,2.44732,3.0,2,Disponibilite fournisseur x0.85 pendant 14 jours,Tension stock: declenche quand le stock fournisseur couvre moins de 3 jours de besoin pendant 2 jours consecutifs.
state_quality_delivery_loss_rate_above_8pct_SDC_VD0508918A_item_730384_d41,41,42,55,SDC-VD0508918A,item:730384,quality,quality_yield,0.9,delivery_loss_rate_above_8pct,0.25,0.08,1,Rendement qualite reception x0.90 pendant 14 jours,Risque qualite: declenche quand plus de 8% de la quantite appelee est perdue a la livraison sur une journee observee.
state_stock_stock_cover_below_5d_SDC_VD0525412A_item_333362_d59,59,60,66,SDC-VD0525412A,item:333362,stock,availability,0.95,stock_cover_below_5d,1.019481,5.0,55,Disponibilite fournisseur x0.95 pendant 7 jours,Alerte legere: declenche quand le stock fournisseur couvre moins de 5 jours de besoin pendant 5 jours consecutifs.
state_stock_stock_cover_below_3d_SDC_VD0525412A_item_333362_d59,59,60,73,SDC-VD0525412A,item:333362,stock,availability,0.85,stock_cover_below_3d,1.019481,3.0,54,Disponibilite fournisseur x0.85 pendant 14 jours,Tension stock: declenche quand le stock fournisseur couvre moins de 3 jours de besoin pendant 2 jours consecutifs.
state_upstream_upstream_rejection_avg_7d_above_10pct_with_stock_cover_below_7d_SDC_VD0525412A_item_333362_d59,59,60,66,SDC-VD0525412A,item:333362,upstream,external_availability,0.97,upstream_rejection_avg_7d_above_10pct_with_stock_cover_below_7d,0.768327,0.1,55,Appro amont fournisseur disponibilite x0.97 pendant 7 jours,Alerte appro amont persistante: declenche quand le rejet amont moyen 7 jours depasse 10% et que le stock fournisseur couvre moins de 7 jours.
state_upstream_upstream_rejection_avg_14d_above_50pct_with_stock_cover_below_3d_SDC_VD0525412A_item_333362_d59,59,60,73,SDC-VD0525412A,item:333362,upstream,external_capacity,0.9,upstream_rejection_avg_14d_above_50pct_with_stock_cover_below_3d,0.769684,0.5,49,Appro amont fournisseur capacite x0.90 pendant 14 jours,Risque appro amont severise: declenche quand le rejet amont moyen 14 jours depasse 50% et que le stock fournisseur couvre moins de 3 jours.
state_reliability_delivery_loss_rate_above_3pct_SDC_VD0525412A_item_333362_d59,59,60,73,SDC-VD0525412A,item:333362,reliability,reliability,0.95,delivery_loss_rate_above_3pct,0.25,0.03,60,Fiabilite de livraison x0.95 pendant 14 jours,Alerte fiabilite: declenche quand plus de 3% de la quantite appelee n'est pas livree pendant 2 jours observes.
state_quality_delivery_loss_rate_above_8pct_SDC_VD0525412A_item_333362_d59,59,60,73,SDC-VD0525412A,item:333362,quality,quality_yield,0.9,delivery_loss_rate_above_8pct,0.25,0.08,60,Rendement qualite reception x0.90 pendant 14 jours,Risque qualite: declenche quand plus de 8% de la quantite appelee est perdue a la livraison sur une journee observee.
state_stock_stock_cover_zero_SDC_VD0525412A_item_333362_d60,60,61,81,SDC-VD0525412A,item:333362,stock,availability,0.7,stock_cover_zero,0.012987,0.25,1,Disponibilite fournisseur x0.70 pendant 21 jours,Rupture stock locale: declenche quand le stock fournisseur couvre moins d'un quart de jour de besoin.
state_quality_delivery_loss_rate_above_8pct_SDC_VD0508918A_item_730384_d168,168,169,182,SDC-VD0508918A,item:730384,quality,quality_yield,0.9,delivery_loss_rate_above_8pct,0.25,0.08,1,Rendement qualite reception x0.90 pendant 14 jours,Risque qualite: declenche quand plus de 8% de la quantite appelee est perdue a la livraison sur une journee observee.
state_cost_upstream_recourse_cost_ratio_above_250pct_SDC_VD0508918A_item_730384_d171,171,172,185,SDC-VD0508918A,item:730384,cost,external_cost,1.1,upstream_recourse_cost_ratio_above_250pct,6.0,2.5,3,Cout de recours amont x1.10 pendant 14 jours,"Cout de recours amont: declenche quand le cout unitaire amont observe depasse 250% du prix fournisseur de reference pendant 3 jours. C'est un cout de secours, pas un risque physique fournisseur."
state_cost_upstream_recourse_cost_ratio_above_250pct_SDC_VD0508918A_item_730384_d530,530,531,544,SDC-VD0508918A,item:730384,cost,external_cost,1.1,upstream_recourse_cost_ratio_above_250pct,6.0,2.5,3,Cout de recours amont x1.10 pendant 14 jours,"Cout de recours amont: declenche quand le cout unitaire amont observe depasse 250% du prix fournisseur de reference pendant 3 jours. C'est un cout de secours, pas un risque physique fournisseur."
state_lead_observed_lead_ratio_above_125pct_SDC_VD0951020A_item_007923_d862,862,863,876,SDC-VD0951020A,item:007923,lead,lead_time_extra_days,3.0,observed_lead_ratio_above_125pct,1.333333,1.25,2,Delai fournisseur +3 jours pendant 14 jours,Tension delai: declenche quand le delai observe depasse 125% du delai prevu pendant 2 jours observes.
state_lead_observed_lead_ratio_above_110pct_SDC_VD0951020A_item_007923_d863,863,864,870,SDC-VD0951020A,item:007923,lead,lead_time,1.1,observed_lead_ratio_above_110pct,2.666667,1.1,3,Delai fournisseur x1.10 pendant 7 jours,Alerte delai: declenche quand le delai observe depasse 110% du delai prevu pendant 3 jours observes.
state_lead_observed_lead_ratio_above_135pct_SDC_VD0951020A_item_007923_d864,864,865,878,SDC-VD0951020A,item:007923,lead,lead_time_extra_days,5.0,observed_lead_ratio_above_135pct,2.333333,1.35,2,Delai fournisseur +5 jours pendant 14 jours,Risque delai actif: declenche quand le delai observe depasse 135% du delai prevu pendant 2 jours observes.
state_cost_upstream_recourse_cost_ratio_above_250pct_SDC_VD0508918A_item_730384_d901,901,902,915,SDC-VD0508918A,item:730384,cost,external_cost,1.1,upstream_recourse_cost_ratio_above_250pct,6.0,2.5,3,Cout de recours amont x1.10 pendant 14 jours,"Cout de recours amont: declenche quand le cout unitaire amont observe depasse 250% du prix fournisseur de reference pendant 3 jours. C'est un cout de secours, pas un risque physique fournisseur."
state_cost_upstream_recourse_cost_ratio_above_250pct_SDC_VD0993480A_item_344135_d901,901,902,915,SDC-VD0993480A,item:344135,cost,external_cost,1.1,upstream_recourse_cost_ratio_above_250pct,6.0,2.5,3,Cout de recours amont x1.10 pendant 14 jours,"Cout de recours amont: declenche quand le cout unitaire amont observe depasse 250% du prix fournisseur de reference pendant 3 jours. C'est un cout de secours, pas un risque physique fournisseur."
state_lead_observed_lead_ratio_above_125pct_SDC_VD0951020A_item_007923_d907,907,908,921,SDC-VD0951020A,item:007923,lead,lead_time_extra_days,3.0,observed_lead_ratio_above_125pct,1.333333,1.25,2,Delai fournisseur +3 jours pendant 14 jours,Tension delai: declenche quand le delai observe depasse 125% du delai prevu pendant 2 jours observes.
state_lead_observed_lead_ratio_above_110pct_SDC_VD0951020A_item_007923_d908,908,909,915,SDC-VD0951020A,item:007923,lead,lead_time,1.1,observed_lead_ratio_above_110pct,2.0,1.1,3,Delai fournisseur x1.10 pendant 7 jours,Alerte delai: declenche quand le delai observe depasse 110% du delai prevu pendant 3 jours observes.
state_lead_observed_lead_ratio_above_135pct_SDC_VD0951020A_item_007923_d909,909,910,923,SDC-VD0951020A,item:007923,lead,lead_time_extra_days,5.0,observed_lead_ratio_above_135pct,2.333333,1.35,2,Delai fournisseur +5 jours pendant 14 jours,Risque delai actif: declenche quand le delai observe depasse 135% du delai prevu pendant 2 jours observes.
state_lead_observed_lead_ratio_above_125pct_SDC_VD0956464A_item_007923_d914,914,915,928,SDC-VD0956464A,item:007923,lead,lead_time_extra_days,3.0,observed_lead_ratio_above_125pct,1.333333,1.25,2,Delai fournisseur +3 jours pendant 14 jours,Tension delai: declenche quand le delai observe depasse 125% du delai prevu pendant 2 jours observes.
state_lead_observed_lead_ratio_above_110pct_SDC_VD0956464A_item_007923_d915,915,916,922,SDC-VD0956464A,item:007923,lead,lead_time,1.1,observed_lead_ratio_above_110pct,2.0,1.1,3,Delai fournisseur x1.10 pendant 7 jours,Alerte delai: declenche quand le delai observe depasse 110% du delai prevu pendant 3 jours observes.
state_lead_observed_lead_ratio_above_135pct_SDC_VD0956464A_item_007923_d916,916,917,930,SDC-VD0956464A,item:007923,lead,lead_time_extra_days,5.0,observed_lead_ratio_above_135pct,2.0,1.35,2,Delai fournisseur +5 jours pendant 14 jours,Risque delai actif: declenche quand le delai observe depasse 135% du delai prevu pendant 2 jours observes.
state_lead_observed_lead_ratio_above_125pct_SDC_VD0951020A_item_007923_d1041,1041,1042,1055,SDC-VD0951020A,item:007923,lead,lead_time_extra_days,3.0,observed_lead_ratio_above_125pct,1.333333,1.25,2,Delai fournisseur +3 jours pendant 14 jours,Tension delai: declenche quand le delai observe depasse 125% du delai prevu pendant 2 jours observes.
state_lead_observed_lead_ratio_above_110pct_SDC_VD0951020A_item_007923_d1042,1042,1043,1049,SDC-VD0951020A,item:007923,lead,lead_time,1.1,observed_lead_ratio_above_110pct,2.0,1.1,3,Delai fournisseur x1.10 pendant 7 jours,Alerte delai: declenche quand le delai observe depasse 110% du delai prevu pendant 3 jours observes.
state_lead_observed_lead_ratio_above_135pct_SDC_VD0951020A_item_007923_d1043,1043,1044,1057,SDC-VD0951020A,item:007923,lead,lead_time_extra_days,5.0,observed_lead_ratio_above_135pct,2.333333,1.35,2,Delai fournisseur +5 jours pendant 14 jours,Risque delai actif: declenche quand le delai observe depasse 135% du delai prevu pendant 2 jours observes.
state_stock_stock_cover_zero_SDC_VD0910216A_item_001893_d1053,1053,1054,1074,SDC-VD0910216A,item:001893,stock,availability,0.7,stock_cover_zero,0.0,0.25,1,Disponibilite fournisseur x0.70 pendant 21 jours,Rupture stock locale: declenche quand le stock fournisseur couvre moins d'un quart de jour de besoin.
state_stock_stock_cover_below_3d_SDC_VD0910216A_item_001893_d1054,1054,1055,1068,SDC-VD0910216A,item:001893,stock,availability,0.85,stock_cover_below_3d,0.0,3.0,2,Disponibilite fournisseur x0.85 pendant 14 jours,Tension stock: declenche quand le stock fournisseur couvre moins de 3 jours de besoin pendant 2 jours consecutifs.
state_upstream_upstream_rejection_avg_7d_above_10pct_with_stock_cover_below_7d_SDC_VD0910216A_item_001893_d1054,1054,1055,1061,SDC-VD0910216A,item:001893,upstream,external_availability,0.97,upstream_rejection_avg_7d_above_10pct_with_stock_cover_below_7d,0.273446,0.1,2,Appro amont fournisseur disponibilite x0.97 pendant 7 jours,Alerte appro amont persistante: declenche quand le rejet amont moyen 7 jours depasse 10% et que le stock fournisseur couvre moins de 7 jours.
state_stock_stock_cover_below_5d_SDC_VD0910216A_item_001893_d1057,1057,1058,1064,SDC-VD0910216A,item:001893,stock,availability,0.95,stock_cover_below_5d,0.0,5.0,5,Disponibilite fournisseur x0.95 pendant 7 jours,Alerte legere: declenche quand le stock fournisseur couvre moins de 5 jours de besoin pendant 5 jours consecutifs.
state_upstream_upstream_rejection_avg_14d_above_50pct_with_stock_cover_below_3d_SDC_VD0910216A_item_001893_d1060,1060,1061,1074,SDC-VD0910216A,item:001893,upstream,external_capacity,0.9,upstream_rejection_avg_14d_above_50pct_with_stock_cover_below_3d,0.543679,0.5,1,Appro amont fournisseur capacite x0.90 pendant 14 jours,Risque appro amont severise: declenche quand le rejet amont moyen 14 jours depasse 50% et que le stock fournisseur couvre moins de 3 jours.
state_lead_observed_lead_ratio_above_125pct_SDC_VD0956464A_item_007923_d1158,1158,1159,1172,SDC-VD0956464A,item:007923,lead,lead_time_extra_days,3.0,observed_lead_ratio_above_125pct,1.333333,1.25,2,Delai fournisseur +3 jours pendant 14 jours,Tension delai: declenche quand le delai observe depasse 125% du delai prevu pendant 2 jours observes.
state_lead_observed_lead_ratio_above_110pct_SDC_VD0956464A_item_007923_d1159,1159,1160,1166,SDC-VD0956464A,item:007923,lead,lead_time,1.1,observed_lead_ratio_above_110pct,2.0,1.1,3,Delai fournisseur x1.10 pendant 7 jours,Alerte delai: declenche quand le delai observe depasse 110% du delai prevu pendant 3 jours observes.
state_lead_observed_lead_ratio_above_135pct_SDC_VD0956464A_item_007923_d1160,1160,1161,1174,SDC-VD0956464A,item:007923,lead,lead_time_extra_days,5.0,observed_lead_ratio_above_135pct,2.333333,1.35,2,Delai fournisseur +5 jours pendant 14 jours,Risque delai actif: declenche quand le delai observe depasse 135% du delai prevu pendant 2 jours observes.
state_cost_upstream_recourse_cost_ratio_above_250pct_SDC_VD0914690A_item_042342_d1257,1257,1258,1271,SDC-VD0914690A,item:042342,cost,external_cost,1.1,upstream_recourse_cost_ratio_above_250pct,6.0,2.5,3,Cout de recours amont x1.10 pendant 14 jours,"Cout de recours amont: declenche quand le cout unitaire amont observe depasse 250% du prix fournisseur de reference pendant 3 jours. C'est un cout de secours, pas un risque physique fournisseur."
state_upstream_upstream_rejection_avg_7d_above_10pct_with_stock_cover_below_7d_SDC_VD0914690A_item_042342_d1262,1262,1263,1269,SDC-VD0914690A,item:042342,upstream,external_availability,0.97,upstream_rejection_avg_7d_above_10pct_with_stock_cover_below_7d,0.842162,0.1,2,Appro amont fournisseur disponibilite x0.97 pendant 7 jours,Alerte appro amont persistante: declenche quand le rejet amont moyen 7 jours depasse 10% et que le stock fournisseur couvre moins de 7 jours.
state_stock_stock_cover_below_3d_SDC_VD0914690A_item_042342_d1263,1263,1264,1277,SDC-VD0914690A,item:042342,stock,availability,0.85,stock_cover_below_3d,2.173187,3.0,2,Disponibilite fournisseur x0.85 pendant 14 jours,Tension stock: declenche quand le stock fournisseur couvre moins de 3 jours de besoin pendant 2 jours consecutifs.
state_upstream_upstream_rejection_avg_14d_above_50pct_with_stock_cover_below_3d_SDC_VD0914690A_item_042342_d1263,1263,1264,1277,SDC-VD0914690A,item:042342,upstream,external_capacity,0.9,upstream_rejection_avg_14d_above_50pct_with_stock_cover_below_3d,0.525456,0.5,1,Appro amont fournisseur capacite x0.90 pendant 14 jours,Risque appro amont severise: declenche quand le rejet amont moyen 14 jours depasse 50% et que le stock fournisseur couvre moins de 3 jours.
state_stock_stock_cover_below_5d_SDC_VD0914690A_item_042342_d1266,1266,1267,1273,SDC-VD0914690A,item:042342,stock,availability,0.95,stock_cover_below_5d,2.173187,5.0,5,Disponibilite fournisseur x0.95 pendant 7 jours,Alerte legere: declenche quand le stock fournisseur couvre moins de 5 jours de besoin pendant 5 jours consecutifs.
state_cost_upstream_recourse_cost_ratio_above_250pct_SDC_VD0508918A_item_730384_d1268,1268,1269,1282,SDC-VD0508918A,item:730384,cost,external_cost,1.1,upstream_recourse_cost_ratio_above_250pct,6.0,2.5,3,Cout de recours amont x1.10 pendant 14 jours,"Cout de recours amont: declenche quand le cout unitaire amont observe depasse 250% du prix fournisseur de reference pendant 3 jours. C'est un cout de secours, pas un risque physique fournisseur."
state_lead_observed_lead_ratio_above_125pct_SDC_VD0951020A_item_007923_d1275,1275,1276,1289,SDC-VD0951020A,item:007923,lead,lead_time_extra_days,3.0,observed_lead_ratio_above_125pct,1.333333,1.25,2,Delai fournisseur +3 jours pendant 14 jours,Tension delai: declenche quand le delai observe depasse 125% du delai prevu pendant 2 jours observes.
state_lead_observed_lead_ratio_above_110pct_SDC_VD0951020A_item_007923_d1276,1276,1277,1283,SDC-VD0951020A,item:007923,lead,lead_time,1.1,observed_lead_ratio_above_110pct,2.0,1.1,3,Delai fournisseur x1.10 pendant 7 jours,Alerte delai: declenche quand le delai observe depasse 110% du delai prevu pendant 3 jours observes.
state_lead_observed_lead_ratio_above_125pct_SDC_VD0956464A_item_007923_d1284,1284,1285,1298,SDC-VD0956464A,item:007923,lead,lead_time_extra_days,3.0,observed_lead_ratio_above_125pct,1.333333,1.25,2,Delai fournisseur +3 jours pendant 14 jours,Tension delai: declenche quand le delai observe depasse 125% du delai prevu pendant 2 jours observes.
state_lead_observed_lead_ratio_above_135pct_SDC_VD0951020A_item_007923_d1284,1284,1285,1298,SDC-VD0951020A,item:007923,lead,lead_time_extra_days,5.0,observed_lead_ratio_above_135pct,2.0,1.35,2,Delai fournisseur +5 jours pendant 14 jours,Risque delai actif: declenche quand le delai observe depasse 135% du delai prevu pendant 2 jours observes.
state_lead_observed_lead_ratio_above_110pct_SDC_VD0956464A_item_007923_d1285,1285,1286,1292,SDC-VD0956464A,item:007923,lead,lead_time,1.1,observed_lead_ratio_above_110pct,2.333333,1.1,3,Delai fournisseur x1.10 pendant 7 jours,Alerte delai: declenche quand le delai observe depasse 110% du delai prevu pendant 3 jours observes.
state_lead_observed_lead_ratio_above_135pct_SDC_VD0956464A_item_007923_d1286,1286,1287,1300,SDC-VD0956464A,item:007923,lead,lead_time_extra_days,5.0,observed_lead_ratio_above_135pct,3.0,1.35,2,Delai fournisseur +5 jours pendant 14 jours,Risque delai actif: declenche quand le delai observe depasse 135% du delai prevu pendant 2 jours observes.
state_stock_stock_cover_zero_SDC_VD0914320A_item_055703_d1333,1333,1334,1354,SDC-VD0914320A,item:055703,stock,availability,0.7,stock_cover_zero,0.0,0.25,1,Disponibilite fournisseur x0.70 pendant 21 jours,Rupture stock locale: declenche quand le stock fournisseur couvre moins d'un quart de jour de besoin.
state_stock_stock_cover_zero_SDC_VD1096202A_item_039668_d1333,1333,1334,1354,SDC-VD1096202A,item:039668,stock,availability,0.7,stock_cover_zero,0.0,0.25,1,Disponibilite fournisseur x0.70 pendant 21 jours,Rupture stock locale: declenche quand le stock fournisseur couvre moins d'un quart de jour de besoin.
state_stock_stock_cover_below_3d_SDC_VD0914320A_item_055703_d1334,1334,1335,1348,SDC-VD0914320A,item:055703,stock,availability,0.85,stock_cover_below_3d,0.0,3.0,2,Disponibilite fournisseur x0.85 pendant 14 jours,Tension stock: declenche quand le stock fournisseur couvre moins de 3 jours de besoin pendant 2 jours consecutifs.
state_stock_stock_cover_below_3d_SDC_VD1096202A_item_039668_d1334,1334,1335,1348,SDC-VD1096202A,item:039668,stock,availability,0.85,stock_cover_below_3d,0.0,3.0,2,Disponibilite fournisseur x0.85 pendant 14 jours,Tension stock: declenche quand le stock fournisseur couvre moins de 3 jours de besoin pendant 2 jours consecutifs.
state_upstream_upstream_rejection_avg_7d_above_10pct_with_stock_cover_below_7d_SDC_VD0914320A_item_055703_d1334,1334,1335,1341,SDC-VD0914320A,item:055703,upstream,external_availability,0.97,upstream_rejection_avg_7d_above_10pct_with_stock_cover_below_7d,0.269753,0.1,2,Appro amont fournisseur disponibilite x0.97 pendant 7 jours,Alerte appro amont persistante: declenche quand le rejet amont moyen 7 jours depasse 10% et que le stock fournisseur couvre moins de 7 jours.
state_upstream_upstream_rejection_avg_7d_above_10pct_with_stock_cover_below_7d_SDC_VD1096202A_item_039668_d1334,1334,1335,1341,SDC-VD1096202A,item:039668,upstream,external_availability,0.97,upstream_rejection_avg_7d_above_10pct_with_stock_cover_below_7d,0.275849,0.1,2,Appro amont fournisseur disponibilite x0.97 pendant 7 jours,Alerte appro amont persistante: declenche quand le rejet amont moyen 7 jours depasse 10% et que le stock fournisseur couvre moins de 7 jours.
state_stock_stock_cover_below_5d_SDC_VD0914320A_item_055703_d1337,1337,1338,1344,SDC-VD0914320A,item:055703,stock,availability,0.95,stock_cover_below_5d,0.0,5.0,5,Disponibilite fournisseur x0.95 pendant 7 jours,Alerte legere: declenche quand le stock fournisseur couvre moins de 5 jours de besoin pendant 5 jours consecutifs.
state_stock_stock_cover_below_5d_SDC_VD1096202A_item_039668_d1337,1337,1338,1344,SDC-VD1096202A,item:039668,stock,availability,0.95,stock_cover_below_5d,0.0,5.0,5,Disponibilite fournisseur x0.95 pendant 7 jours,Alerte legere: declenche quand le stock fournisseur couvre moins de 5 jours de besoin pendant 5 jours consecutifs.
state_upstream_upstream_rejection_avg_7d_above_10pct_with_stock_cover_below_7d_SDC_VD0951020A_item_001757_d1339,1339,1340,1346,SDC-VD0951020A,item:001757,upstream,external_availability,0.97,upstream_rejection_avg_7d_above_10pct_with_stock_cover_below_7d,0.885481,0.1,2,Appro amont fournisseur disponibilite x0.97 pendant 7 jours,Alerte appro amont persistante: declenche quand le rejet amont moyen 7 jours depasse 10% et que le stock fournisseur couvre moins de 7 jours.
state_upstream_upstream_rejection_avg_14d_above_50pct_with_stock_cover_below_3d_SDC_VD0914320A_item_055703_d1340,1340,1341,1354,SDC-VD0914320A,item:055703,upstream,external_capacity,0.9,upstream_rejection_avg_14d_above_50pct_with_stock_cover_below_3d,0.534513,0.5,1,Appro amont fournisseur capacite x0.90 pendant 14 jours,Risque appro amont severise: declenche quand le rejet amont moyen 14 jours depasse 50% et que le stock fournisseur couvre moins de 3 jours.
state_upstream_upstream_rejection_avg_14d_above_50pct_with_stock_cover_below_3d_SDC_VD0951020A_item_001757_d1340,1340,1341,1354,SDC-VD0951020A,item:001757,upstream,external_capacity,0.9,upstream_rejection_avg_14d_above_50pct_with_stock_cover_below_3d,0.846734,0.5,1,Appro amont fournisseur capacite x0.90 pendant 14 jours,Risque appro amont severise: declenche quand le rejet amont moyen 14 jours depasse 50% et que le stock fournisseur couvre moins de 3 jours.
state_upstream_upstream_rejection_avg_14d_above_50pct_with_stock_cover_below_3d_SDC_VD1096202A_item_039668_d1340,1340,1341,1354,SDC-VD1096202A,item:039668,upstream,external_capacity,0.9,upstream_rejection_avg_14d_above_50pct_with_stock_cover_below_3d,0.549916,0.5,1,Appro amont fournisseur capacite x0.90 pendant 14 jours,Risque appro amont severise: declenche quand le rejet amont moyen 14 jours depasse 50% et que le stock fournisseur couvre moins de 3 jours.
state_stock_stock_cover_below_3d_SDC_VD0951020A_item_001757_d1341,1341,1342,1355,SDC-VD0951020A,item:001757,stock,availability,0.85,stock_cover_below_3d,0.246345,3.0,2,Disponibilite fournisseur x0.85 pendant 14 jours,Tension stock: declenche quand le stock fournisseur couvre moins de 3 jours de besoin pendant 2 jours consecutifs.
state_stock_stock_cover_zero_SDC_VD0951020A_item_001757_d1341,1341,1342,1362,SDC-VD0951020A,item:001757,stock,availability,0.7,stock_cover_zero,0.246345,0.25,1,Disponibilite fournisseur x0.70 pendant 21 jours,Rupture stock locale: declenche quand le stock fournisseur couvre moins d'un quart de jour de besoin.
state_stock_stock_cover_below_5d_SDC_VD0951020A_item_001757_d1343,1343,1344,1350,SDC-VD0951020A,item:001757,stock,availability,0.95,stock_cover_below_5d,0.246345,5.0,5,Disponibilite fournisseur x0.95 pendant 7 jours,Alerte legere: declenche quand le stock fournisseur couvre moins de 5 jours de besoin pendant 5 jours consecutifs.
state_stock_stock_cover_below_3d_SDC_VD1096202A_item_039668_d1363,1363,1364,1377,SDC-VD1096202A,item:039668,stock,availability,0.85,stock_cover_below_3d,0.0,3.0,31,Disponibilite fournisseur x0.85 pendant 14 jours,Tension stock: declenche quand le stock fournisseur couvre moins de 3 jours de besoin pendant 2 jours consecutifs.
state_upstream_upstream_rejection_avg_7d_above_10pct_with_stock_cover_below_7d_SDC_VD1096202A_item_039668_d1363,1363,1364,1370,SDC-VD1096202A,item:039668,upstream,external_availability,0.97,upstream_rejection_avg_7d_above_10pct_with_stock_cover_below_7d,0.745981,0.1,31,Appro amont fournisseur disponibilite x0.97 pendant 7 jours,Alerte appro amont persistante: declenche quand le rejet amont moyen 7 jours depasse 10% et que le stock fournisseur couvre moins de 7 jours.
state_stock_stock_cover_below_5d_SDC_VD1096202A_item_039668_d1366,1366,1367,1373,SDC-VD1096202A,item:039668,stock,availability,0.95,stock_cover_below_5d,0.0,5.0,34,Disponibilite fournisseur x0.95 pendant 7 jours,Alerte legere: declenche quand le stock fournisseur couvre moins de 5 jours de besoin pendant 5 jours consecutifs.
state_stock_stock_cover_below_3d_SDC_VD0951020A_item_001757_d1370,1370,1371,1384,SDC-VD0951020A,item:001757,stock,availability,0.85,stock_cover_below_3d,1.153882,3.0,31,Disponibilite fournisseur x0.85 pendant 14 jours,Tension stock: declenche quand le stock fournisseur couvre moins de 3 jours de besoin pendant 2 jours consecutifs.
state_stock_stock_cover_below_5d_SDC_VD0951020A_item_001757_d1372,1372,1373,1379,SDC-VD0951020A,item:001757,stock,availability,0.95,stock_cover_below_5d,2.363931,5.0,34,Disponibilite fournisseur x0.95 pendant 7 jours,Alerte legere: declenche quand le stock fournisseur couvre moins de 5 jours de besoin pendant 5 jours consecutifs.
state_stock_stock_cover_below_3d_SDC_VD0989480A_item_426331_d1443,1443,1444,1457,SDC-VD0989480A,item:426331,stock,availability,0.85,stock_cover_below_3d,0.699739,3.0,2,Disponibilite fournisseur x0.85 pendant 14 jours,Tension stock: declenche quand le stock fournisseur couvre moins de 3 jours de besoin pendant 2 jours consecutifs.
state_upstream_upstream_rejection_avg_7d_above_10pct_with_stock_cover_below_7d_SDC_VD0989480A_item_426331_d1443,1443,1444,1450,SDC-VD0989480A,item:426331,upstream,external_availability,0.97,upstream_rejection_avg_7d_above_10pct_with_stock_cover_below_7d,0.658908,0.1,2,Appro amont fournisseur disponibilite x0.97 pendant 7 jours,Alerte appro amont persistante: declenche quand le rejet amont moyen 7 jours depasse 10% et que le stock fournisseur couvre moins de 7 jours.
state_stock_stock_cover_below_5d_SDC_VD0989480A_item_426331_d1446,1446,1447,1453,SDC-VD0989480A,item:426331,stock,availability,0.95,stock_cover_below_5d,0.699739,5.0,5,Disponibilite fournisseur x0.95 pendant 7 jours,Alerte legere: declenche quand le stock fournisseur couvre moins de 5 jours de besoin pendant 5 jours consecutifs.
state_upstream_upstream_rejection_avg_14d_above_50pct_with_stock_cover_below_3d_SDC_VD0989480A_item_426331_d1446,1446,1447,1460,SDC-VD0989480A,item:426331,upstream,external_capacity,0.9,upstream_rejection_avg_14d_above_50pct_with_stock_cover_below_3d,0.533292,0.5,1,Appro amont fournisseur capacite x0.90 pendant 14 jours,Risque appro amont severise: declenche quand le rejet amont moyen 14 jours depasse 50% et que le stock fournisseur couvre moins de 3 jours.
state_lead_observed_lead_ratio_above_125pct_SDC_VD0951020A_item_007923_d1451,1451,1452,1465,SDC-VD0951020A,item:007923,lead,lead_time_extra_days,3.0,observed_lead_ratio_above_125pct,1.666667,1.25,2,Delai fournisseur +3 jours pendant 14 jours,Tension delai: declenche quand le delai observe depasse 125% du delai prevu pendant 2 jours observes.
state_lead_observed_lead_ratio_above_135pct_SDC_VD0951020A_item_007923_d1451,1451,1452,1465,SDC-VD0951020A,item:007923,lead,lead_time_extra_days,5.0,observed_lead_ratio_above_135pct,1.666667,1.35,2,Delai fournisseur +5 jours pendant 14 jours,Risque delai actif: declenche quand le delai observe depasse 135% du delai prevu pendant 2 jours observes.
state_stock_stock_cover_below_3d_SDC_VD0505677A_item_099439_d1452,1452,1453,1466,SDC-VD0505677A,item:099439,stock,availability,0.85,stock_cover_below_3d,1.342363,3.0,2,Disponibilite fournisseur x0.85 pendant 14 jours,Tension stock: declenche quand le stock fournisseur couvre moins de 3 jours de besoin pendant 2 jours consecutifs.
state_lead_observed_lead_ratio_above_110pct_SDC_VD0951020A_item_007923_d1452,1452,1453,1459,SDC-VD0951020A,item:007923,lead,lead_time,1.1,observed_lead_ratio_above_110pct,4.0,1.1,3,Delai fournisseur x1.10 pendant 7 jours,Alerte delai: declenche quand le delai observe depasse 110% du delai prevu pendant 3 jours observes.
state_upstream_upstream_rejection_avg_7d_above_10pct_with_stock_cover_below_7d_SDC_VD0505677A_item_099439_d1452,1452,1453,1459,SDC-VD0505677A,item:099439,upstream,external_availability,0.97,upstream_rejection_avg_7d_above_10pct_with_stock_cover_below_7d,0.664574,0.1,2,Appro amont fournisseur disponibilite x0.97 pendant 7 jours,Alerte appro amont persistante: declenche quand le rejet amont moyen 7 jours depasse 10% et que le stock fournisseur couvre moins de 7 jours.
state_stock_stock_cover_below_5d_SDC_VD0505677A_item_099439_d1455,1455,1456,1462,SDC-VD0505677A,item:099439,stock,availability,0.95,stock_cover_below_5d,1.342363,5.0,5,Disponibilite fournisseur x0.95 pendant 7 jours,Alerte legere: declenche quand le stock fournisseur couvre moins de 5 jours de besoin pendant 5 jours consecutifs.
state_upstream_upstream_rejection_avg_14d_above_50pct_with_stock_cover_below_3d_SDC_VD0505677A_item_099439_d1455,1455,1456,1469,SDC-VD0505677A,item:099439,upstream,external_capacity,0.9,upstream_rejection_avg_14d_above_50pct_with_stock_cover_below_3d,0.537319,0.5,1,Appro amont fournisseur capacite x0.90 pendant 14 jours,Risque appro amont severise: declenche quand le rejet amont moyen 14 jours depasse 50% et que le stock fournisseur couvre moins de 3 jours.
state_stock_stock_cover_below_3d_SDC_VD0505677A_item_099439_d1481,1481,1482,1495,SDC-VD0505677A,item:099439,stock,availability,0.85,stock_cover_below_3d,1.342363,3.0,31,Disponibilite fournisseur x0.85 pendant 14 jours,Tension stock: declenche quand le stock fournisseur couvre moins de 3 jours de besoin pendant 2 jours consecutifs.
state_upstream_upstream_rejection_avg_7d_above_10pct_with_stock_cover_below_7d_SDC_VD0505677A_item_099439_d1481,1481,1482,1488,SDC-VD0505677A,item:099439,upstream,external_availability,0.97,upstream_rejection_avg_7d_above_10pct_with_stock_cover_below_7d,0.177475,0.1,31,Appro amont fournisseur disponibilite x0.97 pendant 7 jours,Alerte appro amont persistante: declenche quand le rejet amont moyen 7 jours depasse 10% et que le stock fournisseur couvre moins de 7 jours.
state_stock_stock_cover_below_5d_SDC_VD0505677A_item_099439_d1484,1484,1485,1491,SDC-VD0505677A,item:099439,stock,availability,0.95,stock_cover_below_5d,4.199506,5.0,34,Disponibilite fournisseur x0.95 pendant 7 jours,Alerte legere: declenche quand le stock fournisseur couvre moins de 5 jours de besoin pendant 5 jours consecutifs.
state_lead_observed_lead_ratio_above_125pct_SDC_VD0956464A_item_007923_d1484,1484,1485,1498,SDC-VD0956464A,item:007923,lead,lead_time_extra_days,3.0,observed_lead_ratio_above_125pct,1.333333,1.25,2,Delai fournisseur +3 jours pendant 14 jours,Tension delai: declenche quand le delai observe depasse 125% du delai prevu pendant 2 jours observes.
state_lead_observed_lead_ratio_above_110pct_SDC_VD0956464A_item_007923_d1485,1485,1486,1492,SDC-VD0956464A,item:007923,lead,lead_time,1.1,observed_lead_ratio_above_110pct,2.0,1.1,3,Delai fournisseur x1.10 pendant 7 jours,Alerte delai: declenche quand le delai observe depasse 110% du delai prevu pendant 3 jours observes.
state_lead_observed_lead_ratio_above_135pct_SDC_VD0956464A_item_007923_d1486,1486,1487,1500,SDC-VD0956464A,item:007923,lead,lead_time_extra_days,5.0,observed_lead_ratio_above_135pct,2.333333,1.35,2,Delai fournisseur +5 jours pendant 14 jours,Risque delai actif: declenche quand le delai observe depasse 135% du delai prevu pendant 2 jours observes.
state_stock_stock_cover_zero_SDC_VD0519670A_item_001848_d1527,1527,1528,1548,SDC-VD0519670A,item:001848,stock,availability,0.7,stock_cover_zero,0.0,0.25,1,Disponibilite fournisseur x0.70 pendant 21 jours,Rupture stock locale: declenche quand le stock fournisseur couvre moins d'un quart de jour de besoin.
state_stock_stock_cover_below_3d_SDC_VD0519670A_item_001848_d1528,1528,1529,1542,SDC-VD0519670A,item:001848,stock,availability,0.85,stock_cover_below_3d,0.0,3.0,2,Disponibilite fournisseur x0.85 pendant 14 jours,Tension stock: declenche quand le stock fournisseur couvre moins de 3 jours de besoin pendant 2 jours consecutifs.
state_upstream_upstream_rejection_avg_7d_above_10pct_with_stock_cover_below_7d_SDC_VD0519670A_item_001848_d1528,1528,1529,1535,SDC-VD0519670A,item:001848,upstream,external_availability,0.97,upstream_rejection_avg_7d_above_10pct_with_stock_cover_below_7d,0.269827,0.1,2,Appro amont fournisseur disponibilite x0.97 pendant 7 jours,Alerte appro amont persistante: declenche quand le rejet amont moyen 7 jours depasse 10% et que le stock fournisseur couvre moins de 7 jours.
state_stock_stock_cover_below_5d_SDC_VD0519670A_item_001848_d1531,1531,1532,1538,SDC-VD0519670A,item:001848,stock,availability,0.95,stock_cover_below_5d,0.0,5.0,5,Disponibilite fournisseur x0.95 pendant 7 jours,Alerte legere: declenche quand le stock fournisseur couvre moins de 5 jours de besoin pendant 5 jours consecutifs.
state_upstream_upstream_rejection_avg_14d_above_50pct_with_stock_cover_below_3d_SDC_VD0519670A_item_001848_d1534,1534,1535,1548,SDC-VD0519670A,item:001848,upstream,external_capacity,0.9,upstream_rejection_avg_14d_above_50pct_with_stock_cover_below_3d,0.534388,0.5,1,Appro amont fournisseur capacite x0.90 pendant 14 jours,Risque appro amont severise: declenche quand le rejet amont moyen 14 jours depasse 50% et que le stock fournisseur couvre moins de 3 jours.
state_stock_stock_cover_below_3d_SDC_VD0514881A_item_016332_d1572,1572,1573,1586,SDC-VD0514881A,item:016332,stock,availability,0.85,stock_cover_below_3d,0.539433,3.0,2,Disponibilite fournisseur x0.85 pendant 14 jours,Tension stock: declenche quand le stock fournisseur couvre moins de 3 jours de besoin pendant 2 jours consecutifs.
state_upstream_upstream_rejection_avg_7d_above_10pct_with_stock_cover_below_7d_SDC_VD0514881A_item_016332_d1572,1572,1573,1579,SDC-VD0514881A,item:016332,upstream,external_availability,0.97,upstream_rejection_avg_7d_above_10pct_with_stock_cover_below_7d,0.808785,0.1,2,Appro amont fournisseur disponibilite x0.97 pendant 7 jours,Alerte appro amont persistante: declenche quand le rejet amont moyen 7 jours depasse 10% et que le stock fournisseur couvre moins de 7 jours.
state_upstream_upstream_rejection_avg_14d_above_50pct_with_stock_cover_below_3d_SDC_VD0514881A_item_016332_d1574,1574,1575,1588,SDC-VD0514881A,item:016332,upstream,external_capacity,0.9,upstream_rejection_avg_14d_above_50pct_with_stock_cover_below_3d,0.542963,0.5,1,Appro amont fournisseur capacite x0.90 pendant 14 jours,Risque appro amont severise: declenche quand le rejet amont moyen 14 jours depasse 50% et que le stock fournisseur couvre moins de 3 jours.
state_stock_stock_cover_below_5d_SDC_VD0514881A_item_016332_d1575,1575,1576,1582,SDC-VD0514881A,item:016332,stock,availability,0.95,stock_cover_below_5d,0.539433,5.0,5,Disponibilite fournisseur x0.95 pendant 7 jours,Alerte legere: declenche quand le stock fournisseur couvre moins de 5 jours de besoin pendant 5 jours consecutifs.
state_lead_observed_lead_ratio_above_125pct_SDC_VD0956464A_item_007923_d1600,1600,1601,1614,SDC-VD0956464A,item:007923,lead,lead_time_extra_days,3.0,observed_lead_ratio_above_125pct,1.333333,1.25,2,Delai fournisseur +3 jours pendant 14 jours,Tension delai: declenche quand le delai observe depasse 125% du delai prevu pendant 2 jours observes.
state_stock_stock_cover_below_3d_SDC_VD0514881A_item_016332_d1601,1601,1602,1615,SDC-VD0514881A,item:016332,stock,availability,0.85,stock_cover_below_3d,0.539433,3.0,31,Disponibilite fournisseur x0.85 pendant 14 jours,Tension stock: declenche quand le stock fournisseur couvre moins de 3 jours de besoin pendant 2 jours consecutifs.
state_lead_observed_lead_ratio_above_110pct_SDC_VD0956464A_item_007923_d1601,1601,1602,1608,SDC-VD0956464A,item:007923,lead,lead_time,1.1,observed_lead_ratio_above_110pct,2.0,1.1,3,Delai fournisseur x1.10 pendant 7 jours,Alerte delai: declenche quand le delai observe depasse 110% du delai prevu pendant 3 jours observes.
state_upstream_upstream_rejection_avg_7d_above_10pct_with_stock_cover_below_7d_SDC_VD0514881A_item_016332_d1601,1601,1602,1608,SDC-VD0514881A,item:016332,upstream,external_availability,0.97,upstream_rejection_avg_7d_above_10pct_with_stock_cover_below_7d,0.894615,0.1,31,Appro amont fournisseur disponibilite x0.97 pendant 7 jours,Alerte appro amont persistante: declenche quand le rejet amont moyen 7 jours depasse 10% et que le stock fournisseur couvre moins de 7 jours.
state_lead_observed_lead_ratio_above_135pct_SDC_VD0956464A_item_007923_d1602,1602,1603,1616,SDC-VD0956464A,item:007923,lead,lead_time_extra_days,5.0,observed_lead_ratio_above_135pct,2.333333,1.35,2,Delai fournisseur +5 jours pendant 14 jours,Risque delai actif: declenche quand le delai observe depasse 135% du delai prevu pendant 2 jours observes.
state_upstream_upstream_rejection_avg_14d_above_50pct_with_stock_cover_below_3d_SDC_VD0514881A_item_016332_d1603,1603,1604,1617,SDC-VD0514881A,item:016332,upstream,external_capacity,0.9,upstream_rejection_avg_14d_above_50pct_with_stock_cover_below_3d,0.899572,0.5,30,Appro amont fournisseur capacite x0.90 pendant 14 jours,Risque appro amont severise: declenche quand le rejet amont moyen 14 jours depasse 50% et que le stock fournisseur couvre moins de 3 jours.
state_stock_stock_cover_below_5d_SDC_VD0514881A_item_016332_d1604,1604,1605,1611,SDC-VD0514881A,item:016332,stock,availability,0.95,stock_cover_below_5d,0.539433,5.0,34,Disponibilite fournisseur x0.95 pendant 7 jours,Alerte legere: declenche quand le stock fournisseur couvre moins de 5 jours de besoin pendant 5 jours consecutifs.
state_lead_observed_lead_ratio_above_125pct_SDC_VD0956464A_item_007923_d1638,1638,1639,1652,SDC-VD0956464A,item:007923,lead,lead_time_extra_days,3.0,observed_lead_ratio_above_125pct,1.333333,1.25,2,Delai fournisseur +3 jours pendant 14 jours,Tension delai: declenche quand le delai observe depasse 125% du delai prevu pendant 2 jours observes.
state_lead_observed_lead_ratio_above_110pct_SDC_VD0956464A_item_007923_d1639,1639,1640,1646,SDC-VD0956464A,item:007923,lead,lead_time,1.1,observed_lead_ratio_above_110pct,2.0,1.1,3,Delai fournisseur x1.10 pendant 7 jours,Alerte delai: declenche quand le delai observe depasse 110% du delai prevu pendant 3 jours observes.
state_lead_observed_lead_ratio_above_135pct_SDC_VD0956464A_item_007923_d1640,1640,1641,1654,SDC-VD0956464A,item:007923,lead,lead_time_extra_days,5.0,observed_lead_ratio_above_135pct,2.333333,1.35,2,Delai fournisseur +5 jours pendant 14 jours,Risque delai actif: declenche quand le delai observe depasse 135% du delai prevu pendant 2 jours observes.
state_stock_stock_cover_zero_SDC_VD0910216A_item_001893_d1691,1691,1692,1712,SDC-VD0910216A,item:001893,stock,availability,0.7,stock_cover_zero,0.054824,0.25,1,Disponibilite fournisseur x0.70 pendant 21 jours,Rupture stock locale: declenche quand le stock fournisseur couvre moins d'un quart de jour de besoin.
state_stock_stock_cover_below_3d_SDC_VD0910216A_item_001893_d1692,1692,1693,1706,SDC-VD0910216A,item:001893,stock,availability,0.85,stock_cover_below_3d,0.054824,3.0,2,Disponibilite fournisseur x0.85 pendant 14 jours,Tension stock: declenche quand le stock fournisseur couvre moins de 3 jours de besoin pendant 2 jours consecutifs.
state_upstream_upstream_rejection_avg_7d_above_10pct_with_stock_cover_below_7d_SDC_VD0910216A_item_001893_d1692,1692,1693,1699,SDC-VD0910216A,item:001893,upstream,external_availability,0.97,upstream_rejection_avg_7d_above_10pct_with_stock_cover_below_7d,0.273551,0.1,2,Appro amont fournisseur disponibilite x0.97 pendant 7 jours,Alerte appro amont persistante: declenche quand le rejet amont moyen 7 jours depasse 10% et que le stock fournisseur couvre moins de 7 jours.
state_stock_stock_cover_below_5d_SDC_VD0910216A_item_001893_d1695,1695,1696,1702,SDC-VD0910216A,item:001893,stock,availability,0.95,stock_cover_below_5d,0.054824,5.0,5,Disponibilite fournisseur x0.95 pendant 7 jours,Alerte legere: declenche quand le stock fournisseur couvre moins de 5 jours de besoin pendant 5 jours consecutifs.
state_upstream_upstream_rejection_avg_14d_above_50pct_with_stock_cover_below_3d_SDC_VD0910216A_item_001893_d1698,1698,1699,1712,SDC-VD0910216A,item:001893,upstream,external_capacity,0.9,upstream_rejection_avg_14d_above_50pct_with_stock_cover_below_3d,0.545136,0.5,1,Appro amont fournisseur capacite x0.90 pendant 14 jours,Risque appro amont severise: declenche quand le rejet amont moyen 14 jours depasse 50% et que le stock fournisseur couvre moins de 3 jours.
state_cost_upstream_recourse_cost_ratio_above_250pct_SDC_VD0508918A_item_730384_d1702,1702,1703,1716,SDC-VD0508918A,item:730384,cost,external_cost,1.1,upstream_recourse_cost_ratio_above_250pct,6.0,2.5,3,Cout de recours amont x1.10 pendant 14 jours,"Cout de recours amont: declenche quand le cout unitaire amont observe depasse 250% du prix fournisseur de reference pendant 3 jours. C'est un cout de secours, pas un risque physique fournisseur."
state_upstream_upstream_rejection_avg_7d_above_10pct_with_stock_cover_below_7d_SDC_VD0910216A_item_001893_d1721,1721,1722,1728,SDC-VD0910216A,item:001893,upstream,external_availability,0.97,upstream_rejection_avg_7d_above_10pct_with_stock_cover_below_7d,0.340504,0.1,31,Appro amont fournisseur disponibilite x0.97 pendant 7 jours,Alerte appro amont persistante: declenche quand le rejet amont moyen 7 jours depasse 10% et que le stock fournisseur couvre moins de 7 jours.
state_lead_observed_lead_ratio_above_125pct_SDC_VD0956464A_item_007923_d1732,1732,1733,1746,SDC-VD0956464A,item:007923,lead,lead_time_extra_days,3.0,observed_lead_ratio_above_125pct,1.333333,1.25,2,Delai fournisseur +3 jours pendant 14 jours,Tension delai: declenche quand le delai observe depasse 125% du delai prevu pendant 2 jours observes.
state_lead_observed_lead_ratio_above_110pct_SDC_VD0956464A_item_007923_d1746,1746,1747,1753,SDC-VD0956464A,item:007923,lead,lead_time,1.1,observed_lead_ratio_above_110pct,1.666667,1.1,3,Delai fournisseur x1.10 pendant 7 jours,Alerte delai: declenche quand le delai observe depasse 110% du delai prevu pendant 3 jours observes.
state_lead_observed_lead_ratio_above_125pct_SDC_VD0951020A_item_007923_d1806,1806,1807,1820,SDC-VD0951020A,item:007923,lead,lead_time_extra_days,3.0,observed_lead_ratio_above_125pct,1.333333,1.25,2,Delai fournisseur +3 jours pendant 14 jours,Tension delai: declenche quand le delai observe depasse 125% du delai prevu pendant 2 jours observes.
state_lead_observed_lead_ratio_above_110pct_SDC_VD0951020A_item_007923_d1807,1807,1808,1814,SDC-VD0951020A,item:007923,lead,lead_time,1.1,observed_lead_ratio_above_110pct,2.333333,1.1,3,Delai fournisseur x1.10 pendant 7 jours,Alerte delai: declenche quand le delai observe depasse 110% du delai prevu pendant 3 jours observes.
state_lead_observed_lead_ratio_above_135pct_SDC_VD0951020A_item_007923_d1808,1808,1809,1822,SDC-VD0951020A,item:007923,lead,lead_time_extra_days,5.0,observed_lead_ratio_above_135pct,2.333333,1.35,2,Delai fournisseur +5 jours pendant 14 jours,Risque delai actif: declenche quand le delai observe depasse 135% du delai prevu pendant 2 jours observes.
