day,node_id,item_id,produced_qty,cum_produced_qty,stock_end_of_day
0,M-1430,item:268967,107800.0,107800.0,107800.0
0,M-1810,item:268091,14400.0,14400.0,14400.0
0,SDC-1450,item:773474,0.0,0.0,9600000.0
1,M-1430,item:268967,0.0,107800.0,107800.0
1,M-1810,item:268091,0.0,14400.0,14400.0
1,SDC-1450,item:773474,3200000.0,3200000.0,3200000.0
2,M-1430,item:268967,0.0,107800.0,43500.142854
2,M-1810,item:268091,14400.0,28800.0,14400.0
2,SDC-1450,item:773474,6400000.0,9600000.0,8559221.0
3,M-1430,item:268967,34450.0,142250.0,34450.0
3,M-1810,item:268091,14400.0,43200.0,14400.0
3,SDC-1450,item:773474,0.0,9600000.0,7518442.0
4,M-1430,item:268967,0.0,142250.0,0.0
4,M-1810,item:268091,14400.0,57600.0,14400.0
4,SDC-1450,item:773474,3200000.0,12800000.0,3200000.0
5,M-1430,item:268967,0.0,142250.0,0.0
5,M-1810,item:268091,14400.0,72000.0,14400.0
5,SDC-1450,item:773474,6400000.0,19200000.0,6400000.0
6,M-1430,item:268967,0.0,142250.0,0.0
6,M-1810,item:268091,14400.0,86400.0,14400.0
6,SDC-1450,item:773474,6400000.0,25600000.0,6400000.0
7,M-1430,item:268967,0.0,142250.0,0.0
7,M-1810,item:268091,14400.0,100800.0,14400.0
7,SDC-1450,item:773474,6400000.0,32000000.0,6400000.0
8,M-1430,item:268967,0.0,142250.0,0.0
8,M-1810,item:268091,14400.0,115200.0,14400.0
8,SDC-1450,item:773474,6400000.0,38400000.0,6400000.0
9,M-1430,item:268967,0.0,142250.0,0.0
9,M-1810,item:268091,14400.0,129600.0,14400.0
9,SDC-1450,item:773474,6400000.0,44800000.0,6400000.0
10,M-1430,item:268967,0.0,142250.0,0.0
10,M-1810,item:268091,14400.0,144000.0,14400.0
10,SDC-1450,item:773474,6400000.0,51200000.0,6400000.0
11,M-1430,item:268967,0.0,142250.0,0.0
11,M-1810,item:268091,14400.0,158400.0,14400.0
11,SDC-1450,item:773474,6400000.0,57600000.0,6400000.0
12,M-1430,item:268967,0.0,142250.0,0.0
12,M-1810,item:268091,14400.0,172800.0,14400.0
12,SDC-1450,item:773474,0.0,57600000.0,490776.0
13,M-1430,item:268967,0.0,142250.0,0.0
13,M-1810,item:268091,14400.0,187200.0,14400.0
13,SDC-1450,item:773474,0.0,57600000.0,0.0
14,M-1430,item:268967,0.0,142250.0,0.0
14,M-1810,item:268091,14400.0,201600.0,14400.0
14,SDC-1450,item:773474,6400000.0,64000000.0,6400000.0
15,M-1430,item:268967,0.0,142250.0,0.0
15,M-1810,item:268091,14400.0,216000.0,14400.0
15,SDC-1450,item:773474,3200000.0,67200000.0,8130909.0
16,M-1430,item:268967,0.0,142250.0,0.0
16,M-1810,item:268091,14400.0,230400.0,14400.0
16,SDC-1450,item:773474,0.0,67200000.0,8130909.0
17,M-1430,item:268967,0.0,142250.0,0.0
17,M-1810,item:268091,14400.0,244800.0,14400.0
17,SDC-1450,item:773474,0.0,67200000.0,8130909.0
18,M-1430,item:268967,0.0,142250.0,0.0
18,M-1810,item:268091,14400.0,259200.0,14400.0
18,SDC-1450,item:773474,0.0,67200000.0,8130909.0
19,M-1430,item:268967,0.0,142250.0,0.0
19,M-1810,item:268091,14400.0,273600.0,14400.0
19,SDC-1450,item:773474,0.0,67200000.0,8130909.0
20,M-1430,item:268967,0.0,142250.0,0.0
20,M-1810,item:268091,14400.0,288000.0,14400.0
20,SDC-1450,item:773474,0.0,67200000.0,8130909.0
21,M-1430,item:268967,0.0,142250.0,0.0
21,M-1810,item:268091,14400.0,302400.0,14400.0
21,SDC-1450,item:773474,0.0,67200000.0,8130909.0
22,M-1430,item:268967,0.0,142250.0,0.0
22,M-1810,item:268091,0.0,302400.0,3312.571421
22,SDC-1450,item:773474,0.0,67200000.0,8130909.0
23,M-1430,item:268967,0.0,142250.0,0.0
23,M-1810,item:268091,0.0,302400.0,139660.0
23,SDC-1450,item:773474,0.0,67200000.0,8130909.0
24,M-1430,item:268967,0.0,142250.0,0.0
24,M-1810,item:268091,0.0,302400.0,124968.326531
24,SDC-1450,item:773474,0.0,67200000.0,8130909.0
25,M-1430,item:268967,0.0,142250.0,0.0
25,M-1810,item:268091,0.0,302400.0,101659.306125
25,SDC-1450,item:773474,0.0,67200000.0,8130909.0
26,M-1430,item:268967,0.0,142250.0,0.0
26,M-1810,item:268091,0.0,302400.0,84615.51021
26,SDC-1450,item:773474,0.0,67200000.0,8130909.0
27,M-1430,item:268967,0.0,142250.0,0.0
27,M-1810,item:268091,0.0,302400.0,84615.51021
27,SDC-1450,item:773474,0.0,67200000.0,8130909.0
28,M-1430,item:268967,0.0,142250.0,0.0
28,M-1810,item:268091,0.0,302400.0,84615.51021
28,SDC-1450,item:773474,0.0,67200000.0,8130909.0
29,M-1430,item:268967,0.0,142250.0,0.0
29,M-1810,item:268091,0.0,302400.0,84615.51021
29,SDC-1450,item:773474,0.0,67200000.0,8130909.0
30,M-1430,item:268967,0.0,142250.0,0.0
30,M-1810,item:268091,0.0,302400.0,79440.285717
30,SDC-1450,item:773474,0.0,67200000.0,8130909.0
31,M-1430,item:268967,0.0,142250.0,0.0
31,M-1810,item:268091,0.0,302400.0,65838.612243
31,SDC-1450,item:773474,0.0,67200000.0,8130909.0
32,M-1430,item:268967,0.0,142250.0,0.0
32,M-1810,item:268091,0.0,302400.0,49112.979587
32,SDC-1450,item:773474,0.0,67200000.0,8130909.0
33,M-1430,item:268967,0.0,142250.0,0.0
33,M-1810,item:268091,0.0,302400.0,24215.428562
33,SDC-1450,item:773474,0.0,67200000.0,8130909.0
34,M-1430,item:268967,0.0,142250.0,0.0
34,M-1810,item:268091,0.0,302400.0,7998.85713
34,SDC-1450,item:773474,0.0,67200000.0,8130909.0
35,M-1430,item:268967,0.0,142250.0,0.0
35,M-1810,item:268091,0.0,302400.0,106313.85713
35,SDC-1450,item:773474,0.0,67200000.0,8130909.0
36,M-1430,item:268967,0.0,142250.0,0.0
36,M-1810,item:268091,0.0,302400.0,106313.85713
36,SDC-1450,item:773474,0.0,67200000.0,8130909.0
37,M-1430,item:268967,0.0,142250.0,0.0
37,M-1810,item:268091,0.0,302400.0,106313.85713
37,SDC-1450,item:773474,0.0,67200000.0,8130909.0
38,M-1430,item:268967,0.0,142250.0,0.0
38,M-1810,item:268091,0.0,302400.0,106313.85713
38,SDC-1450,item:773474,0.0,67200000.0,8130909.0
39,M-1430,item:268967,0.0,142250.0,0.0
39,M-1810,item:268091,0.0,302400.0,106313.85713
39,SDC-1450,item:773474,0.0,67200000.0,8130909.0
40,M-1430,item:268967,0.0,142250.0,0.0
40,M-1810,item:268091,0.0,302400.0,97450.387751
40,SDC-1450,item:773474,0.0,67200000.0,8130909.0
41,M-1430,item:268967,0.0,142250.0,0.0
41,M-1810,item:268091,0.0,302400.0,75707.367352
41,SDC-1450,item:773474,0.0,67200000.0,8130909.0
42,M-1430,item:268967,0.0,142250.0,0.0
42,M-1810,item:268091,0.0,302400.0,67088.877557
42,SDC-1450,item:773474,0.0,67200000.0,8130909.0
43,M-1430,item:268967,0.0,142250.0,0.0
43,M-1810,item:268091,0.0,302400.0,193010.081631
43,SDC-1450,item:773474,0.0,67200000.0,8130909.0
44,M-1430,item:268967,0.0,142250.0,0.0
44,M-1810,item:268091,0.0,302400.0,193010.081631
44,SDC-1450,item:773474,0.0,67200000.0,8130909.0
45,M-1430,item:268967,0.0,142250.0,0.0
45,M-1810,item:268091,0.0,302400.0,191951.469386
45,SDC-1450,item:773474,0.0,67200000.0,8130909.0
46,M-1430,item:268967,0.0,142250.0,0.0
46,M-1810,item:268091,0.0,302400.0,175247.510203
46,SDC-1450,item:773474,0.0,67200000.0,8130909.0
47,M-1430,item:268967,0.0,142250.0,0.0
47,M-1810,item:268091,0.0,302400.0,141872.244898
47,SDC-1450,item:773474,0.0,67200000.0,8130909.0
48,M-1430,item:268967,0.0,142250.0,0.0
48,M-1810,item:268091,0.0,302400.0,141872.244898
48,SDC-1450,item:773474,0.0,67200000.0,8130909.0
49,M-1430,item:268967,0.0,142250.0,0.0
49,M-1810,item:268091,0.0,302400.0,123214.32653
49,SDC-1450,item:773474,0.0,67200000.0,8130909.0
50,M-1430,item:268967,0.0,142250.0,0.0
50,M-1810,item:268091,0.0,302400.0,84807.224489
50,SDC-1450,item:773474,0.0,67200000.0,8130909.0
51,M-1430,item:268967,0.0,142250.0,0.0
51,M-1810,item:268091,0.0,302400.0,39742.897956
51,SDC-1450,item:773474,0.0,67200000.0,8130909.0
52,M-1430,item:268967,0.0,142250.0,0.0
52,M-1810,item:268091,0.0,302400.0,39742.897956
52,SDC-1450,item:773474,0.0,67200000.0,8130909.0
53,M-1430,item:268967,0.0,142250.0,0.0
53,M-1810,item:268091,0.0,302400.0,39742.897956
53,SDC-1450,item:773474,0.0,67200000.0,8130909.0
54,M-1430,item:268967,0.0,142250.0,0.0
54,M-1810,item:268091,0.0,302400.0,39742.897956
54,SDC-1450,item:773474,0.0,67200000.0,8130909.0
55,M-1430,item:268967,0.0,142250.0,0.0
55,M-1810,item:268091,0.0,302400.0,154092.102042
55,SDC-1450,item:773474,0.0,67200000.0,8130909.0
56,M-1430,item:268967,0.0,142250.0,0.0
56,M-1810,item:268091,0.0,302400.0,129164.714292
56,SDC-1450,item:773474,0.0,67200000.0,8130909.0
57,M-1430,item:268967,0.0,142250.0,0.0
57,M-1810,item:268091,0.0,302400.0,104294.183682
57,SDC-1450,item:773474,0.0,67200000.0,8130909.0
58,M-1430,item:268967,73350.0,215600.0,73350.0
58,M-1810,item:268091,0.0,302400.0,92054.755109
58,SDC-1450,item:773474,0.0,67200000.0,8130909.0
59,M-1430,item:268967,41650.0,257250.0,41650.0
59,M-1810,item:268091,0.0,302400.0,92054.755109
59,SDC-1450,item:773474,0.0,67200000.0,8130909.0
60,M-1430,item:268967,20000.0,277250.0,20000.0
60,M-1810,item:268091,0.0,302400.0,92054.755109
60,SDC-1450,item:773474,0.0,67200000.0,8130909.0
61,M-1430,item:268967,25000.0,302250.0,25000.0
61,M-1810,item:268091,0.0,302400.0,102993.081636
61,SDC-1450,item:773474,0.0,67200000.0,11330909.0
62,M-1430,item:268967,21150.0,323400.0,21150.0
62,M-1810,item:268091,0.0,302400.0,94868.510202
62,SDC-1450,item:773474,0.0,67200000.0,11330909.0
63,M-1430,item:268967,107800.0,431200.0,107800.0
63,M-1810,item:268091,0.0,302400.0,221466.63265
63,SDC-1450,item:773474,0.0,67200000.0,11330909.0
64,M-1430,item:268967,0.0,431200.0,29013.714277
64,M-1810,item:268091,0.0,302400.0,340944.693872
64,SDC-1450,item:773474,0.0,67200000.0,11330909.0
65,M-1430,item:268967,107800.0,539000.0,107800.0
65,M-1810,item:268091,0.0,302400.0,335163.061222
65,SDC-1450,item:773474,0.0,67200000.0,11330909.0
66,M-1430,item:268967,0.0,539000.0,107800.0
66,M-1810,item:268091,0.0,302400.0,335163.061222
66,SDC-1450,item:773474,0.0,67200000.0,11330909.0
67,M-1430,item:268967,0.0,539000.0,107800.0
67,M-1810,item:268091,0.0,302400.0,335163.061222
67,SDC-1450,item:773474,0.0,67200000.0,11330909.0
68,M-1430,item:268967,0.0,539000.0,107800.0
68,M-1810,item:268091,0.0,302400.0,335163.061222
68,SDC-1450,item:773474,0.0,67200000.0,11330909.0
69,M-1430,item:268967,0.0,539000.0,107800.0
69,M-1810,item:268091,0.0,302400.0,326041.510205
69,SDC-1450,item:773474,0.0,67200000.0,11330909.0
70,M-1430,item:268967,0.0,539000.0,107800.0
70,M-1810,item:268091,0.0,302400.0,315718.12245
70,SDC-1450,item:773474,0.0,67200000.0,11330909.0
71,M-1430,item:268967,0.0,539000.0,107800.0
71,M-1810,item:268091,0.0,302400.0,295324.040817
71,SDC-1450,item:773474,0.0,67200000.0,11330909.0
72,M-1430,item:268967,0.0,539000.0,102430.142847
72,M-1810,item:268091,0.0,302400.0,275435.346939
72,SDC-1450,item:773474,0.0,67200000.0,11330909.0
73,M-1430,item:268967,0.0,539000.0,94103.204062
73,M-1810,item:268091,0.0,302400.0,263347.918368
73,SDC-1450,item:773474,0.0,67200000.0,11330909.0
74,M-1430,item:268967,0.0,539000.0,88403.959167
74,M-1810,item:268091,0.0,302400.0,258266.408163
74,SDC-1450,item:773474,0.0,67200000.0,11330909.0
75,M-1430,item:268967,0.0,539000.0,88403.959167
75,M-1810,item:268091,0.0,302400.0,252099.591836
75,SDC-1450,item:773474,0.0,67200000.0,11330909.0
76,M-1430,item:268967,0.0,539000.0,86192.08163
76,M-1810,item:268091,0.0,302400.0,304413.408163
76,SDC-1450,item:773474,0.0,67200000.0,11330909.0
77,M-1430,item:268967,0.0,539000.0,81882.795931
77,M-1810,item:268091,0.0,302400.0,282279.571428
77,SDC-1450,item:773474,0.0,67200000.0,11330909.0
78,M-1430,item:268967,0.0,539000.0,77902.897974
78,M-1810,item:268091,0.0,302400.0,254484.306121
78,SDC-1450,item:773474,0.0,67200000.0,11330909.0
79,M-1430,item:268967,0.0,539000.0,77902.897974
79,M-1810,item:268091,0.0,302400.0,254484.306121
79,SDC-1450,item:773474,0.0,67200000.0,11330909.0
80,M-1430,item:268967,0.0,539000.0,77902.897974
80,M-1810,item:268091,0.0,302400.0,253286.571427
80,SDC-1450,item:773474,0.0,67200000.0,11330909.0
81,M-1430,item:268967,0.0,539000.0,77660.938772
81,M-1810,item:268091,0.0,302400.0,239755.265304
81,SDC-1450,item:773474,0.0,67200000.0,11330909.0
82,M-1430,item:268967,0.0,539000.0,72859.48977
82,M-1810,item:268091,0.0,302400.0,214095.979589
82,SDC-1450,item:773474,0.0,67200000.0,11330909.0
83,M-1430,item:268967,0.0,539000.0,68122.693851
83,M-1810,item:268091,0.0,302400.0,188539.999998
83,SDC-1450,item:773474,0.0,67200000.0,11330909.0
84,M-1430,item:268967,0.0,539000.0,58673.938748
84,M-1810,item:268091,0.0,302400.0,175113.020406
84,SDC-1450,item:773474,0.0,67200000.0,11330909.0
85,M-1430,item:268967,0.0,539000.0,49516.816317
85,M-1810,item:268091,0.0,302400.0,173609.448977
85,SDC-1450,item:773474,0.0,67200000.0,11330909.0
86,M-1430,item:268967,0.0,539000.0,49516.816317
86,M-1810,item:268091,0.0,302400.0,173301.571426
86,SDC-1450,item:773474,0.0,67200000.0,11330909.0
87,M-1430,item:268967,0.0,539000.0,48768.204073
87,M-1810,item:268091,0.0,302400.0,167989.714282
87,SDC-1450,item:773474,0.0,67200000.0,11330909.0
88,M-1430,item:268967,0.0,539000.0,42436.857135
88,M-1810,item:268091,0.0,302400.0,158468.346935
88,SDC-1450,item:773474,0.0,67200000.0,11330909.0
89,M-1430,item:268967,0.0,539000.0,30475.122443
89,M-1810,item:268091,0.0,302400.0,150228.040811
89,SDC-1450,item:773474,0.0,67200000.0,11330909.0
90,M-1430,item:268967,0.0,539000.0,19166.693873
90,M-1810,item:268091,0.0,302400.0,147964.897954
90,SDC-1450,item:773474,0.0,67200000.0,11330909.0
91,M-1430,item:268967,0.0,539000.0,14842.918363
91,M-1810,item:268091,0.0,302400.0,147964.897954
91,SDC-1450,item:773474,0.0,67200000.0,11330909.0
92,M-1430,item:268967,0.0,539000.0,14842.918363
92,M-1810,item:268091,0.0,302400.0,147964.897954
92,SDC-1450,item:773474,0.0,67200000.0,11330909.0
93,M-1430,item:268967,0.0,539000.0,14556.999996
93,M-1810,item:268091,0.0,302400.0,289759.897954
93,SDC-1450,item:773474,0.0,67200000.0,11330909.0
94,M-1430,item:268967,0.0,539000.0,12598.326526
94,M-1810,item:268091,0.0,302400.0,285988.387749
94,SDC-1450,item:773474,0.0,67200000.0,11330909.0
95,M-1430,item:268967,0.0,539000.0,6273.530608
95,M-1810,item:268091,0.0,302400.0,276392.938771
95,SDC-1450,item:773474,0.0,67200000.0,11330909.0
96,M-1430,item:268967,107800.0,646800.0,107800.0
96,M-1810,item:268091,0.0,302400.0,277852.897956
96,SDC-1450,item:773474,0.0,67200000.0,11330909.0
97,M-1430,item:268967,0.0,646800.0,95157.204083
97,M-1810,item:268091,0.0,302400.0,257707.836732
97,SDC-1450,item:773474,0.0,67200000.0,11330909.0
98,M-1430,item:268967,0.0,646800.0,82184.020408
98,M-1810,item:268091,0.0,302400.0,226064.285714
98,SDC-1450,item:773474,0.0,67200000.0,11330909.0
99,M-1430,item:268967,0.0,646800.0,75156.673467
99,M-1810,item:268091,0.0,302400.0,211713.87755
99,SDC-1450,item:773474,0.0,67200000.0,11330909.0
100,M-1430,item:268967,0.0,646800.0,74312.510202
100,M-1810,item:268091,0.0,302400.0,211713.87755
100,SDC-1450,item:773474,0.0,67200000.0,11330909.0
101,M-1430,item:268967,0.0,646800.0,74312.510202
101,M-1810,item:268091,0.0,302400.0,211713.87755
101,SDC-1450,item:773474,0.0,67200000.0,11330909.0
102,M-1430,item:268967,0.0,646800.0,74312.510202
102,M-1810,item:268091,0.0,302400.0,211713.87755
102,SDC-1450,item:773474,0.0,67200000.0,11330909.0
103,M-1430,item:268967,0.0,646800.0,74312.510202
103,M-1810,item:268091,0.0,302400.0,200588.734693
103,SDC-1450,item:773474,0.0,67200000.0,11330909.0
104,M-1430,item:268967,0.0,646800.0,74312.510202
104,M-1810,item:268091,0.0,302400.0,177041.510204
104,SDC-1450,item:773474,0.0,67200000.0,11330909.0
105,M-1430,item:268967,0.0,646800.0,74312.510202
105,M-1810,item:268091,0.0,302400.0,142871.897959
105,SDC-1450,item:773474,0.0,67200000.0,11330909.0
106,M-1430,item:268967,0.0,646800.0,74312.510202
106,M-1810,item:268091,0.0,302400.0,225808.020407
106,SDC-1450,item:773474,0.0,67200000.0,11330909.0
107,M-1430,item:268967,0.0,646800.0,74312.510202
107,M-1810,item:268091,0.0,302400.0,367608.020407
107,SDC-1450,item:773474,0.0,67200000.0,11330909.0
108,M-1430,item:268967,0.0,646800.0,74312.510202
108,M-1810,item:268091,0.0,302400.0,367608.020407
108,SDC-1450,item:773474,0.0,67200000.0,11330909.0
109,M-1430,item:268967,0.0,646800.0,74312.510202
109,M-1810,item:268091,0.0,302400.0,367608.020407
109,SDC-1450,item:773474,0.0,67200000.0,11330909.0
110,M-1430,item:268967,0.0,646800.0,74312.510202
110,M-1810,item:268091,0.0,302400.0,367608.020407
110,SDC-1450,item:773474,0.0,67200000.0,11330909.0
111,M-1430,item:268967,0.0,646800.0,74312.510202
111,M-1810,item:268091,0.0,302400.0,416408.020407
111,SDC-1450,item:773474,0.0,67200000.0,11330909.0
112,M-1430,item:268967,0.0,646800.0,74312.510202
112,M-1810,item:268091,0.0,302400.0,416408.020407
112,SDC-1450,item:773474,0.0,67200000.0,11330909.0
113,M-1430,item:268967,0.0,646800.0,74312.510202
113,M-1810,item:268091,0.0,302400.0,558203.020407
113,SDC-1450,item:773474,0.0,67200000.0,11330909.0
114,M-1430,item:268967,0.0,646800.0,74312.510202
114,M-1810,item:268091,0.0,302400.0,558203.020407
114,SDC-1450,item:773474,0.0,67200000.0,11330909.0
115,M-1430,item:268967,0.0,646800.0,74312.510202
115,M-1810,item:268091,0.0,302400.0,558203.020407
115,SDC-1450,item:773474,0.0,67200000.0,11330909.0
116,M-1430,item:268967,0.0,646800.0,74312.510202
116,M-1810,item:268091,0.0,302400.0,558203.020407
116,SDC-1450,item:773474,0.0,67200000.0,11330909.0
117,M-1430,item:268967,0.0,646800.0,74312.510202
117,M-1810,item:268091,0.0,302400.0,558203.020407
117,SDC-1450,item:773474,0.0,67200000.0,11330909.0
118,M-1430,item:268967,0.0,646800.0,74312.510202
118,M-1810,item:268091,0.0,302400.0,558203.020407
118,SDC-1450,item:773474,0.0,67200000.0,11330909.0
119,M-1430,item:268967,0.0,646800.0,74312.510202
119,M-1810,item:268091,0.0,302400.0,594998.020407
119,SDC-1450,item:773474,0.0,67200000.0,11330909.0
120,M-1430,item:268967,0.0,646800.0,74312.510202
120,M-1810,item:268091,0.0,302400.0,594998.020407
120,SDC-1450,item:773474,0.0,67200000.0,11330909.0
121,M-1430,item:268967,0.0,646800.0,74312.510202
121,M-1810,item:268091,0.0,302400.0,594998.020407
121,SDC-1450,item:773474,0.0,67200000.0,11330909.0
122,M-1430,item:268967,0.0,646800.0,74312.510202
122,M-1810,item:268091,0.0,302400.0,594998.020407
122,SDC-1450,item:773474,0.0,67200000.0,11330909.0
123,M-1430,item:268967,0.0,646800.0,74312.510202
123,M-1810,item:268091,0.0,302400.0,594998.020407
123,SDC-1450,item:773474,0.0,67200000.0,11330909.0
124,M-1430,item:268967,0.0,646800.0,74312.510202
124,M-1810,item:268091,0.0,302400.0,594998.020407
124,SDC-1450,item:773474,0.0,67200000.0,11330909.0
125,M-1430,item:268967,0.0,646800.0,74312.510202
125,M-1810,item:268091,0.0,302400.0,588828.979587
125,SDC-1450,item:773474,0.0,67200000.0,11330909.0
126,M-1430,item:268967,0.0,646800.0,74312.510202
126,M-1810,item:268091,0.0,302400.0,572208.999991
126,SDC-1450,item:773474,0.0,67200000.0,11330909.0
127,M-1430,item:268967,0.0,646800.0,74312.510202
127,M-1810,item:268091,0.0,302400.0,551278.306113
127,SDC-1450,item:773474,0.0,67200000.0,11330909.0
128,M-1430,item:268967,0.0,646800.0,74312.510202
128,M-1810,item:268091,0.0,302400.0,536459.020402
128,SDC-1450,item:773474,0.0,67200000.0,11330909.0
129,M-1430,item:268967,0.0,646800.0,74312.510202
129,M-1810,item:268091,0.0,302400.0,531410.244895
129,SDC-1450,item:773474,0.0,67200000.0,11330909.0
130,M-1430,item:268967,0.0,646800.0,74312.510202
130,M-1810,item:268091,0.0,302400.0,529187.102038
130,SDC-1450,item:773474,0.0,67200000.0,11330909.0
131,M-1430,item:268967,0.0,646800.0,74312.510202
131,M-1810,item:268091,0.0,302400.0,514136.836732
131,SDC-1450,item:773474,0.0,67200000.0,11330909.0
132,M-1430,item:268967,0.0,646800.0,74312.510202
132,M-1810,item:268091,0.0,302400.0,502699.387752
132,SDC-1450,item:773474,0.0,67200000.0,11330909.0
133,M-1430,item:268967,0.0,646800.0,74312.510202
133,M-1810,item:268091,0.0,302400.0,618562.877548
133,SDC-1450,item:773474,0.0,67200000.0,11330909.0
134,M-1430,item:268967,0.0,646800.0,74312.510202
134,M-1810,item:268091,0.0,302400.0,714390.061217
134,SDC-1450,item:773474,0.0,67200000.0,11330909.0
135,M-1430,item:268967,0.0,646800.0,74312.510202
135,M-1810,item:268091,0.0,302400.0,673456.244887
135,SDC-1450,item:773474,0.0,67200000.0,11330909.0
136,M-1430,item:268967,0.0,646800.0,74312.510202
136,M-1810,item:268091,0.0,302400.0,662340.408153
136,SDC-1450,item:773474,0.0,67200000.0,11330909.0
137,M-1430,item:268967,0.0,646800.0,74312.510202
137,M-1810,item:268091,0.0,302400.0,662340.408153
137,SDC-1450,item:773474,0.0,67200000.0,11330909.0
138,M-1430,item:268967,0.0,646800.0,74312.510202
138,M-1810,item:268091,0.0,302400.0,662340.408153
138,SDC-1450,item:773474,0.0,67200000.0,11330909.0
139,M-1430,item:268967,0.0,646800.0,74312.510202
139,M-1810,item:268091,0.0,302400.0,662340.408153
139,SDC-1450,item:773474,0.0,67200000.0,11330909.0
140,M-1430,item:268967,0.0,646800.0,74312.510202
140,M-1810,item:268091,0.0,302400.0,662340.408153
140,SDC-1450,item:773474,0.0,67200000.0,11330909.0
141,M-1430,item:268967,0.0,646800.0,74312.510202
141,M-1810,item:268091,0.0,302400.0,657422.999993
141,SDC-1450,item:773474,0.0,67200000.0,11330909.0
142,M-1430,item:268967,0.0,646800.0,73572.428574
142,M-1810,item:268091,0.0,302400.0,641372.73469
142,SDC-1450,item:773474,0.0,67200000.0,11330909.0
143,M-1430,item:268967,0.0,646800.0,72832.346946
143,M-1810,item:268091,0.0,302400.0,636935.387748
143,SDC-1450,item:773474,0.0,67200000.0,11330909.0
144,M-1430,item:268967,0.0,646800.0,72832.346946
144,M-1810,item:268091,0.0,302400.0,623030.959174
144,SDC-1450,item:773474,0.0,67200000.0,11330909.0
145,M-1430,item:268967,0.0,646800.0,72832.346946
145,M-1810,item:268091,0.0,302400.0,743297.897948
145,SDC-1450,item:773474,0.0,67200000.0,11330909.0
146,M-1430,item:268967,0.0,646800.0,72832.346946
146,M-1810,item:268091,0.0,302400.0,723340.67346
146,SDC-1450,item:773474,0.0,67200000.0,11330909.0
147,M-1430,item:268967,0.0,646800.0,72832.346946
147,M-1810,item:268091,0.0,302400.0,690922.530606
147,SDC-1450,item:773474,0.0,67200000.0,11330909.0
148,M-1430,item:268967,0.0,646800.0,72832.346946
148,M-1810,item:268091,0.0,302400.0,687401.428567
148,SDC-1450,item:773474,0.0,67200000.0,11330909.0
149,M-1430,item:268967,0.0,646800.0,72832.346946
149,M-1810,item:268091,0.0,302400.0,687401.428567
149,SDC-1450,item:773474,0.0,67200000.0,11330909.0
150,M-1430,item:268967,0.0,646800.0,72832.346946
150,M-1810,item:268091,0.0,302400.0,687401.428567
150,SDC-1450,item:773474,0.0,67200000.0,11330909.0
151,M-1430,item:268967,0.0,646800.0,72832.346946
151,M-1810,item:268091,0.0,302400.0,687401.428567
151,SDC-1450,item:773474,0.0,67200000.0,11330909.0
152,M-1430,item:268967,0.0,646800.0,72832.346946
152,M-1810,item:268091,0.0,302400.0,686621.775507
152,SDC-1450,item:773474,0.0,67200000.0,11330909.0
153,M-1430,item:268967,0.0,646800.0,72832.346946
153,M-1810,item:268091,0.0,302400.0,679539.163265
153,SDC-1450,item:773474,0.0,67200000.0,11330909.0
154,M-1430,item:268967,0.0,646800.0,72832.346946
154,M-1810,item:268091,0.0,302400.0,667200.469389
154,SDC-1450,item:773474,0.0,67200000.0,11330909.0
155,M-1430,item:268967,0.0,646800.0,72832.346946
155,M-1810,item:268091,0.0,302400.0,649093.265311
155,SDC-1450,item:773474,0.0,67200000.0,11330909.0
156,M-1430,item:268967,0.0,646800.0,72832.346946
156,M-1810,item:268091,0.0,302400.0,637823.469395
156,SDC-1450,item:773474,0.0,67200000.0,11330909.0
157,M-1430,item:268967,0.0,646800.0,66833.693878
157,M-1810,item:268091,0.0,302400.0,629291.510211
157,SDC-1450,item:773474,0.0,67200000.0,11330909.0
158,M-1430,item:268967,0.0,646800.0,36365.428566
158,M-1810,item:268091,0.0,302400.0,628011.081636
158,SDC-1450,item:773474,0.0,67200000.0,11330909.0
159,M-1430,item:268967,0.0,646800.0,17502.734695
159,M-1810,item:268091,0.0,302400.0,628011.081636
159,SDC-1450,item:773474,0.0,67200000.0,11330909.0
160,M-1430,item:268967,107800.0,754600.0,107800.0
160,M-1810,item:268091,0.0,302400.0,628011.081636
160,SDC-1450,item:773474,0.0,67200000.0,11330909.0
161,M-1430,item:268967,0.0,754600.0,56902.102041
161,M-1810,item:268091,0.0,302400.0,628011.081636
161,SDC-1450,item:773474,0.0,67200000.0,11330909.0
162,M-1430,item:268967,107800.0,862400.0,107800.0
162,M-1810,item:268091,0.0,302400.0,620588.142854
162,SDC-1450,item:773474,0.0,67200000.0,11330909.0
163,M-1430,item:268967,0.0,862400.0,72837.897961
163,M-1810,item:268091,0.0,302400.0,604570.632643
163,SDC-1450,item:773474,0.0,67200000.0,11330909.0
164,M-1430,item:268967,0.0,862400.0,72837.897961
164,M-1810,item:268091,0.0,302400.0,582003.163256
164,SDC-1450,item:773474,0.0,67200000.0,11330909.0
165,M-1430,item:268967,0.0,862400.0,72837.897961
165,M-1810,item:268091,0.0,302400.0,582003.163256
165,SDC-1450,item:773474,0.0,67200000.0,11330909.0
166,M-1430,item:268967,0.0,862400.0,72837.897961
166,M-1810,item:268091,0.0,302400.0,568393.469386
166,SDC-1450,item:773474,0.0,67200000.0,11330909.0
167,M-1430,item:268967,0.0,862400.0,67907.428574
167,M-1810,item:268091,0.0,302400.0,552739.163264
167,SDC-1450,item:773474,0.0,67200000.0,11330909.0
168,M-1430,item:268967,0.0,862400.0,3386.81633
168,M-1810,item:268091,0.0,302400.0,520870.081632
168,SDC-1450,item:773474,0.0,67200000.0,11330909.0
169,M-1430,item:268967,107800.0,970200.0,107800.0
169,M-1810,item:268091,0.0,302400.0,487880.061226
169,SDC-1450,item:773474,0.0,67200000.0,11330909.0
170,M-1430,item:268967,107800.0,1078000.0,107800.0
170,M-1810,item:268091,0.0,302400.0,437554.326534
170,SDC-1450,item:773474,0.0,67200000.0,11330909.0
171,M-1430,item:268967,107800.0,1185800.0,107800.0
171,M-1810,item:268091,0.0,302400.0,437554.326534
171,SDC-1450,item:773474,0.0,67200000.0,11330909.0
172,M-1430,item:268967,0.0,1185800.0,95761.000003
172,M-1810,item:268091,0.0,302400.0,433275.285716
172,SDC-1450,item:773474,0.0,67200000.0,11330909.0
173,M-1430,item:268967,0.0,1185800.0,95761.000003
173,M-1810,item:268091,0.0,302400.0,415529.979594
173,SDC-1450,item:773474,0.0,67200000.0,11330909.0
174,M-1430,item:268967,0.0,1185800.0,95761.000003
174,M-1810,item:268091,0.0,302400.0,380392.938778
174,SDC-1450,item:773474,0.0,67200000.0,11330909.0
175,M-1430,item:268967,0.0,1185800.0,95761.000003
175,M-1810,item:268091,0.0,302400.0,380392.938778
175,SDC-1450,item:773474,0.0,67200000.0,11330909.0
176,M-1430,item:268967,0.0,1185800.0,95761.000003
176,M-1810,item:268091,0.0,302400.0,380392.938778
176,SDC-1450,item:773474,0.0,67200000.0,11330909.0
177,M-1430,item:268967,0.0,1185800.0,95761.000003
177,M-1810,item:268091,0.0,302400.0,380392.938778
177,SDC-1450,item:773474,0.0,67200000.0,11330909.0
178,M-1430,item:268967,0.0,1185800.0,95761.000003
178,M-1810,item:268091,0.0,302400.0,380392.938778
178,SDC-1450,item:773474,0.0,67200000.0,11330909.0
179,M-1430,item:268967,0.0,1185800.0,95761.000003
179,M-1810,item:268091,0.0,302400.0,380392.938778
179,SDC-1450,item:773474,0.0,67200000.0,11330909.0
180,M-1430,item:268967,0.0,1185800.0,95761.000003
180,M-1810,item:268091,0.0,302400.0,380392.938778
180,SDC-1450,item:773474,0.0,67200000.0,11330909.0
181,M-1430,item:268967,0.0,1185800.0,95761.000003
181,M-1810,item:268091,0.0,302400.0,380392.938778
181,SDC-1450,item:773474,0.0,67200000.0,11330909.0
182,M-1430,item:268967,0.0,1185800.0,95761.000003
182,M-1810,item:268091,0.0,302400.0,380392.938778
182,SDC-1450,item:773474,0.0,67200000.0,11330909.0
183,M-1430,item:268967,0.0,1185800.0,95761.000003
183,M-1810,item:268091,0.0,302400.0,380392.938778
183,SDC-1450,item:773474,0.0,67200000.0,11330909.0
184,M-1430,item:268967,0.0,1185800.0,95761.000003
184,M-1810,item:268091,0.0,302400.0,374698.714279
184,SDC-1450,item:773474,0.0,67200000.0,11330909.0
185,M-1430,item:268967,0.0,1185800.0,95761.000003
185,M-1810,item:268091,0.0,302400.0,361562.612229
185,SDC-1450,item:773474,0.0,67200000.0,11330909.0
186,M-1430,item:268967,0.0,1185800.0,95761.000003
186,M-1810,item:268091,0.0,302400.0,346440.265291
186,SDC-1450,item:773474,0.0,67200000.0,11330909.0
187,M-1430,item:268967,0.0,1185800.0,95761.000003
187,M-1810,item:268091,0.0,302400.0,333224.244891
187,SDC-1450,item:773474,0.0,67200000.0,11330909.0
188,M-1430,item:268967,0.0,1185800.0,95761.000003
188,M-1810,item:268091,0.0,302400.0,321972.346938
188,SDC-1450,item:773474,0.0,67200000.0,11330909.0
189,M-1430,item:268967,0.0,1185800.0,95761.000003
189,M-1810,item:268091,0.0,302400.0,310539.65306
189,SDC-1450,item:773474,0.0,67200000.0,11330909.0
190,M-1430,item:268967,0.0,1185800.0,95761.000003
190,M-1810,item:268091,0.0,302400.0,308156.142849
190,SDC-1450,item:773474,0.0,67200000.0,11330909.0
191,M-1430,item:268967,0.0,1185800.0,95761.000003
191,M-1810,item:268091,0.0,302400.0,291898.632638
191,SDC-1450,item:773474,0.0,67200000.0,11330909.0
192,M-1430,item:268967,0.0,1185800.0,95761.000003
192,M-1810,item:268091,0.0,302400.0,274627.551006
192,SDC-1450,item:773474,0.0,67200000.0,11330909.0
193,M-1430,item:268967,0.0,1185800.0,95761.000003
193,M-1810,item:268091,0.0,302400.0,270692.673464
193,SDC-1450,item:773474,0.0,67200000.0,11330909.0
194,M-1430,item:268967,0.0,1185800.0,95761.000003
194,M-1810,item:268091,0.0,302400.0,270692.673464
194,SDC-1450,item:773474,0.0,67200000.0,11330909.0
195,M-1430,item:268967,0.0,1185800.0,95761.000003
195,M-1810,item:268091,0.0,302400.0,266803.7551
195,SDC-1450,item:773474,0.0,67200000.0,11330909.0
196,M-1430,item:268967,0.0,1185800.0,95761.000003
196,M-1810,item:268091,0.0,302400.0,251406.428573
196,SDC-1450,item:773474,0.0,67200000.0,11330909.0
197,M-1430,item:268967,0.0,1185800.0,95761.000003
197,M-1810,item:268091,0.0,302400.0,224976.469394
197,SDC-1450,item:773474,0.0,67200000.0,11330909.0
198,M-1430,item:268967,0.0,1185800.0,95761.000003
198,M-1810,item:268091,0.0,302400.0,203386.9796
198,SDC-1450,item:773474,0.0,67200000.0,11330909.0
199,M-1430,item:268967,0.0,1185800.0,95761.000003
199,M-1810,item:268091,0.0,302400.0,173155.061233
199,SDC-1450,item:773474,0.0,67200000.0,11330909.0
200,M-1430,item:268967,0.0,1185800.0,95761.000003
200,M-1810,item:268091,0.0,302400.0,154915.346947
200,SDC-1450,item:773474,0.0,67200000.0,11330909.0
201,M-1430,item:268967,0.0,1185800.0,95761.000003
201,M-1810,item:268091,0.0,302400.0,154915.346947
201,SDC-1450,item:773474,0.0,67200000.0,11330909.0
202,M-1430,item:268967,0.0,1185800.0,95761.000003
202,M-1810,item:268091,0.0,302400.0,154915.346947
202,SDC-1450,item:773474,0.0,67200000.0,11330909.0
203,M-1430,item:268967,0.0,1185800.0,95761.000003
203,M-1810,item:268091,0.0,302400.0,154915.346947
203,SDC-1450,item:773474,0.0,67200000.0,11330909.0
204,M-1430,item:268967,0.0,1185800.0,95761.000003
204,M-1810,item:268091,0.0,302400.0,137014.142859
204,SDC-1450,item:773474,0.0,67200000.0,11330909.0
205,M-1430,item:268967,0.0,1185800.0,95761.000003
205,M-1810,item:268091,0.0,302400.0,91857.653057
205,SDC-1450,item:773474,0.0,67200000.0,11330909.0
206,M-1430,item:268967,0.0,1185800.0,95761.000003
206,M-1810,item:268091,0.0,302400.0,64000.183668
206,SDC-1450,item:773474,0.0,67200000.0,11330909.0
207,M-1430,item:268967,0.0,1185800.0,95761.000003
207,M-1810,item:268091,0.0,302400.0,64000.183668
207,SDC-1450,item:773474,0.0,67200000.0,11330909.0
208,M-1430,item:268967,0.0,1185800.0,95761.000003
208,M-1810,item:268091,0.0,302400.0,64000.183668
208,SDC-1450,item:773474,0.0,67200000.0,11330909.0
209,M-1430,item:268967,0.0,1185800.0,95761.000003
209,M-1810,item:268091,0.0,302400.0,64000.183668
209,SDC-1450,item:773474,0.0,67200000.0,11330909.0
210,M-1430,item:268967,0.0,1185800.0,95761.000003
210,M-1810,item:268091,0.0,302400.0,64000.183668
210,SDC-1450,item:773474,0.0,67200000.0,11330909.0
211,M-1430,item:268967,0.0,1185800.0,95761.000003
211,M-1810,item:268091,0.0,302400.0,64000.183668
211,SDC-1450,item:773474,0.0,67200000.0,11330909.0
212,M-1430,item:268967,0.0,1185800.0,95761.000003
212,M-1810,item:268091,0.0,302400.0,64000.183668
212,SDC-1450,item:773474,0.0,67200000.0,11330909.0
213,M-1430,item:268967,0.0,1185800.0,95761.000003
213,M-1810,item:268091,0.0,302400.0,64000.183668
213,SDC-1450,item:773474,0.0,67200000.0,11330909.0
214,M-1430,item:268967,0.0,1185800.0,95761.000003
214,M-1810,item:268091,0.0,302400.0,64000.183668
214,SDC-1450,item:773474,0.0,67200000.0,11330909.0
215,M-1430,item:268967,0.0,1185800.0,95761.000003
215,M-1810,item:268091,0.0,302400.0,64000.183668
215,SDC-1450,item:773474,0.0,67200000.0,11330909.0
216,M-1430,item:268967,0.0,1185800.0,95761.000003
216,M-1810,item:268091,0.0,302400.0,64000.183668
216,SDC-1450,item:773474,0.0,67200000.0,11330909.0
217,M-1430,item:268967,0.0,1185800.0,95761.000003
217,M-1810,item:268091,0.0,302400.0,64000.183668
217,SDC-1450,item:773474,0.0,67200000.0,11330909.0
218,M-1430,item:268967,0.0,1185800.0,95761.000003
218,M-1810,item:268091,0.0,302400.0,64000.183668
218,SDC-1450,item:773474,0.0,67200000.0,11330909.0
219,M-1430,item:268967,0.0,1185800.0,95761.000003
219,M-1810,item:268091,0.0,302400.0,64000.183668
219,SDC-1450,item:773474,0.0,67200000.0,11330909.0
220,M-1430,item:268967,0.0,1185800.0,95761.000003
220,M-1810,item:268091,0.0,302400.0,64000.183668
220,SDC-1450,item:773474,0.0,67200000.0,11330909.0
221,M-1430,item:268967,0.0,1185800.0,95761.000003
221,M-1810,item:268091,0.0,302400.0,64000.183668
221,SDC-1450,item:773474,0.0,67200000.0,11330909.0
222,M-1430,item:268967,0.0,1185800.0,95761.000003
222,M-1810,item:268091,0.0,302400.0,64000.183668
222,SDC-1450,item:773474,0.0,67200000.0,11330909.0
223,M-1430,item:268967,0.0,1185800.0,95761.000003
223,M-1810,item:268091,0.0,302400.0,64000.183668
223,SDC-1450,item:773474,0.0,67200000.0,11330909.0
224,M-1430,item:268967,0.0,1185800.0,95761.000003
224,M-1810,item:268091,0.0,302400.0,64000.183668
224,SDC-1450,item:773474,0.0,67200000.0,11330909.0
225,M-1430,item:268967,0.0,1185800.0,95761.000003
225,M-1810,item:268091,0.0,302400.0,64000.183668
225,SDC-1450,item:773474,0.0,67200000.0,11330909.0
226,M-1430,item:268967,0.0,1185800.0,95761.000003
226,M-1810,item:268091,0.0,302400.0,64000.183668
226,SDC-1450,item:773474,0.0,67200000.0,11330909.0
227,M-1430,item:268967,0.0,1185800.0,95761.000003
227,M-1810,item:268091,0.0,302400.0,64000.183668
227,SDC-1450,item:773474,0.0,67200000.0,11330909.0
228,M-1430,item:268967,0.0,1185800.0,95761.000003
228,M-1810,item:268091,0.0,302400.0,64000.183668
228,SDC-1450,item:773474,0.0,67200000.0,11330909.0
229,M-1430,item:268967,0.0,1185800.0,95761.000003
229,M-1810,item:268091,0.0,302400.0,53440.040811
229,SDC-1450,item:773474,0.0,67200000.0,11330909.0
230,M-1430,item:268967,0.0,1185800.0,95761.000003
230,M-1810,item:268091,0.0,302400.0,31493.734687
230,SDC-1450,item:773474,0.0,67200000.0,11330909.0
231,M-1430,item:268967,0.0,1185800.0,95761.000003
231,M-1810,item:268091,0.0,302400.0,8694.081626
231,SDC-1450,item:773474,0.0,67200000.0,11330909.0
232,M-1430,item:268967,0.0,1185800.0,95761.000003
232,M-1810,item:268091,14400.0,316800.0,14400.0
232,SDC-1450,item:773474,0.0,67200000.0,11330909.0
233,M-1430,item:268967,0.0,1185800.0,95761.000003
233,M-1810,item:268091,0.0,316800.0,13437.34694
233,SDC-1450,item:773474,0.0,67200000.0,11330909.0
234,M-1430,item:268967,0.0,1185800.0,95761.000003
234,M-1810,item:268091,0.0,316800.0,10792.530608
234,SDC-1450,item:773474,0.0,67200000.0,11330909.0
235,M-1430,item:268967,0.0,1185800.0,95761.000003
235,M-1810,item:268091,14400.0,331200.0,14400.0
235,SDC-1450,item:773474,0.0,67200000.0,11330909.0
236,M-1430,item:268967,0.0,1185800.0,95761.000003
236,M-1810,item:268091,14400.0,345600.0,14400.0
236,SDC-1450,item:773474,0.0,67200000.0,11330909.0
237,M-1430,item:268967,0.0,1185800.0,95761.000003
237,M-1810,item:268091,14400.0,360000.0,14400.0
237,SDC-1450,item:773474,0.0,67200000.0,11330909.0
238,M-1430,item:268967,0.0,1185800.0,81432.387762
238,M-1810,item:268091,14400.0,374400.0,14400.0
238,SDC-1450,item:773474,0.0,67200000.0,11330909.0
239,M-1430,item:268967,0.0,1185800.0,41690.387764
239,M-1810,item:268091,14400.0,388800.0,14400.0
239,SDC-1450,item:773474,0.0,67200000.0,11330909.0
240,M-1430,item:268967,107800.0,1293600.0,107800.0
240,M-1810,item:268091,14400.0,403200.0,14400.0
240,SDC-1450,item:773474,0.0,67200000.0,11330909.0
241,M-1430,item:268967,0.0,1293600.0,107800.0
241,M-1810,item:268091,14400.0,417600.0,14400.0
241,SDC-1450,item:773474,0.0,67200000.0,11330909.0
242,M-1430,item:268967,0.0,1293600.0,107800.0
242,M-1810,item:268091,14400.0,432000.0,14400.0
242,SDC-1450,item:773474,0.0,67200000.0,11330909.0
243,M-1430,item:268967,0.0,1293600.0,107800.0
243,M-1810,item:268091,14400.0,446400.0,14400.0
243,SDC-1450,item:773474,0.0,67200000.0,11330909.0
244,M-1430,item:268967,0.0,1293600.0,107800.0
244,M-1810,item:268091,0.0,446400.0,5950.081626
244,SDC-1450,item:773474,0.0,67200000.0,11330909.0
245,M-1430,item:268967,0.0,1293600.0,107800.0
245,M-1810,item:268091,0.0,446400.0,5381.061211
245,SDC-1450,item:773474,0.0,67200000.0,11330909.0
246,M-1430,item:268967,0.0,1293600.0,107800.0
246,M-1810,item:268091,0.0,446400.0,5381.061211
246,SDC-1450,item:773474,0.0,67200000.0,11330909.0
247,M-1430,item:268967,0.0,1293600.0,107800.0
247,M-1810,item:268091,0.0,446400.0,974.979579
247,SDC-1450,item:773474,0.0,67200000.0,11330909.0
248,M-1430,item:268967,0.0,1293600.0,107800.0
248,M-1810,item:268091,14400.0,460800.0,14400.0
248,SDC-1450,item:773474,0.0,67200000.0,11330909.0
249,M-1430,item:268967,0.0,1293600.0,107800.0
249,M-1810,item:268091,14400.0,475200.0,14400.0
249,SDC-1450,item:773474,0.0,67200000.0,11330909.0
250,M-1430,item:268967,0.0,1293600.0,107800.0
250,M-1810,item:268091,14400.0,489600.0,14400.0
250,SDC-1450,item:773474,0.0,67200000.0,11330909.0
251,M-1430,item:268967,0.0,1293600.0,107800.0
251,M-1810,item:268091,0.0,489600.0,7851.653058
251,SDC-1450,item:773474,0.0,67200000.0,11330909.0
252,M-1430,item:268967,0.0,1293600.0,107800.0
252,M-1810,item:268091,14400.0,504000.0,14400.0
252,SDC-1450,item:773474,0.0,67200000.0,11330909.0
253,M-1430,item:268967,0.0,1293600.0,107800.0
253,M-1810,item:268091,14400.0,518400.0,14400.0
253,SDC-1450,item:773474,0.0,67200000.0,11330909.0
254,M-1430,item:268967,0.0,1293600.0,107800.0
254,M-1810,item:268091,14400.0,532800.0,14400.0
254,SDC-1450,item:773474,0.0,67200000.0,11330909.0
255,M-1430,item:268967,0.0,1293600.0,107800.0
255,M-1810,item:268091,14400.0,547200.0,14400.0
255,SDC-1450,item:773474,0.0,67200000.0,11330909.0
256,M-1430,item:268967,0.0,1293600.0,107800.0
256,M-1810,item:268091,14400.0,561600.0,14400.0
256,SDC-1450,item:773474,0.0,67200000.0,11330909.0
257,M-1430,item:268967,0.0,1293600.0,107800.0
257,M-1810,item:268091,14400.0,576000.0,14400.0
257,SDC-1450,item:773474,0.0,67200000.0,11330909.0
258,M-1430,item:268967,0.0,1293600.0,107800.0
258,M-1810,item:268091,14400.0,590400.0,14400.0
258,SDC-1450,item:773474,0.0,67200000.0,11330909.0
259,M-1430,item:268967,0.0,1293600.0,107800.0
259,M-1810,item:268091,0.0,590400.0,11105.836733
259,SDC-1450,item:773474,0.0,67200000.0,11330909.0
260,M-1430,item:268967,0.0,1293600.0,107800.0
260,M-1810,item:268091,14400.0,604800.0,14400.0
260,SDC-1450,item:773474,0.0,67200000.0,11330909.0
261,M-1430,item:268967,0.0,1293600.0,107800.0
261,M-1810,item:268091,14400.0,619200.0,14400.0
261,SDC-1450,item:773474,0.0,67200000.0,11330909.0
262,M-1430,item:268967,0.0,1293600.0,107800.0
262,M-1810,item:268091,0.0,619200.0,3327.591835
262,SDC-1450,item:773474,0.0,67200000.0,11330909.0
263,M-1430,item:268967,0.0,1293600.0,107800.0
263,M-1810,item:268091,14400.0,633600.0,14400.0
263,SDC-1450,item:773474,0.0,67200000.0,11330909.0
264,M-1430,item:268967,0.0,1293600.0,107800.0
264,M-1810,item:268091,14400.0,648000.0,14400.0
264,SDC-1450,item:773474,0.0,67200000.0,11330909.0
265,M-1430,item:268967,0.0,1293600.0,107800.0
265,M-1810,item:268091,14400.0,662400.0,14400.0
265,SDC-1450,item:773474,0.0,67200000.0,11330909.0
266,M-1430,item:268967,0.0,1293600.0,107800.0
266,M-1810,item:268091,14400.0,676800.0,14400.0
266,SDC-1450,item:773474,0.0,67200000.0,11330909.0
267,M-1430,item:268967,0.0,1293600.0,107800.0
267,M-1810,item:268091,14400.0,691200.0,14400.0
267,SDC-1450,item:773474,0.0,67200000.0,11330909.0
268,M-1430,item:268967,0.0,1293600.0,98305.857155
268,M-1810,item:268091,14400.0,705600.0,14400.0
268,SDC-1450,item:773474,0.0,67200000.0,11330909.0
269,M-1430,item:268967,0.0,1293600.0,88811.71431
269,M-1810,item:268091,14400.0,720000.0,14400.0
269,SDC-1450,item:773474,0.0,67200000.0,11330909.0
270,M-1430,item:268967,0.0,1293600.0,88811.71431
270,M-1810,item:268091,0.0,720000.0,5240.959181
270,SDC-1450,item:773474,0.0,67200000.0,11330909.0
271,M-1430,item:268967,0.0,1293600.0,88811.71431
271,M-1810,item:268091,14400.0,734400.0,14400.0
271,SDC-1450,item:773474,0.0,67200000.0,11330909.0
272,M-1430,item:268967,0.0,1293600.0,88811.71431
272,M-1810,item:268091,0.0,734400.0,14331.530611
272,SDC-1450,item:773474,0.0,67200000.0,11330909.0
273,M-1430,item:268967,0.0,1293600.0,88811.71431
273,M-1810,item:268091,0.0,734400.0,14331.530611
273,SDC-1450,item:773474,0.0,67200000.0,11330909.0
274,M-1430,item:268967,0.0,1293600.0,88811.71431
274,M-1810,item:268091,0.0,734400.0,14331.530611
274,SDC-1450,item:773474,0.0,67200000.0,11330909.0
275,M-1430,item:268967,0.0,1293600.0,88811.71431
275,M-1810,item:268091,0.0,734400.0,14331.530611
275,SDC-1450,item:773474,0.0,67200000.0,11330909.0
276,M-1430,item:268967,0.0,1293600.0,88811.71431
276,M-1810,item:268091,0.0,734400.0,6434.24489
276,SDC-1450,item:773474,0.0,67200000.0,11330909.0
277,M-1430,item:268967,0.0,1293600.0,88811.71431
277,M-1810,item:268091,14400.0,748800.0,14400.0
277,SDC-1450,item:773474,0.0,67200000.0,11330909.0
278,M-1430,item:268967,0.0,1293600.0,88811.71431
278,M-1810,item:268091,14400.0,763200.0,14400.0
278,SDC-1450,item:773474,0.0,67200000.0,11330909.0
279,M-1430,item:268967,0.0,1293600.0,88811.71431
279,M-1810,item:268091,14400.0,777600.0,14400.0
279,SDC-1450,item:773474,0.0,67200000.0,11330909.0
280,M-1430,item:268967,0.0,1293600.0,88104.387766
280,M-1810,item:268091,14400.0,792000.0,14400.0
280,SDC-1450,item:773474,0.0,67200000.0,11330909.0
281,M-1430,item:268967,0.0,1293600.0,81927.714296
281,M-1810,item:268091,14400.0,806400.0,14400.0
281,SDC-1450,item:773474,0.0,67200000.0,11330909.0
282,M-1430,item:268967,0.0,1293600.0,69307.183683
282,M-1810,item:268091,14400.0,820800.0,14400.0
282,SDC-1450,item:773474,0.0,67200000.0,11330909.0
283,M-1430,item:268967,0.0,1293600.0,56658.734704
283,M-1810,item:268091,14400.0,835200.0,14400.0
283,SDC-1450,item:773474,0.0,67200000.0,11330909.0
284,M-1430,item:268967,0.0,1293600.0,50344.061235
284,M-1810,item:268091,0.0,835200.0,2164.836726
284,SDC-1450,item:773474,0.0,67200000.0,11330909.0
285,M-1430,item:268967,0.0,1293600.0,50308.918379
285,M-1810,item:268091,0.0,835200.0,2164.836726
285,SDC-1450,item:773474,0.0,67200000.0,11330909.0
286,M-1430,item:268967,0.0,1293600.0,50172.510215
286,M-1810,item:268091,14400.0,849600.0,14400.0
286,SDC-1450,item:773474,0.0,67200000.0,11330909.0
287,M-1430,item:268967,0.0,1293600.0,43502.857153
287,M-1810,item:268091,14400.0,864000.0,14400.0
287,SDC-1450,item:773474,0.0,67200000.0,11330909.0
288,M-1430,item:268967,0.0,1293600.0,30354.204091
288,M-1810,item:268091,14400.0,878400.0,14400.0
288,SDC-1450,item:773474,0.0,67200000.0,11330909.0
289,M-1430,item:268967,0.0,1293600.0,30326.285724
289,M-1810,item:268091,14400.0,892800.0,14400.0
289,SDC-1450,item:773474,0.0,67200000.0,11330909.0
290,M-1430,item:268967,0.0,1293600.0,26251.67348
290,M-1810,item:268091,14400.0,907200.0,14400.0
290,SDC-1450,item:773474,0.0,67200000.0,11330909.0
291,M-1430,item:268967,0.0,1293600.0,22011.632664
291,M-1810,item:268091,14400.0,921600.0,14400.0
291,SDC-1450,item:773474,0.0,67200000.0,11330909.0
292,M-1430,item:268967,0.0,1293600.0,12586.795927
292,M-1810,item:268091,0.0,921600.0,11239.244888
292,SDC-1450,item:773474,0.0,67200000.0,11330909.0
293,M-1430,item:268967,107800.0,1401400.0,107800.0
293,M-1810,item:268091,14400.0,936000.0,14400.0
293,SDC-1450,item:773474,0.0,67200000.0,11330909.0
294,M-1430,item:268967,0.0,1401400.0,85281.244899
294,M-1810,item:268091,14400.0,950400.0,14400.0
294,SDC-1450,item:773474,0.0,67200000.0,11330909.0
295,M-1430,item:268967,0.0,1401400.0,75775.244913
295,M-1810,item:268091,14400.0,964800.0,14400.0
295,SDC-1450,item:773474,0.0,67200000.0,11330909.0
296,M-1430,item:268967,0.0,1401400.0,75775.244913
296,M-1810,item:268091,14400.0,979200.0,14400.0
296,SDC-1450,item:773474,0.0,67200000.0,11330909.0
297,M-1430,item:268967,0.0,1401400.0,75775.244913
297,M-1810,item:268091,14400.0,993600.0,14400.0
297,SDC-1450,item:773474,0.0,67200000.0,11330909.0
298,M-1430,item:268967,0.0,1401400.0,75775.244913
298,M-1810,item:268091,14400.0,1008000.0,14400.0
298,SDC-1450,item:773474,0.0,67200000.0,11330909.0
299,M-1430,item:268967,0.0,1401400.0,75775.244913
299,M-1810,item:268091,0.0,1008000.0,14400.0
299,SDC-1450,item:773474,0.0,67200000.0,11330909.0
300,M-1430,item:268967,0.0,1401400.0,75775.244913
300,M-1810,item:268091,0.0,1008000.0,14400.0
300,SDC-1450,item:773474,0.0,67200000.0,11330909.0
301,M-1430,item:268967,0.0,1401400.0,71577.857161
301,M-1810,item:268091,0.0,1008000.0,14400.0
301,SDC-1450,item:773474,0.0,67200000.0,11330909.0
302,M-1430,item:268967,0.0,1401400.0,65847.285733
302,M-1810,item:268091,0.0,1008000.0,14400.0
302,SDC-1450,item:773474,0.0,67200000.0,11330909.0
303,M-1430,item:268967,0.0,1401400.0,54714.285734
303,M-1810,item:268091,0.0,1008000.0,14400.0
303,SDC-1450,item:773474,0.0,67200000.0,11330909.0
304,M-1430,item:268967,0.0,1401400.0,44918.285734
304,M-1810,item:268091,0.0,1008000.0,10985.102036
304,SDC-1450,item:773474,0.0,67200000.0,11330909.0
305,M-1430,item:268967,0.0,1401400.0,41308.285734
305,M-1810,item:268091,0.0,1008000.0,639.408153
305,SDC-1450,item:773474,0.0,67200000.0,11330909.0
306,M-1430,item:268967,0.0,1401400.0,41308.285734
306,M-1810,item:268091,14400.0,1022400.0,14400.0
306,SDC-1450,item:773474,0.0,67200000.0,11330909.0
307,M-1430,item:268967,0.0,1401400.0,32124.857164
307,M-1810,item:268091,14400.0,1036800.0,14400.0
307,SDC-1450,item:773474,0.0,67200000.0,11330909.0
308,M-1430,item:268967,0.0,1401400.0,8600.857165
308,M-1810,item:268091,14400.0,1051200.0,14400.0
308,SDC-1450,item:773474,0.0,67200000.0,11330909.0
309,M-1430,item:268967,107800.0,1509200.0,107800.0
309,M-1810,item:268091,14400.0,1065600.0,14400.0
309,SDC-1450,item:773474,0.0,67200000.0,11330909.0
310,M-1430,item:268967,0.0,1509200.0,89669.428594
310,M-1810,item:268091,14400.0,1080000.0,14400.0
310,SDC-1450,item:773474,0.0,67200000.0,11330909.0
311,M-1430,item:268967,0.0,1509200.0,89669.428594
311,M-1810,item:268091,0.0,1080000.0,5844.469386
311,SDC-1450,item:773474,0.0,67200000.0,11330909.0
312,M-1430,item:268967,0.0,1509200.0,89669.428594
312,M-1810,item:268091,14400.0,1094400.0,14400.0
312,SDC-1450,item:773474,0.0,67200000.0,11330909.0
313,M-1430,item:268967,0.0,1509200.0,89669.428594
313,M-1810,item:268091,0.0,1094400.0,2277.775508
313,SDC-1450,item:773474,0.0,67200000.0,11330909.0
314,M-1430,item:268967,0.0,1509200.0,89669.428594
314,M-1810,item:268091,14400.0,1108800.0,14400.0
314,SDC-1450,item:773474,0.0,67200000.0,11330909.0
315,M-1430,item:268967,0.0,1509200.0,89669.428594
315,M-1810,item:268091,14400.0,1123200.0,14400.0
315,SDC-1450,item:773474,0.0,67200000.0,11330909.0
316,M-1430,item:268967,0.0,1509200.0,89669.428594
316,M-1810,item:268091,14400.0,1137600.0,14400.0
316,SDC-1450,item:773474,0.0,67200000.0,11330909.0
317,M-1430,item:268967,0.0,1509200.0,89669.428594
317,M-1810,item:268091,14400.0,1152000.0,14400.0
317,SDC-1450,item:773474,0.0,67200000.0,11330909.0
318,M-1430,item:268967,0.0,1509200.0,89669.428594
318,M-1810,item:268091,14400.0,1166400.0,14400.0
318,SDC-1450,item:773474,0.0,67200000.0,11330909.0
319,M-1430,item:268967,0.0,1509200.0,89669.428594
319,M-1810,item:268091,14400.0,1180800.0,14400.0
319,SDC-1450,item:773474,0.0,67200000.0,11330909.0
320,M-1430,item:268967,0.0,1509200.0,83892.551041
320,M-1810,item:268091,14400.0,1195200.0,14400.0
320,SDC-1450,item:773474,0.0,67200000.0,11330909.0
321,M-1430,item:268967,0.0,1509200.0,70528.469406
321,M-1810,item:268091,14400.0,1209600.0,14400.0
321,SDC-1450,item:773474,0.0,67200000.0,11330909.0
322,M-1430,item:268967,0.0,1509200.0,55173.367365
322,M-1810,item:268091,28800.0,1238400.0,28800.0
322,SDC-1450,item:773474,0.0,67200000.0,11330909.0
323,M-1430,item:268967,0.0,1509200.0,45233.755124
323,M-1810,item:268091,28800.0,1267200.0,28800.0
323,SDC-1450,item:773474,0.0,67200000.0,11330909.0
324,M-1430,item:268967,0.0,1509200.0,42519.959208
324,M-1810,item:268091,28800.0,1296000.0,28800.0
324,SDC-1450,item:773474,0.0,67200000.0,11330909.0
325,M-1430,item:268967,0.0,1509200.0,42519.959208
325,M-1810,item:268091,28800.0,1324800.0,28800.0
325,SDC-1450,item:773474,0.0,67200000.0,11330909.0
326,M-1430,item:268967,0.0,1509200.0,42519.959208
326,M-1810,item:268091,28800.0,1353600.0,28800.0
326,SDC-1450,item:773474,0.0,67200000.0,11330909.0
327,M-1430,item:268967,0.0,1509200.0,37395.918389
327,M-1810,item:268091,28800.0,1382400.0,28800.0
327,SDC-1450,item:773474,0.0,67200000.0,11330909.0
328,M-1430,item:268967,0.0,1509200.0,22642.632672
328,M-1810,item:268091,0.0,1382400.0,28800.0
328,SDC-1450,item:773474,0.0,67200000.0,11330909.0
329,M-1430,item:268967,0.0,1509200.0,3132.79594
329,M-1810,item:268091,0.0,1382400.0,18226.122442
329,SDC-1450,item:773474,0.0,67200000.0,11330909.0
330,M-1430,item:268967,107800.0,1617000.0,107800.0
330,M-1810,item:268091,14400.0,1396800.0,14400.0
330,SDC-1450,item:773474,0.0,67200000.0,11330909.0
331,M-1430,item:268967,0.0,1617000.0,82528.224497
331,M-1810,item:268091,14400.0,1411200.0,14400.0
331,SDC-1450,item:773474,0.0,67200000.0,11330909.0
332,M-1430,item:268967,0.0,1617000.0,78406.183706
332,M-1810,item:268091,14400.0,1425600.0,14400.0
332,SDC-1450,item:773474,0.0,67200000.0,11330909.0
333,M-1430,item:268967,0.0,1617000.0,78406.183706
333,M-1810,item:268091,0.0,1425600.0,14400.0
333,SDC-1450,item:773474,0.0,67200000.0,11330909.0
334,M-1430,item:268967,0.0,1617000.0,78406.183706
334,M-1810,item:268091,0.0,1425600.0,14400.0
334,SDC-1450,item:773474,0.0,67200000.0,11330909.0
335,M-1430,item:268967,0.0,1617000.0,78406.183706
335,M-1810,item:268091,0.0,1425600.0,14400.0
335,SDC-1450,item:773474,0.0,67200000.0,11330909.0
336,M-1430,item:268967,0.0,1617000.0,78406.183706
336,M-1810,item:268091,0.0,1425600.0,14400.0
336,SDC-1450,item:773474,0.0,67200000.0,11330909.0
337,M-1430,item:268967,0.0,1617000.0,78406.183706
337,M-1810,item:268091,0.0,1425600.0,14400.0
337,SDC-1450,item:773474,0.0,67200000.0,11330909.0
338,M-1430,item:268967,0.0,1617000.0,78406.183706
338,M-1810,item:268091,0.0,1425600.0,14400.0
338,SDC-1450,item:773474,0.0,67200000.0,11330909.0
339,M-1430,item:268967,0.0,1617000.0,78406.183706
339,M-1810,item:268091,14400.0,1440000.0,14400.0
339,SDC-1450,item:773474,0.0,67200000.0,11330909.0
340,M-1430,item:268967,0.0,1617000.0,78406.183706
340,M-1810,item:268091,14400.0,1454400.0,14400.0
340,SDC-1450,item:773474,0.0,67200000.0,11330909.0
341,M-1430,item:268967,0.0,1617000.0,76839.653083
341,M-1810,item:268091,14400.0,1468800.0,14400.0
341,SDC-1450,item:773474,0.0,67200000.0,11330909.0
342,M-1430,item:268967,0.0,1617000.0,67720.510217
342,M-1810,item:268091,14400.0,1483200.0,14400.0
342,SDC-1450,item:773474,0.0,67200000.0,11330909.0
343,M-1430,item:268967,0.0,1617000.0,52551.48981
343,M-1810,item:268091,14400.0,1497600.0,14400.0
343,SDC-1450,item:773474,0.0,67200000.0,11330909.0
344,M-1430,item:268967,0.0,1617000.0,38821.408189
344,M-1810,item:268091,14400.0,1512000.0,14400.0
344,SDC-1450,item:773474,0.0,67200000.0,11330909.0
345,M-1430,item:268967,0.0,1617000.0,32516.346976
345,M-1810,item:268091,14400.0,1526400.0,14400.0
345,SDC-1450,item:773474,0.0,67200000.0,11330909.0
346,M-1430,item:268967,0.0,1617000.0,32516.346976
346,M-1810,item:268091,14400.0,1540800.0,14400.0
346,SDC-1450,item:773474,0.0,67200000.0,11330909.0
347,M-1430,item:268967,0.0,1617000.0,32516.346976
347,M-1810,item:268091,28800.0,1569600.0,28800.0
347,SDC-1450,item:773474,0.0,67200000.0,11330909.0
348,M-1430,item:268967,0.0,1617000.0,32189.73472
348,M-1810,item:268091,28800.0,1598400.0,28800.0
348,SDC-1450,item:773474,0.0,67200000.0,11330909.0
349,M-1430,item:268967,0.0,1617000.0,20974.510231
349,M-1810,item:268091,28800.0,1627200.0,28800.0
349,SDC-1450,item:773474,0.0,67200000.0,11330909.0
350,M-1430,item:268967,107800.0,1724800.0,107800.0
350,M-1810,item:268091,28800.0,1656000.0,28800.0
350,SDC-1450,item:773474,0.0,67200000.0,11330909.0
351,M-1430,item:268967,0.0,1724800.0,73085.836737
351,M-1810,item:268091,28800.0,1684800.0,28800.0
351,SDC-1450,item:773474,0.0,67200000.0,11330909.0
352,M-1430,item:268967,0.0,1724800.0,58277.693909
352,M-1810,item:268091,28800.0,1713600.0,28800.0
352,SDC-1450,item:773474,0.0,67200000.0,11330909.0
353,M-1430,item:268967,0.0,1724800.0,58277.693909
353,M-1810,item:268091,28800.0,1742400.0,28800.0
353,SDC-1450,item:773474,0.0,67200000.0,11330909.0
354,M-1430,item:268967,0.0,1724800.0,58277.693909
354,M-1810,item:268091,28800.0,1771200.0,28800.0
354,SDC-1450,item:773474,0.0,67200000.0,11330909.0
355,M-1430,item:268967,0.0,1724800.0,58277.693909
355,M-1810,item:268091,28800.0,1800000.0,28800.0
355,SDC-1450,item:773474,0.0,67200000.0,11330909.0
356,M-1430,item:268967,0.0,1724800.0,58277.693909
356,M-1810,item:268091,28800.0,1828800.0,28800.0
356,SDC-1450,item:773474,0.0,67200000.0,11330909.0
357,M-1430,item:268967,0.0,1724800.0,58277.693909
357,M-1810,item:268091,0.0,1828800.0,28800.0
357,SDC-1450,item:773474,0.0,67200000.0,11330909.0
358,M-1430,item:268967,0.0,1724800.0,58277.693909
358,M-1810,item:268091,0.0,1828800.0,28800.0
358,SDC-1450,item:773474,0.0,67200000.0,11330909.0
359,M-1430,item:268967,0.0,1724800.0,58277.693909
359,M-1810,item:268091,0.0,1828800.0,18243.857141
359,SDC-1450,item:773474,0.0,67200000.0,11330909.0
360,M-1430,item:268967,0.0,1724800.0,58277.693909
360,M-1810,item:268091,0.0,1828800.0,7687.714282
360,SDC-1450,item:773474,0.0,67200000.0,11330909.0
361,M-1430,item:268967,0.0,1724800.0,58277.693909
361,M-1810,item:268091,14400.0,1843200.0,14400.0
361,SDC-1450,item:773474,0.0,67200000.0,11330909.0
362,M-1430,item:268967,0.0,1724800.0,58277.693909
362,M-1810,item:268091,0.0,1843200.0,14400.0
362,SDC-1450,item:773474,0.0,67200000.0,11330909.0
363,M-1430,item:268967,0.0,1724800.0,58277.693909
363,M-1810,item:268091,0.0,1843200.0,14400.0
363,SDC-1450,item:773474,0.0,67200000.0,11330909.0
364,M-1430,item:268967,0.0,1724800.0,58277.693909
364,M-1810,item:268091,0.0,1843200.0,14400.0
364,SDC-1450,item:773474,0.0,67200000.0,11330909.0
