day,node_id,output_item_id,desired_qty,actual_qty,cap_qty,max_from_inputs_qty,binding_cause,binding_input_item_id,shortfall_vs_desired_qty
0,M-1430,item:268967,20.75,20.75,100.0,1738.75,none,,0.0
0,M-1810,item:268091,20.75,20.75,100.0,700.0,none,,0.0
0,SDC-1450,item:773474,229.299553,229.299553,2000000.0,381335807.754485,none,,0.0
1,M-1430,item:268967,23.15,23.15,100.0,1741.75,none,,0.0
1,M-1810,item:268091,23.15,23.15,100.0,679.25,none,,0.0
1,SDC-1450,item:773474,223.506722,223.506722,2000000.0,382585784.82453,none,,0.0
2,M-1430,item:268967,25.63,25.63,100.0,1766.1,none,,0.0
2,M-1810,item:268091,25.63,25.63,100.0,676.85,none,,0.0
2,SDC-1450,item:773474,222.348156,222.348156,2000000.0,383210721.827495,none,,0.0
3,M-1430,item:268967,29.126,29.126,100.0,1764.22,none,,0.0
3,M-1810,item:268091,29.126,29.126,100.0,674.37,none,,0.0
3,SDC-1450,item:773474,227.136896,227.136896,2000000.0,385710705.848937,none,,0.0
4,M-1430,item:268967,27.8252,27.8252,100.0,1803.344,none,,0.0
4,M-1810,item:268091,27.8252,27.8252,100.0,700.0,none,,0.0
4,SDC-1450,item:773474,238.907928,238.907928,2000000.0,386335501.641996,none,,0.0
5,M-1430,item:268967,25.56504,25.56504,100.0,1799.2688,none,,0.0
5,M-1810,item:268091,25.56504,25.56504,100.0,700.0,none,,0.0
5,SDC-1450,item:773474,247.209441,247.209441,2000000.0,388210423.243755,none,,0.0
6,M-1430,item:268967,23.113008,23.113008,100.0,1820.60376,none,,0.0
6,M-1810,item:268091,23.113008,23.113008,100.0,700.0,none,,0.0
6,SDC-1450,item:773474,248.792505,248.792505,2000000.0,389460336.544001,none,,0.0
7,M-1430,item:268967,20.622602,20.622602,100.0,1846.870752,none,,0.0
7,M-1810,item:268091,20.622602,20.622602,100.0,700.0,none,,0.0
7,SDC-1450,item:773474,243.980532,243.980532,2000000.0,390085110.681451,none,,0.0
8,M-1430,item:268967,22.42335,22.42335,100.0,1873.74815,none,,0.0
8,M-1810,item:268091,23.12452,23.12452,100.0,700.0,none,,0.0
8,SDC-1450,item:773474,234.043112,234.043112,2000000.0,391334866.700919,none,,0.0
9,M-1430,item:268967,25.48467,25.48467,100.0,1851.3248,none,,0.0
9,M-1810,item:268091,25.624904,25.624904,100.0,676.87548,none,,0.0
9,SDC-1450,item:773474,228.54523,228.54523,2000000.0,392585045.397002,none,,0.0
10,M-1430,item:268967,29.096934,29.096934,100.0,1854.96613,none,,0.0
10,M-1810,item:268091,29.124981,29.124981,100.0,674.375096,none,,0.0
10,SDC-1450,item:773474,230.946068,230.946068,2000000.0,395084862.711682,none,,0.0
11,M-1430,item:268967,27.819387,27.819387,100.0,1825.869196,none,,0.0
11,M-1810,item:268091,27.824996,27.824996,100.0,700.0,none,,0.0
11,SDC-1450,item:773474,241.421561,241.421561,2000000.0,395084654.695569,none,,0.0
12,M-1430,item:268967,25.563877,25.563877,100.0,1798.049809,none,,0.0
12,M-1810,item:268091,25.564999,25.564999,100.0,700.0,none,,0.0
12,SDC-1450,item:773474,248.950014,248.950014,2000000.0,397584424.738986,none,,0.0
13,M-1430,item:268967,23.112775,23.112775,100.0,1800.305319,none,,0.0
13,M-1810,item:268091,23.113,23.113,100.0,700.0,none,,0.0
13,SDC-1450,item:773474,250.028107,250.028107,2000000.0,398834198.718927,none,,0.0
14,M-1430,item:268967,20.622555,20.622555,100.0,1828.242253,none,,0.0
14,M-1810,item:268091,20.6226,20.6226,100.0,700.0,none,,0.0
14,SDC-1450,item:773474,244.86757,244.86757,2000000.0,400709006.015708,none,,0.0
15,M-1430,item:268967,23.124511,23.124511,100.0,1807.619698,none,,0.0
15,M-1810,item:268091,23.12452,23.12452,100.0,700.0,none,,0.0
15,SDC-1450,item:773474,234.68294,234.68294,2000000.0,401333864.332936,none,,0.0
16,M-1430,item:268967,25.624902,25.624902,100.0,1784.495187,none,,0.0
16,M-1810,item:268091,25.624904,25.624904,100.0,700.0,none,,0.0
16,SDC-1450,item:773474,230.361552,230.361552,2000000.0,401333641.114974,none,,0.0
17,M-1430,item:268967,29.12498,29.12498,100.0,1758.870285,none,,0.0
17,M-1810,item:268091,29.124981,29.124981,100.0,700.0,none,,0.0
17,SDC-1450,item:773474,232.905205,232.905205,2000000.0,401958662.98293,none,,0.0
18,M-1430,item:268967,27.824996,27.824996,100.0,1729.745304,none,,0.0
18,M-1810,item:268091,27.824996,27.824996,100.0,670.875019,none,,0.0
18,SDC-1450,item:773474,243.071589,243.071589,2000000.0,402583808.421986,none,,0.0
19,M-1430,item:268967,25.564999,25.564999,100.0,1701.920308,none,,0.0
19,M-1810,item:268091,25.564999,25.564999,100.0,672.175004,none,,0.0
19,SDC-1450,item:773474,250.219046,250.219046,2000000.0,403208599.74533,none,,0.0
20,M-1430,item:268967,23.113,23.113,100.0,1676.355309,none,,0.0
20,M-1810,item:268091,23.113,23.113,100.0,674.435001,none,,0.0
20,SDC-1450,item:773474,250.9693,250.9693,2000000.0,405708498.570992,none,,0.0
21,M-1430,item:268967,20.6226,20.6226,100.0,1653.242309,none,,0.0
21,M-1810,item:268091,20.6226,20.6226,100.0,700.0,none,,0.0
21,SDC-1450,item:773474,245.55539,245.55539,2000000.0,406333419.576357,none,,0.0
22,M-1430,item:268967,23.12452,23.12452,100.0,1658.183587,none,,0.0
22,M-1810,item:268091,23.12452,23.12452,100.0,700.0,none,,0.0
22,SDC-1450,item:773474,235.182607,235.182607,2000000.0,406333288.670743,none,,0.0
23,M-1430,item:268967,25.624904,25.624904,100.0,1709.131724,none,,0.0
23,M-1810,item:268091,25.624904,25.624904,100.0,700.0,none,,0.0
23,SDC-1450,item:773474,230.723673,230.723673,2000000.0,406333110.813024,none,,0.0
24,M-1430,item:268967,29.124981,29.124981,100.0,1704.129422,none,,0.0
24,M-1810,item:268091,29.124981,29.124981,100.0,674.375096,none,,0.0
24,SDC-1450,item:773474,233.167396,233.167396,2000000.0,406332960.344194,none,,0.0
25,M-1430,item:268967,27.824996,27.824996,100.0,1720.540799,none,,0.0
25,M-1810,item:268091,27.824996,27.824996,100.0,700.0,none,,0.0
25,SDC-1450,item:773474,243.261357,243.261357,2000000.0,406389147.54081,none,,0.0
26,M-1430,item:268967,25.564999,25.564999,100.0,1721.840783,none,,0.0
26,M-1810,item:268091,25.564999,25.564999,100.0,672.175004,none,,0.0
26,SDC-1450,item:773474,250.356376,250.356376,2000000.0,407320141.203823,none,,0.0
27,M-1430,item:268967,23.113,23.113,100.0,1771.610005,none,,0.0
27,M-1810,item:268091,23.113,23.113,100.0,674.435001,none,,0.0
27,SDC-1450,item:773474,251.068676,251.068676,2000000.0,407319925.24238,none,,0.0
28,M-1430,item:268967,20.6226,20.6226,100.0,1748.497005,none,,0.0
28,M-1810,item:268091,20.6226,20.6226,100.0,676.887,none,,0.0
28,SDC-1450,item:773474,245.6273,245.6273,2000000.0,408501071.60776,none,,0.0
29,M-1430,item:268967,23.12452,23.12452,100.0,1727.874405,none,,0.0
29,M-1810,item:268091,23.12452,23.12452,100.0,700.0,none,,0.0
29,SDC-1450,item:773474,235.234642,235.234642,2000000.0,409750837.445438,none,,0.0
30,M-1430,item:268967,23.624904,23.624904,100.0,1755.687881,none,,0.0
30,M-1810,item:268091,23.624904,23.624904,100.0,676.87548,none,,0.0
30,SDC-1450,item:773474,230.761326,230.761326,2000000.0,411000613.675773,none,,0.0
31,M-1430,item:268967,23.724981,23.724981,100.0,1732.062977,none,,0.0
31,M-1810,item:268091,23.724981,23.724981,100.0,676.375096,none,,0.0
31,SDC-1450,item:773474,229.332755,229.332755,2000000.0,412875405.844402,none,,0.0
32,M-1430,item:268967,23.744996,23.744996,100.0,1708.337996,none,,0.0
32,M-1810,item:268091,23.744996,23.744996,100.0,700.0,none,,0.0
32,SDC-1450,item:773474,228.992089,228.992089,2000000.0,413556482.225883,none,,0.0
33,M-1430,item:268967,23.748999,23.748999,100.0,1739.28298,none,,0.0
33,M-1810,item:268091,23.748999,23.748999,100.0,700.0,none,,0.0
33,SDC-1450,item:773474,228.975787,228.975787,2000000.0,413556367.88357,none,,0.0
34,M-1430,item:268967,23.7498,23.7498,100.0,1789.606481,none,,0.0
34,M-1810,item:268091,23.7498,23.7498,100.0,700.0,none,,0.0
34,SDC-1450,item:773474,229.035347,229.035347,2000000.0,414181391.137291,none,,0.0
35,M-1430,item:268967,23.74996,23.74996,100.0,1789.601677,none,,0.0
35,M-1810,item:268091,23.74996,23.74996,100.0,676.2502,none,,0.0
35,SDC-1450,item:773474,229.099714,229.099714,2000000.0,415431437.261407,none,,0.0
36,M-1430,item:268967,23.749992,23.749992,100.0,1788.976237,none,,0.0
36,M-1810,item:268091,23.749992,23.749992,100.0,700.0,none,,0.0
36,SDC-1450,item:773474,229.152477,229.152477,2000000.0,415431448.926223,none,,0.0
37,M-1430,item:268967,23.749998,23.749998,100.0,1765.226245,none,,0.0
37,M-1810,item:268091,23.749998,23.749998,100.0,676.250008,none,,0.0
37,SDC-1450,item:773474,229.19243,229.19243,2000000.0,416681302.782997,none,,0.0
38,M-1430,item:268967,23.75,23.75,100.0,1765.201228,none,,0.0
38,M-1810,item:268091,23.75,23.75,100.0,676.250002,none,,0.0
38,SDC-1450,item:773474,229.221842,229.221842,2000000.0,416681234.100253,none,,0.0
39,M-1430,item:268967,23.75,23.75,100.0,1741.451228,none,,0.0
39,M-1810,item:268091,23.75,23.75,100.0,700.0,none,,0.0
39,SDC-1450,item:773474,229.243266,229.243266,2000000.0,417931016.343389,none,,0.0
40,M-1430,item:268967,23.75,23.75,100.0,1717.701228,none,,0.0
40,M-1810,item:268091,23.75,23.75,100.0,700.0,none,,0.0
40,SDC-1450,item:773474,229.258808,229.258808,2000000.0,417930844.425012,none,,0.0
41,M-1430,item:268967,23.75,23.75,100.0,1740.825548,none,,0.0
41,M-1810,item:268091,23.75,23.75,100.0,700.0,none,,0.0
41,SDC-1450,item:773474,229.270065,229.270065,2000000.0,418556016.440421,none,,0.0
42,M-1430,item:268967,23.75,23.75,100.0,1813.252544,none,,0.0
42,M-1810,item:268091,23.75,23.75,100.0,676.25,none,,0.0
42,SDC-1450,item:773474,229.278214,229.278214,2000000.0,419180833.030267,none,,0.0
43,M-1430,item:268967,23.75,23.75,100.0,1789.502544,none,,0.0
43,M-1810,item:268091,23.75,23.75,100.0,700.0,none,,0.0
43,SDC-1450,item:773474,229.284111,229.284111,2000000.0,419180775.726717,none,,0.0
44,M-1430,item:268967,23.75,23.75,100.0,1789.377448,none,,0.0
44,M-1810,item:268091,23.75,23.75,100.0,700.0,none,,0.0
44,SDC-1450,item:773474,229.288379,229.288379,2000000.0,420430546.442606,none,,0.0
45,M-1430,item:268967,23.75,23.75,100.0,1765.627448,none,,0.0
45,M-1810,item:268091,23.75,23.75,100.0,700.0,none,,0.0
45,SDC-1450,item:773474,229.291467,229.291467,2000000.0,421055500.593869,none,,0.0
46,M-1430,item:268967,23.75,23.75,100.0,1810.000048,none,,0.0
46,M-1810,item:268091,23.75,23.75,100.0,700.0,none,,0.0
46,SDC-1450,item:773474,229.293702,229.293702,2000000.0,422305443.277066,none,,0.0
47,M-1430,item:268967,23.75,23.75,100.0,1786.250048,none,,0.0
47,M-1810,item:268091,23.75,23.75,100.0,700.0,none,,0.0
47,SDC-1450,item:773474,229.295319,229.295319,2000000.0,422305626.883595,none,,0.0
48,M-1430,item:268967,23.75,23.75,100.0,1786.250008,none,,0.0
48,M-1810,item:268091,23.75,23.75,100.0,700.0,none,,0.0
48,SDC-1450,item:773474,229.296489,229.296489,2000000.0,422930569.56294,none,,0.0
49,M-1430,item:268967,23.75,23.75,100.0,1786.250008,none,,0.0
49,M-1810,item:268091,23.75,23.75,100.0,676.25,none,,0.0
49,SDC-1450,item:773474,229.297336,229.297336,2000000.0,424180672.750802,none,,0.0
50,M-1430,item:268967,23.75,23.75,100.0,1762.500008,none,,0.0
50,M-1810,item:268091,23.75,23.75,100.0,700.0,none,,0.0
50,SDC-1450,item:773474,229.297949,229.297949,2000000.0,424180810.33275,none,,0.0
51,M-1430,item:268967,23.75,23.75,100.0,1738.750008,none,,0.0
51,M-1810,item:268091,23.75,23.75,100.0,676.25,none,,0.0
51,SDC-1450,item:773474,229.298392,229.298392,2000000.0,424180662.466256,none,,0.0
52,M-1430,item:268967,23.75,23.75,100.0,1738.750008,none,,0.0
52,M-1810,item:268091,23.75,23.75,100.0,676.25,none,,0.0
52,SDC-1450,item:773474,229.298713,229.298713,2000000.0,424611681.557212,none,,0.0
53,M-1430,item:268967,23.75,23.75,100.0,1786.25,none,,0.0
53,M-1810,item:268091,23.75,23.75,100.0,700.0,none,,0.0
53,SDC-1450,item:773474,229.298945,229.298945,2000000.0,424611894.565858,none,,0.0
54,M-1430,item:268967,23.75,23.75,100.0,1810.0,none,,0.0
54,M-1810,item:268091,23.75,23.75,100.0,676.25,none,,0.0
54,SDC-1450,item:773474,229.299113,229.299113,2000000.0,425236928.961399,none,,0.0
55,M-1430,item:268967,23.75,23.75,100.0,1786.25,none,,0.0
55,M-1810,item:268091,23.75,23.75,100.0,676.25,none,,0.0
55,SDC-1450,item:773474,229.299234,229.299234,2000000.0,425861841.425917,none,,0.0
56,M-1430,item:268967,23.75,23.75,100.0,1786.25,none,,0.0
56,M-1810,item:268091,23.75,23.75,100.0,676.25,none,,0.0
56,SDC-1450,item:773474,229.299322,229.299322,2000000.0,425861658.969116,none,,0.0
57,M-1430,item:268967,23.75,23.75,100.0,1786.25,none,,0.0
57,M-1810,item:268091,23.75,23.75,100.0,676.25,none,,0.0
57,SDC-1450,item:773474,229.299386,229.299386,2000000.0,425862154.143473,none,,0.0
58,M-1430,item:268967,23.75,23.75,100.0,1786.25,none,,0.0
58,M-1810,item:268091,23.75,23.75,100.0,676.25,none,,0.0
58,SDC-1450,item:773474,229.299432,229.299432,2000000.0,427111959.23902,none,,0.0
59,M-1430,item:268967,23.75,23.75,100.0,1786.25,none,,0.0
59,M-1810,item:268091,23.75,23.75,100.0,700.0,none,,0.0
59,SDC-1450,item:773474,229.299465,229.299465,2000000.0,427736856.054343,none,,0.0
60,M-1430,item:268967,23.75,23.75,100.0,1762.5,none,,0.0
60,M-1810,item:268091,23.75,23.75,100.0,700.0,none,,0.0
60,SDC-1450,item:773474,229.299489,229.299489,2000000.0,428361798.729542,none,,0.0
61,M-1430,item:268967,23.75,23.75,100.0,1786.25,none,,0.0
61,M-1810,item:268091,23.75,23.75,100.0,676.25,none,,0.0
61,SDC-1450,item:773474,229.299507,229.299507,2000000.0,428361672.614851,none,,0.0
62,M-1430,item:268967,23.75,23.75,100.0,1786.25,none,,0.0
62,M-1810,item:268091,23.75,23.75,100.0,700.0,none,,0.0
62,SDC-1450,item:773474,229.299519,229.299519,2000000.0,428986638.457142,none,,0.0
63,M-1430,item:268967,23.75,23.75,100.0,1762.5,none,,0.0
63,M-1810,item:268091,23.75,23.75,100.0,700.0,none,,0.0
63,SDC-1450,item:773474,229.299529,229.299529,2000000.0,428986500.877443,none,,0.0
64,M-1430,item:268967,23.75,23.75,100.0,1762.5,none,,0.0
64,M-1810,item:268091,23.75,23.75,100.0,676.25,none,,0.0
64,SDC-1450,item:773474,229.299535,229.299535,2000000.0,428986618.802042,none,,0.0
65,M-1430,item:268967,23.75,23.75,100.0,1786.25,none,,0.0
65,M-1810,item:268091,23.75,23.75,100.0,652.5,none,,0.0
65,SDC-1450,item:773474,229.29954,229.29954,2000000.0,430861446.827395,none,,0.0
66,M-1430,item:268967,23.75,23.75,100.0,1786.25,none,,0.0
66,M-1810,item:268091,23.75,23.75,100.0,676.25,none,,0.0
66,SDC-1450,item:773474,229.299543,229.299543,2000000.0,430861561.529512,none,,0.0
67,M-1430,item:268967,23.75,23.75,100.0,1762.5,none,,0.0
67,M-1810,item:268091,23.75,23.75,100.0,700.0,none,,0.0
67,SDC-1450,item:773474,229.299546,229.299546,2000000.0,430861791.855349,none,,0.0
68,M-1430,item:268967,23.75,23.75,100.0,1738.75,none,,0.0
68,M-1810,item:268091,23.75,23.75,100.0,700.0,none,,0.0
68,SDC-1450,item:773474,229.299548,229.299548,2000000.0,430861690.379254,none,,0.0
69,M-1430,item:268967,23.75,23.75,100.0,1738.75,none,,0.0
69,M-1810,item:268091,23.75,23.75,100.0,676.25,none,,0.0
69,SDC-1450,item:773474,229.299549,229.299549,2000000.0,430861667.298439,none,,0.0
70,M-1430,item:268967,23.75,23.75,100.0,1762.5,none,,0.0
70,M-1810,item:268091,23.75,23.75,100.0,676.25,none,,0.0
70,SDC-1450,item:773474,229.29955,229.29955,2000000.0,431486827.931674,none,,0.0
71,M-1430,item:268967,23.75,23.75,100.0,1738.75,none,,0.0
71,M-1810,item:268091,23.75,23.75,100.0,652.5,none,,0.0
71,SDC-1450,item:773474,229.299551,229.299551,2000000.0,431486714.055469,none,,0.0
72,M-1430,item:268967,23.75,23.75,100.0,1762.5,none,,0.0
72,M-1810,item:268091,23.75,23.75,100.0,676.25,none,,0.0
72,SDC-1450,item:773474,229.299551,229.299551,2000000.0,432736554.362172,none,,0.0
73,M-1430,item:268967,23.75,23.75,100.0,1762.5,none,,0.0
73,M-1810,item:268091,23.75,23.75,100.0,700.0,none,,0.0
73,SDC-1450,item:773474,229.299552,229.299552,2000000.0,432736336.180028,none,,0.0
74,M-1430,item:268967,23.75,23.75,100.0,1762.5,none,,0.0
74,M-1810,item:268091,23.75,23.75,100.0,676.25,none,,0.0
74,SDC-1450,item:773474,229.299552,229.299552,2000000.0,433361278.855141,none,,0.0
75,M-1430,item:268967,23.75,23.75,100.0,1738.75,none,,0.0
75,M-1810,item:268091,23.75,23.75,100.0,700.0,none,,0.0
75,SDC-1450,item:773474,229.299552,229.299552,2000000.0,433361462.294784,none,,0.0
76,M-1430,item:268967,23.75,23.75,100.0,1762.5,none,,0.0
76,M-1810,item:268091,23.75,23.75,100.0,700.0,none,,0.0
76,SDC-1450,item:773474,229.299552,229.299552,2000000.0,433361416.397157,none,,0.0
77,M-1430,item:268967,23.75,23.75,100.0,1762.5,none,,0.0
77,M-1810,item:268091,23.75,23.75,100.0,700.0,none,,0.0
77,SDC-1450,item:773474,229.299552,229.299552,2000000.0,433361233.039842,none,,0.0
78,M-1430,item:268967,23.75,23.75,100.0,1762.5,none,,0.0
78,M-1810,item:268091,23.75,23.75,100.0,676.25,none,,0.0
78,SDC-1450,item:773474,229.299552,229.299552,2000000.0,433986347.689618,none,,0.0
79,M-1430,item:268967,23.75,23.75,100.0,1786.25,none,,0.0
79,M-1810,item:268091,23.75,23.75,100.0,700.0,none,,0.0
79,SDC-1450,item:773474,229.299552,229.299552,2000000.0,433986324.544439,none,,0.0
80,M-1430,item:268967,23.75,23.75,100.0,1762.5,none,,0.0
80,M-1810,item:268091,23.75,23.75,100.0,700.0,none,,0.0
80,SDC-1450,item:773474,229.299552,229.299552,2000000.0,433986095.244887,none,,0.0
81,M-1430,item:268967,23.75,23.75,100.0,1762.5,none,,0.0
81,M-1810,item:268091,23.75,23.75,100.0,676.25,none,,0.0
81,SDC-1450,item:773474,229.299552,229.299552,2000000.0,433986175.49973,none,,0.0
82,M-1430,item:268967,23.75,23.75,100.0,1762.5,none,,0.0
82,M-1810,item:268091,23.75,23.75,100.0,700.0,none,,0.0
82,SDC-1450,item:773474,229.299552,229.299552,2000000.0,435667504.143629,none,,0.0
83,M-1430,item:268967,23.75,23.75,100.0,1762.5,none,,0.0
83,M-1810,item:268091,23.75,23.75,100.0,700.0,none,,0.0
83,SDC-1450,item:773474,229.299552,229.299552,2000000.0,436292286.309054,none,,0.0
84,M-1430,item:268967,23.75,23.75,100.0,1762.5,none,,0.0
84,M-1810,item:268091,23.75,23.75,100.0,676.25,none,,0.0
84,SDC-1450,item:773474,229.299552,229.299552,2000000.0,436292387.979993,none,,0.0
85,M-1430,item:268967,23.75,23.75,100.0,1786.25,none,,0.0
85,M-1810,item:268091,23.75,23.75,100.0,676.25,none,,0.0
85,SDC-1450,item:773474,229.299552,229.299552,2000000.0,436292296.26017,none,,0.0
86,M-1430,item:268967,23.75,23.75,100.0,1810.0,none,,0.0
86,M-1810,item:268091,23.75,23.75,100.0,700.0,none,,0.0
86,SDC-1450,item:773474,229.299552,229.299552,2000000.0,436292137.832886,none,,0.0
87,M-1430,item:268967,23.75,23.75,100.0,1786.25,none,,0.0
87,M-1810,item:268091,23.75,23.75,100.0,700.0,none,,0.0
87,SDC-1450,item:773474,229.299552,229.299552,2000000.0,436292581.392451,none,,0.0
88,M-1430,item:268967,23.75,23.75,100.0,1786.25,none,,0.0
88,M-1810,item:268091,23.75,23.75,100.0,676.25,none,,0.0
88,SDC-1450,item:773474,229.299552,229.299552,2000000.0,436917799.847335,none,,0.0
89,M-1430,item:268967,23.75,23.75,100.0,1762.5,none,,0.0
89,M-1810,item:268091,23.75,23.75,100.0,652.5,none,,0.0
89,SDC-1450,item:773474,229.299552,229.299552,2000000.0,436917628.949348,none,,0.0
90,M-1430,item:268967,23.75,23.75,100.0,1786.25,none,,0.0
90,M-1810,item:268091,23.75,23.75,100.0,676.25,none,,0.0
90,SDC-1450,item:773474,229.299552,229.299552,2000000.0,436917663.344281,none,,0.0
91,M-1430,item:268967,23.75,23.75,100.0,1810.0,none,,0.0
91,M-1810,item:268091,23.75,23.75,100.0,676.25,none,,0.0
91,SDC-1450,item:773474,229.299552,229.299552,2000000.0,436917594.554415,none,,0.0
92,M-1430,item:268967,23.75,23.75,100.0,1833.75,none,,0.0
92,M-1810,item:268091,23.75,23.75,100.0,676.25,none,,0.0
92,SDC-1450,item:773474,229.299552,229.299552,2000000.0,436917444.119427,none,,0.0
93,M-1430,item:268967,23.75,23.75,100.0,1810.0,none,,0.0
93,M-1810,item:268091,23.75,23.75,100.0,700.0,none,,0.0
93,SDC-1450,item:773474,229.299552,229.299552,2000000.0,437542527.851633,none,,0.0
94,M-1430,item:268967,23.75,23.75,100.0,1810.0,none,,0.0
94,M-1810,item:268091,23.75,23.75,100.0,700.0,none,,0.0
94,SDC-1450,item:773474,229.299552,229.299552,2000000.0,437542563.195278,none,,0.0
95,M-1430,item:268967,23.75,23.75,100.0,1786.25,none,,0.0
95,M-1810,item:268091,23.75,23.75,100.0,700.0,none,,0.0
95,SDC-1450,item:773474,229.299552,229.299552,2000000.0,437542574.644067,none,,0.0
96,M-1430,item:268967,23.75,23.75,100.0,1762.5,none,,0.0
96,M-1810,item:268091,23.75,23.75,100.0,676.25,none,,0.0
96,SDC-1450,item:773474,229.299552,229.299552,2000000.0,437542689.000101,none,,0.0
97,M-1430,item:268967,23.75,23.75,100.0,1762.5,none,,0.0
97,M-1810,item:268091,23.75,23.75,100.0,676.25,none,,0.0
97,SDC-1450,item:773474,229.299552,229.299552,2000000.0,438167810.398981,none,,0.0
98,M-1430,item:268967,23.75,23.75,100.0,1762.5,none,,0.0
98,M-1810,item:268091,23.75,23.75,100.0,676.25,none,,0.0
98,SDC-1450,item:773474,229.299552,229.299552,2000000.0,438167650.069543,none,,0.0
99,M-1430,item:268967,23.75,23.75,100.0,1738.75,none,,0.0
99,M-1810,item:268091,23.75,23.75,100.0,700.0,none,,0.0
99,SDC-1450,item:773474,229.299552,229.299552,2000000.0,438167489.530361,none,,0.0
100,M-1430,item:268967,23.75,23.75,100.0,1738.75,none,,0.0
100,M-1810,item:268091,23.75,23.75,100.0,700.0,none,,0.0
100,SDC-1450,item:773474,229.299552,229.299552,2000000.0,438792271.695786,none,,0.0
101,M-1430,item:268967,23.75,23.75,100.0,1738.75,none,,0.0
101,M-1810,item:268091,23.75,23.75,100.0,700.0,none,,0.0
101,SDC-1450,item:773474,229.299552,229.299552,2000000.0,438792134.445358,none,,0.0
102,M-1430,item:268967,23.75,23.75,100.0,1738.75,none,,0.0
102,M-1810,item:268091,23.75,23.75,100.0,700.0,none,,0.0
102,SDC-1450,item:773474,229.299552,229.299552,2000000.0,438792112.897867,none,,0.0
103,M-1430,item:268967,23.75,23.75,100.0,1738.75,none,,0.0
103,M-1810,item:268091,23.75,23.75,100.0,700.0,none,,0.0
103,SDC-1450,item:773474,229.299552,229.299552,2000000.0,439348269.567393,none,,0.0
104,M-1430,item:268967,23.75,23.75,100.0,1762.5,none,,0.0
104,M-1810,item:268091,23.75,23.75,100.0,700.0,none,,0.0
104,SDC-1450,item:773474,229.299552,229.299552,2000000.0,439348052.821275,none,,0.0
105,M-1430,item:268967,23.75,23.75,100.0,1738.75,none,,0.0
105,M-1810,item:268091,23.75,23.75,100.0,676.25,none,,0.0
105,SDC-1450,item:773474,229.299552,229.299552,2000000.0,439347926.358351,none,,0.0
106,M-1430,item:268967,23.75,23.75,100.0,1715.0,none,,0.0
106,M-1810,item:268091,23.75,23.75,100.0,676.25,none,,0.0
106,SDC-1450,item:773474,229.299552,229.299552,2000000.0,439348075.400825,none,,0.0
107,M-1430,item:268967,23.75,23.75,100.0,1738.75,none,,0.0
107,M-1810,item:268091,23.75,23.75,100.0,700.0,none,,0.0
107,SDC-1450,item:773474,229.299552,229.299552,2000000.0,439348029.532976,none,,0.0
108,M-1430,item:268967,23.75,23.75,100.0,1762.5,none,,0.0
108,M-1810,item:268091,23.75,23.75,100.0,700.0,none,,0.0
108,SDC-1450,item:773474,229.299552,229.299552,2000000.0,439348094.462857,none,,0.0
109,M-1430,item:268967,23.75,23.75,100.0,1762.5,none,,0.0
109,M-1810,item:268091,23.75,23.75,100.0,676.25,none,,0.0
109,SDC-1450,item:773474,229.299552,229.299552,2000000.0,439347922.488192,none,,0.0
110,M-1430,item:268967,23.75,23.75,100.0,1762.5,none,,0.0
110,M-1810,item:268091,23.75,23.75,100.0,700.0,none,,0.0
110,SDC-1450,item:773474,229.299552,229.299552,2000000.0,439347761.964125,none,,0.0
111,M-1430,item:268967,23.75,23.75,100.0,1762.5,none,,0.0
111,M-1810,item:268091,23.75,23.75,100.0,700.0,none,,0.0
111,SDC-1450,item:773474,229.299552,229.299552,2000000.0,439347926.922527,none,,0.0
112,M-1430,item:268967,23.75,23.75,100.0,1786.25,none,,0.0
112,M-1810,item:268091,23.75,23.75,100.0,700.0,none,,0.0
112,SDC-1450,item:773474,229.299552,229.299552,2000000.0,439347794.460242,none,,0.0
113,M-1430,item:268967,23.75,23.75,100.0,1762.5,none,,0.0
113,M-1810,item:268091,23.75,23.75,100.0,700.0,none,,0.0
113,SDC-1450,item:773474,229.299552,229.299552,2000000.0,439348083.091154,none,,0.0
114,M-1430,item:268967,23.75,23.75,100.0,1762.5,none,,0.0
114,M-1810,item:268091,23.75,23.75,100.0,676.25,none,,0.0
114,SDC-1450,item:773474,229.299552,229.299552,2000000.0,439347865.256579,none,,0.0
115,M-1430,item:268967,23.75,23.75,100.0,1786.25,none,,0.0
115,M-1810,item:268091,23.75,23.75,100.0,700.0,none,,0.0
115,SDC-1450,item:773474,229.299552,229.299552,2000000.0,439348048.69616,none,,0.0
116,M-1430,item:268967,23.75,23.75,100.0,1762.5,none,,0.0
116,M-1810,item:268091,23.75,23.75,100.0,700.0,none,,0.0
116,SDC-1450,item:773474,229.299552,229.299552,2000000.0,439347876.914842,none,,0.0
117,M-1430,item:268967,23.75,23.75,100.0,1786.25,none,,0.0
117,M-1810,item:268091,23.75,23.75,100.0,700.0,none,,0.0
117,SDC-1450,item:773474,229.299552,229.299552,2000000.0,439347697.809149,none,,0.0
118,M-1430,item:268967,23.75,23.75,100.0,1786.25,none,,0.0
118,M-1810,item:268091,23.75,23.75,100.0,700.0,none,,0.0
118,SDC-1450,item:773474,229.299553,229.299553,2000000.0,439347561.196468,none,,0.0
119,M-1430,item:268967,23.75,23.75,100.0,1810.0,none,,0.0
119,M-1810,item:268091,23.75,23.75,100.0,676.25,none,,0.0
119,SDC-1450,item:773474,229.299553,229.299553,2000000.0,439972538.268173,none,,0.0
120,M-1430,item:268967,23.75,23.75,100.0,1786.25,none,,0.0
120,M-1810,item:268091,23.75,23.75,100.0,676.25,none,,0.0
120,SDC-1450,item:773474,229.299553,229.299553,2000000.0,439972848.541523,none,,0.0
121,M-1430,item:268967,23.75,23.75,100.0,1762.5,none,,0.0
121,M-1810,item:268091,23.75,23.75,100.0,700.0,none,,0.0
121,SDC-1450,item:773474,229.299553,229.299553,2000000.0,439972699.758422,none,,0.0
122,M-1430,item:268967,23.75,23.75,100.0,1786.25,none,,0.0
122,M-1810,item:268091,23.75,23.75,100.0,676.25,none,,0.0
122,SDC-1450,item:773474,229.299553,229.299553,2000000.0,439972745.689526,none,,0.0
123,M-1430,item:268967,23.75,23.75,100.0,1786.25,none,,0.0
123,M-1810,item:268091,23.75,23.75,100.0,700.0,none,,0.0
123,SDC-1450,item:773474,229.299553,229.299553,2000000.0,439972527.854951,none,,0.0
124,M-1430,item:268967,23.75,23.75,100.0,1786.25,none,,0.0
124,M-1810,item:268091,23.75,23.75,100.0,676.25,none,,0.0
124,SDC-1450,item:773474,229.299553,229.299553,2000000.0,439972574.050113,none,,0.0
125,M-1430,item:268967,23.75,23.75,100.0,1762.5,none,,0.0
125,M-1810,item:268091,23.75,23.75,100.0,676.25,none,,0.0
125,SDC-1450,item:773474,229.299553,229.299553,2000000.0,439972344.750561,none,,0.0
126,M-1430,item:268967,23.75,23.75,100.0,1810.0,none,,0.0
126,M-1810,item:268091,23.75,23.75,100.0,676.25,none,,0.0
126,SDC-1450,item:773474,229.299553,229.299553,2000000.0,439972348.649151,none,,0.0
127,M-1430,item:268967,23.75,23.75,100.0,1786.25,none,,0.0
127,M-1810,item:268091,23.75,23.75,100.0,700.0,none,,0.0
127,SDC-1450,item:773474,229.299553,229.299553,2000000.0,439972624.79759,none,,0.0
128,M-1430,item:268967,23.75,23.75,100.0,1786.25,none,,0.0
128,M-1810,item:268091,23.75,23.75,100.0,700.0,none,,0.0
128,SDC-1450,item:773474,229.299553,229.299553,2000000.0,439972659.881125,none,,0.0
129,M-1430,item:268967,23.75,23.75,100.0,1762.5,none,,0.0
129,M-1810,item:268091,23.75,23.75,100.0,700.0,none,,0.0
129,SDC-1450,item:773474,229.299553,229.299553,2000000.0,439972683.105232,none,,0.0
130,M-1430,item:268967,23.75,23.75,100.0,1762.5,none,,0.0
130,M-1810,item:268091,23.75,23.75,100.0,700.0,none,,0.0
130,SDC-1450,item:773474,229.299553,229.299553,2000000.0,439972559.91932,none,,0.0
131,M-1430,item:268967,23.75,23.75,100.0,1762.5,none,,0.0
131,M-1810,item:268091,23.75,23.75,100.0,676.25,none,,0.0
131,SDC-1450,item:773474,229.299553,229.299553,2000000.0,439972582.773846,none,,0.0
132,M-1430,item:268967,23.75,23.75,100.0,1762.5,none,,0.0
132,M-1810,item:268091,23.75,23.75,100.0,676.25,none,,0.0
132,SDC-1450,item:773474,229.299553,229.299553,2000000.0,439972628.630925,none,,0.0
133,M-1430,item:268967,23.75,23.75,100.0,1738.75,none,,0.0
133,M-1810,item:268091,23.75,23.75,100.0,676.25,none,,0.0
133,SDC-1450,item:773474,229.299553,229.299553,2000000.0,439972571.305729,none,,0.0
134,M-1430,item:268967,23.75,23.75,100.0,1762.5,none,,0.0
134,M-1810,item:268091,23.75,23.75,100.0,676.25,none,,0.0
134,SDC-1450,item:773474,229.299553,229.299553,2000000.0,439972559.94567,none,,0.0
135,M-1430,item:268967,23.75,23.75,100.0,1810.0,none,,0.0
135,M-1810,item:268091,23.75,23.75,100.0,676.25,none,,0.0
135,SDC-1450,item:773474,229.299553,229.299553,2000000.0,439972566.544668,none,,0.0
136,M-1430,item:268967,23.75,23.75,100.0,1786.25,none,,0.0
136,M-1810,item:268091,23.75,23.75,100.0,700.0,none,,0.0
136,SDC-1450,item:773474,229.299553,229.299553,2000000.0,439972864.634086,none,,0.0
137,M-1430,item:268967,23.75,23.75,100.0,1762.5,none,,0.0
137,M-1810,item:268091,23.75,23.75,100.0,676.25,none,,0.0
137,SDC-1450,item:773474,229.299553,229.299553,2000000.0,439972898.984784,none,,0.0
138,M-1430,item:268967,23.75,23.75,100.0,1762.5,none,,0.0
138,M-1810,item:268091,23.75,23.75,100.0,700.0,none,,0.0
138,SDC-1450,item:773474,229.299553,229.299553,2000000.0,439972669.685231,none,,0.0
139,M-1430,item:268967,23.75,23.75,100.0,1762.5,none,,0.0
139,M-1810,item:268091,23.75,23.75,100.0,700.0,none,,0.0
139,SDC-1450,item:773474,229.299553,229.299553,2000000.0,439972682.152026,none,,0.0
140,M-1430,item:268967,23.75,23.75,100.0,1738.75,none,,0.0
140,M-1810,item:268091,23.75,23.75,100.0,700.0,none,,0.0
140,SDC-1450,item:773474,229.299553,229.299553,2000000.0,439972659.221949,none,,0.0
141,M-1430,item:268967,23.75,23.75,100.0,1786.25,none,,0.0
141,M-1810,item:268091,23.75,23.75,100.0,700.0,none,,0.0
141,SDC-1450,item:773474,229.299553,229.299553,2000000.0,439972590.431738,none,,0.0
142,M-1430,item:268967,23.75,23.75,100.0,1810.0,none,,0.0
142,M-1810,item:268091,23.75,23.75,100.0,700.0,none,,0.0
142,SDC-1450,item:773474,229.299553,229.299553,2000000.0,439972384.062138,none,,0.0
143,M-1430,item:268967,23.75,23.75,100.0,1786.25,none,,0.0
143,M-1810,item:268091,23.75,23.75,100.0,700.0,none,,0.0
143,SDC-1450,item:773474,229.299553,229.299553,2000000.0,439972189.157518,none,,0.0
144,M-1430,item:268967,23.75,23.75,100.0,1786.25,none,,0.0
144,M-1810,item:268091,23.75,23.75,100.0,700.0,none,,0.0
144,SDC-1450,item:773474,229.299553,229.299553,2000000.0,439971971.322943,none,,0.0
145,M-1430,item:268967,23.75,23.75,100.0,1762.5,none,,0.0
145,M-1810,item:268091,23.75,23.75,100.0,700.0,none,,0.0
145,SDC-1450,item:773474,229.299553,229.299553,2000000.0,439971994.25244,none,,0.0
146,M-1430,item:268967,23.75,23.75,100.0,1786.25,none,,0.0
146,M-1810,item:268091,23.75,23.75,100.0,676.25,none,,0.0
146,SDC-1450,item:773474,229.299553,229.299553,2000000.0,439971982.78746,none,,0.0
147,M-1430,item:268967,23.75,23.75,100.0,1786.25,none,,0.0
147,M-1810,item:268091,23.75,23.75,100.0,700.0,none,,0.0
147,SDC-1450,item:773474,229.299553,229.299553,2000000.0,439972041.08093,none,,0.0
148,M-1430,item:268967,23.75,23.75,100.0,1786.25,none,,0.0
148,M-1810,item:268091,23.75,23.75,100.0,700.0,none,,0.0
148,SDC-1450,item:773474,229.299553,229.299553,2000000.0,439971869.106266,none,,0.0
149,M-1430,item:268967,23.75,23.75,100.0,1786.25,none,,0.0
149,M-1810,item:268091,23.75,23.75,100.0,700.0,none,,0.0
149,SDC-1450,item:773474,229.299553,229.299553,2000000.0,439971861.852649,none,,0.0
150,M-1430,item:268967,23.75,23.75,100.0,1786.25,none,,0.0
150,M-1810,item:268091,23.75,23.75,100.0,676.25,none,,0.0
150,SDC-1450,item:773474,229.299553,229.299553,2000000.0,439972137.011959,none,,0.0
151,M-1430,item:268967,23.75,23.75,100.0,1762.5,none,,0.0
151,M-1810,item:268091,23.75,23.75,100.0,676.25,none,,0.0
151,SDC-1450,item:773474,229.299553,229.299553,2000000.0,439971965.036446,none,,0.0
152,M-1430,item:268967,23.75,23.75,100.0,1762.5,none,,0.0
152,M-1810,item:268091,23.75,23.75,100.0,676.25,none,,0.0
152,SDC-1450,item:773474,229.299553,229.299553,2000000.0,439971747.201871,none,,0.0
153,M-1430,item:268967,23.75,23.75,100.0,1738.75,none,,0.0
153,M-1810,item:268091,23.75,23.75,100.0,676.25,none,,0.0
153,SDC-1450,item:773474,229.299553,229.299553,2000000.0,439971689.876983,none,,0.0
154,M-1430,item:268967,23.75,23.75,100.0,1738.75,none,,0.0
154,M-1810,item:268091,23.75,23.75,100.0,652.5,none,,0.0
154,SDC-1450,item:773474,229.299553,229.299553,2000000.0,439972037.972021,none,,0.0
155,M-1430,item:268967,23.75,23.75,100.0,1786.25,none,,0.0
155,M-1810,item:268091,23.75,23.75,100.0,700.0,none,,0.0
155,SDC-1450,item:773474,229.299553,229.299553,2000000.0,439972004.311051,none,,0.0
156,M-1430,item:268967,23.75,23.75,100.0,1762.5,none,,0.0
156,M-1810,item:268091,23.75,23.75,100.0,700.0,none,,0.0
156,SDC-1450,item:773474,229.299553,229.299553,2000000.0,439972222.109919,none,,0.0
157,M-1430,item:268967,23.75,23.75,100.0,1762.5,none,,0.0
157,M-1810,item:268091,23.75,23.75,100.0,700.0,none,,0.0
157,SDC-1450,item:773474,229.299553,229.299553,2000000.0,439972121.345328,none,,0.0
158,M-1430,item:268967,23.75,23.75,100.0,1738.75,none,,0.0
158,M-1810,item:268091,23.75,23.75,100.0,700.0,none,,0.0
158,SDC-1450,item:773474,229.299553,229.299553,2000000.0,439972384.564887,none,,0.0
159,M-1430,item:268967,23.75,23.75,100.0,1715.0,none,,0.0
159,M-1810,item:268091,23.75,23.75,100.0,700.0,none,,0.0
159,SDC-1450,item:773474,229.299553,229.299553,2000000.0,439972593.939779,none,,0.0
160,M-1430,item:268967,23.75,23.75,100.0,1738.75,none,,0.0
160,M-1810,item:268091,23.75,23.75,100.0,700.0,none,,0.0
160,SDC-1450,item:773474,229.299553,229.299553,2000000.0,439972617.841081,none,,0.0
161,M-1430,item:268967,23.75,23.75,100.0,1738.75,none,,0.0
161,M-1810,item:268091,23.75,23.75,100.0,700.0,none,,0.0
161,SDC-1450,item:773474,229.299553,229.299553,2000000.0,439972400.006506,none,,0.0
162,M-1430,item:268967,23.75,23.75,100.0,1762.5,none,,0.0
162,M-1810,item:268091,23.75,23.75,100.0,700.0,none,,0.0
162,SDC-1450,item:773474,229.299553,229.299553,2000000.0,439972262.426772,none,,0.0
163,M-1430,item:268967,23.75,23.75,100.0,1738.75,none,,0.0
163,M-1810,item:268091,23.75,23.75,100.0,700.0,none,,0.0
163,SDC-1450,item:773474,229.299553,229.299553,2000000.0,439972171.403416,none,,0.0
164,M-1430,item:268967,23.75,23.75,100.0,1786.25,none,,0.0
164,M-1810,item:268091,23.75,23.75,100.0,676.25,none,,0.0
164,SDC-1450,item:773474,229.299553,229.299553,2000000.0,439972219.184885,none,,0.0
165,M-1430,item:268967,23.75,23.75,100.0,1762.5,none,,0.0
165,M-1810,item:268091,23.75,23.75,100.0,676.25,none,,0.0
165,SDC-1450,item:773474,229.299553,229.299553,2000000.0,439972234.315133,none,,0.0
166,M-1430,item:268967,23.75,23.75,100.0,1762.5,none,,0.0
166,M-1810,item:268091,23.75,23.75,100.0,676.25,none,,0.0
166,SDC-1450,item:773474,229.299553,229.299553,2000000.0,439972383.347711,none,,0.0
167,M-1430,item:268967,23.75,23.75,100.0,1762.5,none,,0.0
167,M-1810,item:268091,23.75,23.75,100.0,676.25,none,,0.0
167,SDC-1450,item:773474,229.299553,229.299553,2000000.0,439972387.274303,none,,0.0
168,M-1430,item:268967,23.75,23.75,100.0,1738.75,none,,0.0
168,M-1810,item:268091,23.75,23.75,100.0,700.0,none,,0.0
168,SDC-1450,item:773474,229.299553,229.299553,2000000.0,439972249.694533,none,,0.0
169,M-1430,item:268967,23.75,23.75,100.0,1762.5,none,,0.0
169,M-1810,item:268091,23.75,23.75,100.0,700.0,none,,0.0
169,SDC-1450,item:773474,229.299553,229.299553,2000000.0,439972100.649824,none,,0.0
170,M-1430,item:268967,23.75,23.75,100.0,1738.75,none,,0.0
170,M-1810,item:268091,23.75,23.75,100.0,700.0,none,,0.0
170,SDC-1450,item:773474,229.299553,229.299553,2000000.0,439972089.174038,none,,0.0
171,M-1430,item:268967,23.75,23.75,100.0,1715.0,none,,0.0
171,M-1810,item:268091,23.75,23.75,100.0,676.25,none,,0.0
171,SDC-1450,item:773474,229.299553,229.299553,2000000.0,439971940.121975,none,,0.0
172,M-1430,item:268967,23.75,23.75,100.0,1738.75,none,,0.0
172,M-1810,item:268091,23.75,23.75,100.0,676.25,none,,0.0
172,SDC-1450,item:773474,229.299553,229.299553,2000000.0,439971940.121971,none,,0.0
173,M-1430,item:268967,23.75,23.75,100.0,1738.75,none,,0.0
173,M-1810,item:268091,23.75,23.75,100.0,700.0,none,,0.0
173,SDC-1450,item:773474,229.299553,229.299553,2000000.0,439971814.242479,none,,0.0
174,M-1430,item:268967,23.75,23.75,100.0,1738.75,none,,0.0
174,M-1810,item:268091,23.75,23.75,100.0,700.0,none,,0.0
174,SDC-1450,item:773474,229.299553,229.299553,2000000.0,439971941.429177,none,,0.0
175,M-1430,item:268967,23.75,23.75,100.0,1738.75,none,,0.0
175,M-1810,item:268091,23.75,23.75,100.0,676.25,none,,0.0
175,SDC-1450,item:773474,229.299553,229.299553,2000000.0,439972103.62435,none,,0.0
176,M-1430,item:268967,23.75,23.75,100.0,1762.5,none,,0.0
176,M-1810,item:268091,23.75,23.75,100.0,676.25,none,,0.0
176,SDC-1450,item:773474,229.299553,229.299553,2000000.0,439971979.598633,none,,0.0
177,M-1430,item:268967,23.75,23.75,100.0,1810.0,none,,0.0
177,M-1810,item:268091,23.75,23.75,100.0,700.0,none,,0.0
177,SDC-1450,item:773474,229.299553,229.299553,2000000.0,439972128.637986,none,,0.0
178,M-1430,item:268967,23.75,23.75,100.0,1810.0,none,,0.0
178,M-1810,item:268091,23.75,23.75,100.0,676.25,none,,0.0
178,SDC-1450,item:773474,229.299553,229.299553,2000000.0,439972048.345418,none,,0.0
179,M-1430,item:268967,23.75,23.75,100.0,1786.25,none,,0.0
179,M-1810,item:268091,23.75,23.75,100.0,700.0,none,,0.0
179,SDC-1450,item:773474,229.299553,229.299553,2000000.0,439971899.299235,none,,0.0
180,M-1430,item:268967,23.75,23.75,100.0,1810.0,none,,0.0
180,M-1810,item:268091,23.75,23.75,100.0,700.0,none,,0.0
180,SDC-1450,item:773474,229.299553,229.299553,2000000.0,439972036.841214,none,,0.0
181,M-1430,item:268967,23.75,23.75,100.0,1810.0,none,,0.0
181,M-1810,item:268091,23.75,23.75,100.0,700.0,none,,0.0
181,SDC-1450,item:773474,229.299553,229.299553,2000000.0,439972243.210643,none,,0.0
182,M-1430,item:268967,23.75,23.75,100.0,1810.0,none,,0.0
182,M-1810,item:268091,23.75,23.75,100.0,700.0,none,,0.0
182,SDC-1450,item:773474,229.299553,229.299553,2000000.0,439972197.350733,none,,0.0
183,M-1430,item:268967,23.75,23.75,100.0,1786.25,none,,0.0
183,M-1810,item:268091,23.75,23.75,100.0,676.25,none,,0.0
183,SDC-1450,item:773474,229.299553,229.299553,2000000.0,439971979.516158,none,,0.0
184,M-1430,item:268967,23.75,23.75,100.0,1786.25,none,,0.0
184,M-1810,item:268091,23.75,23.75,100.0,700.0,none,,0.0
184,SDC-1450,item:773474,229.299553,229.299553,2000000.0,439971910.72628,none,,0.0
185,M-1430,item:268967,23.75,23.75,100.0,1762.5,none,,0.0
185,M-1810,item:268091,23.75,23.75,100.0,700.0,none,,0.0
185,SDC-1450,item:773474,229.299553,229.299553,2000000.0,439971910.72628,none,,0.0
186,M-1430,item:268967,23.75,23.75,100.0,1762.5,none,,0.0
186,M-1810,item:268091,23.75,23.75,100.0,700.0,none,,0.0
186,SDC-1450,item:773474,229.299553,229.299553,2000000.0,439972231.739751,none,,0.0
187,M-1430,item:268967,23.75,23.75,100.0,1762.5,none,,0.0
187,M-1810,item:268091,23.75,23.75,100.0,700.0,none,,0.0
187,SDC-1450,item:773474,229.299553,229.299553,2000000.0,439972162.949885,none,,0.0
188,M-1430,item:268967,23.75,23.75,100.0,1786.25,none,,0.0
188,M-1810,item:268091,23.75,23.75,100.0,700.0,none,,0.0
188,SDC-1450,item:773474,229.299553,229.299553,2000000.0,439971968.045266,none,,0.0
189,M-1430,item:268967,23.75,23.75,100.0,1786.25,none,,0.0
189,M-1810,item:268091,23.75,23.75,100.0,676.25,none,,0.0
189,SDC-1450,item:773474,229.299553,229.299553,2000000.0,439971910.719974,none,,0.0
190,M-1430,item:268967,23.75,23.75,100.0,1810.0,none,,0.0
190,M-1810,item:268091,23.75,23.75,100.0,700.0,none,,0.0
190,SDC-1450,item:773474,229.299553,229.299553,2000000.0,439971853.395085,none,,0.0
191,M-1430,item:268967,23.75,23.75,100.0,1786.25,none,,0.0
191,M-1810,item:268091,23.75,23.75,100.0,676.25,none,,0.0
191,SDC-1450,item:773474,229.299553,229.299553,2000000.0,439971841.928985,none,,0.0
192,M-1430,item:268967,23.75,23.75,100.0,1810.0,none,,0.0
192,M-1810,item:268091,23.75,23.75,100.0,676.25,none,,0.0
192,SDC-1450,item:773474,229.299553,229.299553,2000000.0,439971692.884188,none,,0.0
193,M-1430,item:268967,23.75,23.75,100.0,1810.0,none,,0.0
193,M-1810,item:268091,23.75,23.75,100.0,700.0,none,,0.0
193,SDC-1450,item:773474,229.299553,229.299553,2000000.0,439971727.27909,none,,0.0
194,M-1430,item:268967,23.75,23.75,100.0,1786.25,none,,0.0
194,M-1810,item:268091,23.75,23.75,100.0,700.0,none,,0.0
194,SDC-1450,item:773474,229.299553,229.299553,2000000.0,439971830.463889,none,,0.0
195,M-1430,item:268967,23.75,23.75,100.0,1762.5,none,,0.0
195,M-1810,item:268091,23.75,23.75,100.0,700.0,none,,0.0
195,SDC-1450,item:773474,229.299553,229.299553,2000000.0,439971807.533932,none,,0.0
196,M-1430,item:268967,23.75,23.75,100.0,1786.25,none,,0.0
196,M-1810,item:268091,23.75,23.75,100.0,700.0,none,,0.0
196,SDC-1450,item:773474,229.299553,229.299553,2000000.0,439972006.763818,none,,0.0
197,M-1430,item:268967,23.75,23.75,100.0,1786.25,none,,0.0
197,M-1810,item:268091,23.75,23.75,100.0,700.0,none,,0.0
197,SDC-1450,item:773474,229.299553,229.299553,2000000.0,439972286.254499,none,,0.0
198,M-1430,item:268967,23.75,23.75,100.0,1762.5,none,,0.0
198,M-1810,item:268091,23.75,23.75,100.0,700.0,none,,0.0
198,SDC-1450,item:773474,229.299553,229.299553,2000000.0,439972389.439298,none,,0.0
199,M-1430,item:268967,23.75,23.75,100.0,1762.5,none,,0.0
199,M-1810,item:268091,23.75,23.75,100.0,700.0,none,,0.0
199,SDC-1450,item:773474,229.299553,229.299553,2000000.0,439972653.133783,none,,0.0
200,M-1430,item:268967,23.75,23.75,100.0,1762.5,none,,0.0
200,M-1810,item:268091,23.75,23.75,100.0,700.0,none,,0.0
200,SDC-1450,item:773474,229.299553,229.299553,2000000.0,439972423.834231,none,,0.0
201,M-1430,item:268967,23.75,23.75,100.0,1738.75,none,,0.0
201,M-1810,item:268091,23.75,23.75,100.0,676.25,none,,0.0
201,SDC-1450,item:773474,229.299553,229.299553,2000000.0,439972450.694278,none,,0.0
202,M-1430,item:268967,23.75,23.75,100.0,1715.0,none,,0.0
202,M-1810,item:268091,23.75,23.75,100.0,700.0,none,,0.0
202,SDC-1450,item:773474,229.299553,229.299553,2000000.0,439972267.254632,none,,0.0
203,M-1430,item:268967,23.75,23.75,100.0,1786.25,none,,0.0
203,M-1810,item:268091,23.75,23.75,100.0,700.0,none,,0.0
203,SDC-1450,item:773474,229.299553,229.299553,2000000.0,439972417.387797,none,,0.0
204,M-1430,item:268967,23.75,23.75,100.0,1810.0,none,,0.0
204,M-1810,item:268091,23.75,23.75,100.0,700.0,none,,0.0
204,SDC-1450,item:773474,229.299553,229.299553,2000000.0,439972408.71518,none,,0.0
205,M-1430,item:268967,23.75,23.75,100.0,1833.75,none,,0.0
205,M-1810,item:268091,23.75,23.75,100.0,676.25,none,,0.0
205,SDC-1450,item:773474,229.299553,229.299553,2000000.0,439972248.204426,none,,0.0
206,M-1430,item:268967,23.75,23.75,100.0,1857.5,none,,0.0
206,M-1810,item:268091,23.75,23.75,100.0,676.25,none,,0.0
206,SDC-1450,item:773474,229.299553,229.299553,2000000.0,439972030.369852,none,,0.0
207,M-1430,item:268967,23.75,23.75,100.0,1833.75,none,,0.0
207,M-1810,item:268091,23.75,23.75,100.0,676.25,none,,0.0
207,SDC-1450,item:773474,229.299553,229.299553,2000000.0,439972090.450105,none,,0.0
208,M-1430,item:268967,23.75,23.75,100.0,1810.0,none,,0.0
208,M-1810,item:268091,23.75,23.75,100.0,700.0,none,,0.0
208,SDC-1450,item:773474,229.299553,229.299553,2000000.0,439972010.201903,none,,0.0
209,M-1430,item:268967,23.75,23.75,100.0,1786.25,none,,0.0
209,M-1810,item:268091,23.75,23.75,100.0,676.25,none,,0.0
209,SDC-1450,item:773474,229.299553,229.299553,2000000.0,439972124.553483,none,,0.0
210,M-1430,item:268967,23.75,23.75,100.0,1786.25,none,,0.0
210,M-1810,item:268091,23.75,23.75,100.0,700.0,none,,0.0
210,SDC-1450,item:773474,229.299553,229.299553,2000000.0,439971918.183886,none,,0.0
211,M-1430,item:268967,23.75,23.75,100.0,1786.25,none,,0.0
211,M-1810,item:268091,23.75,23.75,100.0,676.25,none,,0.0
211,SDC-1450,item:773474,229.299553,229.299553,2000000.0,439971929.620342,none,,0.0
212,M-1430,item:268967,23.75,23.75,100.0,1762.5,none,,0.0
212,M-1810,item:268091,23.75,23.75,100.0,700.0,none,,0.0
212,SDC-1450,item:773474,229.299553,229.299553,2000000.0,439971872.295454,none,,0.0
213,M-1430,item:268967,23.75,23.75,100.0,1762.5,none,,0.0
213,M-1810,item:268091,23.75,23.75,100.0,700.0,none,,0.0
213,SDC-1450,item:773474,229.299553,229.299553,2000000.0,439972350.828628,none,,0.0
214,M-1430,item:268967,23.75,23.75,100.0,1762.5,none,,0.0
214,M-1810,item:268091,23.75,23.75,100.0,676.25,none,,0.0
214,SDC-1450,item:773474,229.299553,229.299553,2000000.0,439972304.968701,none,,0.0
215,M-1430,item:268967,23.75,23.75,100.0,1738.75,none,,0.0
215,M-1810,item:268091,23.75,23.75,100.0,700.0,none,,0.0
215,SDC-1450,item:773474,229.299553,229.299553,2000000.0,439972534.505423,none,,0.0
216,M-1430,item:268967,23.75,23.75,100.0,1715.0,none,,0.0
216,M-1810,item:268091,23.75,23.75,100.0,676.25,none,,0.0
216,SDC-1450,item:773474,229.299553,229.299553,2000000.0,439972591.830287,none,,0.0
217,M-1430,item:268967,23.75,23.75,100.0,1715.0,none,,0.0
217,M-1810,item:268091,23.75,23.75,100.0,700.0,none,,0.0
217,SDC-1450,item:773474,229.299553,229.299553,2000000.0,439972442.731589,none,,0.0
218,M-1430,item:268967,23.75,23.75,100.0,1738.75,none,,0.0
218,M-1810,item:268091,23.75,23.75,100.0,700.0,none,,0.0
218,SDC-1450,item:773474,229.299553,229.299553,2000000.0,439972706.426074,none,,0.0
219,M-1430,item:268967,23.75,23.75,100.0,1738.75,none,,0.0
219,M-1810,item:268091,23.75,23.75,100.0,700.0,none,,0.0
219,SDC-1450,item:773474,229.299553,229.299553,2000000.0,439973015.98047,none,,0.0
220,M-1430,item:268967,23.75,23.75,100.0,1786.25,none,,0.0
220,M-1810,item:268091,23.75,23.75,100.0,700.0,none,,0.0
220,SDC-1450,item:773474,229.299553,229.299553,2000000.0,439973061.84038,none,,0.0
221,M-1430,item:268967,23.75,23.75,100.0,1786.25,none,,0.0
221,M-1810,item:268091,23.75,23.75,100.0,676.25,none,,0.0
221,SDC-1450,item:773474,229.299553,229.299553,2000000.0,439973130.630246,none,,0.0
222,M-1430,item:268967,23.75,23.75,100.0,1810.0,none,,0.0
222,M-1810,item:268091,23.75,23.75,100.0,700.0,none,,0.0
222,SDC-1450,item:773474,229.299553,229.299553,2000000.0,439973119.16521,none,,0.0
223,M-1430,item:268967,23.75,23.75,100.0,1786.25,none,,0.0
223,M-1810,item:268091,23.75,23.75,100.0,676.25,none,,0.0
223,SDC-1450,item:773474,229.299553,229.299553,2000000.0,439972889.865658,none,,0.0
224,M-1430,item:268967,23.75,23.75,100.0,1810.0,none,,0.0
224,M-1810,item:268091,23.75,23.75,100.0,676.25,none,,0.0
224,SDC-1450,item:773474,229.299553,229.299553,2000000.0,439972821.075792,none,,0.0
225,M-1430,item:268967,23.75,23.75,100.0,1786.25,none,,0.0
225,M-1810,item:268091,23.75,23.75,100.0,652.5,none,,0.0
225,SDC-1450,item:773474,229.299553,229.299553,2000000.0,439972922.436039,none,,0.0
226,M-1430,item:268967,23.75,23.75,100.0,1810.0,none,,0.0
226,M-1810,item:268091,23.75,23.75,100.0,700.0,none,,0.0
226,SDC-1450,item:773474,229.299553,229.299553,2000000.0,439972866.157126,none,,0.0
227,M-1430,item:268967,23.75,23.75,100.0,1833.75,none,,0.0
227,M-1810,item:268091,23.75,23.75,100.0,700.0,none,,0.0
227,SDC-1450,item:773474,229.299553,229.299553,2000000.0,439973061.061745,none,,0.0
228,M-1430,item:268967,23.75,23.75,100.0,1833.75,none,,0.0
228,M-1810,item:268091,23.75,23.75,100.0,676.25,none,,0.0
228,SDC-1450,item:773474,229.299553,229.299553,2000000.0,439973049.596767,none,,0.0
229,M-1430,item:268967,23.75,23.75,100.0,1810.0,none,,0.0
229,M-1810,item:268091,23.75,23.75,100.0,676.25,none,,0.0
229,SDC-1450,item:773474,229.299553,229.299553,2000000.0,439973565.520717,none,,0.0
230,M-1430,item:268967,23.75,23.75,100.0,1810.0,none,,0.0
230,M-1810,item:268091,23.75,23.75,100.0,700.0,none,,0.0
230,SDC-1450,item:773474,229.299553,229.299553,2000000.0,439973680.170271,none,,0.0
231,M-1430,item:268967,23.75,23.75,100.0,1786.25,none,,0.0
231,M-1810,item:268091,23.75,23.75,100.0,700.0,none,,0.0
231,SDC-1450,item:773474,229.299553,229.299553,2000000.0,439973691.635037,none,,0.0
232,M-1430,item:268967,23.75,23.75,100.0,1786.25,none,,0.0
232,M-1810,item:268091,23.75,23.75,100.0,676.25,none,,0.0
232,SDC-1450,item:773474,229.299553,229.299553,2000000.0,439973496.730417,none,,0.0
233,M-1430,item:268967,23.75,23.75,100.0,1810.0,none,,0.0
233,M-1810,item:268091,23.75,23.75,100.0,700.0,none,,0.0
233,SDC-1450,item:773474,229.299553,229.299553,2000000.0,439973428.120834,none,,0.0
234,M-1430,item:268967,23.75,23.75,100.0,1810.0,none,,0.0
234,M-1810,item:268091,23.75,23.75,100.0,700.0,none,,0.0
234,SDC-1450,item:773474,229.299553,229.299553,2000000.0,439973462.515764,none,,0.0
235,M-1430,item:268967,23.75,23.75,100.0,1810.0,none,,0.0
235,M-1810,item:268091,23.75,23.75,100.0,700.0,none,,0.0
235,SDC-1450,item:773474,229.299553,229.299553,2000000.0,439973714.559924,none,,0.0
236,M-1430,item:268967,23.75,23.75,100.0,1786.25,none,,0.0
236,M-1810,item:268091,23.75,23.75,100.0,700.0,none,,0.0
236,SDC-1450,item:773474,229.299553,229.299553,2000000.0,439973703.094333,none,,0.0
237,M-1430,item:268967,23.75,23.75,100.0,1810.0,none,,0.0
237,M-1810,item:268091,23.75,23.75,100.0,700.0,none,,0.0
237,SDC-1450,item:773474,229.299553,229.299553,2000000.0,439973519.654691,none,,0.0
238,M-1430,item:268967,23.75,23.75,100.0,1786.25,none,,0.0
238,M-1810,item:268091,23.75,23.75,100.0,676.25,none,,0.0
238,SDC-1450,item:773474,229.299553,229.299553,2000000.0,439973313.285094,none,,0.0
239,M-1430,item:268967,23.75,23.75,100.0,1786.25,none,,0.0
239,M-1810,item:268091,23.75,23.75,100.0,700.0,none,,0.0
239,SDC-1450,item:773474,229.299553,229.299553,2000000.0,439973141.310429,none,,0.0
240,M-1430,item:268967,23.75,23.75,100.0,1786.25,none,,0.0
240,M-1810,item:268091,23.75,23.75,100.0,700.0,none,,0.0
240,SDC-1450,item:773474,229.299553,229.299553,2000000.0,439972934.940832,none,,0.0
241,M-1430,item:268967,23.75,23.75,100.0,1762.5,none,,0.0
241,M-1810,item:268091,23.75,23.75,100.0,700.0,none,,0.0
241,SDC-1450,item:773474,229.299553,229.299553,2000000.0,439972853.527422,none,,0.0
242,M-1430,item:268967,23.75,23.75,100.0,1810.0,none,,0.0
242,M-1810,item:268091,23.75,23.75,100.0,700.0,none,,0.0
242,SDC-1450,item:773474,229.299553,229.299553,2000000.0,439972738.877646,none,,0.0
243,M-1430,item:268967,23.75,23.75,100.0,1786.25,none,,0.0
243,M-1810,item:268091,23.75,23.75,100.0,700.0,none,,0.0
243,SDC-1450,item:773474,229.299553,229.299553,2000000.0,439973357.986368,none,,0.0
244,M-1430,item:268967,23.75,23.75,100.0,1762.5,none,,0.0
244,M-1810,item:268091,23.75,23.75,100.0,700.0,none,,0.0
244,SDC-1450,item:773474,229.299553,229.299553,2000000.0,439973346.508179,none,,0.0
245,M-1430,item:268967,23.75,23.75,100.0,1762.5,none,,0.0
245,M-1810,item:268091,23.75,23.75,100.0,700.0,none,,0.0
245,SDC-1450,item:773474,229.299553,229.299553,2000000.0,439973220.393426,none,,0.0
246,M-1430,item:268967,23.75,23.75,100.0,1762.5,none,,0.0
246,M-1810,item:268091,23.75,23.75,100.0,700.0,none,,0.0
246,SDC-1450,item:773474,229.299553,229.299553,2000000.0,439973484.087843,none,,0.0
247,M-1430,item:268967,23.75,23.75,100.0,1786.25,none,,0.0
247,M-1810,item:268091,23.75,23.75,100.0,700.0,none,,0.0
247,SDC-1450,item:773474,229.299553,229.299553,2000000.0,439973369.438067,none,,0.0
248,M-1430,item:268967,23.75,23.75,100.0,1786.25,none,,0.0
248,M-1810,item:268091,23.75,23.75,100.0,700.0,none,,0.0
248,SDC-1450,item:773474,229.299553,229.299553,2000000.0,439973415.297977,none,,0.0
249,M-1430,item:268967,23.75,23.75,100.0,1786.25,none,,0.0
249,M-1810,item:268091,23.75,23.75,100.0,700.0,none,,0.0
249,SDC-1450,item:773474,229.299553,229.299553,2000000.0,439973438.405136,none,,0.0
250,M-1430,item:268967,23.75,23.75,100.0,1786.25,none,,0.0
250,M-1810,item:268091,23.75,23.75,100.0,676.25,none,,0.0
250,SDC-1450,item:773474,229.299553,229.299553,2000000.0,439973254.965494,none,,0.0
251,M-1430,item:268967,23.75,23.75,100.0,1762.5,none,,0.0
251,M-1810,item:268091,23.75,23.75,100.0,700.0,none,,0.0
251,SDC-1450,item:773474,229.299553,229.299553,2000000.0,439973335.220337,none,,0.0
252,M-1430,item:268967,23.75,23.75,100.0,1786.25,none,,0.0
252,M-1810,item:268091,23.75,23.75,100.0,676.25,none,,0.0
252,SDC-1450,item:773474,229.299553,229.299553,2000000.0,439973392.545226,none,,0.0
253,M-1430,item:268967,23.75,23.75,100.0,1810.0,none,,0.0
253,M-1810,item:268091,23.75,23.75,100.0,676.25,none,,0.0
253,SDC-1450,item:773474,229.299553,229.299553,2000000.0,439973174.710651,none,,0.0
254,M-1430,item:268967,23.75,23.75,100.0,1810.0,none,,0.0
254,M-1810,item:268091,23.75,23.75,100.0,676.25,none,,0.0
254,SDC-1450,item:773474,229.299553,229.299553,2000000.0,439972945.411098,none,,0.0
255,M-1430,item:268967,23.75,23.75,100.0,1786.25,none,,0.0
255,M-1810,item:268091,23.75,23.75,100.0,700.0,none,,0.0
255,SDC-1450,item:773474,229.299553,229.299553,2000000.0,439973304.593776,none,,0.0
256,M-1430,item:268967,23.75,23.75,100.0,1762.5,none,,0.0
256,M-1810,item:268091,23.75,23.75,100.0,676.25,none,,0.0
256,SDC-1450,item:773474,229.299553,229.299553,2000000.0,439973316.058033,none,,0.0
257,M-1430,item:268967,23.75,23.75,100.0,1738.75,none,,0.0
257,M-1810,item:268091,23.75,23.75,100.0,700.0,none,,0.0
257,SDC-1450,item:773474,229.299553,229.299553,2000000.0,439973258.733145,none,,0.0
258,M-1430,item:268967,23.75,23.75,100.0,1738.75,none,,0.0
258,M-1810,item:268091,23.75,23.75,100.0,676.25,none,,0.0
258,SDC-1450,item:773474,229.299553,229.299553,2000000.0,439973338.987989,none,,0.0
259,M-1430,item:268967,23.75,23.75,100.0,1738.75,none,,0.0
259,M-1810,item:268091,23.75,23.75,100.0,700.0,none,,0.0
259,SDC-1450,item:773474,229.299553,229.299553,2000000.0,439973178.470153,none,,0.0
260,M-1430,item:268967,23.75,23.75,100.0,1738.75,none,,0.0
260,M-1810,item:268091,23.75,23.75,100.0,676.25,none,,0.0
260,SDC-1450,item:773474,229.299553,229.299553,2000000.0,439973040.890421,none,,0.0
261,M-1430,item:268967,23.75,23.75,100.0,1715.0,none,,0.0
261,M-1810,item:268091,23.75,23.75,100.0,700.0,none,,0.0
261,SDC-1450,item:773474,229.299553,229.299553,2000000.0,439973156.352989,none,,0.0
262,M-1430,item:268967,23.75,23.75,100.0,1738.75,none,,0.0
262,M-1810,item:268091,23.75,23.75,100.0,700.0,none,,0.0
262,SDC-1450,item:773474,229.299553,229.299553,2000000.0,439972995.843302,none,,0.0
263,M-1430,item:268967,23.75,23.75,100.0,1762.5,none,,0.0
263,M-1810,item:268091,23.75,23.75,100.0,676.25,none,,0.0
263,SDC-1450,item:773474,229.299553,229.299553,2000000.0,439972938.518414,none,,0.0
264,M-1430,item:268967,23.75,23.75,100.0,1762.5,none,,0.0
264,M-1810,item:268091,23.75,23.75,100.0,676.25,none,,0.0
264,SDC-1450,item:773474,229.299553,229.299553,2000000.0,439973124.665546,none,,0.0
265,M-1430,item:268967,23.75,23.75,100.0,1738.75,none,,0.0
265,M-1810,item:268091,23.75,23.75,100.0,700.0,none,,0.0
265,SDC-1450,item:773474,229.299553,229.299553,2000000.0,439973274.478464,none,,0.0
266,M-1430,item:268967,23.75,23.75,100.0,1738.75,none,,0.0
266,M-1810,item:268091,23.75,23.75,100.0,676.25,none,,0.0
266,SDC-1450,item:773474,229.299553,229.299553,2000000.0,439973056.643889,none,,0.0
267,M-1430,item:268967,23.75,23.75,100.0,1715.0,none,,0.0
267,M-1810,item:268091,23.75,23.75,100.0,700.0,none,,0.0
267,SDC-1450,item:773474,229.299553,229.299553,2000000.0,439973045.178912,none,,0.0
268,M-1430,item:268967,23.75,23.75,100.0,1691.25,none,,0.0
268,M-1810,item:268091,23.75,23.75,100.0,700.0,none,,0.0
268,SDC-1450,item:773474,229.299553,229.299553,2000000.0,439973080.390232,none,,0.0
269,M-1430,item:268967,23.75,23.75,100.0,1691.25,none,,0.0
269,M-1810,item:268091,23.75,23.75,100.0,700.0,none,,0.0
269,SDC-1450,item:773474,229.299553,229.299553,2000000.0,439973034.530321,none,,0.0
270,M-1430,item:268967,23.75,23.75,100.0,1691.25,none,,0.0
270,M-1810,item:268091,23.75,23.75,100.0,700.0,none,,0.0
270,SDC-1450,item:773474,229.299553,229.299553,2000000.0,439973057.460277,none,,0.0
271,M-1430,item:268967,23.75,23.75,100.0,1667.5,none,,0.0
271,M-1810,item:268091,23.75,23.75,100.0,676.25,none,,0.0
271,SDC-1450,item:773474,229.299553,229.299553,2000000.0,439973332.61974,none,,0.0
272,M-1430,item:268967,23.75,23.75,100.0,1667.5,none,,0.0
272,M-1810,item:268091,23.75,23.75,100.0,652.5,none,,0.0
272,SDC-1450,item:773474,229.299553,229.299553,2000000.0,439973126.250143,none,,0.0
273,M-1430,item:268967,23.75,23.75,100.0,1738.75,none,,0.0
273,M-1810,item:268091,23.75,23.75,100.0,700.0,none,,0.0
273,SDC-1450,item:773474,229.299553,229.299553,2000000.0,439973000.135389,none,,0.0
274,M-1430,item:268967,23.75,23.75,100.0,1715.0,none,,0.0
274,M-1810,item:268091,23.75,23.75,100.0,676.25,none,,0.0
274,SDC-1450,item:773474,229.299553,229.299553,2000000.0,439972919.880545,none,,0.0
275,M-1430,item:268967,23.75,23.75,100.0,1715.0,none,,0.0
275,M-1810,item:268091,23.75,23.75,100.0,676.25,none,,0.0
275,SDC-1450,item:773474,229.299553,229.299553,2000000.0,439973664.964204,none,,0.0
276,M-1430,item:268967,23.75,23.75,100.0,1715.0,none,,0.0
276,M-1810,item:268091,23.75,23.75,100.0,700.0,none,,0.0
276,SDC-1450,item:773474,229.299553,229.299553,2000000.0,439973596.174338,none,,0.0
277,M-1430,item:268967,23.75,23.75,100.0,1738.75,none,,0.0
277,M-1810,item:268091,23.75,23.75,100.0,700.0,none,,0.0
277,SDC-1450,item:773474,229.299553,229.299553,2000000.0,439973607.639304,none,,0.0
278,M-1430,item:268967,23.75,23.75,100.0,1738.75,none,,0.0
278,M-1810,item:268091,23.75,23.75,100.0,676.25,none,,0.0
278,SDC-1450,item:773474,229.299553,229.299553,2000000.0,439973596.174326,none,,0.0
279,M-1430,item:268967,23.75,23.75,100.0,1738.75,none,,0.0
279,M-1810,item:268091,23.75,23.75,100.0,700.0,none,,0.0
279,SDC-1450,item:773474,229.299553,229.299553,2000000.0,439973630.569259,none,,0.0
280,M-1430,item:268967,23.75,23.75,100.0,1762.5,none,,0.0
280,M-1810,item:268091,23.75,23.75,100.0,700.0,none,,0.0
280,SDC-1450,item:773474,229.299553,229.299553,2000000.0,439973607.637266,none,,0.0
281,M-1430,item:268967,23.75,23.75,100.0,1738.75,none,,0.0
281,M-1810,item:268091,23.75,23.75,100.0,700.0,none,,0.0
281,SDC-1450,item:773474,229.299553,229.299553,2000000.0,439973940.121617,none,,0.0
282,M-1430,item:268967,23.75,23.75,100.0,1715.0,none,,0.0
282,M-1810,item:268091,23.75,23.75,100.0,676.25,none,,0.0
282,SDC-1450,item:773474,229.299553,229.299553,2000000.0,439973951.571652,none,,0.0
283,M-1430,item:268967,23.75,23.75,100.0,1715.0,none,,0.0
283,M-1810,item:268091,23.75,23.75,100.0,676.25,none,,0.0
283,SDC-1450,item:773474,229.299553,229.299553,2000000.0,439973802.526943,none,,0.0
284,M-1430,item:268967,23.75,23.75,100.0,1762.5,none,,0.0
284,M-1810,item:268091,23.75,23.75,100.0,700.0,none,,0.0
284,SDC-1450,item:773474,229.299553,229.299553,2000000.0,439973687.877167,none,,0.0
285,M-1430,item:268967,23.75,23.75,100.0,1762.5,none,,0.0
285,M-1810,item:268091,23.75,23.75,100.0,700.0,none,,0.0
285,SDC-1450,item:773474,229.299553,229.299553,2000000.0,439973779.596988,none,,0.0
286,M-1430,item:268967,23.75,23.75,100.0,1786.25,none,,0.0
286,M-1810,item:268091,23.75,23.75,100.0,700.0,none,,0.0
286,SDC-1450,item:773474,229.299553,229.299553,2000000.0,439973813.991921,none,,0.0
287,M-1430,item:268967,23.75,23.75,100.0,1762.5,none,,0.0
287,M-1810,item:268091,23.75,23.75,100.0,676.25,none,,0.0
287,SDC-1450,item:773474,229.299553,229.299553,2000000.0,439973664.947211,none,,0.0
288,M-1430,item:268967,23.75,23.75,100.0,1762.5,none,,0.0
288,M-1810,item:268091,23.75,23.75,100.0,700.0,none,,0.0
288,SDC-1450,item:773474,229.299553,229.299553,2000000.0,439973447.112637,none,,0.0
289,M-1430,item:268967,23.75,23.75,100.0,1762.5,none,,0.0
289,M-1810,item:268091,23.75,23.75,100.0,676.25,none,,0.0
289,SDC-1450,item:773474,229.299553,229.299553,2000000.0,439973447.112637,none,,0.0
290,M-1430,item:268967,23.75,23.75,100.0,1786.25,none,,0.0
290,M-1810,item:268091,23.75,23.75,100.0,700.0,none,,0.0
290,SDC-1450,item:773474,229.299553,229.299553,2000000.0,439973561.762413,none,,0.0
291,M-1430,item:268967,23.75,23.75,100.0,1786.25,none,,0.0
291,M-1810,item:268091,23.75,23.75,100.0,700.0,none,,0.0
291,SDC-1450,item:773474,229.299553,229.299553,2000000.0,439973630.551466,none,,0.0
292,M-1430,item:268967,23.75,23.75,100.0,1786.25,none,,0.0
292,M-1810,item:268091,23.75,23.75,100.0,700.0,none,,0.0
292,SDC-1450,item:773474,229.299553,229.299553,2000000.0,439973642.016444,none,,0.0
293,M-1430,item:268967,23.75,23.75,100.0,1833.75,none,,0.0
293,M-1810,item:268091,23.75,23.75,100.0,676.25,none,,0.0
293,SDC-1450,item:773474,229.299553,229.299553,2000000.0,439973424.181869,none,,0.0
294,M-1430,item:268967,23.75,23.75,100.0,1810.0,none,,0.0
294,M-1810,item:268091,23.75,23.75,100.0,700.0,none,,0.0
294,SDC-1450,item:773474,229.299553,229.299553,2000000.0,439973401.251914,none,,0.0
295,M-1430,item:268967,23.75,23.75,100.0,1786.25,none,,0.0
295,M-1810,item:268091,23.75,23.75,100.0,676.25,none,,0.0
295,SDC-1450,item:773474,229.299553,229.299553,2000000.0,439973217.812272,none,,0.0
296,M-1430,item:268967,23.75,23.75,100.0,1762.5,none,,0.0
296,M-1810,item:268091,23.75,23.75,100.0,700.0,none,,0.0
296,SDC-1450,item:773474,229.299553,229.299553,2000000.0,439972999.977697,none,,0.0
297,M-1430,item:268967,23.75,23.75,100.0,1738.75,none,,0.0
297,M-1810,item:268091,23.75,23.75,100.0,700.0,none,,0.0
297,SDC-1450,item:773474,229.299553,229.299553,2000000.0,439972999.977697,none,,0.0
298,M-1430,item:268967,23.75,23.75,100.0,1715.0,none,,0.0
298,M-1810,item:268091,23.75,23.75,100.0,676.25,none,,0.0
298,SDC-1450,item:773474,229.299553,229.299553,2000000.0,439972828.003032,none,,0.0
299,M-1430,item:268967,23.75,23.75,100.0,1691.25,none,,0.0
299,M-1810,item:268091,23.75,23.75,100.0,676.25,none,,0.0
299,SDC-1450,item:773474,229.299553,229.299553,2000000.0,439972644.56339,none,,0.0
300,M-1430,item:268967,23.75,23.75,100.0,1715.0,none,,0.0
300,M-1810,item:268091,23.75,23.75,100.0,700.0,none,,0.0
300,SDC-1450,item:773474,229.299553,229.299553,2000000.0,439972839.46801,none,,0.0
301,M-1430,item:268967,23.75,23.75,100.0,1691.25,none,,0.0
301,M-1810,item:268091,23.75,23.75,100.0,700.0,none,,0.0
301,SDC-1450,item:773474,229.299553,229.299553,2000000.0,439972678.958323,none,,0.0
302,M-1430,item:268967,23.75,23.75,100.0,1667.5,none,,0.0
302,M-1810,item:268091,23.75,23.75,100.0,676.25,none,,0.0
302,SDC-1450,item:773474,229.299553,229.299553,2000000.0,439973149.022406,none,,0.0
303,M-1430,item:268967,23.75,23.75,100.0,1691.25,none,,0.0
303,M-1810,item:268091,23.75,23.75,100.0,676.25,none,,0.0
303,SDC-1450,item:773474,229.299553,229.299553,2000000.0,439973252.207205,none,,0.0
304,M-1430,item:268967,23.75,23.75,100.0,1715.0,none,,0.0
304,M-1810,item:268091,23.75,23.75,100.0,676.25,none,,0.0
304,SDC-1450,item:773474,229.299553,229.299553,2000000.0,439973091.697518,none,,0.0
305,M-1430,item:268967,23.75,23.75,100.0,1762.5,none,,0.0
305,M-1810,item:268091,23.75,23.75,100.0,700.0,none,,0.0
305,SDC-1450,item:773474,229.299553,229.299553,2000000.0,439972931.187831,none,,0.0
306,M-1430,item:268967,23.75,23.75,100.0,1738.75,none,,0.0
306,M-1810,item:268091,23.75,23.75,100.0,700.0,none,,0.0
306,SDC-1450,item:773474,229.299553,229.299553,2000000.0,439972885.327921,none,,0.0
307,M-1430,item:268967,23.75,23.75,100.0,1786.25,none,,0.0
307,M-1810,item:268091,23.75,23.75,100.0,700.0,none,,0.0
307,SDC-1450,item:773474,229.299553,229.299553,2000000.0,439972724.818234,none,,0.0
308,M-1430,item:268967,23.75,23.75,100.0,1810.0,none,,0.0
308,M-1810,item:268091,23.75,23.75,100.0,700.0,none,,0.0
308,SDC-1450,item:773474,229.299553,229.299553,2000000.0,439972724.818234,none,,0.0
309,M-1430,item:268967,23.75,23.75,100.0,1810.0,none,,0.0
309,M-1810,item:268091,23.75,23.75,100.0,700.0,none,,0.0
309,SDC-1450,item:773474,229.299553,229.299553,2000000.0,439972621.633435,none,,0.0
310,M-1430,item:268967,23.75,23.75,100.0,1810.0,none,,0.0
310,M-1810,item:268091,23.75,23.75,100.0,676.25,none,,0.0
310,SDC-1450,item:773474,229.299553,229.299553,2000000.0,439972415.263838,none,,0.0
311,M-1430,item:268967,23.75,23.75,100.0,1857.5,none,,0.0
311,M-1810,item:268091,23.75,23.75,100.0,700.0,none,,0.0
311,SDC-1450,item:773474,229.299553,229.299553,2000000.0,439972415.263838,none,,0.0
312,M-1430,item:268967,23.75,23.75,100.0,1857.5,none,,0.0
312,M-1810,item:268091,23.75,23.75,100.0,676.25,none,,0.0
312,SDC-1450,item:773474,229.299553,229.299553,2000000.0,439972529.913614,none,,0.0
313,M-1430,item:268967,23.75,23.75,100.0,1833.75,none,,0.0
313,M-1810,item:268091,23.75,23.75,100.0,700.0,none,,0.0
313,SDC-1450,item:773474,229.299553,229.299553,2000000.0,439972415.263838,none,,0.0
314,M-1430,item:268967,23.75,23.75,100.0,1810.0,none,,0.0
314,M-1810,item:268091,23.75,23.75,100.0,700.0,none,,0.0
314,SDC-1450,item:773474,229.299553,229.299553,2000000.0,439972839.46801,none,,0.0
315,M-1430,item:268967,23.75,23.75,100.0,1786.25,none,,0.0
315,M-1810,item:268091,23.75,23.75,100.0,676.25,none,,0.0
315,SDC-1450,item:773474,229.299553,229.299553,2000000.0,439972724.818234,none,,0.0
316,M-1430,item:268967,23.75,23.75,100.0,1762.5,none,,0.0
316,M-1810,item:268091,23.75,23.75,100.0,700.0,none,,0.0
316,SDC-1450,item:773474,229.299553,229.299553,2000000.0,439972736.283212,none,,0.0
317,M-1430,item:268967,23.75,23.75,100.0,1738.75,none,,0.0
317,M-1810,item:268091,23.75,23.75,100.0,676.25,none,,0.0
317,SDC-1450,item:773474,229.299553,229.299553,2000000.0,439973034.37263,none,,0.0
318,M-1430,item:268967,23.75,23.75,100.0,1762.5,none,,0.0
318,M-1810,item:268091,23.75,23.75,100.0,676.25,none,,0.0
318,SDC-1450,item:773474,229.299553,229.299553,2000000.0,439973034.372629,none,,0.0
319,M-1430,item:268967,23.75,23.75,100.0,1738.75,none,,0.0
319,M-1810,item:268091,23.75,23.75,100.0,676.25,none,,0.0
319,SDC-1450,item:773474,229.299553,229.299553,2000000.0,439972977.047741,none,,0.0
320,M-1430,item:268967,23.75,23.75,100.0,1762.5,none,,0.0
320,M-1810,item:268091,23.75,23.75,100.0,700.0,none,,0.0
320,SDC-1450,item:773474,229.299553,229.299553,2000000.0,439972793.608099,none,,0.0
321,M-1430,item:268967,23.75,23.75,100.0,1762.5,none,,0.0
321,M-1810,item:268091,23.75,23.75,100.0,676.25,none,,0.0
321,SDC-1450,item:773474,229.299553,229.299553,2000000.0,439972644.56339,none,,0.0
322,M-1430,item:268967,23.75,23.75,100.0,1762.5,none,,0.0
322,M-1810,item:268091,23.75,23.75,100.0,676.25,none,,0.0
322,SDC-1450,item:773474,229.299553,229.299553,2000000.0,439972587.238502,none,,0.0
323,M-1430,item:268967,23.75,23.75,100.0,1786.25,none,,0.0
323,M-1810,item:268091,23.75,23.75,100.0,700.0,none,,0.0
323,SDC-1450,item:773474,229.299553,229.299553,2000000.0,439972575.773524,none,,0.0
324,M-1430,item:268967,23.75,23.75,100.0,1786.25,none,,0.0
324,M-1810,item:268091,23.75,23.75,100.0,676.25,none,,0.0
324,SDC-1450,item:773474,229.299553,229.299553,2000000.0,439972541.378592,none,,0.0
325,M-1430,item:268967,23.75,23.75,100.0,1786.25,none,,0.0
325,M-1810,item:268091,23.75,23.75,100.0,676.25,none,,0.0
325,SDC-1450,item:773474,229.299553,229.299553,2000000.0,439972506.983659,none,,0.0
326,M-1430,item:268967,23.75,23.75,100.0,1762.5,none,,0.0
326,M-1810,item:268091,23.75,23.75,100.0,700.0,none,,0.0
326,SDC-1450,item:773474,229.299553,229.299553,2000000.0,439972472.588726,none,,0.0
327,M-1430,item:268967,23.75,23.75,100.0,1762.5,none,,0.0
327,M-1810,item:268091,23.75,23.75,100.0,700.0,none,,0.0
327,SDC-1450,item:773474,229.299553,229.299553,2000000.0,439972346.473972,none,,0.0
328,M-1430,item:268967,23.75,23.75,100.0,1810.0,none,,0.0
328,M-1810,item:268091,23.75,23.75,100.0,700.0,none,,0.0
328,SDC-1450,item:773474,229.299553,229.299553,2000000.0,439972289.149084,none,,0.0
329,M-1430,item:268967,23.75,23.75,100.0,1786.25,none,,0.0
329,M-1810,item:268091,23.75,23.75,100.0,700.0,none,,0.0
329,SDC-1450,item:773474,229.299553,229.299553,2000000.0,439972495.518681,none,,0.0
330,M-1430,item:268967,23.75,23.75,100.0,1762.5,none,,0.0
330,M-1810,item:268091,23.75,23.75,100.0,676.25,none,,0.0
330,SDC-1450,item:773474,229.299553,229.299553,2000000.0,439972839.46801,none,,0.0
331,M-1430,item:268967,23.75,23.75,100.0,1738.75,none,,0.0
331,M-1810,item:268091,23.75,23.75,100.0,700.0,none,,0.0
331,SDC-1450,item:773474,229.299553,229.299553,2000000.0,439972678.958323,none,,0.0
332,M-1430,item:268967,23.75,23.75,100.0,1715.0,none,,0.0
332,M-1810,item:268091,23.75,23.75,100.0,676.25,none,,0.0
332,SDC-1450,item:773474,229.299553,229.299553,2000000.0,439972713.353256,none,,0.0
333,M-1430,item:268967,23.75,23.75,100.0,1691.25,none,,0.0
333,M-1810,item:268091,23.75,23.75,100.0,700.0,none,,0.0
333,SDC-1450,item:773474,229.299553,229.299553,2000000.0,439972713.353256,none,,0.0
334,M-1430,item:268967,23.75,23.75,100.0,1715.0,none,,0.0
334,M-1810,item:268091,23.75,23.75,100.0,700.0,none,,0.0
334,SDC-1450,item:773474,229.299553,229.299553,2000000.0,439972724.818234,none,,0.0
335,M-1430,item:268967,23.75,23.75,100.0,1762.5,none,,0.0
335,M-1810,item:268091,23.75,23.75,100.0,676.25,none,,0.0
335,SDC-1450,item:773474,229.299553,229.299553,2000000.0,439972713.353256,none,,0.0
336,M-1430,item:268967,23.75,23.75,100.0,1762.5,none,,0.0
336,M-1810,item:268091,23.75,23.75,100.0,700.0,none,,0.0
336,SDC-1450,item:773474,229.299553,229.299553,2000000.0,439972793.6081,none,,0.0
337,M-1430,item:268967,23.75,23.75,100.0,1786.25,none,,0.0
337,M-1810,item:268091,23.75,23.75,100.0,700.0,none,,0.0
337,SDC-1450,item:773474,229.299553,229.299553,2000000.0,439972656.028368,none,,0.0
338,M-1430,item:268967,23.75,23.75,100.0,1810.0,none,,0.0
338,M-1810,item:268091,23.75,23.75,100.0,700.0,none,,0.0
338,SDC-1450,item:773474,229.299553,229.299553,2000000.0,439972564.308547,none,,0.0
339,M-1430,item:268967,23.75,23.75,100.0,1786.25,none,,0.0
339,M-1810,item:268091,23.75,23.75,100.0,676.25,none,,0.0
339,SDC-1450,item:773474,229.299553,229.299553,2000000.0,439972472.588726,none,,0.0
340,M-1430,item:268967,23.75,23.75,100.0,1786.25,none,,0.0
340,M-1810,item:268091,23.75,23.75,100.0,676.25,none,,0.0
340,SDC-1450,item:773474,229.299553,229.299553,2000000.0,439972426.728815,none,,0.0
341,M-1430,item:268967,23.75,23.75,100.0,1810.0,none,,0.0
341,M-1810,item:268091,23.75,23.75,100.0,676.25,none,,0.0
341,SDC-1450,item:773474,229.299553,229.299553,2000000.0,439972243.289173,none,,0.0
342,M-1430,item:268967,23.75,23.75,100.0,1786.25,none,,0.0
342,M-1810,item:268091,23.75,23.75,100.0,676.25,none,,0.0
342,SDC-1450,item:773474,229.299553,229.299553,2000000.0,439972185.964285,none,,0.0
343,M-1430,item:268967,23.75,23.75,100.0,1810.0,none,,0.0
343,M-1810,item:268091,23.75,23.75,100.0,676.25,none,,0.0
343,SDC-1450,item:773474,229.299553,229.299553,2000000.0,439972220.359218,none,,0.0
344,M-1430,item:268967,23.75,23.75,100.0,1786.25,none,,0.0
344,M-1810,item:268091,23.75,23.75,100.0,700.0,none,,0.0
344,SDC-1450,item:773474,229.299553,229.299553,2000000.0,439972392.333883,none,,0.0
345,M-1430,item:268967,23.75,23.75,100.0,1762.5,none,,0.0
345,M-1810,item:268091,23.75,23.75,100.0,676.25,none,,0.0
345,SDC-1450,item:773474,229.299553,229.299553,2000000.0,439972335.008994,none,,0.0
346,M-1430,item:268967,23.75,23.75,100.0,1762.5,none,,0.0
346,M-1810,item:268091,23.75,23.75,100.0,676.25,none,,0.0
346,SDC-1450,item:773474,229.299553,229.299553,2000000.0,439972403.79886,none,,0.0
347,M-1430,item:268967,23.75,23.75,100.0,1762.5,none,,0.0
347,M-1810,item:268091,23.75,23.75,100.0,700.0,none,,0.0
347,SDC-1450,item:773474,229.299553,229.299553,2000000.0,439972185.964285,none,,0.0
348,M-1430,item:268967,23.75,23.75,100.0,1786.25,none,,0.0
348,M-1810,item:268091,23.75,23.75,100.0,700.0,none,,0.0
348,SDC-1450,item:773474,229.299553,229.299553,2000000.0,439972036.919576,none,,0.0
349,M-1430,item:268967,23.75,23.75,100.0,1762.5,none,,0.0
349,M-1810,item:268091,23.75,23.75,100.0,700.0,none,,0.0
349,SDC-1450,item:773474,229.299553,229.299553,2000000.0,439971864.944912,none,,0.0
350,M-1430,item:268967,23.75,23.75,100.0,1762.5,none,,0.0
350,M-1810,item:268091,23.75,23.75,100.0,700.0,none,,0.0
350,SDC-1450,item:773474,229.299553,229.299553,2000000.0,439972254.754151,none,,0.0
351,M-1430,item:268967,23.75,23.75,100.0,1786.25,none,,0.0
351,M-1810,item:268091,23.75,23.75,100.0,700.0,none,,0.0
351,SDC-1450,item:773474,229.299553,229.299553,2000000.0,439972185.964285,none,,0.0
352,M-1430,item:268967,23.75,23.75,100.0,1810.0,none,,0.0
352,M-1810,item:268091,23.75,23.75,100.0,676.25,none,,0.0
352,SDC-1450,item:773474,229.299553,229.299553,2000000.0,439972323.544017,none,,0.0
353,M-1430,item:268967,23.75,23.75,100.0,1786.25,none,,0.0
353,M-1810,item:268091,23.75,23.75,100.0,700.0,none,,0.0
353,SDC-1450,item:773474,229.299553,229.299553,2000000.0,439972117.17442,none,,0.0
354,M-1430,item:268967,23.75,23.75,100.0,1762.5,none,,0.0
354,M-1810,item:268091,23.75,23.75,100.0,700.0,none,,0.0
354,SDC-1450,item:773474,229.299553,229.299553,2000000.0,439971991.059666,none,,0.0
355,M-1430,item:268967,23.75,23.75,100.0,1762.5,none,,0.0
355,M-1810,item:268091,23.75,23.75,100.0,700.0,none,,0.0
355,SDC-1450,item:773474,229.299553,229.299553,2000000.0,439972208.894241,none,,0.0
356,M-1430,item:268967,23.75,23.75,100.0,1738.75,none,,0.0
356,M-1810,item:268091,23.75,23.75,100.0,700.0,none,,0.0
356,SDC-1450,item:773474,229.299553,229.299553,2000000.0,439971979.594688,none,,0.0
357,M-1430,item:268967,23.75,23.75,100.0,1762.5,none,,0.0
357,M-1810,item:268091,23.75,23.75,100.0,676.25,none,,0.0
357,SDC-1450,item:773474,229.299553,229.299553,2000000.0,439971784.690069,none,,0.0
358,M-1430,item:268967,23.75,23.75,100.0,1738.75,none,,0.0
358,M-1810,item:268091,23.75,23.75,100.0,700.0,none,,0.0
358,SDC-1450,item:773474,229.299553,229.299553,2000000.0,439971784.690069,none,,0.0
359,M-1430,item:268967,23.75,23.75,100.0,1738.75,none,,0.0
359,M-1810,item:268091,23.75,23.75,100.0,676.25,none,,0.0
359,SDC-1450,item:773474,229.299553,229.299553,2000000.0,439971566.855494,none,,0.0
360,M-1430,item:268967,23.75,23.75,100.0,1762.5,none,,0.0
360,M-1810,item:268091,23.75,23.75,100.0,676.25,none,,0.0
360,SDC-1450,item:773474,229.299553,229.299553,2000000.0,439971956.664733,none,,0.0
361,M-1430,item:268967,23.75,23.75,100.0,1762.5,none,,0.0
361,M-1810,item:268091,23.75,23.75,100.0,700.0,none,,0.0
361,SDC-1450,item:773474,229.299553,229.299553,2000000.0,439972380.868905,none,,0.0
362,M-1430,item:268967,23.75,23.75,100.0,1738.75,none,,0.0
362,M-1810,item:268091,23.75,23.75,100.0,700.0,none,,0.0
362,SDC-1450,item:773474,229.299553,229.299553,2000000.0,439972747.748189,none,,0.0
363,M-1430,item:268967,23.75,23.75,100.0,1786.25,none,,0.0
363,M-1810,item:268091,23.75,23.75,100.0,676.25,none,,0.0
363,SDC-1450,item:773474,229.299553,229.299553,2000000.0,439973034.37263,none,,0.0
364,M-1430,item:268967,23.75,23.75,100.0,1833.75,none,,0.0
364,M-1810,item:268091,23.75,23.75,100.0,676.25,none,,0.0
364,SDC-1450,item:773474,229.299553,229.299553,2000000.0,439972977.047742,none,,0.0
